id,first_name,last_name,gender,age_group,country,signup_date
CUST1000,Zachary,Jones,Male,Adults,India,2022-01-26
CUST1001,Gabriella,Higgins,Female,Teenagers,Japan,2020-12-31
CUST1002,Darryl,Mooney,Male,Adults,USA,2020-11-16
CUST1003,Joseph,Wu,Female,Adults,Germany,2022-05-15
CUST1004,Tiffany,Massey,Male,Senior,Brazil,2021-08-28
CUST1005,Deborah,Holden,Other,Adults,USA,2022-12-31
CUST1006,Don,Gill,Male,Senior,Canada,2020-08-30
CUST1007,Andrew,Howard,Male,Teenagers,Japan,2020-12-16
CUST1008,David,Hernandez,Other,Senior,USA,2021-08-19
CUST1009,Anthony,Frank,Female,Senior,USA,2021-02-17
CUST1010,Anthony,Wise,Female,Adults,UK,2022-08-04
CUST1011,Hannah,Santos,Female,Adults,India,2024-01-26
CUST1012,James,Elliott,Male,Senior,USA,2022-10-15
CUST1013,Donna,Henderson,Female,Adults,UK,2022-07-04
CUST1014,Laura,Matthews,Female,Senior,Australia,2021-10-24
CUST1015,Cynthia,Franklin,Female,Teenagers,USA,2022-07-26
CUST1018,Teresa,Rivas,Other,Senior,China,2023-08-25
CUST1019,Monique,Wright,Other,Teenagers,France,2021-10-29
CUST1020,Amber,Chapman,Other,Adults,Japan,2024-04-17
CUST1021,Shirley,Ford,Female,Senior,Canada,2022-10-25
CUST1022,Danielle,Sanders,Other,Adults,USA,2023-10-16
CUST1023,Heather,Richmond,Male,Teenagers,Canada,2020-09-25
CUST1024,Steven,Berry,Other,Teenagers,UK,2024-02-03
CUST1025,Jonathan,Jacobs,Other,Teenagers,Brazil,2021-01-16
CUST1026,Briana,Lopez,Male,Teenagers,China,2021-10-11
CUST1027,Mathew,Roberson,Male,Adults,Canada,2022-09-18
CUST1028,Ronald,Hayden,Other,Senior,China,2023-01-22
CUST1029,William,Ewing,Other,Teenagers,USA,2021-04-03
CUST1030,Lauren,Charles,Other,Adults,France,2025-07-15
CUST1031,Richard,Adams,Female,Teenagers,Canada,2022-04-02
CUST1032,William,Luna,Female,Teenagers,Canada,2022-05-13
CUST1033,Randy,Anderson,Female,Senior,Japan,2024-08-17
CUST1034,Frederick,Hopkins,Female,Teenagers,Japan,2022-12-29
CUST1035,John,Berg,Male,Teenagers,Australia,2021-11-12
CUST1036,William,Perez,Other,Senior,Japan,2023-09-14
CUST1037,Justin,Schroeder,Other,Adults,India,2022-01-21
CUST1038,Denise,Miranda,Female,Teenagers,USA,2022-06-21
CUST1040,Craig,Thompson,Female,Adults,Canada,2024-07-10
CUST1041,Dakota,Ramirez,Other,Adults,USA,2023-06-30
CUST1043,Mark,Benson,Male,Senior,UK,2025-03-17
CUST1044,Brian,Robinson,Other,Senior,UK,2021-06-10
CUST1045,Kelly,Nunez,Other,Teenagers,UK,2024-10-24
CUST1046,Stephen,Cooper,Female,Adults,China,2025-07-28
CUST1047,Andrea,Miller,Other,Adults,UK,2025-08-23
CUST1048,Ashley,White,Other,Teenagers,India,2024-02-07
CUST1049,Kim,Cain,Female,Teenagers,China,2024-02-17
CUST1050,Ryan,Howe,Female,Senior,Germany,2020-11-30
CUST1052,Steven,Steele,Male,Senior,Brazil,2023-07-12
CUST1053,Tyler,Warren,Female,Teenagers,China,2022-10-11
CUST1054,Howard,Brown,Female,Senior,Brazil,2021-08-08
CUST1055,Marie,Scott,Male,Adults,Japan,2024-01-15
CUST1056,Terri,Ray,Female,Senior,France,2023-01-09
CUST1058,Steven,Bennett,Male,Teenagers,China,2024-10-22
CUST1059,Willie,Nichols,Male,Teenagers,Brazil,2021-10-13
CUST1060,Courtney,Campbell,Other,Teenagers,Brazil,2023-09-11
CUST1061,Michelle,Nunez,Female,Senior,China,2021-01-21
CUST1063,Brittany,Combs,Male,Adults,India,2021-11-30
CUST1064,Craig,Chang,Female,Senior,Brazil,2022-05-19
CUST1065,Kenneth,Johnson,Other,Senior,UK,2023-12-23
CUST1066,Casey,Johnson,Female,Adults,Brazil,2025-04-22
CUST1067,Brett,Moore,Other,Teenagers,UK,2023-04-24
CUST1068,Ashley,Nguyen,Other,Senior,USA,2024-01-01
CUST1069,Tanya,Reyes,Other,Teenagers,France,2024-04-07
CUST1070,Sierra,Francis,Female,Adults,China,2024-10-24
CUST1072,James,Flynn,Male,Teenagers,India,2024-02-16
CUST1073,Stephanie,Carter,Female,Senior,India,2021-05-06
CUST1074,Angela,Holland,Other,Teenagers,Canada,2021-05-09
CUST1076,Erica,Hicks,Other,Adults,France,2025-04-08
CUST1077,Ashley,Prince,Female,Adults,UK,2021-04-14
CUST1078,Thomas,Burton,Male,Adults,USA,2022-03-17
CUST1079,Brett,Baker,Male,Teenagers,Canada,2021-05-06
CUST1080,Megan,Rodriguez,Male,Senior,Japan,2023-07-22
CUST1082,Tyler,Aguilar,Other,Senior,UK,2025-04-22
CUST1083,Diane,Jones,Female,Senior,Australia,2020-11-07
CUST1084,Bonnie,Clark,Female,Senior,UK,2024-09-08
CUST1085,Joseph,Jensen,Other,Teenagers,India,2022-08-23
CUST1086,Stacy,Bates,Male,Teenagers,France,2022-07-26
CUST1087,James,Vance,Female,Adults,Brazil,2025-04-01
CUST1089,Randy,Johnson,Male,Senior,Canada,2024-05-10
CUST1090,Crystal,Garcia,Other,Teenagers,Japan,2023-04-29
CUST1091,Kimberly,Moore,Other,Adults,Japan,2024-07-27
CUST1092,Veronica,Webster,Other,Senior,USA,2023-12-13
CUST1093,Tyler,Flores,Male,Teenagers,Australia,2022-09-27
CUST1094,Patricia,Deleon,Male,Senior,China,2021-03-09
CUST1095,Kimberly,Johnson,Other,Teenagers,UK,2022-03-06
CUST1096,Matthew,Jones,Male,Senior,USA,2025-03-17
CUST1097,Eric,Conley,Female,Senior,UK,2022-04-11
CUST1098,Wayne,Tyler,Male,Adults,Germany,2022-04-24
CUST1099,Joe,Clark,Other,Teenagers,France,2020-11-18
CUST1101,Alexander,Hahn,Female,Adults,Japan,2023-05-08
CUST1102,Alicia,Rivera,Other,Adults,India,2023-06-22
CUST1103,Susan,Lewis,Female,Adults,Australia,2023-10-28
CUST1104,George,Stark,Male,Adults,Australia,2024-02-24
CUST1105,Kelsey,Guerra,Male,Adults,India,2022-04-25
CUST1106,Carla,Nolan,Other,Teenagers,France,2021-06-20
CUST1107,Tracey,Olson,Other,Teenagers,Brazil,2022-09-12
CUST1108,Audrey,Nguyen,Female,Senior,UK,2025-05-01
CUST1109,Rose,Kelly,Other,Senior,Australia,2021-01-08
CUST1111,Michael,Lee,Male,Adults,India,2024-11-20
CUST1112,Brandon,Miller,Female,Teenagers,China,2021-08-17
CUST1113,Paul,Bradley,Other,Senior,Canada,2021-10-23
CUST1114,Kimberly,Sandoval,Other,Teenagers,Germany,2021-01-13
CUST1115,William,James,Female,Senior,France,2020-11-07
CUST1116,Anthony,Mendez,Other,Adults,Canada,2021-03-11
CUST1117,Adrian,Payne,Male,Teenagers,India,2023-04-02
CUST1118,Aimee,Jones,Female,Teenagers,Canada,2023-10-12
CUST1119,Andrew,Krueger,Other,Teenagers,France,2022-12-13
CUST1120,Jennifer,Sanders,Other,Adults,India,2023-04-04
CUST1121,Nancy,Beard,Other,Senior,UK,2021-12-16
CUST1122,James,Hicks,Female,Senior,Brazil,2023-05-02
CUST1123,Jonathan,Barnes,Male,Adults,USA,2022-06-05
CUST1125,Brandon,Johnson,Male,Adults,Japan,2024-03-10
CUST1126,Joan,Palmer,Other,Teenagers,Brazil,2021-09-24
CUST1127,Stacey,Romero,Male,Teenagers,Canada,2021-09-23
CUST1128,Sherry,Walker,Male,Teenagers,Australia,2024-04-20
CUST1129,Christopher,Richardson,Female,Senior,India,2022-10-10
CUST1130,Amy,Washington,Male,Adults,France,2022-03-22
CUST1132,Wendy,Sparks,Male,Adults,USA,2024-10-01
CUST1133,Todd,Roberts,Other,Adults,Brazil,2025-05-29
CUST1134,Jesse,Rodriguez,Male,Teenagers,Australia,2022-07-28
CUST1135,Cheryl,Mckee,Female,Teenagers,China,2020-11-24
CUST1137,Isabel,Pope,Female,Adults,USA,2022-06-06
CUST1138,Sarah,Reilly,Female,Adults,France,2023-09-03
CUST1139,Ernest,Carlson,Male,Adults,UK,2023-11-24
CUST1140,Bryan,Fletcher,Other,Adults,Brazil,2024-07-26
CUST1141,Amy,Wong,Other,Senior,India,2022-06-10
CUST1142,Cody,Boyer,Male,Teenagers,Germany,2021-07-27
CUST1143,Glenn,Foley,Other,Senior,Japan,2024-05-10
CUST1144,Rachel,Gilbert,Male,Senior,China,2023-11-08
CUST1145,Jamie,Dunn,Female,Teenagers,China,2023-09-27
CUST1148,John,Chaney,Male,Teenagers,Germany,2022-03-01
CUST1149,Michael,Harris,Other,Adults,Brazil,2022-08-06
CUST1150,George,West,Other,Senior,UK,2024-04-14
CUST1151,Melissa,Woodward,Other,Teenagers,Brazil,2020-09-27
CUST1152,Amanda,Christian,Other,Teenagers,UK,2023-01-07
CUST1153,Breanna,Dillon,Female,Teenagers,Australia,2023-12-29
CUST1154,Christine,Carroll,Male,Senior,China,2022-10-04
CUST1155,Tina,Vargas,Male,Adults,Germany,2021-11-13
CUST1156,Zachary,Gutierrez,Female,Senior,Germany,2021-04-19
CUST1157,Shirley,Moore,Other,Senior,Australia,2025-08-23
CUST1158,Cynthia,Shaw,Male,Adults,USA,2020-11-22
CUST1159,Taylor,Thomas,Other,Adults,UK,2021-03-27
CUST1160,Leslie,Vang,Male,Teenagers,USA,2024-05-28
CUST1163,Michael,Johnson,Other,Adults,Canada,2021-10-09
CUST1164,Karen,Price,Female,Senior,Canada,2022-05-12
CUST1165,Lisa,Smith,Male,Senior,UK,2025-04-04
CUST1166,Frank,Baker,Male,Teenagers,Brazil,2021-10-19
CUST1168,James,Ashley,Male,Teenagers,UK,2024-08-01
CUST1170,Brandy,Esparza,Other,Senior,India,2024-02-21
CUST1171,Lance,Hill,Male,Senior,USA,2021-10-23
CUST1172,Ryan,Rubio,Female,Senior,India,2020-09-10
CUST1173,Deanna,Wall,Male,Senior,UK,2025-07-08
CUST1174,Bruce,Park,Female,Senior,Germany,2022-06-28
CUST1175,Robert,Reid,Male,Adults,Japan,2020-09-04
CUST1176,Holly,Parks,Male,Senior,UK,2022-07-08
CUST1177,Richard,Garcia,Other,Adults,Germany,2024-01-07
CUST1178,Erin,Dennis,Male,Teenagers,Australia,2025-04-10
CUST1179,Michael,Yang,Other,Adults,USA,2022-02-19
CUST1180,Olivia,Johnson,Female,Adults,Australia,2021-04-14
CUST1182,John,Jacobs,Male,Senior,UK,2023-03-09
CUST1183,Erica,Frederick,Female,Senior,Germany,2025-01-18
CUST1184,Chelsea,Meyers,Other,Senior,Brazil,2024-08-17
CUST1185,Crystal,Sanchez,Female,Adults,China,2023-10-15
CUST1186,Leroy,Cordova,Male,Senior,Japan,2022-01-01
CUST1187,John,Holloway,Other,Teenagers,China,2023-10-28
CUST1188,Amy,George,Female,Adults,UK,2021-08-04
CUST1189,Matthew,Robinson,Other,Teenagers,Brazil,2021-07-18
CUST1190,Julie,Harper,Other,Adults,Japan,2023-12-08
CUST1192,Selena,Wilson,Other,Senior,Brazil,2023-10-27
CUST1193,Robert,Kidd,Female,Senior,Japan,2023-11-16
CUST1194,Cody,Simmons,Female,Adults,Japan,2021-12-27
CUST1195,Heather,Oneill,Female,Adults,Japan,2021-08-21
CUST1196,Joshua,Zimmerman,Male,Teenagers,Germany,2024-04-02
CUST1197,Angela,Johnson,Male,Teenagers,Canada,2022-03-31
CUST1198,Justin,Campbell,Male,Teenagers,Canada,2024-12-23
CUST1199,Rachael,Rodriguez,Female,Teenagers,Japan,2024-11-26
CUST1200,Michael,Webb,Male,Adults,Japan,2023-06-14
CUST1201,Emily,Stephens,Female,Senior,Japan,2024-01-04
CUST1202,Brandi,Williamson,Other,Teenagers,Japan,2024-07-08
CUST1203,Robert,Moore,Other,Teenagers,Brazil,2023-04-22
CUST1204,Jennifer,Dunn,Female,Teenagers,India,2021-03-26
CUST1205,Todd,Short,Male,Senior,China,2023-11-26
CUST1206,William,Navarro,Other,Teenagers,Canada,2025-08-21
CUST1207,Robert,Benson,Male,Adults,Japan,2021-03-06
CUST1208,Hannah,Wright,Male,Senior,Japan,2023-05-05
CUST1209,Jeffrey,Hicks,Female,Teenagers,Germany,2022-12-07
CUST1210,Jessica,Spencer,Other,Adults,India,2021-01-14
CUST1214,Kyle,Caldwell,Male,Senior,France,2024-06-05
CUST1215,Rodney,Foster,Female,Adults,Australia,2025-05-15
CUST1216,Becky,Kennedy,Female,Adults,Brazil,2024-01-01
CUST1217,Kyle,Riley,Male,Senior,Brazil,2022-10-31
CUST1218,Jason,Cline,Male,Teenagers,China,2025-06-11
CUST1220,Lauren,Rosales,Other,Senior,China,2021-09-10
CUST1222,Sandra,Williams,Other,Teenagers,Canada,2025-04-08
CUST1223,Justin,Miller,Male,Senior,France,2025-07-21
CUST1224,Nicholas,Rivers,Female,Adults,China,2024-09-15
CUST1225,Michael,Oconnell,Male,Teenagers,France,2025-03-06
CUST1227,Kevin,Dean,Male,Teenagers,China,2020-11-21
CUST1229,Angela,Campbell,Female,Adults,Australia,2022-11-12
CUST1230,Alicia,Martin,Other,Adults,Australia,2022-10-22
CUST1231,Connie,Davis,Male,Adults,China,2021-10-13
CUST1232,Michele,Martinez,Male,Teenagers,India,2023-09-07
CUST1233,Zachary,Vega,Female,Adults,Japan,2024-05-30
CUST1234,Brittany,Lynch,Female,Teenagers,Australia,2023-11-23
CUST1235,Eric,Morales,Female,Teenagers,Germany,2023-09-22
CUST1236,Willie,Wheeler,Male,Senior,USA,2021-10-22
CUST1237,Stephen,Lane,Other,Teenagers,Australia,2024-06-02
CUST1238,John,Reid,Other,Teenagers,France,2023-02-23
CUST1239,Christina,Smith,Other,Senior,China,2024-10-31
CUST1240,Ryan,Baker,Male,Senior,Brazil,2021-09-18
CUST1241,Derrick,Turner,Male,Teenagers,UK,2021-06-06
CUST1242,Scott,Smith,Other,Teenagers,France,2024-02-13
CUST1243,Kimberly,Martinez,Female,Adults,Japan,2024-05-06
CUST1244,Luke,Hernandez,Male,Teenagers,Brazil,2025-01-11
CUST1245,Brian,Scott,Female,Teenagers,USA,2025-08-24
CUST1246,Tonya,Nicholson,Other,Adults,France,2020-11-25
CUST1247,Julie,Carter,Female,Senior,China,2024-03-13
CUST1248,Joseph,Heath,Male,Teenagers,USA,2022-12-29
CUST1249,Maria,Yoder,Other,Teenagers,Germany,2025-01-06
CUST1250,Matthew,Boyle,Male,Adults,Japan,2024-07-20
CUST1252,Richard,Hamilton,Female,Adults,Australia,2021-10-11
CUST1253,Donna,Chavez,Female,Adults,UK,2023-02-07
CUST1254,William,Giles,Male,Teenagers,Germany,2022-11-11
CUST1255,Andres,Browning,Female,Senior,Brazil,2025-06-29
CUST1256,Monica,Ramirez,Male,Teenagers,Germany,2023-01-02
CUST1257,Ryan,Nguyen,Female,Adults,Australia,2024-03-03
CUST1258,Heidi,Bryan,Male,Adults,France,2024-02-21
CUST1259,Michael,Harmon,Male,Adults,Germany,2023-04-03
CUST1260,Michael,Hamilton,Other,Senior,China,2021-09-27
CUST1261,Adrienne,Bennett,Female,Teenagers,USA,2023-11-21
CUST1263,Sabrina,Thomas,Female,Adults,India,2021-10-05
CUST1265,Daniel,Bright,Female,Senior,China,2021-06-26
CUST1266,Christopher,Bates,Female,Senior,UK,2022-04-22
CUST1267,Connie,Sampson,Female,Teenagers,Australia,2021-11-18
CUST1268,Erin,Gonzalez,Male,Senior,Canada,2020-09-18
CUST1269,Brian,Young,Female,Senior,China,2021-01-14
CUST1271,Ryan,Lewis,Female,Adults,Japan,2021-07-02
CUST1272,Amy,Bailey,Other,Senior,USA,2020-09-28
CUST1274,Ellen,Thomas,Female,Adults,UK,2023-12-25
CUST1275,Jennifer,Bolton,Other,Adults,UK,2024-05-09
CUST1276,Sara,Jacobs,Male,Adults,Canada,2022-08-11
CUST1277,Julie,Stephens,Female,Teenagers,Canada,2024-05-18
CUST1278,Peggy,Cummings,Female,Senior,Germany,2022-11-09
CUST1279,Patricia,Mcdonald,Other,Senior,USA,2025-07-03
CUST1280,Andrea,Williams,Other,Senior,France,2023-03-20
CUST1281,Christopher,Randall,Other,Adults,China,2022-10-28
CUST1282,Kevin,Whitaker,Other,Teenagers,France,2022-02-16
CUST1283,Christopher,Jones,Male,Adults,Canada,2024-01-05
CUST1284,Joseph,Shepard,Other,Senior,USA,2022-05-15
CUST1285,James,Rush,Female,Adults,Australia,2021-10-19
CUST1286,Larry,Thomas,Male,Senior,Japan,2020-09-04
CUST1287,Paul,Burns,Other,Teenagers,UK,2023-08-01
CUST1288,James,Johnson,Female,Senior,USA,2024-11-10
CUST1289,Andrew,Thompson,Female,Senior,Japan,2024-05-05
CUST1290,Jeffrey,Taylor,Female,Teenagers,UK,2024-01-16
CUST1291,Pamela,Campos,Female,Adults,Canada,2024-04-26
CUST1292,Ann,Crawford,Female,Teenagers,UK,2023-02-20
CUST1293,Jennifer,Mendoza,Other,Teenagers,Germany,2025-03-08
CUST1294,Susan,Thompson,Male,Adults,USA,2024-07-12
CUST1295,Heather,Farley,Other,Senior,China,2020-12-04
CUST1296,Amy,Johnson,Female,Teenagers,Brazil,2021-03-23
CUST1297,Erika,Cox,Male,Teenagers,India,2023-12-08
CUST1299,Shannon,Michael,Male,Teenagers,Japan,2023-01-11
CUST1300,Timothy,Scott,Other,Adults,India,2024-09-03
CUST1301,Nicole,Simpson,Other,Adults,India,2023-03-28
CUST1302,Alicia,Phillips,Male,Teenagers,India,2023-03-02
CUST1303,Ann,Johnson,Female,Teenagers,Australia,2022-05-16
CUST1304,Joseph,Matthews,Other,Teenagers,Australia,2021-01-30
CUST1305,Victoria,Thomas,Other,Teenagers,China,2023-01-06
CUST1306,Lauren,Alexander,Other,Teenagers,India,2020-09-24
CUST1307,Sheila,Robinson,Female,Adults,India,2021-06-27
CUST1308,Mark,Hawkins,Other,Adults,Brazil,2022-01-12
CUST1309,Jeffrey,Rice,Female,Teenagers,Australia,2023-08-09
CUST1310,Nicole,Mitchell,Other,Adults,Australia,2021-01-27
CUST1311,Lisa,Dixon,Female,Teenagers,Japan,2022-03-28
CUST1315,Charles,Daniels,Other,Teenagers,Japan,2021-01-01
CUST1316,Amy,Smith,Male,Senior,Canada,2024-11-28
CUST1317,Austin,West,Other,Teenagers,USA,2021-03-11
CUST1318,Kirk,Walters,Female,Adults,Germany,2023-10-06
CUST1319,Carlos,Rosario,Female,Teenagers,UK,2025-02-09
CUST1320,Melissa,Barker,Other,Teenagers,France,2020-11-20
CUST1321,Eric,Kelly,Male,Adults,UK,2023-01-04
CUST1322,Stacy,Williams,Female,Teenagers,China,2021-02-10
CUST1323,Patricia,Mason,Female,Teenagers,UK,2022-05-23
CUST1324,Paula,Ramos,Male,Teenagers,UK,2024-09-26
CUST1325,Dennis,Khan,Other,Teenagers,Australia,2020-12-10
CUST1328,Jessica,Allen,Other,Adults,Brazil,2023-09-13
CUST1332,Jennifer,Le,Male,Adults,UK,2024-03-09
CUST1333,Jasmine,Harrison,Male,Adults,India,2022-08-22
CUST1334,Melanie,Wilson,Other,Teenagers,Brazil,2023-10-03
CUST1335,Joshua,George,Female,Adults,France,2021-12-30
CUST1336,Jeffrey,Mitchell,Female,Teenagers,UK,2024-08-01
CUST1337,Jonathon,Collins,Other,Teenagers,Australia,2023-09-08
CUST1338,Austin,Johnson,Other,Adults,Japan,2023-02-07
CUST1339,Jeffrey,Bowman,Female,Teenagers,USA,2021-06-27
CUST1340,James,Jones,Other,Senior,USA,2025-07-08
CUST1341,Laura,Joseph,Other,Senior,Germany,2022-08-27
CUST1342,Jessica,Hall,Other,Teenagers,Japan,2022-05-12
CUST1343,Paul,Lam,Male,Teenagers,Canada,2024-07-14
CUST1344,Kimberly,Morales,Other,Teenagers,Australia,2020-10-09
CUST1345,Joshua,Reese,Male,Adults,China,2022-02-05
CUST1346,Kristen,Martin,Male,Senior,India,2022-10-19
CUST1347,Charles,Lopez,Other,Senior,France,2021-06-16
CUST1348,Sharon,Fischer,Other,Senior,Australia,2025-01-21
CUST1349,Diana,Allison,Female,Senior,Australia,2024-02-16
CUST1350,Anna,Ball,Other,Senior,China,2025-03-31
CUST1351,Kathleen,Bell,Other,Senior,Japan,2023-02-19
CUST1353,Nathaniel,Chase,Male,Adults,Brazil,2021-12-01
CUST1354,Mason,Rios,Female,Teenagers,China,2021-08-08
CUST1355,Sarah,Collins,Male,Adults,India,2022-12-30
CUST1356,James,Gonzalez,Other,Adults,UK,2023-07-10
CUST1357,Anthony,Padilla,Male,Adults,USA,2024-02-25
CUST1358,Heather,Garcia,Female,Adults,Australia,2020-10-05
CUST1359,Victoria,Mahoney,Male,Teenagers,USA,2020-12-19
CUST1360,Megan,Arroyo,Female,Teenagers,USA,2023-09-25
CUST1362,Jason,Wilson,Female,Adults,China,2023-12-31
CUST1363,Stephen,Davis,Female,Teenagers,Japan,2024-09-21
CUST1364,Dawn,Reyes,Other,Senior,India,2022-04-13
CUST1366,Robert,Cunningham,Other,Senior,Australia,2022-06-30
CUST1368,Richard,Miller,Other,Adults,India,2023-05-09
CUST1369,Matthew,Thomas,Male,Teenagers,Brazil,2023-09-20
CUST1370,Andre,Moreno,Male,Teenagers,Japan,2025-01-20
CUST1371,Antonio,Stevenson,Female,Senior,USA,2021-11-12
CUST1372,Thomas,Stewart,Other,Adults,Australia,2022-02-11
CUST1373,Jared,Johns,Male,Adults,France,2023-12-15
CUST1374,Timothy,Palmer,Male,Senior,China,2025-06-05
CUST1375,Jennifer,Barker,Other,Senior,USA,2024-07-16
CUST1376,Paul,Acosta,Female,Senior,Germany,2022-12-05
CUST1377,Nicholas,Larsen,Male,Senior,Canada,2025-02-19
CUST1378,Crystal,Gibbs,Female,Adults,China,2023-12-07
CUST1379,Christian,Jackson,Other,Teenagers,USA,2024-01-11
CUST1380,Melissa,Hanson,Other,Senior,India,2022-07-05
CUST1381,Cassie,Phillips,Other,Adults,Canada,2022-06-08
CUST1382,Gina,Smith,Other,Senior,China,2020-10-08
CUST1383,Kelli,Heath,Female,Adults,India,2023-04-25
CUST1384,Joshua,Wright,Female,Teenagers,India,2021-10-06
CUST1385,Laura,Walker,Female,Adults,Australia,2021-07-13
CUST1386,Christy,Marquez,Male,Senior,UK,2024-10-13
CUST1387,Daniel,Suarez,Male,Senior,Australia,2025-04-16
CUST1388,Linda,Rose,Female,Teenagers,Germany,2021-02-05
CUST1389,Michelle,Chang,Other,Adults,UK,2021-08-03
CUST1390,Erin,Baker,Other,Senior,Japan,2025-03-09
CUST1391,Heather,Munoz,Female,Teenagers,USA,2023-06-06
CUST1392,Christine,Bryant,Male,Senior,Canada,2021-08-05
CUST1393,Ernest,Graham,Male,Adults,India,2023-01-18
CUST1394,Brandon,Brooks,Female,Adults,Canada,2020-12-01
CUST1395,Christine,Flores,Male,Teenagers,France,2023-01-16
CUST1396,Elizabeth,Atkins,Other,Adults,Japan,2025-03-16
CUST1397,Charles,Calderon,Male,Teenagers,China,2024-12-24
CUST1399,Nathaniel,Harris,Male,Adults,USA,2021-07-18
CUST1400,Dawn,Moss,Male,Senior,Brazil,2025-01-26
CUST1401,Emily,Wilson,Female,Adults,USA,2023-10-19
CUST1402,Randall,Hart,Other,Teenagers,UK,2023-01-03
CUST1403,Marissa,Jones,Male,Teenagers,India,2025-08-16
CUST1404,Christopher,Leon,Other,Senior,UK,2022-02-26
CUST1405,Maria,Crane,Other,Teenagers,Japan,2021-01-19
CUST1406,Paul,Sandoval,Female,Teenagers,Japan,2022-04-26
CUST1407,John,Spears,Female,Teenagers,Canada,2022-03-16
CUST1409,Joshua,Jones,Other,Adults,Australia,2025-04-03
CUST1410,Hannah,Davis,Other,Senior,USA,2024-11-07
CUST1411,Alejandro,Hanson,Female,Teenagers,China,2022-01-02
CUST1412,Jonathan,White,Female,Teenagers,China,2020-08-24
CUST1413,Anthony,Best,Female,Senior,China,2025-07-15
CUST1414,Jonathan,Craig,Female,Teenagers,Australia,2023-04-25
CUST1416,David,Wright,Other,Teenagers,Brazil,2023-12-23
CUST1418,James,Harrell,Other,Senior,Germany,2024-04-14
CUST1420,Andrew,Swanson,Other,Senior,Brazil,2024-07-26
CUST1421,Erik,Bell,Male,Adults,Canada,2024-08-05
CUST1422,Amber,Silva,Female,Adults,Canada,2021-05-07
CUST1423,Keith,Barnett,Male,Senior,Germany,2023-05-01
CUST1424,Brian,Reyes,Female,Senior,China,2020-11-30
CUST1425,Tara,Mcknight,Other,Senior,USA,2022-08-31
CUST1426,Deborah,Pearson,Female,Senior,Japan,2023-10-24
CUST1428,Eric,Johnson,Male,Senior,France,2020-12-11
CUST1429,Monica,Wilkins,Male,Senior,UK,2020-12-28
CUST1430,Lindsey,Day,Male,Teenagers,France,2020-10-15
CUST1431,Dawn,Hoover,Male,Teenagers,Australia,2024-12-18
CUST1434,Jermaine,Flores,Other,Teenagers,Germany,2023-01-15
CUST1435,Brian,Ramirez,Female,Adults,UK,2020-11-14
CUST1437,Cynthia,Lee,Female,Senior,Canada,2022-05-30
CUST1438,Michelle,Vargas,Male,Adults,UK,2023-07-11
CUST1439,Kimberly,Vargas,Other,Adults,Japan,2021-06-26
CUST1440,Jason,Cabrera,Female,Adults,Australia,2023-04-02
CUST1441,Steven,Walker,Female,Senior,Germany,2025-07-09
CUST1442,Brian,Brown,Other,Adults,Brazil,2024-06-09
CUST1444,Candice,Taylor,Male,Adults,France,2025-06-10
CUST1446,Robert,Serrano,Male,Senior,India,2022-06-29
CUST1447,Ryan,Patterson,Other,Senior,China,2021-10-10
CUST1448,Sheila,Roberts,Other,Adults,USA,2024-05-18
CUST1449,Elizabeth,Austin,Male,Adults,Brazil,2023-02-12
CUST1450,Kevin,Brown,Male,Adults,India,2022-10-13
CUST1451,Edward,Moore,Female,Adults,USA,2021-12-25
CUST1453,Mark,Davis,Male,Adults,Japan,2021-09-03
CUST1454,Kevin,Knight,Female,Senior,Australia,2025-06-12
CUST1455,John,Whitaker,Other,Adults,Brazil,2023-09-08
CUST1456,Michael,Martinez,Female,Teenagers,India,2024-10-23
CUST1457,Pamela,Ross,Other,Senior,China,2023-10-05
CUST1458,Natalie,Castaneda,Male,Senior,Australia,2023-04-24
CUST1459,Michele,Baker,Other,Teenagers,Germany,2020-09-28
CUST1460,Jennifer,Smith,Male,Adults,USA,2023-04-04
CUST1461,Sabrina,Herrera,Female,Adults,UK,2024-07-21
CUST1463,Travis,Richards,Male,Teenagers,China,2023-09-03
CUST1464,Brandon,Bender,Male,Teenagers,USA,2025-04-07
CUST1465,Cynthia,Hudson,Female,Teenagers,UK,2020-12-08
CUST1466,Samantha,Jones,Female,Teenagers,Canada,2021-10-17
CUST1468,Kara,Martin,Female,Teenagers,China,2020-12-27
CUST1469,Joshua,Graham,Male,Teenagers,Germany,2024-07-04
CUST1470,Jared,Mccall,Male,Senior,India,2024-03-21
CUST1471,Brittany,Sellers,Female,Senior,Japan,2022-12-01
CUST1473,Kristine,Rogers,Other,Senior,Brazil,2023-07-18
CUST1474,Kyle,Patterson,Female,Teenagers,UK,2024-10-02
CUST1475,Melanie,James,Male,Teenagers,Japan,2024-03-17
CUST1476,Kristin,Anderson,Male,Senior,France,2022-08-24
CUST1477,April,Hill,Other,Adults,UK,2025-02-14
CUST1478,Erin,Taylor,Female,Senior,China,2024-10-13
CUST1480,Christian,Thomas,Female,Adults,China,2021-02-19
CUST1481,Lucas,Wilson,Female,Adults,Brazil,2023-01-13
CUST1482,Crystal,Sullivan,Other,Senior,China,2023-03-02
CUST1483,Brittney,Mejia,Other,Senior,India,2021-07-06
CUST1484,Samantha,Levine,Male,Senior,Canada,2023-03-20
CUST1485,Eugene,Perez,Male,Senior,UK,2022-06-20
CUST1486,Carmen,Hansen,Male,Senior,Australia,2021-03-30
CUST1487,Melissa,Gonzales,Female,Senior,Brazil,2024-11-29
CUST1488,Sara,Miller,Male,Teenagers,Australia,2024-09-20
CUST1489,George,Davidson,Other,Senior,France,2024-03-28
CUST1490,Nicholas,Johnson,Female,Teenagers,Brazil,2022-03-18
CUST1491,Jill,Johnson,Other,Teenagers,Germany,2025-04-12
CUST1492,Sherry,Burgess,Female,Teenagers,USA,2023-12-19
CUST1493,Elizabeth,Daniel,Female,Teenagers,India,2023-02-13
CUST1494,Cynthia,Boyd,Female,Adults,Germany,2023-05-14
CUST1496,Jill,Walker,Female,Senior,Japan,2022-06-09
CUST1498,Theodore,Good,Male,Adults,USA,2023-12-17
CUST1499,Ross,Williams,Male,Senior,France,2022-12-07
CUST1500,Jill,Smith,Other,Adults,Brazil,2022-02-15
CUST1501,Ronald,Hamilton,Male,Teenagers,Australia,2021-10-04
CUST1502,Bruce,Young,Female,Senior,Brazil,2022-03-21
CUST1503,Patrick,Smith,Male,Teenagers,Australia,2025-08-06
CUST1504,Jacob,Johnson,Female,Adults,UK,2023-07-18
CUST1505,Elizabeth,Torres,Other,Teenagers,Brazil,2022-07-28
CUST1506,Katie,Alexander,Other,Teenagers,China,2022-05-20
CUST1507,Robert,Paul,Female,Teenagers,Japan,2024-11-25
CUST1508,Madison,Diaz,Male,Adults,Canada,2020-08-29
CUST1509,Charles,Blanchard,Other,Senior,China,2022-03-10
CUST1510,Christina,Guzman,Other,Senior,Australia,2024-11-12
CUST1511,Chad,Bautista,Other,Teenagers,India,2020-09-19
CUST1512,Christy,Stephens,Male,Adults,India,2023-08-13
CUST1513,Kelly,Sullivan,Male,Teenagers,China,2020-12-19
CUST1514,Seth,Bolton,Female,Senior,Canada,2021-11-13
CUST1515,Emily,Harris,Other,Adults,Brazil,2021-09-16
CUST1516,Beverly,Lucero,Male,Senior,UK,2021-01-03
CUST1517,Alan,Brennan,Male,Senior,Australia,2025-06-15
CUST1518,Katrina,Drake,Male,Teenagers,Canada,2022-04-24
CUST1519,William,Wilson,Male,Adults,Australia,2021-11-11
CUST1520,Holly,Chen,Other,Senior,Japan,2022-01-25
CUST1521,Elijah,Romero,Other,Senior,Japan,2020-09-07
CUST1522,Penny,Drake,Male,Teenagers,India,2021-10-24
CUST1524,Patrick,Bryant,Female,Teenagers,Brazil,2022-01-06
CUST1526,Thomas,Garza,Other,Adults,USA,2022-09-28
CUST1528,Christy,Mcdaniel,Male,Adults,Canada,2023-03-03
CUST1529,Joseph,James,Other,Senior,USA,2023-05-24
CUST1530,Stephanie,Clark,Male,Adults,UK,2020-10-10
CUST1531,Neil,Benjamin,Female,Teenagers,Australia,2023-03-11
CUST1532,Margaret,Bell,Other,Teenagers,China,2025-03-22
CUST1533,Samantha,Williams,Female,Adults,Brazil,2021-09-07
CUST1534,Eric,Chavez,Male,Adults,UK,2023-10-01
CUST1535,Matthew,Clark,Male,Teenagers,China,2025-07-12
CUST1536,Bill,Frost,Other,Senior,India,2021-10-09
CUST1537,Michelle,Mata,Female,Teenagers,Canada,2022-04-01
CUST1538,Kelly,Baker,Male,Senior,Canada,2022-02-20
CUST1539,Cheryl,Mccarthy,Female,Teenagers,China,2025-01-17
CUST1540,Scott,Cohen,Other,Adults,Germany,2025-06-27
CUST1541,Jesse,Farrell,Female,Senior,Germany,2022-08-31
CUST1542,Jessica,Bell,Other,Adults,China,2021-06-13
CUST1543,Marisa,Robinson,Other,Senior,Australia,2024-01-13
CUST1544,Hannah,Martin,Other,Senior,Japan,2021-06-13
CUST1545,Joshua,Wilson,Male,Senior,India,2024-04-04
CUST1546,Ashley,Rodriguez,Other,Senior,China,2024-02-01
CUST1547,Sarah,Valdez,Female,Adults,Japan,2025-04-01
CUST1548,Joanna,Williams,Other,Adults,Canada,2025-03-26
CUST1549,Jerome,Barber,Female,Teenagers,UK,2021-08-12
CUST1550,Rachel,Martinez,Female,Teenagers,Australia,2021-06-20
CUST1551,Paul,Crosby,Other,Senior,China,2023-02-22
CUST1552,Chad,Mclaughlin,Male,Senior,Japan,2024-07-20
CUST1553,Robert,Espinoza,Male,Senior,Canada,2025-02-26
CUST1554,Patricia,Brown,Female,Adults,Canada,2023-01-08
CUST1555,Hunter,Watson,Male,Senior,India,2021-03-28
CUST1556,Nathan,Rangel,Female,Teenagers,UK,2025-06-16
CUST1557,Brian,Rodriguez,Other,Senior,Brazil,2023-09-30
CUST1558,Zoe,Davis,Other,Adults,Australia,2022-06-05
CUST1559,Colleen,White,Other,Senior,France,2024-07-03
CUST1560,Brandy,Kelley,Female,Teenagers,India,2022-10-08
CUST1562,Debbie,Lyons,Female,Senior,USA,2023-08-06
CUST1563,Ryan,Salazar,Other,Teenagers,USA,2024-09-09
CUST1564,Steven,Thornton,Female,Teenagers,UK,2024-01-08
CUST1565,Natalie,Adams,Female,Adults,Australia,2022-11-27
CUST1566,Donald,Jones,Other,Teenagers,USA,2024-06-16
CUST1568,Eric,Ramos,Other,Teenagers,Australia,2020-10-07
CUST1569,Michael,Brown,Male,Adults,Germany,2022-04-02
CUST1570,Leslie,Lewis,Male,Adults,India,2024-11-13
CUST1571,Antonio,Taylor,Female,Senior,India,2022-06-16
CUST1572,Andrew,Morgan,Male,Adults,Brazil,2023-01-16
CUST1573,Daniel,Hansen,Female,Senior,Australia,2024-05-14
CUST1574,Alexander,Jones,Other,Teenagers,Australia,2020-11-22
CUST1575,Lisa,Barton,Male,Senior,China,2025-05-02
CUST1576,Kevin,Scott,Female,Adults,China,2024-06-03
CUST1577,Andrea,Guerrero,Female,Teenagers,Germany,2022-02-20
CUST1578,Cory,Moore,Other,Senior,Germany,2023-06-15
CUST1579,Kimberly,Middleton,Other,Adults,Brazil,2025-02-01
CUST1580,Ann,Gill,Other,Adults,UK,2021-12-24
CUST1581,Colleen,Smith,Male,Senior,Canada,2021-03-16
CUST1584,Taylor,Floyd,Female,Senior,Japan,2021-10-30
CUST1585,Amber,Mcbride,Male,Teenagers,Canada,2024-09-28
CUST1586,Jason,Ross,Male,Senior,Canada,2021-10-05
CUST1587,Michael,Savage,Female,Teenagers,France,2023-10-16
CUST1589,Matthew,Adams,Male,Adults,Brazil,2025-01-24
CUST1590,Tiffany,Wise,Other,Senior,Canada,2021-04-10
CUST1591,Daniel,George,Male,Teenagers,Australia,2022-12-01
CUST1593,Jaime,Johnson,Other,Teenagers,Australia,2025-04-15
CUST1594,Joseph,Sweeney,Other,Adults,India,2021-08-22
CUST1596,Jennifer,Alvarez,Other,Senior,UK,2020-11-03
CUST1597,Julia,Spencer,Other,Senior,Australia,2021-02-18
CUST1598,Patrick,Garcia,Female,Senior,UK,2025-05-09
CUST1599,Michael,Ferguson,Female,Senior,Canada,2022-07-20
CUST1600,Robert,Jones,Other,Teenagers,Canada,2021-07-06
CUST1601,Sharon,Collins,Other,Adults,Australia,2021-12-19
CUST1602,Sherry,Clark,Other,Senior,France,2024-05-06
CUST1603,Shari,Dixon,Female,Teenagers,Australia,2023-12-23
CUST1605,Kristen,Ramirez,Other,Adults,Germany,2025-01-26
CUST1606,Jesus,Mueller,Other,Senior,UK,2022-04-08
CUST1607,Carol,Ward,Male,Teenagers,France,2024-06-17
CUST1608,Jeffrey,Freeman,Other,Teenagers,India,2021-01-28
CUST1609,Thomas,Larson,Other,Senior,Canada,2023-01-10
CUST1610,Morgan,Valentine,Other,Teenagers,USA,2023-12-22
CUST1611,David,Anderson,Female,Senior,Japan,2023-11-11
CUST1612,Jason,Hamilton,Female,Adults,France,2023-01-26
CUST1613,Nathaniel,Sanchez,Male,Adults,Australia,2023-10-27
CUST1614,Rebecca,Allen,Other,Senior,Brazil,2022-08-17
CUST1615,Megan,Brady,Other,Teenagers,UK,2024-05-07
CUST1616,Eric,Ramos,Other,Teenagers,Japan,2021-03-04
CUST1617,Susan,Newman,Male,Teenagers,France,2024-09-04
CUST1618,Laura,Smith,Other,Senior,India,2022-03-30
CUST1619,Julie,Patel,Female,Adults,India,2022-01-11
CUST1620,Priscilla,Hart,Other,Teenagers,USA,2021-12-23
CUST1621,William,Jenkins,Male,Senior,France,2022-08-19
CUST1622,Wesley,Jackson,Other,Teenagers,China,2024-06-15
CUST1623,Joyce,Ford,Male,Senior,China,2021-06-01
CUST1624,Laura,Villa,Female,Senior,Canada,2021-10-23
CUST1625,Joshua,Jacobson,Male,Teenagers,China,2022-03-25
CUST1627,Alexander,Wise,Other,Teenagers,France,2023-12-10
CUST1628,Jennifer,Robinson,Other,Adults,Australia,2022-10-01
CUST1630,John,Roberts,Female,Adults,UK,2024-04-02
CUST1631,Tara,Valenzuela,Male,Teenagers,France,2022-08-21
CUST1632,Lisa,House,Other,Teenagers,USA,2025-04-15
CUST1634,Michelle,Velazquez,Female,Adults,Canada,2023-09-05
CUST1635,Kelsey,Gray,Male,Adults,Brazil,2021-02-17
CUST1636,Samantha,Cunningham,Male,Adults,China,2023-03-22
CUST1637,Robin,Palmer,Male,Senior,Australia,2025-02-08
CUST1638,Teresa,Cox,Male,Senior,Australia,2022-01-06
CUST1639,Jason,Hall,Male,Senior,UK,2025-08-03
CUST1640,Erin,Clements,Male,Teenagers,Germany,2023-08-27
CUST1641,Kevin,Brown,Female,Teenagers,Australia,2025-01-24
CUST1642,Valerie,Williams,Male,Teenagers,USA,2024-09-02
CUST1643,Joseph,Potts,Female,Adults,France,2020-12-17
CUST1645,Brandy,Atkinson,Female,Senior,UK,2021-03-12
CUST1646,Travis,Parker,Male,Teenagers,UK,2022-08-06
CUST1647,Kent,Kelley,Other,Adults,France,2025-06-02
CUST1648,Ann,Marshall,Male,Senior,Canada,2020-12-04
CUST1649,Marilyn,Adkins,Other,Adults,China,2023-12-22
CUST1650,Darryl,Allen,Male,Adults,China,2022-04-15
CUST1651,Mark,Brown,Other,Senior,Canada,2024-08-28
CUST1652,Daniel,Wood,Male,Senior,China,2022-05-27
CUST1653,Scott,Thomas,Male,Adults,USA,2021-01-13
CUST1654,Brittany,Carter,Female,Senior,Canada,2023-06-02
CUST1655,Rebecca,Gray,Female,Teenagers,Japan,2022-07-18
CUST1656,Lindsay,Higgins,Male,Teenagers,Germany,2022-09-10
CUST1657,Jennifer,Wheeler,Male,Teenagers,Germany,2021-01-16
CUST1658,Jill,Harris,Other,Teenagers,India,2022-03-24
CUST1659,Shannon,Green,Male,Adults,USA,2021-08-19
CUST1660,Timothy,Gillespie,Other,Teenagers,India,2025-08-06
CUST1661,Caitlyn,Lynch,Other,Adults,China,2021-09-05
CUST1662,Robert,Pace,Male,Senior,France,2020-12-27
CUST1663,Rachel,Fernandez,Female,Teenagers,Germany,2023-10-28
CUST1664,Michael,Martin,Female,Teenagers,India,2022-09-14
CUST1666,Jennifer,Clark,Other,Senior,Brazil,2023-02-15
CUST1667,Betty,Wallace,Male,Senior,Australia,2021-05-11
CUST1668,Richard,Williams,Male,Senior,Germany,2023-03-14
CUST1669,Ricky,Hill,Male,Teenagers,China,2023-04-12
CUST1670,Michael,Jackson,Other,Adults,China,2024-01-06
CUST1671,Chelsea,Neal,Other,Teenagers,USA,2021-06-23
CUST1672,Samuel,Stephenson,Other,Senior,USA,2021-08-29
CUST1673,Karen,Day,Other,Adults,Japan,2022-09-15
CUST1674,Chelsea,Lin,Male,Adults,UK,2021-06-20
CUST1675,Robert,Allen,Female,Teenagers,Australia,2020-10-29
CUST1676,Rebecca,Schaefer,Female,Senior,China,2025-07-29
CUST1678,Tyler,Frank,Female,Adults,Germany,2021-03-27
CUST1680,Heather,Ellison,Female,Teenagers,Canada,2021-01-22
CUST1681,Haley,Martinez,Other,Senior,Australia,2023-10-05
CUST1683,Amy,Miller,Other,Adults,Japan,2023-07-02
CUST1685,Theresa,Ortiz,Female,Adults,Germany,2024-06-16
CUST1686,Alison,Norman,Other,Adults,UK,2020-09-18
CUST1687,Lacey,Moody,Other,Adults,Japan,2025-05-24
CUST1688,Melissa,Miller,Female,Teenagers,UK,2024-01-31
CUST1689,Abigail,Beck,Other,Adults,France,2023-08-10
CUST1690,Bonnie,Valencia,Female,Senior,Australia,2023-02-09
CUST1691,Melissa,Hunt,Male,Adults,Australia,2021-06-11
CUST1692,Cristina,Meyer,Male,Senior,USA,2021-07-31
CUST1693,Jason,Miller,Other,Teenagers,Canada,2022-01-29
CUST1694,Heidi,Fleming,Female,Adults,Australia,2024-02-27
CUST1695,Veronica,Rowe,Other,Teenagers,Japan,2025-05-27
CUST1696,Lori,Torres,Other,Senior,USA,2024-06-30
CUST1697,Randall,Montgomery,Other,Senior,China,2022-06-26
CUST1698,Jennifer,Boyd,Female,Senior,Germany,2024-05-13
CUST1699,Laura,Woods,Other,Senior,China,2021-07-22
CUST1700,Eric,Anderson,Female,Senior,India,2021-10-10
CUST1701,Krista,Howard,Female,Senior,France,2021-03-29
CUST1702,Jennifer,Sanchez,Male,Senior,Japan,2023-05-22
CUST1703,Eric,Henry,Other,Senior,China,2023-08-24
CUST1704,Philip,Lutz,Male,Adults,France,2020-10-15
CUST1706,Anna,Taylor,Female,Senior,Canada,2020-10-04
CUST1707,Thomas,White,Other,Senior,USA,2022-06-23
CUST1708,Carmen,Banks,Other,Senior,India,2024-03-06
CUST1710,Stephanie,Villarreal,Male,Adults,Australia,2023-07-14
CUST1711,Joann,Jacobs,Female,Teenagers,Germany,2022-02-21
CUST1712,Debra,Glass,Female,Adults,UK,2023-07-02
CUST1715,Krista,Mcneil,Other,Adults,France,2023-06-23
CUST1716,Sabrina,Scott,Male,Teenagers,China,2021-09-05
CUST1717,Craig,Brown,Male,Teenagers,UK,2021-03-04
CUST1718,Mary,James,Male,Teenagers,USA,2021-11-14
CUST1719,Reginald,Flores,Female,Senior,Brazil,2022-10-17
CUST1720,Matthew,Carson,Male,Teenagers,USA,2023-05-03
CUST1721,Kristin,Nelson,Other,Senior,France,2021-11-17
CUST1722,Todd,Reid,Other,Teenagers,Brazil,2022-12-06
CUST1723,Jennifer,Woods,Female,Teenagers,Germany,2023-06-17
CUST1724,Jamie,Byrd,Male,Teenagers,UK,2023-11-05
CUST1725,Kelly,Meza,Other,Senior,USA,2022-01-12
CUST1726,Joseph,Flores,Other,Teenagers,France,2024-02-04
CUST1727,Donald,Copeland,Male,Adults,Japan,2020-11-15
CUST1729,Rodney,Acosta,Other,Senior,Japan,2021-07-09
CUST1730,Kristina,Robertson,Male,Senior,Brazil,2021-01-14
CUST1731,Nicholas,Jones,Female,Adults,Australia,2022-12-30
CUST1733,Marcus,Eaton,Other,Teenagers,China,2021-10-08
CUST1734,Steven,Combs,Male,Teenagers,Canada,2025-04-20
CUST1735,Mark,Fisher,Male,Teenagers,Brazil,2022-10-30
CUST1736,Karen,Williams,Male,Senior,Brazil,2021-12-05
CUST1737,Bonnie,Simpson,Male,Teenagers,Brazil,2024-06-30
CUST1738,Rebecca,Williams,Female,Senior,Brazil,2020-12-09
CUST1739,Brandon,Smith,Male,Teenagers,India,2023-12-26
CUST1740,Joanne,Olson,Male,Senior,Australia,2024-02-07
CUST1741,Theresa,Hill,Female,Teenagers,India,2024-06-15
CUST1742,Catherine,Villegas,Other,Adults,China,2020-11-16
CUST1743,Daniel,Fox,Female,Teenagers,China,2023-11-05
CUST1744,Kyle,Herman,Female,Teenagers,Japan,2024-01-08
CUST1746,Sarah,Walters,Male,Adults,Brazil,2023-05-26
CUST1747,Gary,Brown,Female,Adults,France,2021-04-06
CUST1749,Linda,Smith,Female,Adults,France,2022-10-03
CUST1750,Samantha,Hernandez,Other,Teenagers,Japan,2025-04-19
CUST1751,Amy,Bryant,Male,Adults,India,2023-07-23
CUST1752,Michael,Wilson,Male,Senior,France,2020-11-06
CUST1753,Jamie,Harris,Female,Teenagers,Brazil,2025-06-03
CUST1754,Jack,Romero,Male,Adults,Germany,2020-10-11
CUST1755,Tracy,Gonzalez,Female,Senior,China,2021-11-25
CUST1756,Scott,Gross,Male,Adults,France,2020-12-09
CUST1757,Heather,Martin,Other,Teenagers,Germany,2025-06-25
CUST1758,Adam,Edwards,Other,Teenagers,UK,2022-01-18
CUST1760,Wendy,Hunter,Male,Teenagers,Brazil,2024-11-04
CUST1761,Charles,Guerrero,Other,Senior,USA,2023-01-10
CUST1762,Michael,Dickerson,Male,Adults,USA,2024-04-30
CUST1763,Kimberly,Lawson,Other,Senior,Australia,2023-01-31
CUST1764,Sheila,Hill,Other,Adults,Germany,2023-10-25
CUST1765,Jessica,Reed,Female,Adults,Australia,2022-08-29
CUST1766,Candice,Marsh,Male,Teenagers,Brazil,2021-09-22
CUST1767,William,Decker,Other,Senior,USA,2025-05-08
CUST1768,Darren,Thomas,Male,Senior,USA,2024-06-27
CUST1769,Jeffrey,Travis,Female,Senior,India,2024-02-03
CUST1772,Robert,Ryan,Female,Senior,Australia,2021-01-29
CUST1773,Benjamin,Ramos,Male,Adults,France,2023-05-03
CUST1775,Anita,Miller,Female,Adults,Canada,2024-08-16
CUST1776,Darlene,Galvan,Male,Senior,Australia,2022-02-22
CUST1777,John,Green,Male,Senior,India,2022-03-01
CUST1779,Felicia,Hoffman,Female,Adults,Brazil,2024-05-30
CUST1780,Eddie,Carter,Female,Senior,Canada,2025-02-03
CUST1781,William,Jones,Other,Adults,France,2023-06-21
CUST1782,Dennis,Chambers,Female,Senior,Japan,2023-02-02
CUST1783,Zachary,Jones,Male,Senior,Brazil,2023-05-07
CUST1784,William,Guerrero,Female,Teenagers,Germany,2024-06-10
CUST1785,Kristina,Richardson,Female,Senior,France,2023-10-05
CUST1786,Catherine,Lambert,Other,Adults,Japan,2022-07-23
CUST1787,Stephanie,Hall,Male,Adults,India,2023-01-27
CUST1788,Michelle,Brown,Male,Teenagers,Australia,2022-08-14
CUST1790,Keith,Hanson,Other,Teenagers,France,2025-07-13
CUST1792,Erik,Collins,Male,Teenagers,Australia,2022-06-08
CUST1793,Dustin,Wallace,Male,Adults,China,2025-06-17
CUST1794,Michael,Williams,Female,Adults,Japan,2022-09-09
CUST1797,Ronald,Evans,Female,Senior,Canada,2024-08-27
CUST1798,Courtney,Tran,Other,Teenagers,USA,2022-05-13
CUST1799,Stephanie,Howard,Other,Teenagers,Canada,2024-11-12
CUST1800,Marisa,Martinez,Female,Adults,UK,2022-04-03
CUST1801,John,Hill,Female,Senior,Australia,2023-06-28
CUST1802,Ryan,Schneider,Male,Senior,Germany,2021-04-27
CUST1804,Michelle,Phillips,Other,Adults,UK,2022-01-21
CUST1805,Natasha,Andrews,Other,Senior,Germany,2021-04-15
CUST1806,Tina,Webster,Other,Adults,Germany,2023-11-17
CUST1807,Howard,Mason,Female,Adults,Canada,2023-03-24
CUST1808,Lori,Hart,Other,Senior,Germany,2024-08-11
CUST1809,Megan,Miller,Female,Adults,Japan,2024-07-17
CUST1810,Heidi,Thompson,Female,Adults,Canada,2021-10-22
CUST1811,Sherri,King,Male,Teenagers,China,2022-09-22
CUST1812,Michael,Scott,Other,Teenagers,Germany,2022-09-08
CUST1813,Daniel,Taylor,Male,Adults,Canada,2021-06-13
CUST1814,Rebecca,Morgan,Female,Teenagers,USA,2024-06-08
CUST1815,Jade,Holt,Female,Senior,Germany,2022-05-18
CUST1817,Edward,Gonzalez,Male,Adults,UK,2021-10-08
CUST1818,Steven,Wilson,Other,Adults,Australia,2024-06-20
CUST1819,Connie,Dorsey,Male,Senior,USA,2021-09-12
CUST1820,Richard,Peters,Other,Senior,Canada,2024-10-13
CUST1821,Dylan,Miller,Other,Adults,Brazil,2021-11-18
CUST1822,Amanda,Bell,Male,Senior,Germany,2022-09-21
CUST1823,Darrell,Cross,Other,Teenagers,India,2024-02-05
CUST1824,Kim,Kerr,Female,Senior,India,2023-06-09
CUST1825,William,Ibarra,Other,Senior,Brazil,2022-11-11
CUST1826,Tammy,Joseph,Other,Senior,Canada,2022-02-17
CUST1827,David,Watson,Female,Adults,Canada,2023-12-12
CUST1829,Jeffrey,Holmes,Male,Senior,Brazil,2022-07-19
CUST1830,Jack,Morris,Other,Teenagers,China,2020-12-20
CUST1831,Kathy,Lamb,Male,Adults,China,2023-07-07
CUST1832,Lisa,Reese,Other,Teenagers,India,2023-04-27
CUST1833,Rebekah,Leblanc,Male,Adults,France,2023-01-26
CUST1834,Gregory,Camacho,Female,Teenagers,India,2025-05-16
CUST1836,Nathan,Shepherd,Other,Teenagers,Germany,2024-09-27
CUST1837,Theresa,Brown,Other,Teenagers,UK,2021-03-24
CUST1838,Thomas,Williams,Other,Teenagers,USA,2022-06-15
CUST1839,Richard,Fox,Male,Adults,Brazil,2022-10-31
CUST1840,Bradley,Wells,Male,Senior,Canada,2022-03-11
CUST1841,Christine,Hayes,Other,Teenagers,Australia,2021-02-06
CUST1842,Kevin,Reese,Other,Senior,India,2024-08-27
CUST1843,Scott,Willis,Other,Teenagers,UK,2022-12-05
CUST1844,Andrea,Morales,Male,Adults,UK,2021-10-01
CUST1845,Bryan,Simmons,Female,Senior,Japan,2025-07-15
CUST1846,Edwin,Murray,Female,Teenagers,Japan,2025-03-11
CUST1847,Justin,Bautista,Female,Senior,UK,2024-06-22
CUST1848,Eric,Banks,Other,Teenagers,India,2024-07-06
CUST1849,Erica,Stafford,Male,Senior,Canada,2023-09-30
CUST1850,Patricia,Anderson,Male,Teenagers,Canada,2021-07-06
CUST1851,Carlos,Shea,Other,Teenagers,Japan,2023-10-28
CUST1852,Michael,Cortez,Female,Teenagers,India,2024-10-15
CUST1854,Sabrina,Ingram,Female,Adults,Australia,2025-07-31
CUST1856,Amanda,Flores,Other,Teenagers,Germany,2024-06-02
CUST1857,Travis,Hodges,Other,Teenagers,Brazil,2024-11-25
CUST1858,Jennifer,Schmidt,Female,Senior,Germany,2023-12-16
CUST1859,Sophia,Gray,Male,Adults,USA,2021-08-30
CUST1860,Kevin,Morgan,Female,Senior,UK,2020-09-15
CUST1861,Joseph,Robertson,Female,Senior,Brazil,2023-07-26
CUST1862,Eric,Wagner,Male,Senior,India,2021-12-03
CUST1863,Monique,King,Male,Adults,UK,2024-05-22
CUST1864,Michaela,Jones,Male,Adults,India,2025-01-23
CUST1866,Megan,Nielsen,Other,Adults,China,2024-07-15
CUST1867,Maria,Little,Female,Senior,UK,2024-10-17
CUST1869,Scott,Stark,Other,Teenagers,China,2023-12-31
CUST1871,April,Schneider,Male,Teenagers,Japan,2020-10-28
CUST1872,Christopher,Wilson,Female,Teenagers,UK,2021-05-22
CUST1873,Gregory,Schroeder,Male,Senior,India,2022-10-13
CUST1874,Virginia,Moore,Female,Senior,USA,2024-02-03
CUST1875,Carl,Nelson,Male,Adults,Canada,2024-12-30
CUST1877,Anna,Murphy,Other,Senior,Australia,2021-11-01
CUST1878,Kristi,Lindsey,Female,Senior,France,2022-05-15
CUST1879,Bruce,Yang,Male,Adults,USA,2024-06-16
CUST1880,Kyle,Jacobson,Male,Adults,Australia,2021-12-23
CUST1881,Rebecca,Long,Other,Teenagers,India,2021-08-14
CUST1882,Judy,Barnett,Other,Teenagers,Brazil,2022-11-01
CUST1883,Jennifer,Beck,Female,Adults,France,2023-11-20
CUST1884,Jocelyn,Hancock,Female,Adults,Brazil,2024-04-16
CUST1885,Robert,Rogers,Other,Teenagers,Germany,2024-08-05
CUST1886,Jessica,Simmons,Other,Teenagers,China,2022-07-10
CUST1887,Diamond,Brown,Female,Teenagers,Canada,2022-01-22
CUST1888,Alison,Callahan,Female,Senior,Japan,2024-08-18
CUST1891,Kyle,Moody,Other,Senior,USA,2022-10-27
CUST1892,Renee,Rivers,Female,Senior,Japan,2023-12-01
CUST1893,Russell,Booth,Other,Teenagers,Japan,2025-08-18
CUST1895,Donna,Murray,Other,Teenagers,UK,2022-07-27
CUST1896,Alexander,Ramsey,Other,Senior,Canada,2022-12-11
CUST1898,Anne,Thompson,Other,Teenagers,China,2023-08-20
CUST1899,Donna,Smith,Male,Senior,Canada,2023-01-20
CUST1900,Alan,Lopez,Male,Senior,India,2025-07-06
CUST1901,Nicole,Mason,Male,Senior,Australia,2023-09-14
CUST1902,Tina,Martinez,Other,Teenagers,China,2022-04-11
CUST1903,Julia,Yates,Male,Teenagers,Australia,2023-04-01
CUST1905,Joseph,Lamb,Female,Senior,Australia,2022-03-16
CUST1906,Phillip,Ward,Female,Adults,Germany,2023-11-24
CUST1907,Ralph,Stevens,Male,Senior,India,2025-03-21
CUST1908,Sylvia,Larson,Other,Senior,Canada,2022-01-20
CUST1909,Carolyn,Lowery,Male,Teenagers,Japan,2024-01-25
CUST1910,Kristina,Lynch,Other,Senior,India,2022-01-27
CUST1911,Jessica,Miller,Male,Adults,UK,2022-07-25
CUST1912,Ashley,Turner,Other,Teenagers,USA,2023-12-18
CUST1914,Jeffery,Obrien,Male,Adults,France,2021-04-23
CUST1915,Brittany,Walton,Other,Teenagers,India,2023-06-14
CUST1916,Samuel,Bates,Female,Senior,Germany,2021-08-30
CUST1917,Jessica,Freeman,Male,Senior,France,2022-05-05
CUST1918,Jennifer,Smith,Male,Teenagers,Brazil,2022-05-13
CUST1919,Anthony,Moore,Female,Senior,Australia,2021-10-10
CUST1920,Alex,Murphy,Male,Senior,India,2025-06-06
CUST1921,Christy,Sanders,Female,Senior,Japan,2024-02-26
CUST1922,Desiree,Webb,Female,Teenagers,China,2021-03-29
CUST1923,Ethan,Jones,Female,Teenagers,UK,2024-02-23
CUST1924,Alexander,Bradford,Female,Adults,USA,2021-10-14
CUST1925,Joshua,Hardy,Male,Teenagers,Brazil,2023-06-20
CUST1926,Emily,Wood,Female,Teenagers,China,2022-08-22
CUST1927,Jessica,Robinson,Other,Teenagers,USA,2021-04-13
CUST1928,Trevor,Sharp,Other,Teenagers,India,2025-02-23
CUST1929,Jamie,Williams,Male,Adults,USA,2024-05-02
CUST1930,Chad,Wright,Female,Senior,France,2024-02-09
CUST1931,Jennifer,Walter,Male,Senior,USA,2025-04-17
CUST1932,Carmen,Johnson,Other,Senior,China,2023-03-29
CUST1933,Matthew,Hawkins,Male,Teenagers,Australia,2025-07-29
CUST1934,Eric,Lloyd,Female,Senior,Brazil,2022-03-02
CUST1935,Stephen,Morales,Other,Adults,Canada,2022-09-11
CUST1937,Matthew,Owens,Other,Adults,USA,2022-09-07
CUST1938,Jeffrey,Campbell,Other,Adults,Germany,2021-03-26
CUST1939,Alexandra,Werner,Female,Senior,Australia,2024-02-01
CUST1940,Christian,Nichols,Female,Senior,Brazil,2023-10-15
CUST1941,Michelle,Brennan,Other,Teenagers,China,2024-01-14
CUST1942,Sarah,Lowery,Male,Senior,Japan,2020-10-21
CUST1943,Stacy,Briggs,Male,Adults,Canada,2020-11-25
CUST1944,Adam,Ayala,Female,Teenagers,Japan,2024-08-17
CUST1945,Rebecca,Berg,Male,Teenagers,Australia,2022-08-13
CUST1946,Thomas,Rodriguez,Male,Teenagers,Canada,2024-01-12
CUST1948,Erika,Snyder,Female,Teenagers,Canada,2024-04-11
CUST1949,Scott,Roth,Male,Senior,UK,2023-10-24
CUST1950,Troy,Sharp,Male,Adults,Japan,2022-12-13
CUST1951,Scott,Palmer,Female,Senior,France,2023-06-14
CUST1952,Douglas,Rollins,Other,Senior,France,2024-01-28
CUST1953,Scott,Johnson,Female,Teenagers,Brazil,2021-02-03
CUST1954,Joshua,Smith,Female,Senior,Brazil,2024-10-12
CUST1955,Randy,Carter,Male,Senior,Japan,2024-11-12
CUST1956,Kevin,Diaz,Female,Adults,France,2024-07-12
CUST1957,Timothy,Alexander,Female,Senior,China,2024-01-29
CUST1958,Kathryn,Duarte,Other,Adults,Canada,2022-08-19
CUST1959,Kevin,Mitchell,Other,Teenagers,Canada,2020-08-30
CUST1961,Christine,Anderson,Other,Adults,Canada,2022-10-05
CUST1962,John,Wright,Female,Senior,UK,2023-11-01
CUST1963,Mariah,Santiago,Female,Teenagers,USA,2022-03-21
CUST1964,Yvonne,Chaney,Other,Senior,India,2024-07-05
CUST1965,Steven,Jordan,Other,Teenagers,France,2022-07-01
CUST1966,Kevin,Martin,Other,Adults,Germany,2020-10-23
CUST1967,Brooke,Mendoza,Female,Adults,UK,2025-07-04
CUST1968,Michael,Reeves,Female,Adults,Germany,2021-11-04
CUST1969,Caleb,Townsend,Male,Senior,India,2021-03-26
CUST1970,Amber,Sanchez,Male,Teenagers,UK,2022-10-17
CUST1971,Stefanie,Sandoval,Female,Senior,Australia,2022-10-30
CUST1972,Kathleen,Simmons,Other,Senior,Brazil,2024-06-07
CUST1973,Kyle,Duran,Other,Adults,France,2024-04-12
CUST1974,Sarah,George,Other,Senior,China,2024-04-28
CUST1975,Ashley,Espinoza,Male,Senior,Canada,2022-12-07
CUST1976,Lisa,Carrillo,Male,Adults,Germany,2021-06-15
CUST1977,Amy,Kelley,Female,Teenagers,Brazil,2021-03-16
CUST1978,Christopher,Vaughn,Female,Teenagers,Australia,2023-08-19
CUST1979,Nicholas,Cox,Other,Senior,China,2021-12-02
CUST1980,Jonathan,Lopez,Female,Adults,France,2024-01-22
CUST1981,Audrey,Lee,Other,Teenagers,Australia,2024-04-27
CUST1982,Richard,Bennett,Female,Teenagers,Canada,2022-08-25
CUST1983,Misty,Fernandez,Other,Adults,Germany,2022-11-05
CUST1984,Jordan,Riley,Female,Teenagers,India,2020-11-18
CUST1985,Ricky,Mayer,Other,Teenagers,Canada,2021-12-03
CUST1986,Toni,Smith,Male,Senior,Canada,2023-07-04
CUST1987,Brandon,Rollins,Other,Teenagers,France,2023-07-27
CUST1988,Raymond,Smith,Other,Senior,China,2021-12-20
CUST1989,Justin,Henderson,Male,Teenagers,India,2025-08-05
CUST1990,Christopher,Rice,Other,Adults,USA,2021-07-09
CUST1991,Danielle,Ibarra,Male,Teenagers,Australia,2023-09-18
CUST1992,Dennis,Ford,Female,Teenagers,Germany,2022-10-08
CUST1996,James,Robinson,Other,Adults,Canada,2024-10-29
CUST1997,James,Williams,Other,Adults,France,2025-01-26
CUST1998,John,Hopkins,Other,Adults,Brazil,2021-08-04
CUST1999,Lauren,Robinson,Male,Senior,Germany,2024-05-23
CUST2000,Phyllis,Haynes,Male,Adults,Canada,2024-05-11
CUST2001,Morgan,Simpson,Other,Teenagers,China,2024-11-12
CUST2003,David,Duran,Other,Teenagers,India,2021-05-03
CUST2004,Brian,Swanson,Other,Teenagers,UK,2021-10-22
CUST2005,Jennifer,Rios,Male,Teenagers,France,2022-05-21
CUST2006,Charles,Simpson,Female,Senior,France,2023-09-01
CUST2007,James,Haney,Female,Teenagers,Australia,2023-03-07
CUST2008,Gregory,Hernandez,Female,Adults,France,2023-11-02
CUST2009,Michael,Coffey,Female,Teenagers,Australia,2023-07-27
CUST2010,Scott,Ballard,Other,Adults,China,2023-08-28
CUST2011,Elizabeth,Jones,Other,Adults,USA,2024-08-15
CUST2012,Martin,Wall,Female,Senior,UK,2025-03-03
CUST2013,Michael,Whitehead,Female,Teenagers,Australia,2020-11-07
CUST2014,Steven,Leon,Male,Teenagers,Australia,2024-12-17
CUST2016,Evan,Gonzales,Female,Senior,Japan,2023-12-07
CUST2017,Taylor,Grimes,Other,Senior,UK,2021-03-07
CUST2018,Kimberly,Bennett,Male,Adults,France,2021-12-13
CUST2019,Caitlyn,Day,Other,Adults,USA,2022-06-09
CUST2020,Lynn,Matthews,Female,Teenagers,UK,2025-06-06
CUST2021,Kristin,Park,Male,Senior,India,2024-02-19
CUST2022,Michael,Pope,Male,Teenagers,Brazil,2022-11-20
CUST2023,Adam,Guzman,Other,Adults,Brazil,2021-05-30
CUST2024,Tamara,Sampson,Other,Teenagers,China,2022-12-17
CUST2025,Holly,Maldonado,Female,Teenagers,Canada,2023-05-02
CUST2027,Brian,Walker,Other,Adults,Germany,2023-02-12
CUST2029,Kristen,Nichols,Other,Adults,India,2025-07-30
CUST2030,Michael,Bell,Other,Adults,Germany,2024-06-18
CUST2031,Kendra,Park,Male,Senior,Brazil,2023-04-30
CUST2033,Marilyn,White,Other,Adults,Japan,2022-09-07
CUST2034,Zachary,Walker,Male,Adults,Brazil,2023-08-28
CUST2035,Rebecca,Howard,Female,Senior,Canada,2024-06-01
CUST2036,Allison,Brown,Other,Teenagers,USA,2025-05-28
CUST2037,Jeffrey,Haynes,Male,Senior,Germany,2022-08-20
CUST2038,Michael,Wolf,Other,Senior,Australia,2022-02-03
CUST2039,Denise,Johnson,Other,Senior,China,2023-01-24
CUST2040,Ian,Le,Male,Adults,Canada,2025-07-25
CUST2041,Alicia,Whitney,Female,Senior,USA,2021-06-30
CUST2043,John,Wright,Other,Senior,Japan,2023-06-23
CUST2044,Lori,Coleman,Other,Adults,India,2025-04-07
CUST2045,Blake,Sellers,Female,Adults,China,2020-09-04
CUST2046,Melissa,King,Other,Teenagers,France,2025-04-05
CUST2047,Michael,Jones,Male,Teenagers,France,2024-07-22
CUST2048,Dana,Vaughan,Female,Adults,Brazil,2021-03-01
CUST2049,Lynn,Burton,Male,Senior,Canada,2021-03-02
CUST2050,Shawn,Cobb,Female,Adults,Brazil,2023-07-15
CUST2052,Miguel,Sullivan,Other,Adults,Germany,2024-05-28
CUST2053,Isaac,Garcia,Other,Adults,France,2025-04-13
CUST2054,Riley,Lewis,Female,Teenagers,India,2024-05-10
CUST2055,Duane,Ewing,Male,Senior,UK,2025-06-17
CUST2056,Michelle,Pineda,Male,Adults,UK,2021-10-14
CUST2057,Ryan,Garcia,Female,Adults,India,2024-03-19
CUST2058,Frank,Hensley,Other,Senior,Canada,2023-01-11
CUST2059,Cody,Lester,Male,Teenagers,Germany,2021-10-01
CUST2060,Mark,Smith,Male,Senior,Germany,2022-05-08
CUST2061,Katherine,Knight,Male,Adults,China,2023-07-05
CUST2062,Daniel,Green,Male,Adults,Brazil,2023-04-02
CUST2063,Kathy,Wilson,Other,Adults,France,2022-09-14
CUST2064,Tracy,Bradford,Female,Senior,Germany,2024-06-20
CUST2065,Kirk,Vargas,Female,Adults,China,2022-12-30
CUST2066,Sarah,Woods,Other,Adults,Germany,2023-10-26
CUST2067,Eric,Garcia,Female,Adults,France,2022-12-10
CUST2068,Robert,Carr,Female,Adults,Germany,2022-04-03
CUST2069,William,Taylor,Other,Senior,India,2021-02-17
CUST2070,Ryan,Glenn,Other,Teenagers,Brazil,2023-12-30
CUST2072,Donna,Turner,Other,Senior,USA,2022-07-19
CUST2073,Matthew,Bowman,Other,Senior,USA,2023-07-17
CUST2074,Brenda,Rocha,Male,Teenagers,China,2024-05-17
CUST2075,Jonathan,Ball,Male,Senior,China,2023-12-26
CUST2076,Christopher,Jones,Other,Adults,Brazil,2024-11-18
CUST2077,Michael,Meyer,Other,Senior,Brazil,2021-08-30
CUST2078,Joshua,Mckinney,Other,Senior,Australia,2023-11-30
CUST2079,Alexander,Baker,Other,Adults,Brazil,2022-02-19
CUST2080,Bobby,Carr,Female,Adults,China,2024-02-28
CUST2081,Kathleen,Heath,Female,Teenagers,Australia,2023-04-10
CUST2083,Jeremy,Wilson,Female,Senior,Australia,2023-04-26
CUST2085,Tyler,Montgomery,Male,Adults,France,2021-04-14
CUST2086,Nathan,Walker,Other,Adults,Australia,2022-12-27
CUST2087,Cody,Howell,Female,Senior,Brazil,2022-04-07
CUST2088,Kristina,Beasley,Male,Senior,UK,2021-07-16
CUST2089,Carrie,Myers,Female,Senior,Japan,2021-12-26
CUST2090,Jacob,Gutierrez,Male,Adults,France,2023-04-22
CUST2091,John,Rodriguez,Female,Senior,India,2024-10-14
CUST2092,Connor,Moore,Other,Adults,Brazil,2025-01-16
CUST2093,Carl,Henderson,Other,Teenagers,Japan,2020-11-20
CUST2094,Shawn,Turner,Other,Adults,Germany,2024-04-26
CUST2096,Bryan,Williams,Other,Senior,Japan,2022-10-17
CUST2097,Steven,Kim,Male,Adults,China,2025-07-18
CUST2098,Michael,Rodriguez,Female,Adults,Australia,2022-12-19
CUST2099,Donald,Fuller,Female,Adults,Brazil,2023-05-15
CUST2100,Donna,Saunders,Male,Teenagers,India,2024-01-26
CUST2101,Christine,Hopkins,Male,Senior,China,2025-06-21
CUST2102,Virginia,Cox,Female,Teenagers,Brazil,2023-03-20
CUST2103,Johnathan,Vazquez,Male,Senior,India,2023-03-03
CUST2104,Robert,Zhang,Other,Senior,UK,2022-07-26
CUST2106,Jesse,Williams,Female,Adults,Australia,2025-02-08
CUST2107,Paige,Costa,Female,Teenagers,Canada,2022-12-31
CUST2108,Ashley,Scott,Other,Adults,China,2022-11-28
CUST2109,Emily,Russell,Female,Teenagers,France,2023-10-19
CUST2110,Andrew,Clark,Female,Senior,China,2021-01-25
CUST2111,Hector,Benjamin,Male,Teenagers,Australia,2025-04-27
CUST2112,Bridget,Davis,Male,Teenagers,Australia,2020-10-31
CUST2113,Michelle,Pennington,Other,Senior,India,2022-10-11
CUST2114,Bradley,Nguyen,Female,Adults,Japan,2023-01-14
CUST2116,Katherine,Holloway,Female,Teenagers,Germany,2020-09-23
CUST2117,Robert,Banks,Female,Senior,India,2023-06-23
CUST2118,Laura,Singleton,Male,Senior,Brazil,2022-04-14
CUST2119,David,Strong,Female,Teenagers,Brazil,2024-06-19
CUST2120,Shirley,Jackson,Other,Senior,India,2021-03-26
CUST2121,Frank,Ramos,Female,Senior,Australia,2024-03-31
CUST2122,Ricardo,Brennan,Male,Teenagers,China,2024-03-28
CUST2123,Lindsey,Rogers,Female,Teenagers,USA,2023-09-15
CUST2124,Michael,Johnson,Female,Adults,Canada,2025-05-17
CUST2125,Melissa,Jones,Male,Teenagers,USA,2022-03-21
CUST2127,Charlene,Walker,Female,Teenagers,Brazil,2024-01-03
CUST2128,John,Jackson,Male,Teenagers,Japan,2025-04-21
CUST2129,Melanie,Johnson,Other,Adults,Canada,2025-01-19
CUST2130,Linda,Jordan,Female,Adults,Germany,2024-10-26
CUST2131,Paul,Collins,Other,Adults,UK,2024-12-08
CUST2132,Justin,Robertson,Male,Teenagers,France,2022-09-05
CUST2133,Morgan,Zamora,Male,Teenagers,China,2025-07-21
CUST2134,Larry,Herrera,Male,Teenagers,Germany,2022-04-13
CUST2136,Joann,Burgess,Male,Senior,Japan,2025-08-07
CUST2137,Whitney,Dennis,Other,Teenagers,China,2021-10-08
CUST2138,Jay,White,Other,Adults,France,2023-09-29
CUST2139,Michael,Peck,Female,Adults,Japan,2021-04-10
CUST2140,Angela,Wolf,Other,Adults,Australia,2023-05-30
CUST2141,Cameron,Crawford,Other,Senior,China,2021-08-15
CUST2143,Mike,Moore,Male,Senior,India,2021-04-21
CUST2145,Anthony,Gardner,Other,Teenagers,France,2024-10-30
CUST2146,Joseph,Gordon,Male,Teenagers,Japan,2025-06-30
CUST2147,Elizabeth,Rodgers,Other,Adults,Germany,2025-05-29
CUST2148,Billy,Hernandez,Other,Adults,France,2023-11-17
CUST2149,Ricardo,Brooks,Female,Adults,USA,2025-06-28
CUST2150,Tamara,Ball,Female,Senior,UK,2022-05-21
CUST2151,Mark,Hensley,Female,Senior,Germany,2025-07-03
CUST2152,Kevin,Andersen,Female,Senior,Japan,2023-12-19
CUST2154,Allison,Hernandez,Other,Senior,Canada,2024-06-26
CUST2155,Mark,Garrison,Other,Teenagers,France,2024-11-30
CUST2156,Carolyn,Castro,Male,Adults,India,2021-01-22
CUST2157,Timothy,Nguyen,Male,Teenagers,France,2025-02-07
CUST2158,Stacey,Nguyen,Female,Adults,USA,2025-04-14
CUST2160,Anna,Wyatt,Other,Senior,USA,2023-03-12
CUST2161,Megan,Morgan,Male,Adults,China,2023-12-21
CUST2162,Robert,Ross,Male,Adults,Germany,2023-06-30
CUST2163,Michelle,Martinez,Other,Senior,Germany,2023-10-26
CUST2164,Matthew,Cook,Female,Adults,UK,2022-05-25
CUST2165,Matthew,Oliver,Male,Adults,China,2024-08-21
CUST2166,Betty,Clark,Female,Adults,USA,2023-12-24
CUST2167,Dustin,Garcia,Male,Adults,Canada,2022-02-17
CUST2168,Michael,Burns,Male,Adults,UK,2025-06-28
CUST2169,Justin,Trujillo,Male,Adults,Germany,2025-03-15
CUST2170,Robert,Prince,Male,Teenagers,Australia,2024-07-23
CUST2171,Mary,Newman,Female,Adults,Brazil,2024-10-14
CUST2173,Jamie,Smith,Male,Adults,China,2022-12-24
CUST2174,Heidi,Garcia,Male,Teenagers,India,2024-01-21
CUST2176,Brandy,Martin,Female,Teenagers,India,2021-04-01
CUST2177,Jennifer,Maxwell,Female,Senior,Australia,2024-05-28
CUST2178,William,Davis,Male,Adults,USA,2025-04-22
CUST2179,Ryan,Stone,Male,Adults,Australia,2023-04-06
CUST2180,Jonathan,Mcdonald,Other,Senior,Canada,2024-10-09
CUST2181,David,Dominguez,Other,Adults,Japan,2020-08-26
CUST2182,Maria,Evans,Female,Senior,India,2024-04-16
CUST2183,Anthony,Conley,Female,Adults,Japan,2020-09-22
CUST2184,Susan,Young,Other,Adults,France,2021-04-20
CUST2185,Tiffany,Rojas,Female,Teenagers,Japan,2021-09-12
CUST2186,Ashley,Jones,Female,Teenagers,Brazil,2021-01-07
CUST2187,Adam,Carroll,Male,Senior,France,2024-11-28
CUST2188,Matthew,Davis,Male,Senior,Brazil,2024-03-19
CUST2189,Benjamin,Maxwell,Male,Teenagers,USA,2024-09-03
CUST2191,Sandra,Woods,Other,Teenagers,USA,2021-12-02
CUST2192,Gary,Ramirez,Other,Teenagers,Germany,2023-01-20
CUST2193,Nicholas,Castro,Female,Teenagers,UK,2025-08-02
CUST2196,Toni,Powell,Male,Adults,Germany,2022-11-09
CUST2197,William,Dodson,Female,Senior,USA,2023-05-04
CUST2198,Rachel,Hernandez,Male,Senior,Brazil,2025-06-15
CUST2199,Joseph,Nicholson,Female,Teenagers,Japan,2025-01-07
CUST2200,Susan,Padilla,Female,Senior,Canada,2024-01-13
CUST2201,Zachary,Orozco,Other,Teenagers,UK,2022-02-17
CUST2202,Amy,Frye,Other,Teenagers,USA,2020-10-04
CUST2203,Steven,Taylor,Female,Senior,Canada,2023-12-24
CUST2204,Angelica,Coffey,Female,Teenagers,Canada,2022-03-26
CUST2205,Nathan,Davis,Other,Teenagers,France,2024-09-24
CUST2206,Steven,Wright,Male,Senior,USA,2022-10-04
CUST2207,Keith,Beck,Other,Teenagers,Canada,2023-04-05
CUST2208,April,Ramsey,Other,Teenagers,India,2023-09-18
CUST2209,Kristen,Johnson,Female,Teenagers,Canada,2021-06-11
CUST2210,Michael,Garcia,Female,Teenagers,Brazil,2023-05-05
CUST2211,Karen,Boyd,Female,Adults,India,2023-08-13
CUST2212,Joseph,Ramirez,Female,Teenagers,China,2021-02-21
CUST2213,Lisa,Gonzalez,Female,Senior,USA,2022-12-06
CUST2214,John,Diaz,Other,Adults,China,2025-08-16
CUST2215,Kyle,Coleman,Other,Adults,Germany,2024-06-19
CUST2216,Melissa,Nelson,Male,Senior,France,2022-09-09
CUST2217,Karen,Chung,Other,Teenagers,Canada,2024-06-28
CUST2218,William,Garner,Male,Adults,UK,2024-11-13
CUST2219,Audrey,Johnson,Other,Adults,UK,2024-05-28
CUST2220,Mary,Tapia,Other,Adults,China,2021-06-19
CUST2221,Matthew,Moreno,Female,Adults,France,2022-09-27
CUST2223,John,Johnson,Female,Adults,India,2023-09-23
CUST2224,Hannah,Chandler,Female,Senior,UK,2023-04-05
CUST2225,Susan,Smith,Male,Senior,Canada,2025-02-06
CUST2226,Desiree,Walton,Male,Senior,China,2023-01-13
CUST2230,Brittany,Harris,Female,Teenagers,USA,2021-08-12
CUST2231,Katie,Waters,Other,Adults,USA,2024-01-16
CUST2232,Sarah,Shepherd,Male,Adults,China,2024-03-29
CUST2233,Wendy,Collier,Male,Senior,France,2023-11-10
CUST2234,Rachel,Fitzpatrick,Other,Adults,China,2022-07-13
CUST2235,Catherine,Wilson,Female,Senior,Brazil,2023-08-20
CUST2236,Mark,Ford,Female,Senior,France,2021-05-28
CUST2237,Matthew,Robinson,Female,Senior,Germany,2021-09-08
CUST2238,Kurt,Johnson,Other,Teenagers,Japan,2025-04-23
CUST2240,Kimberly,Moore,Female,Adults,Canada,2021-09-22
CUST2241,Karen,Brown,Male,Senior,UK,2021-02-02
CUST2243,Thomas,Roy,Male,Adults,India,2023-08-05
CUST2244,Pamela,Jones,Other,Teenagers,France,2024-03-22
CUST2245,Rhonda,Stuart,Female,Adults,USA,2022-10-07
CUST2246,Christopher,King,Male,Adults,Brazil,2023-09-26
CUST2248,Toni,Arnold,Female,Adults,Japan,2020-09-16
CUST2249,Kyle,Harrington,Other,Teenagers,France,2021-03-12
CUST2250,Jared,Cohen,Other,Senior,Germany,2021-08-18
CUST2251,Jillian,Hanson,Other,Senior,France,2022-08-04
CUST2252,Mary,Davis,Male,Adults,Australia,2021-08-31
CUST2253,Anthony,Williams,Male,Teenagers,China,2024-06-22
CUST2254,Nathan,Roberts,Male,Adults,Australia,2021-02-01
CUST2255,William,Mitchell,Female,Adults,China,2020-11-24
CUST2256,Sandra,Lynch,Female,Senior,Brazil,2021-08-20
CUST2257,Tonya,Griffin,Other,Senior,USA,2023-04-03
CUST2258,Devon,Martinez,Male,Senior,Australia,2023-02-07
CUST2259,Shannon,Reyes,Female,Teenagers,Germany,2021-09-23
CUST2260,William,Smith,Other,Teenagers,China,2025-01-07
CUST2261,Dennis,Rodriguez,Female,Senior,India,2023-03-03
CUST2262,Justin,Dennis,Male,Adults,France,2024-01-03
CUST2263,Chloe,Hunt,Female,Senior,China,2024-11-20
CUST2265,Christopher,Solis,Male,Senior,Germany,2021-11-02
CUST2266,Melissa,Walter,Male,Senior,France,2025-07-20
CUST2268,Caleb,Doyle,Female,Teenagers,India,2023-01-18
CUST2269,Calvin,Reed,Male,Adults,USA,2022-12-17
CUST2270,Diana,Hooper,Male,Senior,UK,2023-05-22
CUST2271,Ronald,Kelley,Female,Teenagers,India,2024-06-01
CUST2272,Samuel,Walker,Female,Adults,Canada,2023-06-29
CUST2274,Jacob,Delgado,Female,Senior,Japan,2024-05-05
CUST2275,Angela,Clark,Female,Adults,Japan,2023-11-01
CUST2276,John,Jennings,Female,Senior,Canada,2022-03-31
CUST2277,Allison,Gomez,Male,Adults,Australia,2025-04-25
CUST2278,Aaron,Mcdonald,Male,Senior,Japan,2024-05-14
CUST2279,Julie,Lopez,Male,Teenagers,Brazil,2024-03-14
CUST2280,Joseph,Meyer,Female,Adults,Germany,2023-11-14
CUST2281,Angela,Martinez,Other,Adults,Japan,2024-11-24
CUST2282,Phillip,Wilson,Female,Senior,India,2021-06-27
CUST2284,Heather,Foster,Male,Teenagers,Germany,2025-07-14
CUST2285,James,Watson,Other,Senior,Japan,2023-04-14
CUST2286,Michael,Hernandez,Male,Senior,Australia,2023-07-15
CUST2287,Tony,Irwin,Other,Teenagers,USA,2024-05-20
CUST2289,Cynthia,Cook,Other,Adults,Canada,2021-11-25
CUST2290,Jeffery,Kennedy,Female,Adults,Australia,2023-08-09
CUST2291,Matthew,Williamson,Other,Senior,France,2024-12-28
CUST2292,John,Jimenez,Female,Adults,USA,2022-08-20
CUST2293,Linda,Guerra,Other,Senior,India,2023-05-03
CUST2294,John,Thomas,Other,Adults,Japan,2024-10-16
CUST2296,Amanda,Williams,Male,Teenagers,China,2025-08-23
CUST2298,Andrew,James,Other,Teenagers,Germany,2023-09-28
CUST2299,Sarah,Watson,Male,Senior,France,2024-10-19
CUST2300,George,Taylor,Other,Teenagers,France,2025-01-27
CUST2301,Matthew,Guerra,Other,Teenagers,Brazil,2021-10-03
CUST2302,Sherri,Perry,Female,Adults,UK,2025-03-06
CUST2304,Eddie,Stephens,Male,Teenagers,India,2021-01-12
CUST2305,Jennifer,Brown,Other,Adults,Australia,2021-02-21
CUST2306,Robert,Le,Other,Senior,Japan,2023-07-22
CUST2308,Michael,Howell,Other,Senior,Canada,2020-12-08
CUST2309,Stephanie,Savage,Other,Teenagers,Japan,2021-03-15
CUST2310,Aaron,Barrera,Male,Adults,Australia,2023-03-15
CUST2311,Debra,Wilkinson,Other,Adults,Canada,2023-01-08
CUST2312,Alexandra,Rice,Other,Teenagers,UK,2022-02-10
CUST2313,Natasha,Young,Male,Adults,China,2021-03-01
CUST2314,Danielle,Jenkins,Other,Senior,France,2021-03-24
CUST2315,Andrew,Thompson,Male,Adults,India,2023-04-13
CUST2316,Kelsey,Walton,Other,Adults,Germany,2022-08-28
CUST2317,Craig,Gibson,Male,Senior,China,2024-08-02
CUST2318,Travis,White,Other,Senior,Australia,2024-12-17
CUST2319,Dennis,Townsend,Other,Senior,India,2022-08-09
CUST2321,Chloe,Jones,Male,Adults,China,2024-04-11
CUST2322,Nathan,Moon,Male,Teenagers,USA,2022-02-08
CUST2323,Christine,Goodman,Male,Teenagers,Canada,2022-12-17
CUST2324,Angela,Hamilton,Female,Teenagers,India,2021-03-15
CUST2325,Robert,Johnson,Other,Senior,France,2022-10-03
CUST2326,James,Shannon,Other,Adults,Japan,2024-06-19
CUST2327,Tony,Mcbride,Female,Teenagers,USA,2024-09-25
CUST2328,Tiffany,Castro,Other,Teenagers,USA,2021-07-07
CUST2329,Tanya,Parker,Female,Senior,India,2024-01-08
CUST2330,Thomas,Dawson,Male,Senior,France,2023-05-19
CUST2331,James,Hunt,Male,Senior,Germany,2025-05-04
CUST2332,Cheryl,Walker,Male,Adults,Canada,2020-09-13
CUST2333,Dana,Matthews,Male,Senior,India,2020-12-17
CUST2334,Richard,Wilson,Female,Senior,Brazil,2022-07-22
CUST2335,Elizabeth,Olson,Male,Adults,Australia,2022-05-19
CUST2336,Laurie,Jones,Male,Adults,Japan,2021-06-12
CUST2337,Jaclyn,Walker,Female,Senior,Brazil,2023-06-24
CUST2338,Peter,Smith,Other,Teenagers,China,2024-04-08
CUST2339,Jennifer,Foster,Female,Adults,UK,2023-12-07
CUST2340,Nicole,Thompson,Female,Senior,China,2021-11-20
CUST2341,Sydney,Richardson,Female,Adults,France,2021-07-20
CUST2342,James,Keith,Female,Teenagers,India,2024-08-30
CUST2343,Erik,Garcia,Male,Teenagers,Canada,2025-06-11
CUST2344,Rachel,Shields,Male,Adults,Brazil,2023-08-08
CUST2345,Helen,Irwin,Male,Teenagers,Japan,2024-02-07
CUST2348,Antonio,Flynn,Other,Adults,Germany,2021-07-17
CUST2351,Aaron,Thomas,Male,Senior,Canada,2023-08-20
CUST2352,Gregory,Smith,Other,Adults,Brazil,2024-11-27
CUST2353,Erica,Oliver,Female,Teenagers,Canada,2022-06-29
CUST2354,William,Soto,Other,Adults,Brazil,2023-12-28
CUST2355,Alex,Nolan,Other,Senior,UK,2024-03-30
CUST2356,Erica,Shelton,Male,Teenagers,Australia,2025-03-29
CUST2357,Kimberly,Morgan,Male,Teenagers,Canada,2024-06-06
CUST2358,John,Ruiz,Male,Adults,UK,2023-08-18
CUST2359,Lauren,Macias,Male,Teenagers,Australia,2022-04-12
CUST2360,Geoffrey,Nelson,Male,Adults,Canada,2020-10-09
CUST2361,Kevin,Kennedy,Female,Adults,Japan,2022-10-28
CUST2362,Thomas,Martinez,Male,Adults,Canada,2025-06-24
CUST2363,Mary,Howard,Male,Adults,Australia,2022-08-06
CUST2364,Mary,Guzman,Female,Adults,China,2023-10-30
CUST2365,Robert,Baker,Male,Adults,UK,2022-02-09
CUST2366,Lauren,Davis,Other,Senior,China,2024-04-24
CUST2367,Cole,Lee,Other,Teenagers,USA,2024-09-25
CUST2368,Timothy,Brown,Female,Adults,France,2023-03-07
CUST2369,Marcus,Nunez,Female,Teenagers,Australia,2022-02-11
CUST2370,Kimberly,Stevenson,Female,Senior,UK,2021-04-02
CUST2371,Jennifer,Maddox,Female,Adults,China,2024-07-17
CUST2372,Robert,Webb,Male,Senior,Brazil,2025-08-05
CUST2373,Brenda,Rogers,Male,Senior,Germany,2021-11-30
CUST2375,Julia,Benjamin,Other,Senior,Canada,2025-05-07
CUST2376,Charles,Esparza,Female,Teenagers,France,2023-01-13
CUST2378,Amy,Garcia,Male,Adults,USA,2023-06-19
CUST2379,Jodi,Mcmillan,Male,Teenagers,UK,2024-12-30
CUST2380,John,Bonilla,Male,Teenagers,China,2021-11-16
CUST2381,Melissa,Woods,Female,Adults,USA,2025-07-26
CUST2382,Danielle,Baker,Female,Adults,Canada,2021-10-13
CUST2383,Rebecca,Thomas,Male,Teenagers,Germany,2022-08-06
CUST2384,Katie,Wyatt,Female,Adults,Brazil,2021-08-26
CUST2385,Bobby,Cowan,Male,Adults,Germany,2024-01-24
CUST2386,Christina,Howell,Other,Adults,Germany,2025-05-11
CUST2387,Erin,Riggs,Other,Teenagers,UK,2021-06-26
CUST2389,Allison,Johnson,Female,Adults,China,2021-09-04
CUST2390,Jamie,Smith,Female,Teenagers,China,2024-10-22
CUST2391,Dean,Underwood,Female,Senior,China,2023-03-22
CUST2392,Elizabeth,Harris,Other,Adults,Japan,2021-07-18
CUST2393,Brandon,Camacho,Female,Teenagers,Germany,2022-12-31
CUST2394,Zachary,Smith,Male,Teenagers,China,2024-04-12
CUST2395,Stacy,Wall,Male,Adults,Canada,2022-04-23
CUST2396,John,Jensen,Male,Senior,Australia,2020-10-02
CUST2397,Mark,Figueroa,Male,Adults,Japan,2023-07-20
CUST2398,Amy,Warner,Male,Teenagers,Brazil,2020-12-04
CUST2399,Joshua,Watson,Female,Adults,Australia,2023-08-22
CUST2400,Deborah,Barnes,Other,Senior,USA,2022-09-15
CUST2401,Melissa,Garcia,Female,Teenagers,France,2021-01-17
CUST2402,Kathryn,Winters,Female,Adults,China,2024-10-17
CUST2403,Christina,Leonard,Female,Senior,France,2023-06-24
CUST2404,Karen,Perez,Female,Teenagers,Brazil,2023-07-05
CUST2406,Carol,Johnson,Other,Senior,France,2024-04-27
CUST2407,Amanda,Taylor,Female,Teenagers,India,2024-12-03
CUST2409,Alexandra,Stewart,Other,Senior,China,2023-06-21
CUST2410,Steven,Levine,Male,Senior,Canada,2025-03-07
CUST2411,John,Velazquez,Male,Adults,Germany,2023-01-30
CUST2412,Shannon,Rodriguez,Male,Teenagers,Brazil,2023-06-08
CUST2413,Melissa,Jennings,Other,Senior,China,2023-02-03
CUST2414,Rachel,Collins,Other,Teenagers,France,2022-10-30
CUST2415,Brent,Bishop,Male,Adults,China,2024-09-21
CUST2416,Larry,Johnson,Other,Adults,France,2023-06-17
CUST2417,Jack,Cox,Female,Teenagers,USA,2023-02-13
CUST2419,Michelle,Oliver,Other,Senior,China,2024-02-28
CUST2420,Sarah,Dennis,Male,Senior,China,2023-11-11
CUST2421,Alan,Olson,Other,Adults,Japan,2023-07-22
CUST2422,Ricky,Schroeder,Female,Teenagers,Canada,2024-05-09
CUST2424,Kevin,Taylor,Female,Senior,Brazil,2023-11-12
CUST2425,Robert,Williams,Female,Teenagers,Japan,2020-11-16
CUST2427,Lisa,Lopez,Other,Teenagers,China,2023-08-27
CUST2429,Christina,Monroe,Male,Adults,Canada,2021-08-14
CUST2430,Seth,Valenzuela,Male,Adults,Germany,2023-04-06
CUST2431,Mark,Larson,Other,Adults,Canada,2022-11-04
CUST2432,Lori,Whitaker,Female,Adults,Japan,2024-04-01
CUST2434,Bailey,Watson,Female,Adults,Japan,2024-05-25
CUST2435,Sarah,Kidd,Female,Teenagers,France,2021-09-15
CUST2436,Felicia,Wilson,Male,Teenagers,Brazil,2021-06-15
CUST2437,Julie,Hill,Female,Teenagers,China,2024-08-11
CUST2438,Michael,Davis,Male,Teenagers,UK,2021-02-22
CUST2439,Kelly,Moon,Female,Adults,France,2021-06-14
CUST2440,Theresa,Michael,Other,Senior,Canada,2020-11-26
CUST2441,Candice,Stokes,Male,Adults,France,2024-11-17
CUST2442,Jennifer,Baxter,Female,Senior,France,2023-11-30
CUST2443,Alexandra,Farmer,Female,Adults,Germany,2021-01-06
CUST2444,Amanda,King,Male,Teenagers,Brazil,2021-11-02
CUST2445,Morgan,Young,Other,Teenagers,France,2021-05-28
CUST2446,Jose,Salinas,Female,Adults,Japan,2023-03-16
CUST2447,James,Glover,Male,Senior,UK,2024-12-06
CUST2448,Thomas,Mccoy,Female,Senior,Canada,2024-11-02
CUST2450,Hailey,Carpenter,Male,Teenagers,Japan,2020-09-03
CUST2451,Barbara,Hansen,Female,Adults,UK,2024-11-10
CUST2452,Jerry,Galloway,Male,Adults,France,2022-08-11
CUST2453,Dawn,Wood,Other,Senior,Brazil,2021-08-09
CUST2454,John,Nguyen,Other,Senior,Australia,2024-04-09
CUST2455,William,Williams,Female,Teenagers,Brazil,2022-09-13
CUST2456,James,Hoover,Other,Adults,Japan,2024-12-10
CUST2457,Michelle,Morgan,Male,Adults,Japan,2021-02-09
CUST2458,Margaret,Rogers,Female,Adults,USA,2025-07-02
CUST2459,Keith,Lee,Female,Adults,India,2022-04-02
CUST2460,Anna,Nelson,Other,Senior,Brazil,2021-01-05
CUST2461,Jonathon,Benjamin,Female,Teenagers,China,2024-06-01
CUST2462,Phillip,Smith,Other,Senior,USA,2025-07-31
CUST2464,Kathleen,Gomez,Other,Adults,USA,2021-01-26
CUST2466,Darrell,Browning,Other,Adults,India,2023-09-26
CUST2467,Wyatt,Gregory,Female,Teenagers,Brazil,2025-07-06
CUST2468,Lacey,Mccoy,Other,Teenagers,UK,2025-03-24
CUST2470,Timothy,Hall,Female,Adults,China,2024-10-01
CUST2472,Mitchell,Meadows,Other,Senior,India,2025-04-22
CUST2473,Timothy,Bennett,Other,Teenagers,China,2020-12-19
CUST2474,Marcus,Scott,Female,Adults,Germany,2020-10-29
CUST2475,Stephen,Bishop,Female,Teenagers,Germany,2023-01-01
CUST2476,Randall,Marquez,Male,Adults,USA,2024-10-24
CUST2477,Joshua,Combs,Other,Teenagers,Japan,2025-01-11
CUST2478,Denise,Kim,Other,Teenagers,Germany,2024-01-04
CUST2479,Joseph,Taylor,Female,Adults,France,2023-01-10
CUST2480,Antonio,Donaldson,Female,Teenagers,Japan,2021-12-06
CUST2481,Eric,Christian,Female,Senior,Germany,2024-08-03
CUST2482,Dustin,Murray,Male,Senior,Brazil,2021-09-02
CUST2483,Samuel,Evans,Female,Senior,Australia,2025-01-15
CUST2484,Dale,Lewis,Male,Senior,Brazil,2021-10-23
CUST2485,Meredith,Randolph,Other,Adults,Germany,2024-03-28
CUST2486,Kelly,Miranda,Female,Adults,UK,2021-05-17
CUST2487,Lisa,Jarvis,Other,Adults,Australia,2023-04-05
CUST2488,Christy,Davis,Female,Adults,China,2024-12-08
CUST2489,Lydia,Rodriguez,Male,Senior,USA,2021-04-06
CUST2490,Scott,Velez,Female,Senior,Germany,2022-08-07
CUST2491,Joseph,Kelly,Male,Teenagers,Brazil,2025-06-10
CUST2492,Lauren,Randall,Female,Teenagers,Japan,2025-02-10
CUST2494,William,Parker,Female,Teenagers,UK,2021-11-01
CUST2495,John,Moore,Male,Adults,Australia,2021-11-01
CUST2496,Robert,Bell,Female,Senior,Germany,2024-01-05
CUST2497,Andrew,Acosta,Other,Teenagers,China,2021-07-20
CUST2498,Michelle,Martinez,Male,Adults,India,2025-04-15
CUST2499,Andrea,Bates,Male,Adults,Japan,2025-06-20
CUST2500,Karen,Mills,Other,Adults,Canada,2022-09-24
CUST2501,Richard,Vang,Female,Senior,UK,2022-07-03
CUST2502,Anthony,Shea,Female,Teenagers,India,2022-08-30
CUST2503,William,Vasquez,Female,Adults,Germany,2022-04-27
CUST2504,Timothy,Pope,Female,Teenagers,Germany,2021-03-25
CUST2505,Mark,Daniels,Female,Senior,Japan,2025-05-20
CUST2507,Paul,Cooley,Female,Senior,Japan,2025-01-13
CUST2508,Alejandro,Moore,Male,Teenagers,Canada,2023-07-29
CUST2510,Stacy,Garcia,Other,Teenagers,Australia,2024-07-26
CUST2511,David,Mills,Other,Teenagers,UK,2021-09-11
CUST2512,Peter,Jackson,Female,Teenagers,India,2024-02-18
CUST2513,Jeffery,Pearson,Female,Adults,India,2022-10-11
CUST2514,Rachel,Thompson,Other,Adults,Canada,2024-04-08
CUST2516,Denise,Howard,Male,Senior,Canada,2023-01-29
CUST2517,Heather,Meyer,Other,Teenagers,Australia,2024-04-07
CUST2518,Gail,Choi,Male,Teenagers,France,2023-02-16
CUST2519,Gregory,Perez,Other,Adults,India,2022-10-22
CUST2520,Rose,Ellis,Female,Teenagers,France,2023-02-15
CUST2521,Amanda,Lewis,Other,Senior,Germany,2022-10-31
CUST2522,Joel,Lindsey,Male,Teenagers,USA,2023-12-27
CUST2523,Blake,Foster,Female,Senior,France,2025-04-20
CUST2524,Colin,Ruiz,Other,Senior,Australia,2023-09-04
CUST2525,Alexis,Vazquez,Other,Adults,Japan,2022-11-26
CUST2526,April,Davis,Other,Adults,France,2021-06-01
CUST2527,Marilyn,Martinez,Other,Teenagers,Australia,2023-05-18
CUST2528,Brian,Glass,Male,Teenagers,USA,2022-04-16
CUST2529,Lisa,Coleman,Male,Senior,UK,2023-01-06
CUST2531,Maria,Watts,Female,Senior,USA,2021-05-09
CUST2532,Kimberly,Reed,Male,Teenagers,Japan,2022-10-07
CUST2533,Cory,Chase,Male,Senior,Canada,2022-04-04
CUST2534,Jennifer,Reyes,Female,Adults,Japan,2022-02-09
CUST2535,Angela,Peters,Female,Teenagers,India,2023-05-30
CUST2536,Patrick,Dudley,Other,Teenagers,Canada,2023-04-22
CUST2537,Alicia,Martinez,Other,Teenagers,India,2022-03-03
CUST2538,Matthew,Morales,Other,Adults,Japan,2022-10-26
CUST2539,Daniel,Price,Other,Teenagers,Germany,2024-12-26
CUST2540,Cameron,Underwood,Other,Senior,UK,2021-07-01
CUST2541,Todd,Davis,Male,Teenagers,France,2023-05-12
CUST2542,Brian,Stark,Male,Adults,Brazil,2024-04-07
CUST2543,Tina,Vasquez,Female,Teenagers,Germany,2024-03-10
CUST2544,Ronald,Bishop,Male,Senior,USA,2023-09-27
CUST2545,George,Bryant,Other,Adults,UK,2024-09-11
CUST2546,Andrew,Myers,Male,Adults,Australia,2024-09-02
CUST2547,Michael,Lewis,Other,Senior,Germany,2024-11-03
CUST2548,Caitlyn,Roach,Male,Adults,Canada,2024-05-22
CUST2549,James,Davis,Male,Teenagers,Germany,2021-11-06
CUST2550,Adam,Dunn,Other,Senior,Canada,2025-01-16
CUST2551,Maureen,Brown,Female,Adults,Canada,2021-05-24
CUST2552,Miguel,Pope,Other,Adults,Australia,2021-02-27
CUST2553,Ryan,Jones,Male,Adults,Japan,2020-12-14
CUST2554,Catherine,Jacobs,Other,Senior,India,2024-04-16
CUST2557,Stephanie,Peterson,Male,Senior,Canada,2023-01-08
CUST2558,Lori,Hanson,Female,Teenagers,USA,2022-05-17
CUST2559,Nicholas,Mcpherson,Other,Senior,UK,2020-10-27
CUST2560,Matthew,Reid,Other,Adults,China,2020-10-29
CUST2561,Tammy,Pierce,Female,Senior,Japan,2022-04-16
CUST2562,Kayla,Jordan,Female,Adults,India,2021-07-15
CUST2564,John,Mendoza,Male,Senior,France,2024-10-22
CUST2565,James,Mack,Other,Adults,Australia,2021-02-24
CUST2566,Julie,Simon,Female,Adults,France,2024-07-05
CUST2568,John,Davis,Female,Teenagers,France,2022-06-01
CUST2569,Jared,Miller,Other,Teenagers,UK,2023-11-03
CUST2570,Bailey,Henson,Other,Senior,Brazil,2024-06-13
CUST2571,Jason,Miller,Male,Senior,UK,2022-05-31
CUST2572,Lindsey,Bailey,Female,Teenagers,France,2022-06-18
CUST2574,Jeremy,Byrd,Other,Teenagers,Japan,2023-10-15
CUST2575,Scott,Garcia,Male,Teenagers,France,2021-07-21
CUST2576,Christopher,Moody,Other,Teenagers,China,2020-12-18
CUST2577,Sharon,Klein,Female,Senior,Japan,2022-10-04
CUST2578,Stefanie,Bond,Male,Senior,China,2022-02-08
CUST2579,Robin,Wade,Male,Senior,France,2021-12-09
CUST2580,Sarah,Knight,Male,Teenagers,China,2024-08-16
CUST2581,Melissa,Spence,Other,Adults,Germany,2022-11-16
CUST2583,Tiffany,Byrd,Female,Senior,UK,2024-10-18
CUST2584,Tanya,Hess,Female,Senior,USA,2023-08-04
CUST2585,Ashley,Perez,Other,Senior,Brazil,2022-09-25
CUST2586,Rachel,Williams,Other,Adults,Canada,2025-03-19
CUST2587,Richard,Kelly,Other,Senior,Japan,2025-07-18
CUST2588,Jay,Mack,Other,Adults,France,2025-05-23
CUST2589,Richard,Dyer,Male,Adults,Japan,2023-07-05
CUST2590,Luis,Ford,Female,Senior,Australia,2023-03-13
CUST2591,Eugene,Armstrong,Other,Teenagers,China,2025-02-10
CUST2592,Christopher,Sanchez,Other,Adults,India,2023-04-05
CUST2593,Martin,Williams,Male,Teenagers,Germany,2025-04-12
CUST2594,Melinda,Moore,Male,Senior,Canada,2022-11-13
CUST2595,Chase,Vazquez,Other,Teenagers,France,2021-03-04
CUST2596,Edgar,Hanson,Other,Senior,France,2021-06-24
CUST2597,Heidi,Reyes,Male,Teenagers,India,2020-11-28
CUST2598,Glenda,Schneider,Other,Senior,India,2022-05-23
CUST2599,Michael,Hernandez,Female,Teenagers,UK,2022-11-02
CUST2600,Scott,Wright,Female,Senior,Canada,2021-04-15
CUST2601,Laurie,Henderson,Male,Senior,Australia,2025-07-05
CUST2602,Madison,Williams,Female,Adults,Australia,2022-04-14
CUST2603,James,Wallace,Female,Teenagers,Canada,2022-05-13
CUST2604,Gregory,Anderson,Male,Senior,Australia,2024-05-30
CUST2605,Jason,Hart,Male,Teenagers,China,2024-06-27
CUST2606,Charles,Wells,Male,Teenagers,Brazil,2021-10-29
CUST2607,David,Lucas,Male,Senior,UK,2024-11-05
CUST2608,Sandra,Garrett,Female,Adults,Japan,2022-01-20
CUST2610,Michael,Neal,Other,Senior,India,2025-01-27
CUST2611,Kelly,Douglas,Female,Senior,France,2025-08-01
CUST2612,Kelsey,Campbell,Female,Adults,China,2021-02-01
CUST2613,Antonio,Matthews,Male,Teenagers,Germany,2022-01-23
CUST2614,Jonathan,Silva,Female,Senior,Australia,2023-10-25
CUST2615,Kevin,Bernard,Other,Adults,China,2022-08-07
CUST2616,Richard,Davis,Other,Adults,Japan,2025-07-21
CUST2617,Derrick,Garcia,Female,Senior,UK,2025-06-02
CUST2618,Charles,Brown,Female,Teenagers,Australia,2021-01-25
CUST2620,Samantha,Knox,Other,Senior,Australia,2025-02-28
CUST2621,Tara,Wilson,Female,Adults,Germany,2023-03-01
CUST2622,Jennifer,Combs,Female,Adults,Brazil,2020-11-23
CUST2624,Danielle,Brown,Other,Adults,Brazil,2025-05-09
CUST2625,Amy,Miller,Other,Teenagers,USA,2024-10-19
CUST2626,Andrew,Miller,Male,Adults,UK,2025-03-10
CUST2627,Kristina,Wagner,Male,Teenagers,China,2022-05-07
CUST2628,Roberta,Davis,Other,Teenagers,UK,2020-12-05
CUST2629,Jason,Kline,Male,Senior,China,2024-03-06
CUST2630,Amber,Cruz,Female,Adults,Brazil,2023-06-03
CUST2631,Julia,Benton,Other,Teenagers,China,2025-01-31
CUST2632,Samantha,Gonzales,Male,Teenagers,Australia,2023-08-31
CUST2633,Lawrence,Hughes,Other,Teenagers,India,2024-04-01
CUST2634,Stephanie,Martinez,Female,Adults,Germany,2023-11-10
CUST2635,Edward,Summers,Female,Teenagers,Canada,2023-09-02
CUST2636,Rachael,Murphy,Male,Senior,Brazil,2022-08-18
CUST2637,Mary,Reed,Other,Senior,Brazil,2021-03-23
CUST2638,Carlos,Baldwin,Other,Teenagers,India,2021-06-21
CUST2639,Thomas,Peterson,Female,Senior,Brazil,2025-02-28
CUST2640,Gabrielle,Lynn,Other,Adults,Germany,2021-12-03
CUST2641,Brian,Romero,Other,Adults,India,2021-12-26
CUST2642,Kurt,Adams,Male,Teenagers,India,2024-04-01
CUST2643,Sherry,Lutz,Female,Adults,Germany,2024-03-12
CUST2644,April,Lee,Male,Senior,UK,2021-12-14
CUST2645,Breanna,Lee,Female,Teenagers,USA,2022-01-21
CUST2646,Carl,Thompson,Male,Senior,USA,2022-06-03
CUST2647,Claire,Singh,Male,Adults,France,2024-04-17
CUST2648,Dawn,Wilson,Male,Teenagers,UK,2022-01-03
CUST2649,Kelsey,Thornton,Male,Teenagers,Japan,2021-10-04
CUST2653,Kimberly,Howard,Female,Senior,France,2024-10-19
CUST2655,Renee,Kent,Female,Adults,UK,2023-03-07
CUST2656,Colin,Pham,Other,Adults,Canada,2022-07-23
CUST2657,Tyler,Lee,Other,Teenagers,Japan,2024-11-15
CUST2658,Cynthia,Smith,Other,Senior,China,2021-05-29
CUST2659,Matthew,Bradshaw,Male,Senior,India,2025-06-15
CUST2660,Michelle,Mccoy,Female,Senior,USA,2025-02-20
CUST2661,Sean,Alvarez,Female,Senior,India,2024-03-03
CUST2663,Jennifer,Owens,Other,Senior,Brazil,2024-07-07
CUST2664,Melissa,Taylor,Female,Teenagers,Brazil,2022-10-31
CUST2665,Jeffrey,Barry,Female,Senior,Germany,2024-01-31
CUST2666,Kevin,Willis,Female,Teenagers,Canada,2021-11-05
CUST2667,Melinda,Roy,Male,Adults,India,2023-10-06
CUST2668,Michael,Roberts,Other,Senior,India,2023-09-30
CUST2669,Brendan,Mcdaniel,Female,Senior,UK,2025-05-10
CUST2670,Sharon,Rowland,Male,Senior,France,2021-04-14
CUST2673,Maria,Evans,Female,Adults,India,2022-02-17
CUST2674,Ryan,Kim,Male,Teenagers,Australia,2025-02-01
CUST2675,Amanda,Proctor,Other,Senior,China,2024-02-12
CUST2676,Kevin,Collins,Female,Adults,Japan,2024-03-07
CUST2677,Ryan,Jones,Other,Teenagers,Germany,2022-08-14
CUST2678,Lauren,Price,Male,Adults,Japan,2022-11-16
CUST2679,Jason,Adams,Other,Adults,Brazil,2021-11-23
CUST2681,Kristen,Newton,Other,Teenagers,USA,2022-10-22
CUST2682,Jenna,Tucker,Other,Senior,Japan,2024-02-17
CUST2683,Matthew,Parker,Female,Teenagers,India,2021-07-03
CUST2684,Margaret,Phillips,Female,Senior,France,2024-02-25
CUST2685,Matthew,Good,Female,Teenagers,India,2022-08-26
CUST2686,Kyle,Lawrence,Female,Adults,UK,2021-12-08
CUST2687,Eddie,Castillo,Female,Adults,Australia,2023-01-31
CUST2688,Michelle,Taylor,Other,Senior,Brazil,2025-08-19
CUST2689,Latoya,Reynolds,Male,Senior,UK,2021-11-07
CUST2691,Jessica,Gates,Other,Senior,China,2024-01-17
CUST2692,Joseph,Barry,Other,Teenagers,China,2022-01-11
CUST2693,Brent,Waters,Other,Teenagers,Japan,2024-08-06
CUST2694,Roberto,Savage,Other,Adults,UK,2023-12-14
CUST2695,Michael,Mendoza,Male,Senior,Germany,2022-12-06
CUST2696,Michelle,Roberts,Other,Senior,Brazil,2023-02-09
CUST2697,Deanna,French,Male,Teenagers,Germany,2022-10-24
CUST2698,Todd,Bryant,Male,Senior,France,2024-11-13
CUST2699,Michael,Rivera,Male,Adults,Germany,2025-02-07
CUST2700,Joseph,Brown,Male,Senior,Brazil,2021-04-02
CUST2701,James,Carter,Female,Teenagers,India,2025-01-21
CUST2702,Dawn,Carter,Other,Senior,Japan,2021-07-31
CUST2703,Julie,Robinson,Male,Teenagers,Japan,2023-05-08
CUST2706,Elizabeth,Barrett,Other,Senior,Brazil,2024-12-09
CUST2707,Ricardo,Adams,Female,Adults,Australia,2025-01-03
CUST2708,Adrienne,Brooks,Male,Adults,China,2023-03-17
CUST2709,Ronald,Reid,Female,Senior,USA,2023-03-23
CUST2710,Edward,Campbell,Female,Senior,India,2024-06-14
CUST2712,Margaret,Nelson,Female,Adults,UK,2023-10-05
CUST2713,Nicholas,Johnson,Female,Adults,USA,2023-09-10
CUST2714,Kenneth,Long,Other,Adults,India,2024-07-18
CUST2715,Amanda,Stephens,Other,Teenagers,India,2021-03-08
CUST2716,Lori,Strong,Other,Senior,China,2023-07-28
CUST2718,Patricia,Richardson,Female,Teenagers,USA,2022-06-12
CUST2719,Michael,Anthony,Male,Adults,Japan,2022-07-03
CUST2720,Patricia,Hale,Other,Senior,China,2022-10-14
CUST2721,Daisy,Allen,Other,Teenagers,Australia,2021-06-01
CUST2722,Heather,Cox,Male,Adults,Japan,2022-01-26
CUST2723,Sharon,Lewis,Female,Adults,Australia,2022-02-19
CUST2724,Margaret,Nixon,Male,Adults,USA,2023-03-19
CUST2725,Michelle,Frazier,Other,Senior,USA,2021-10-10
CUST2726,Michelle,Bush,Male,Teenagers,USA,2024-09-07
CUST2727,Janice,Glass,Female,Teenagers,USA,2021-07-11
CUST2728,Ricky,Alvarez,Other,Senior,UK,2023-02-12
CUST2729,John,Wong,Female,Adults,Japan,2023-11-01
CUST2730,Erin,Crawford,Other,Teenagers,Japan,2023-11-17
CUST2731,Kelly,Jennings,Male,Adults,India,2022-09-09
CUST2732,Mark,Sherman,Male,Senior,Germany,2023-03-12
CUST2733,Amanda,Scott,Female,Senior,India,2025-02-03
CUST2734,Michael,West,Other,Teenagers,Germany,2020-09-05
CUST2735,Stephanie,Eaton,Other,Senior,Brazil,2021-03-09
CUST2736,Valerie,Rivas,Other,Adults,France,2023-12-28
CUST2738,Ronald,Mckinney,Male,Teenagers,Brazil,2021-12-17
CUST2740,Anthony,Wheeler,Other,Adults,UK,2025-02-24
CUST2741,Susan,Copeland,Male,Teenagers,Japan,2024-10-22
CUST2742,Hunter,Clayton,Female,Adults,Canada,2022-02-23
CUST2743,Paige,Edwards,Male,Teenagers,Canada,2025-02-17
CUST2744,Gail,Reed,Other,Senior,France,2024-09-27
CUST2745,Jennifer,Carlson,Male,Teenagers,China,2022-10-13
CUST2747,Brenda,Hayes,Other,Teenagers,Brazil,2024-06-24
CUST2748,Denise,Harris,Other,Senior,USA,2023-03-01
CUST2750,Kathryn,Johnson,Female,Senior,USA,2021-08-16
CUST2751,Gabriela,Stout,Male,Adults,Canada,2022-04-05
CUST2752,Sarah,Baxter,Male,Teenagers,China,2022-05-26
CUST2754,Sophia,Allen,Other,Adults,Japan,2022-09-10
CUST2757,Patrick,Neal,Male,Senior,Japan,2021-06-26
CUST2758,Roy,Thomas,Male,Adults,Australia,2021-04-27
CUST2759,Ashley,Ferguson,Other,Adults,UK,2022-03-14
CUST2760,Stanley,Rodriguez,Other,Teenagers,Germany,2023-01-12
CUST2761,Michael,Orozco,Female,Adults,UK,2024-07-29
CUST2763,David,Kane,Male,Teenagers,Japan,2021-11-28
CUST2764,Laura,Torres,Other,Teenagers,Japan,2025-01-08
CUST2765,Lisa,King,Female,Adults,Australia,2025-07-07
CUST2766,Joshua,Ellis,Other,Teenagers,China,2021-05-09
CUST2767,James,Aguilar,Female,Adults,USA,2025-07-06
CUST2768,Jessica,Brown,Male,Adults,France,2024-04-30
CUST2769,Joshua,Scott,Male,Teenagers,China,2022-05-01
CUST2770,Alfred,Hoover,Female,Senior,China,2024-04-16
CUST2771,Kristen,Mason,Female,Senior,UK,2024-02-13
CUST2772,Michael,Schmidt,Other,Senior,China,2021-08-13
CUST2773,Ronald,Webb,Male,Teenagers,USA,2022-07-22
CUST2774,Belinda,Blevins,Male,Teenagers,Germany,2025-02-19
CUST2775,Joann,Spencer,Other,Teenagers,China,2024-06-04
CUST2776,Nicole,Graham,Male,Adults,Brazil,2022-09-18
CUST2777,Thomas,Byrd,Female,Adults,China,2021-03-01
CUST2778,John,Thomas,Other,Adults,UK,2024-08-14
CUST2780,Joshua,Peck,Male,Teenagers,Australia,2023-04-04
CUST2781,Natalie,Vasquez,Other,Senior,UK,2020-09-06
CUST2782,Wendy,Peterson,Male,Teenagers,USA,2024-10-19
CUST2783,Douglas,Gonzalez,Other,Adults,Japan,2022-08-27
CUST2784,Sierra,Bennett,Male,Senior,Japan,2022-11-04
CUST2786,Lisa,Maddox,Female,Senior,Germany,2024-05-15
CUST2787,Jason,Howard,Other,Adults,UK,2021-12-21
CUST2788,Kathy,Wilson,Male,Teenagers,Japan,2024-01-27
CUST2789,Diana,Evans,Other,Teenagers,Australia,2024-07-16
CUST2790,Shelby,Sutton,Other,Adults,Canada,2025-07-18
CUST2791,Jerry,Mitchell,Female,Teenagers,UK,2025-08-09
CUST2792,Lydia,Johnson,Other,Senior,USA,2023-10-27
CUST2794,Emily,Hooper,Other,Adults,Brazil,2021-12-17
CUST2795,Carla,Howard,Other,Adults,UK,2024-01-16
CUST2796,Julie,Kim,Other,Adults,France,2022-12-11
CUST2797,Kenneth,Davis,Male,Teenagers,Brazil,2023-05-28
CUST2798,Rebekah,Dougherty,Male,Teenagers,France,2023-02-23
CUST2799,James,Acosta,Male,Teenagers,China,2024-09-03
CUST2800,Beth,Valdez,Other,Teenagers,India,2021-04-09
CUST2801,Roger,Banks,Other,Teenagers,Australia,2023-08-10
CUST2804,Steven,Graves,Male,Adults,UK,2024-11-27
CUST2805,Pamela,Chambers,Female,Senior,Germany,2025-02-24
CUST2807,Steven,Parks,Male,Senior,France,2022-11-26
CUST2808,Jason,Larson,Other,Adults,USA,2020-10-09
CUST2809,James,Mcdonald,Female,Adults,USA,2021-11-15
CUST2810,Tanner,Wilson,Male,Senior,India,2022-08-31
CUST2811,Derrick,Johnson,Other,Teenagers,China,2024-04-11
CUST2812,James,Herring,Male,Senior,Brazil,2022-12-15
CUST2813,Nicholas,Sandoval,Male,Adults,Japan,2023-03-12
CUST2814,Carolyn,Shaffer,Other,Adults,Australia,2021-10-15
CUST2815,Robert,Burton,Male,Senior,Brazil,2024-08-04
CUST2816,Daniel,Vance,Other,Teenagers,China,2020-12-03
CUST2817,Monica,Meyers,Other,Adults,India,2022-09-22
CUST2818,Patrick,Lee,Female,Teenagers,USA,2021-01-23
CUST2819,Brian,Cole,Other,Teenagers,USA,2023-08-06
CUST2820,Heather,Harris,Female,Teenagers,Brazil,2022-09-13
CUST2822,Jacqueline,Lucas,Male,Adults,Australia,2021-08-13
CUST2823,Ashley,Carpenter,Male,Senior,Brazil,2022-11-12
CUST2824,Ralph,Martin,Male,Adults,Japan,2021-07-30
CUST2825,Alyssa,Davis,Female,Teenagers,USA,2025-04-02
CUST2826,Jessica,Doyle,Male,Adults,Australia,2022-01-05
CUST2827,Tyler,Archer,Other,Senior,Brazil,2024-09-19
CUST2828,Regina,Matthews,Male,Senior,Japan,2022-06-28
CUST2829,Timothy,Cline,Male,Senior,UK,2020-12-31
CUST2830,Shawn,Carney,Male,Senior,Japan,2022-10-26
CUST2831,Peter,Knight,Other,Teenagers,USA,2022-08-15
CUST2832,Abigail,Willis,Male,Adults,Australia,2024-05-20
CUST2833,Tara,Harris,Other,Teenagers,Brazil,2022-09-07
CUST2835,John,Garcia,Male,Senior,Japan,2024-07-07
CUST2838,Nathan,Welch,Male,Teenagers,Canada,2022-07-18
CUST2840,Cody,Cordova,Other,Teenagers,China,2021-11-26
CUST2841,Jeremy,Sanchez,Female,Senior,Canada,2025-01-01
CUST2842,Joshua,Jackson,Other,Senior,Brazil,2023-12-21
CUST2843,Robert,Williamson,Male,Adults,France,2020-12-01
CUST2845,Eric,Colon,Other,Adults,Australia,2024-01-19
CUST2846,Ryan,Wilson,Other,Adults,India,2024-01-20
CUST2847,Justin,Pierce,Other,Teenagers,France,2022-10-27
CUST2848,Matthew,Reyes,Other,Senior,UK,2024-04-22
CUST2849,Matthew,Morales,Female,Teenagers,Australia,2023-07-05
CUST2850,Stephanie,Harrell,Female,Teenagers,Germany,2021-11-21
CUST2851,Brad,Decker,Male,Adults,UK,2024-12-29
CUST2853,Jennifer,Avila,Male,Adults,UK,2025-01-24
CUST2854,Michelle,Collins,Other,Senior,Canada,2024-05-18
CUST2855,Jessica,Sanchez,Other,Senior,Canada,2023-09-20
CUST2856,Sarah,Allen,Other,Senior,USA,2024-05-08
CUST2857,Michael,Nguyen,Female,Senior,France,2020-10-21
CUST2858,Nicole,Brown,Male,Adults,France,2025-03-17
CUST2859,James,Shepherd,Other,Teenagers,USA,2023-06-22
CUST2860,Ashley,Lynch,Male,Senior,China,2023-10-05
CUST2861,Lindsey,Yoder,Female,Teenagers,UK,2021-10-24
CUST2862,Keith,Garcia,Female,Teenagers,Germany,2023-03-25
CUST2863,Renee,Perry,Male,Adults,China,2023-07-05
CUST2865,Samuel,Roberts,Other,Adults,India,2023-11-22
CUST2866,Travis,Perez,Male,Senior,China,2022-08-24
CUST2868,Heather,Young,Female,Teenagers,Germany,2022-03-08
CUST2869,Amanda,Montgomery,Other,Senior,USA,2025-08-09
CUST2871,Jon,Flynn,Female,Adults,France,2021-02-03
CUST2872,Donald,Cook,Male,Adults,Japan,2022-10-19
CUST2874,Julia,Sullivan,Female,Teenagers,Germany,2020-12-10
CUST2875,Holly,Lynch,Other,Teenagers,India,2025-03-18
CUST2876,Katie,Atkinson,Male,Teenagers,China,2023-01-31
CUST2877,Sarah,Gonzalez,Female,Senior,Australia,2021-07-18
CUST2879,James,Morse,Male,Teenagers,USA,2022-12-05
CUST2880,Theresa,Schwartz,Other,Senior,Australia,2024-04-05
CUST2881,Jessica,Mitchell,Other,Teenagers,Japan,2025-01-20
CUST2882,Denise,Ferguson,Other,Teenagers,Japan,2024-01-30
CUST2883,Robert,Morse,Female,Adults,Japan,2022-09-18
CUST2884,Linda,Haley,Other,Teenagers,Australia,2023-06-27
CUST2885,Andrew,Garcia,Male,Teenagers,Brazil,2022-10-15
CUST2886,Caleb,Wells,Male,Teenagers,France,2021-10-21
CUST2888,Danielle,Jones,Female,Teenagers,Australia,2024-11-08
CUST2889,Ryan,Mason,Female,Teenagers,USA,2023-07-03
CUST2890,Jack,Schultz,Male,Adults,Brazil,2021-11-05
CUST2891,Kevin,Brown,Other,Senior,Australia,2025-01-29
CUST2892,Michael,Nelson,Other,Adults,Canada,2021-02-01
CUST2893,Edward,Cannon,Male,Adults,China,2023-12-16
CUST2894,Eileen,Combs,Male,Senior,Japan,2021-12-17
CUST2895,Lawrence,Hines,Female,Senior,USA,2021-03-15
CUST2896,Michael,Smith,Other,Teenagers,China,2021-02-28
CUST2897,Sherry,Benjamin,Female,Teenagers,India,2024-06-11
CUST2898,Angela,Chapman,Female,Senior,Germany,2021-12-05
CUST2901,Erica,Daniels,Other,Adults,China,2022-12-18
CUST2902,Kelsey,Hall,Female,Senior,Germany,2022-11-10
CUST2903,Tyler,Braun,Male,Adults,Brazil,2025-05-28
CUST2904,Sandra,Martinez,Other,Senior,Canada,2023-04-01
CUST2905,Zachary,Johnson,Other,Adults,China,2023-06-03
CUST2906,Elizabeth,Murphy,Other,Teenagers,Canada,2024-11-01
CUST2907,Christopher,Aguilar,Other,Adults,China,2025-04-09
CUST2908,Tina,Hicks,Male,Senior,USA,2023-01-15
CUST2909,Shannon,Maxwell,Other,Adults,Australia,2021-08-07
CUST2910,Amber,Tyler,Male,Senior,China,2024-09-05
CUST2911,Kyle,Anderson,Other,Teenagers,Australia,2021-02-07
CUST2912,Noah,Olson,Male,Teenagers,France,2022-11-03
CUST2913,Juan,Hartman,Male,Adults,Japan,2023-09-16
CUST2914,Christopher,Cox,Female,Teenagers,Brazil,2021-09-02
CUST2915,Julie,Reynolds,Female,Senior,China,2021-12-13
CUST2916,Robert,Roberts,Male,Senior,Brazil,2021-04-20
CUST2917,Sean,Williams,Female,Senior,UK,2022-11-23
CUST2919,Jason,Wright,Male,Adults,France,2022-01-20
CUST2920,Stephanie,Davila,Male,Adults,France,2025-01-30
CUST2921,Barbara,Morrow,Male,Senior,Brazil,2022-01-18
CUST2922,Gregory,Johnson,Male,Senior,China,2025-07-14
CUST2923,Martha,Brown,Other,Adults,France,2025-06-28
CUST2924,Karen,Carpenter,Other,Adults,Japan,2024-08-24
CUST2925,Mary,Warren,Male,Senior,UK,2021-12-20
CUST2926,Lindsey,Nguyen,Female,Senior,Canada,2023-08-18
CUST2927,David,Powell,Female,Teenagers,Japan,2023-02-13
CUST2928,Courtney,Castillo,Female,Adults,China,2025-04-09
CUST2929,Michael,Ray,Other,Senior,India,2023-02-05
CUST2930,Deborah,Martin,Female,Teenagers,India,2021-08-27
CUST2931,Tony,Reyes,Other,Teenagers,Germany,2024-10-07
CUST2932,Steven,Patel,Other,Teenagers,India,2024-04-18
CUST2933,Rebecca,Cooper,Other,Teenagers,France,2024-07-04
CUST2934,Shannon,Thompson,Male,Senior,India,2021-01-15
CUST2935,Hannah,Wright,Male,Adults,France,2021-01-06
CUST2936,Tara,Perry,Female,Senior,China,2023-07-02
CUST2937,Rita,Castro,Male,Senior,USA,2022-05-31
CUST2938,Caitlin,Valentine,Female,Adults,USA,2023-11-29
CUST2939,Christine,Rich,Male,Teenagers,Australia,2024-03-17
CUST2940,Allison,Buck,Other,Adults,UK,2020-09-22
CUST2941,Daniel,Barnett,Female,Senior,Canada,2023-12-15
CUST2942,Jennifer,Martin,Female,Senior,USA,2022-09-07
CUST2943,Andrea,Herring,Other,Teenagers,Germany,2022-07-16
CUST2944,Cristina,Clark,Female,Senior,Canada,2024-03-30
CUST2945,Vickie,Brown,Other,Teenagers,Germany,2023-07-15
CUST2946,Mathew,Austin,Male,Teenagers,Canada,2021-04-25
CUST2947,Sarah,Ross,Other,Senior,China,2022-10-26
CUST2948,Jason,Lane,Male,Teenagers,India,2023-08-19
CUST2949,Tamara,Mayer,Male,Adults,Germany,2021-07-10
CUST2950,Jessica,Robinson,Female,Adults,UK,2021-01-14
CUST2951,Andrew,Delgado,Female,Senior,Canada,2020-12-31
CUST2952,Bryce,Hughes,Male,Adults,UK,2022-09-05
CUST2953,Bradley,Boyle,Female,Senior,UK,2022-06-10
CUST2954,Maria,Moore,Female,Teenagers,China,2024-05-25
CUST2955,Christina,Hill,Other,Teenagers,Canada,2021-12-18
CUST2956,Katie,Moore,Other,Adults,Brazil,2024-11-11
CUST2957,Charlotte,Ruiz,Male,Senior,Canada,2024-04-27
CUST2958,Lynn,Lambert,Female,Adults,France,2022-06-12
CUST2959,Cody,Hamilton,Other,Teenagers,Germany,2022-09-08
CUST2960,Angela,Garrison,Male,Adults,Germany,2024-01-14
CUST2961,Michael,Elliott,Other,Teenagers,USA,2021-10-11
CUST2962,Andrew,Meyer,Female,Senior,Germany,2022-12-31
CUST2963,Russell,Sanders,Female,Senior,USA,2022-11-28
CUST2964,Robert,Scott,Other,Adults,France,2021-01-03
CUST2965,Felicia,Henry,Other,Teenagers,USA,2023-07-07
CUST2966,Edward,Gonzalez,Female,Senior,Brazil,2022-08-31
CUST2967,David,Jones,Female,Teenagers,Germany,2025-07-14
CUST2968,Elizabeth,Fleming,Other,Teenagers,Brazil,2024-08-24
CUST2970,Donna,Jones,Female,Teenagers,France,2022-01-19
CUST2971,Rachael,Chandler,Female,Adults,India,2022-07-31
CUST2972,Megan,Garcia,Female,Senior,Canada,2021-11-21
CUST2973,Tyler,Hamilton,Female,Senior,Japan,2024-09-20
CUST2974,Kevin,Duran,Female,Senior,China,2025-03-25
CUST2977,James,Underwood,Other,Teenagers,China,2024-10-21
CUST2978,Charles,Davis,Female,Adults,Australia,2025-03-10
CUST2979,Jessica,Johnson,Other,Adults,Japan,2023-03-23
CUST2980,Rebekah,Ward,Male,Teenagers,India,2021-06-21
CUST2981,Jason,Hoover,Female,Teenagers,Brazil,2024-05-07
CUST2982,Amanda,Williams,Other,Adults,Japan,2022-05-17
CUST2983,Mario,Kelley,Male,Teenagers,UK,2021-01-28
CUST2984,Dana,Lewis,Other,Adults,USA,2023-02-09
CUST2985,Trevor,Smith,Male,Senior,USA,2023-08-17
CUST2986,Mariah,Miller,Male,Senior,India,2025-04-30
CUST2987,Kayla,Parker,Male,Adults,Australia,2021-01-28
CUST2988,Jennifer,Brown,Female,Teenagers,USA,2025-01-01
CUST2989,Alexander,Espinoza,Male,Teenagers,Japan,2022-02-06
CUST2990,Fernando,Brown,Other,Adults,UK,2024-12-29
CUST2991,Thomas,Lawrence,Male,Senior,Brazil,2023-02-19
CUST2993,Michael,Black,Male,Senior,Canada,2020-10-05
CUST2995,Ryan,Weaver,Male,Senior,Australia,2021-08-25
CUST2996,Matthew,Parsons,Other,Senior,USA,2020-12-17
CUST2997,Amanda,Martinez,Female,Senior,USA,2021-06-02
CUST2999,Rebecca,Clark,Male,Adults,India,2023-02-14
CUST3001,Emily,Mcmillan,Male,Teenagers,UK,2025-03-26
CUST3002,Ernest,Torres,Female,Senior,Germany,2024-05-04
CUST3003,Sarah,Fernandez,Other,Adults,Japan,2024-08-03
CUST3004,Maria,Hobbs,Other,Senior,Australia,2024-05-04
CUST3005,James,Cox,Male,Adults,Germany,2024-03-04
CUST3006,Charles,Cruz,Female,Teenagers,UK,2021-12-03
CUST3007,Michael,Weber,Other,Teenagers,China,2024-06-25
CUST3010,Anita,Davis,Female,Teenagers,UK,2021-08-04
CUST3011,Laura,Burke,Male,Adults,USA,2022-03-19
CUST3012,Brenda,Smith,Female,Teenagers,Brazil,2022-05-31
CUST3013,Jeffrey,Gonzalez,Other,Teenagers,China,2022-10-19
CUST3015,Jennifer,Sanders,Male,Senior,Japan,2022-04-15
CUST3016,Steven,Drake,Female,Adults,Canada,2022-04-11
CUST3017,Kristine,Moon,Female,Senior,Japan,2021-10-10
CUST3018,Shari,Patton,Female,Senior,Australia,2022-07-26
CUST3019,Leon,Johnston,Male,Teenagers,China,2022-01-18
CUST3021,Mitchell,Rogers,Other,Adults,Australia,2024-01-19
CUST3022,Heidi,Foley,Other,Adults,Germany,2023-07-20
CUST3023,Melissa,Larson,Male,Teenagers,Australia,2022-02-15
CUST3024,Kevin,Daniels,Male,Adults,Germany,2021-06-04
CUST3026,Keith,Moore,Other,Adults,Japan,2021-01-02
CUST3027,Michelle,Dixon,Other,Teenagers,China,2022-10-10
CUST3028,Linda,Hernandez,Female,Teenagers,USA,2025-04-26
CUST3029,Laura,Lopez,Female,Teenagers,Japan,2022-11-10
CUST3030,Brooke,Sims,Male,Adults,Japan,2022-11-11
CUST3031,Stephanie,Watson,Male,Teenagers,China,2024-07-16
CUST3032,Rachel,White,Other,Teenagers,UK,2023-05-28
CUST3033,Dawn,Adams,Male,Senior,Japan,2023-08-26
CUST3034,Monique,Thornton,Male,Senior,India,2022-04-09
CUST3035,Robert,Johnston,Male,Teenagers,UK,2020-11-07
CUST3036,Matthew,Hudson,Female,Adults,USA,2020-09-13
CUST3037,Sarah,Green,Female,Adults,France,2021-04-26
CUST3039,Nicole,Myers,Male,Senior,Canada,2021-02-08
CUST3041,Jacob,Johnson,Male,Adults,Japan,2022-03-01
CUST3042,Jennifer,Gibson,Other,Teenagers,UK,2022-10-22
CUST3043,Melissa,Rhodes,Other,Teenagers,Canada,2021-12-26
CUST3046,David,Spencer,Female,Senior,China,2022-12-06
CUST3048,Katie,Saunders,Female,Senior,France,2021-07-11
CUST3049,Dawn,Garcia,Other,Senior,France,2023-07-21
CUST3050,Jordan,Dalton,Other,Senior,USA,2024-04-30
CUST3051,Karina,Farley,Male,Adults,India,2025-03-17
CUST3052,Jacqueline,Smith,Other,Senior,Germany,2025-08-03
CUST3053,James,Hood,Other,Senior,Australia,2024-05-02
CUST3054,Walter,Rodriguez,Female,Teenagers,Germany,2023-04-20
CUST3055,Angela,Ware,Female,Senior,Canada,2024-03-10
CUST3056,Marissa,West,Other,Adults,Japan,2025-03-06
CUST3058,Gregory,Woods,Other,Adults,Brazil,2021-10-26
CUST3059,Sabrina,Mack,Female,Teenagers,UK,2021-12-23
CUST3060,Jessica,Flores,Female,Teenagers,UK,2023-07-21
CUST3063,Brian,Schmitt,Other,Senior,China,2025-07-05
CUST3064,Samantha,Oneal,Female,Teenagers,China,2022-11-07
CUST3065,Rodney,Monroe,Other,Adults,Canada,2025-08-24
CUST3066,Joseph,Davis,Female,Teenagers,Japan,2024-04-09
CUST3067,Brandon,Bentley,Female,Adults,Canada,2020-11-02
CUST3071,Michael,Taylor,Other,Senior,India,2022-09-21
CUST3072,Robin,Grant,Other,Adults,Canada,2022-08-31
CUST3073,Michele,Jordan,Other,Adults,Canada,2022-10-03
CUST3074,Thomas,Hudson,Female,Teenagers,Australia,2023-12-20
CUST3075,Logan,Serrano,Male,Teenagers,Australia,2021-09-26
CUST3076,Frank,Wilson,Female,Adults,China,2023-06-13
CUST3077,Dustin,Brown,Other,Teenagers,UK,2022-01-16
CUST3078,Allison,Morrow,Other,Adults,Australia,2020-08-31
CUST3079,Alexandra,Mitchell,Other,Senior,France,2024-07-17
CUST3082,Courtney,Washington,Male,Senior,UK,2025-01-20
CUST3083,Michelle,Page,Female,Adults,Germany,2023-08-30
CUST3085,Brittany,Colon,Other,Senior,Canada,2021-01-04
CUST3086,Brad,Austin,Female,Teenagers,China,2025-07-21
CUST3087,Christine,Duncan,Female,Senior,USA,2021-04-25
CUST3088,Patricia,Armstrong,Male,Senior,Australia,2023-02-08
CUST3089,Ashley,Robertson,Other,Adults,USA,2023-11-09
CUST3090,Jennifer,Black,Female,Senior,Japan,2023-05-15
CUST3091,Jose,Baird,Male,Senior,China,2025-01-07
CUST3093,Brandon,Guzman,Male,Teenagers,Australia,2023-06-07
CUST3094,Mark,Gutierrez,Female,Teenagers,UK,2021-05-16
CUST3095,Patricia,Martinez,Female,Senior,Japan,2023-09-17
CUST3096,Patricia,Dominguez,Female,Adults,Australia,2021-09-18
CUST3097,Ricky,Wright,Male,Senior,Brazil,2020-09-17
CUST3098,Shelly,Reese,Male,Senior,Brazil,2020-11-02
CUST3099,Marissa,Ortiz,Female,Teenagers,Australia,2022-08-07
CUST3102,Madison,James,Other,Adults,China,2024-10-08
CUST3103,Jackie,Peterson,Male,Teenagers,Australia,2023-02-19
CUST3104,Andrew,Owen,Female,Senior,UK,2024-03-07
CUST3105,Sarah,Allen,Other,Teenagers,Canada,2021-02-08
CUST3107,Jeffrey,Lucas,Male,Senior,Canada,2025-05-19
CUST3108,Kelsey,Mata,Female,Adults,France,2023-07-22
CUST3109,Ryan,White,Other,Adults,Canada,2023-07-30
CUST3110,Brian,Carter,Female,Senior,China,2023-10-19
CUST3111,Andrew,Howard,Male,Adults,Canada,2025-01-16
CUST3112,Amy,Arellano,Male,Teenagers,India,2023-01-03
CUST3113,Scott,Davis,Other,Teenagers,Australia,2020-09-01
CUST3114,Bonnie,Gonzalez,Male,Adults,India,2022-07-06
CUST3115,Justin,Clark,Other,Senior,Japan,2023-12-27
CUST3117,Benjamin,Guzman,Male,Teenagers,Canada,2023-02-05
CUST3118,Ashley,Elliott,Male,Senior,Australia,2025-01-19
CUST3119,Kenneth,Salazar,Male,Senior,Brazil,2021-10-24
CUST3120,Christopher,Edwards,Female,Teenagers,Brazil,2022-12-29
CUST3121,Kimberly,James,Female,Teenagers,Brazil,2021-11-12
CUST3122,Kathleen,Conner,Male,Adults,France,2023-10-28
CUST3124,Brian,Jensen,Female,Teenagers,India,2023-09-12
CUST3125,Steven,Hughes,Female,Adults,Canada,2020-12-23
CUST3126,Travis,Davis,Female,Teenagers,Brazil,2022-11-03
CUST3127,Lauren,Kim,Other,Senior,India,2023-03-27
CUST3128,Matthew,Cardenas,Male,Adults,Japan,2021-03-27
CUST3130,Hannah,Rodriguez,Other,Teenagers,India,2022-09-23
CUST3131,Leslie,Smith,Other,Teenagers,USA,2022-12-29
CUST3132,Matthew,Leach,Female,Teenagers,Brazil,2021-08-11
CUST3134,Theresa,Morales,Other,Teenagers,USA,2024-04-13
CUST3135,Hannah,Brock,Female,Adults,France,2022-08-15
CUST3136,Sandy,Tucker,Other,Senior,UK,2021-02-21
CUST3137,Joshua,Jones,Female,Senior,Australia,2021-03-18
CUST3138,Cory,Benton,Female,Adults,Canada,2021-05-07
CUST3139,Paul,Lee,Male,Senior,Germany,2025-01-10
CUST3140,James,Farrell,Male,Senior,France,2021-11-27
CUST3141,Amber,Bray,Other,Senior,USA,2023-09-04
CUST3143,Michelle,Vaughn,Male,Adults,Germany,2023-02-03
CUST3144,Luis,Vega,Female,Adults,Canada,2025-06-11
CUST3145,Raymond,Barber,Female,Adults,India,2021-02-09
CUST3146,Stacy,Bryant,Female,Teenagers,UK,2024-02-29
CUST3147,Ronnie,Mcbride,Male,Teenagers,India,2021-02-24
CUST3148,Diamond,Contreras,Male,Adults,Japan,2024-02-01
CUST3149,Christopher,Smith,Female,Teenagers,Germany,2024-05-31
CUST3150,Kenneth,Thomas,Female,Adults,India,2023-06-29
CUST3151,Lindsay,Mcintosh,Female,Senior,France,2025-06-27
CUST3152,Alexis,Williamson,Male,Teenagers,China,2023-03-27
CUST3153,Catherine,Golden,Other,Teenagers,Japan,2021-05-04
CUST3154,Christopher,Fisher,Female,Adults,Canada,2023-03-26
CUST3155,Matthew,Ross,Female,Adults,India,2024-09-17
CUST3156,Jacob,Owens,Other,Teenagers,India,2021-08-01
CUST3157,Evan,Miller,Female,Senior,Canada,2024-08-11
CUST3159,Paul,Day,Male,Senior,Brazil,2025-03-14
CUST3161,Amy,Wright,Other,Adults,France,2021-06-02
CUST3162,Wesley,Thomas,Other,Adults,India,2022-07-20
CUST3163,Mark,Christian,Other,Adults,Canada,2021-04-24
CUST3164,Jeffrey,Spears,Male,Adults,China,2021-10-31
CUST3165,Christine,Hobbs,Male,Adults,USA,2024-05-17
CUST3166,Kevin,Lee,Female,Teenagers,Canada,2021-02-14
CUST3167,Jason,Edwards,Male,Teenagers,Germany,2022-09-30
CUST3168,Alex,Carey,Female,Adults,China,2025-07-25
CUST3169,Gwendolyn,Simon,Other,Teenagers,UK,2024-12-20
CUST3170,Ashley,Gonzalez,Female,Adults,Japan,2024-01-25
CUST3172,Emily,Marks,Male,Adults,USA,2025-08-10
CUST3173,Brandon,Reed,Female,Senior,India,2021-07-06
CUST3174,Sonya,Parker,Female,Senior,France,2021-03-28
CUST3175,Dean,Henderson,Female,Adults,India,2024-09-15
CUST3177,Eric,Fernandez,Female,Adults,France,2023-11-18
CUST3179,James,Pope,Other,Teenagers,Japan,2020-12-20
CUST3180,Eric,Turner,Other,Senior,India,2022-09-27
CUST3181,Tamara,Willis,Other,Teenagers,Brazil,2023-03-12
CUST3182,Johnny,Owen,Female,Senior,France,2023-10-13
CUST3184,Thomas,Brown,Female,Senior,Canada,2020-12-18
CUST3185,Vincent,Howard,Female,Adults,Brazil,2024-10-06
CUST3186,Troy,Miller,Female,Teenagers,Canada,2023-05-11
CUST3187,Amanda,Holloway,Female,Adults,Germany,2024-07-08
CUST3188,Kimberly,Carter,Other,Senior,China,2020-10-12
CUST3190,Lisa,Chambers,Other,Teenagers,India,2023-08-04
CUST3191,Laura,Miller,Female,Teenagers,Japan,2025-06-02
CUST3192,Jasmine,Meyers,Female,Senior,India,2021-08-23
CUST3193,Michael,Brown,Other,Adults,France,2025-06-26
CUST3194,Erin,Brady,Other,Teenagers,France,2020-10-10
CUST3195,Patricia,Bishop,Other,Adults,Brazil,2022-12-31
CUST3197,Robert,Keith,Other,Adults,Brazil,2025-06-27
CUST3198,Jennifer,Fernandez,Other,Adults,USA,2021-01-08
CUST3199,Martin,Erickson,Other,Senior,India,2021-01-11
CUST3200,Angela,Barnes,Female,Teenagers,Australia,2024-01-10
CUST3201,Regina,Ortiz,Male,Teenagers,Germany,2022-05-24
CUST3202,William,Lamb,Male,Senior,India,2023-02-13
CUST3203,Joshua,Torres,Male,Adults,China,2024-12-09
CUST3204,Pamela,Dalton,Other,Teenagers,Japan,2021-09-27
CUST3205,Carl,Scott,Other,Teenagers,Germany,2023-03-05
CUST3206,Traci,Velez,Other,Teenagers,Australia,2022-04-28
CUST3207,Richard,Miller,Other,Teenagers,India,2023-09-17
CUST3208,Alexis,Coleman,Female,Senior,USA,2021-09-24
CUST3209,David,Sanford,Male,Teenagers,France,2024-06-05
CUST3210,John,Guerrero,Male,Teenagers,USA,2025-08-03
CUST3211,Courtney,Patterson,Other,Adults,Japan,2025-02-05
CUST3213,Charles,Quinn,Other,Senior,Japan,2022-06-11
CUST3214,Caroline,Larsen,Other,Adults,Canada,2024-11-16
CUST3215,Rebecca,Chapman,Female,Teenagers,Australia,2021-08-22
CUST3216,Daniel,Gomez,Female,Adults,China,2021-02-24
CUST3217,Patrick,Parker,Male,Adults,Germany,2023-12-10
CUST3218,Ethan,Perez,Male,Teenagers,Brazil,2020-10-14
CUST3219,Amanda,Shaw,Male,Senior,France,2025-05-10
CUST3221,Hector,White,Male,Senior,Brazil,2022-11-10
CUST3222,Gregory,Jones,Male,Teenagers,China,2023-07-29
CUST3223,Stacy,Richards,Female,Teenagers,Canada,2022-09-05
CUST3224,Joyce,King,Male,Adults,Brazil,2024-07-07
CUST3225,Chad,White,Male,Teenagers,UK,2021-10-25
CUST3226,Krystal,Mitchell,Female,Adults,Germany,2024-12-15
CUST3228,Michelle,Frazier,Other,Teenagers,Brazil,2021-01-23
CUST3229,Phillip,Irwin,Male,Senior,Canada,2023-03-24
CUST3230,Jose,Smith,Other,Adults,France,2021-02-08
CUST3231,Steven,Gallagher,Male,Adults,Canada,2021-08-14
CUST3232,Michael,Leon,Other,Teenagers,UK,2022-09-29
CUST3233,Tamara,Weeks,Other,Teenagers,Germany,2025-05-26
CUST3235,Joseph,Yoder,Male,Senior,India,2023-10-29
CUST3236,Frank,Arnold,Other,Teenagers,France,2022-11-29
CUST3237,Brian,Bond,Female,Teenagers,Japan,2022-02-23
CUST3238,Joshua,Hill,Female,Adults,France,2022-11-06
CUST3239,Frederick,Burch,Male,Senior,Canada,2023-08-01
CUST3240,William,Nelson,Other,Senior,UK,2025-05-04
CUST3241,Anita,Huber,Male,Adults,Canada,2020-11-17
CUST3242,Kimberly,Grant,Male,Adults,UK,2023-07-03
CUST3243,Michael,Allen,Male,Teenagers,Canada,2025-03-31
CUST3244,Melissa,Johnson,Male,Teenagers,India,2024-08-21
CUST3245,Amy,Wise,Male,Teenagers,India,2023-02-22
CUST3246,Steven,Brooks,Other,Teenagers,UK,2024-07-12
CUST3247,Angel,Reyes,Other,Adults,Brazil,2022-11-26
CUST3248,David,Williams,Female,Teenagers,Germany,2023-12-07
CUST3252,Kimberly,Garcia,Other,Adults,China,2020-10-07
CUST3253,Arthur,White,Female,Teenagers,Japan,2023-06-22
CUST3254,Megan,Brooks,Female,Adults,Brazil,2023-12-09
CUST3256,Thomas,Smith,Female,Senior,USA,2022-04-25
CUST3257,Rachael,Powers,Male,Teenagers,Canada,2023-10-22
CUST3258,Eric,Jackson,Other,Teenagers,Japan,2022-02-17
CUST3259,Michael,Montoya,Female,Senior,China,2022-09-04
CUST3260,Thomas,Mercer,Other,Adults,Canada,2022-09-08
CUST3261,Rebecca,Graves,Female,Senior,Germany,2021-09-01
CUST3262,Jeanne,Boyd,Male,Senior,France,2021-12-08
CUST3263,Tyler,Parker,Other,Senior,India,2025-03-15
CUST3265,Cody,Torres,Other,Adults,Germany,2022-03-01
CUST3266,Sarah,Frey,Male,Senior,Canada,2023-08-19
CUST3267,Donna,Keller,Female,Senior,Japan,2022-08-27
CUST3269,Kathryn,Ramirez,Female,Adults,Canada,2024-03-22
CUST3270,Ryan,Holden,Male,Adults,Japan,2022-07-07
CUST3271,Steven,Parsons,Female,Teenagers,Brazil,2022-07-22
CUST3272,Thomas,Mccormick,Female,Adults,China,2023-06-21
CUST3273,Christopher,Carlson,Other,Adults,India,2024-12-02
CUST3274,Tamara,Weber,Male,Teenagers,Canada,2024-12-08
CUST3276,Michael,Rodriguez,Other,Adults,USA,2021-05-25
CUST3277,Amber,Wilson,Other,Adults,India,2025-04-10
CUST3278,Jeffery,Lee,Female,Teenagers,India,2020-09-22
CUST3279,Michael,Lindsey,Male,Teenagers,Brazil,2021-05-28
CUST3280,Amanda,Jones,Male,Teenagers,UK,2023-11-04
CUST3281,Susan,Torres,Other,Senior,France,2022-07-14
CUST3282,Amy,Cooley,Other,Teenagers,Canada,2024-11-05
CUST3283,Tyler,Pearson,Male,Adults,UK,2020-09-17
CUST3284,Laura,Young,Female,Adults,UK,2022-05-20
CUST3286,Anthony,Davis,Other,Teenagers,Australia,2022-12-12
CUST3287,Leslie,Carter,Male,Teenagers,Brazil,2024-12-10
CUST3288,Julie,West,Male,Senior,USA,2022-03-12
CUST3289,William,Davis,Female,Adults,Canada,2024-03-10
CUST3290,Andrew,Ellis,Other,Senior,India,2024-06-23
CUST3292,Joshua,Nelson,Female,Teenagers,India,2025-04-15
CUST3293,Jimmy,Frey,Male,Senior,India,2021-09-14
CUST3295,Elizabeth,Patterson,Other,Senior,Canada,2022-02-18
CUST3296,Karina,Martinez,Male,Senior,Germany,2020-12-12
CUST3297,Shawna,Parsons,Male,Teenagers,Brazil,2023-10-31
CUST3298,Kimberly,Manning,Female,Adults,Germany,2022-05-13
CUST3299,Suzanne,Robinson,Other,Senior,Japan,2022-08-04
CUST3300,Teresa,Burch,Female,Adults,Germany,2022-07-14
CUST3301,Ricky,Ortega,Female,Adults,UK,2023-03-02
CUST3302,David,Potter,Female,Senior,China,2022-06-13
CUST3303,Kimberly,Long,Male,Teenagers,USA,2021-09-09
CUST3304,Robert,Fox,Male,Teenagers,China,2020-10-13
CUST3305,Joseph,Morris,Other,Teenagers,USA,2021-02-11
CUST3306,Brittany,Woodard,Male,Senior,Germany,2021-12-01
CUST3307,Nicholas,Lopez,Male,Adults,Australia,2022-10-11
CUST3308,Scott,Jones,Other,Senior,Brazil,2024-05-16
CUST3309,Aaron,Raymond,Female,Senior,USA,2021-04-27
CUST3310,Christopher,Fernandez,Male,Senior,France,2024-10-18
CUST3311,Marc,Mcbride,Male,Adults,France,2024-03-13
CUST3312,Justin,Wang,Other,Adults,Brazil,2023-08-10
CUST3314,Desiree,Hardin,Other,Teenagers,Australia,2022-12-01
CUST3315,Jeremy,Johnson,Female,Adults,France,2025-05-06
CUST3317,Ashley,Bridges,Male,Adults,China,2022-12-11
CUST3318,Kyle,Cantu,Other,Senior,France,2025-08-04
CUST3320,Christopher,Roberts,Female,Senior,Germany,2022-11-03
CUST3321,Thomas,Blevins,Male,Adults,India,2025-06-28
CUST3323,Joshua,Olson,Female,Teenagers,India,2024-11-28
CUST3324,Margaret,Ray,Female,Adults,Australia,2021-04-10
CUST3325,Amanda,Hayes,Other,Senior,France,2022-12-01
CUST3326,Sonia,Hoffman,Female,Adults,Germany,2022-09-16
CUST3327,Douglas,Johnson,Other,Senior,Germany,2022-07-17
CUST3328,Cathy,Conley,Other,Senior,China,2022-03-10
CUST3329,David,Miller,Other,Senior,China,2024-10-21
CUST3330,Benjamin,Robinson,Other,Adults,Brazil,2025-08-12
CUST3331,Patricia,Rivera,Female,Senior,India,2025-03-10
CUST3332,Jennifer,Liu,Male,Senior,Japan,2021-07-31
CUST3333,Terri,Oneill,Other,Adults,France,2020-10-14
CUST3334,Stephanie,Le,Other,Senior,UK,2024-09-09
CUST3335,Jaclyn,Schwartz,Female,Teenagers,Brazil,2023-04-29
CUST3336,Anthony,Flores,Male,Adults,China,2023-01-12
CUST3337,Denise,Wallace,Female,Adults,UK,2022-09-11
CUST3338,Joseph,Guerrero,Other,Senior,Brazil,2021-12-14
CUST3339,Vincent,Williams,Other,Teenagers,Germany,2022-09-29
CUST3340,Wendy,Riley,Male,Adults,Canada,2022-05-07
CUST3341,Michael,Collins,Other,Teenagers,Germany,2025-04-16
CUST3342,Shawn,Bentley,Female,Adults,Australia,2025-06-21
CUST3343,Angela,Moore,Male,Senior,USA,2024-03-07
CUST3344,Samuel,Lindsey,Female,Adults,Canada,2023-09-10
CUST3345,Earl,Smith,Female,Adults,USA,2022-10-16
CUST3346,Kimberly,Riley,Other,Adults,Brazil,2022-12-28
CUST3347,Dawn,Hanson,Male,Adults,UK,2022-01-31
CUST3349,Travis,Proctor,Other,Senior,Brazil,2024-11-02
CUST3350,Sara,Perry,Other,Teenagers,Canada,2023-08-03
CUST3351,Mallory,Diaz,Other,Adults,USA,2020-09-17
CUST3352,Joshua,Montgomery,Female,Adults,USA,2023-07-27
CUST3353,Gabriel,Bolton,Other,Adults,USA,2025-08-20
CUST3354,Michelle,Johnson,Male,Senior,Germany,2021-08-08
CUST3355,Alyssa,Miller,Male,Teenagers,India,2021-08-20
CUST3357,Matthew,Nichols,Male,Senior,Canada,2024-10-06
CUST3358,Lisa,Harris,Other,Senior,Canada,2022-11-24
CUST3359,Michael,Hudson,Other,Adults,UK,2021-09-06
CUST3360,Christine,Conley,Female,Senior,UK,2020-08-25
CUST3361,Jack,Gonzales,Male,Teenagers,Australia,2024-10-13
CUST3362,Brian,Barker,Male,Adults,Canada,2025-03-15
CUST3363,Amanda,Ferguson,Female,Adults,France,2024-03-11
CUST3364,Heather,Harris,Female,Adults,Canada,2024-06-27
CUST3365,Patricia,Miller,Female,Senior,Japan,2022-03-14
CUST3366,Cody,Houston,Female,Teenagers,Brazil,2024-02-20
CUST3367,Ray,Roberts,Female,Teenagers,USA,2021-06-25
CUST3368,Christopher,Wilson,Other,Teenagers,Brazil,2023-07-21
CUST3369,Alexis,Salazar,Female,Teenagers,UK,2024-03-12
CUST3370,Jack,Moore,Other,Adults,Canada,2021-10-17
CUST3371,Christine,Green,Female,Adults,France,2022-05-29
CUST3372,Troy,Perez,Male,Teenagers,Australia,2023-03-03
CUST3373,Tammy,Martin,Male,Senior,Japan,2024-12-15
CUST3375,Pamela,Cook,Female,Adults,Brazil,2025-01-03
CUST3376,Suzanne,Stevenson,Other,Adults,Canada,2021-06-08
CUST3377,Clinton,Barnes,Female,Adults,India,2020-09-09
CUST3378,Darren,Porter,Female,Senior,USA,2021-04-26
CUST3379,Nicole,Lopez,Other,Senior,USA,2025-07-22
CUST3381,Jennifer,Berg,Female,Adults,Canada,2025-03-26
CUST3383,Heidi,Castro,Other,Senior,Australia,2022-07-19
CUST3385,Holly,Robertson,Female,Senior,Germany,2021-06-07
CUST3386,Holly,Hill,Other,Senior,UK,2023-03-28
CUST3387,Stephanie,Hall,Male,Adults,USA,2022-12-13
CUST3388,Richard,Lewis,Male,Adults,India,2020-11-07
CUST3390,Anna,Fox,Other,Teenagers,USA,2024-10-09
CUST3391,Vanessa,Ramirez,Male,Teenagers,India,2023-09-15
CUST3392,Carol,Richardson,Other,Adults,UK,2022-07-19
CUST3393,Hayley,Wilson,Other,Adults,India,2020-10-15
CUST3394,Ashley,Austin,Male,Senior,Brazil,2024-07-08
CUST3396,Mark,Chavez,Female,Teenagers,Australia,2025-05-20
CUST3398,Jasmine,Scott,Female,Adults,Germany,2023-06-29
CUST3399,Michelle,Jones,Male,Senior,China,2022-04-22
CUST3400,Edward,Fernandez,Male,Adults,India,2024-11-04
CUST3401,Lisa,Smith,Female,Adults,UK,2023-07-13
CUST3402,Andrew,Johnston,Other,Senior,USA,2021-10-01
CUST3403,Douglas,Solomon,Other,Teenagers,France,2024-12-21
CUST3404,Anna,Hale,Other,Senior,India,2022-11-16
CUST3406,Robert,Perez,Other,Senior,UK,2023-03-05
CUST3407,Kathy,Silva,Other,Senior,India,2025-01-18
CUST3409,Scott,Rice,Male,Adults,India,2021-10-07
CUST3410,Kenneth,Garner,Female,Adults,Canada,2022-01-02
CUST3411,Sara,Jordan,Female,Teenagers,Japan,2025-08-04
CUST3412,David,Mcdonald,Male,Adults,China,2021-12-06
CUST3413,Christopher,Gallegos,Other,Adults,China,2024-11-19
CUST3414,Amanda,Fernandez,Other,Senior,Japan,2024-03-08
CUST3415,Nicholas,Walker,Female,Teenagers,France,2023-12-20
CUST3416,Wayne,Adams,Female,Adults,France,2024-06-08
CUST3418,Bradley,Edwards,Other,Adults,UK,2023-10-25
CUST3420,John,Bell,Female,Senior,China,2023-03-05
CUST3421,John,Green,Other,Adults,Australia,2021-12-05
CUST3422,Jeffrey,Stevens,Female,Senior,China,2022-03-30
CUST3423,David,Miller,Other,Senior,Germany,2025-08-04
CUST3424,Nichole,Costa,Female,Teenagers,Australia,2022-01-12
CUST3425,Ryan,Anderson,Male,Senior,Japan,2021-12-14
CUST3426,Ernest,Johnson,Male,Senior,China,2021-04-17
CUST3427,Jennifer,Owens,Other,Adults,Australia,2024-03-27
CUST3428,Jack,Cox,Other,Teenagers,China,2020-10-10
CUST3429,Shelby,Robertson,Other,Adults,Brazil,2025-05-18
CUST3430,Nancy,Horne,Male,Adults,USA,2025-02-18
CUST3431,Lori,King,Other,Adults,Canada,2024-03-02
CUST3432,Janet,Smith,Female,Adults,China,2025-08-05
CUST3433,Sandra,Huynh,Female,Adults,France,2020-08-25
CUST3434,Tammy,Zamora,Female,Adults,USA,2025-05-09
CUST3435,Helen,Harris,Female,Teenagers,Brazil,2021-08-14
CUST3436,Larry,Bryan,Male,Teenagers,USA,2023-09-23
CUST3437,Natalie,Gibson,Other,Senior,China,2025-04-11
CUST3438,Thomas,Miles,Female,Senior,Australia,2024-08-13
CUST3439,Charles,Houston,Male,Adults,France,2022-09-05
CUST3440,Jason,Miller,Female,Adults,China,2024-01-03
CUST3441,David,Moore,Female,Adults,Brazil,2023-05-28
CUST3442,Brad,Hooper,Female,Senior,France,2021-07-26
CUST3443,Jessica,Banks,Other,Teenagers,Germany,2022-12-31
CUST3444,Thomas,Diaz,Other,Senior,China,2025-04-19
CUST3445,Elijah,Long,Other,Teenagers,China,2024-07-13
CUST3446,Donald,Flynn,Male,Teenagers,USA,2023-05-04
CUST3447,Matthew,Arellano,Male,Adults,France,2021-06-14
CUST3448,Patrick,Molina,Other,Adults,UK,2025-02-05
CUST3450,Trevor,Richardson,Male,Teenagers,UK,2020-11-02
CUST3452,Brendan,Cross,Female,Teenagers,Australia,2025-05-23
CUST3453,Shannon,Lynch,Male,Senior,China,2023-01-19
CUST3454,Gilbert,Horn,Other,Adults,China,2025-03-22
CUST3455,Bobby,Carter,Male,Teenagers,China,2022-12-13
CUST3456,Richard,Lee,Male,Teenagers,Japan,2023-09-13
CUST3457,Jason,Schmidt,Male,Teenagers,Brazil,2021-09-01
CUST3458,Brandi,Lopez,Female,Adults,Brazil,2022-02-05
CUST3459,Melissa,Lee,Other,Senior,India,2021-11-25
CUST3462,Richard,Nolan,Male,Teenagers,Japan,2024-04-24
CUST3464,Samantha,Bishop,Other,Adults,Japan,2022-10-18
CUST3465,Stephen,Hill,Other,Adults,China,2021-02-22
CUST3466,Candice,Oconnor,Other,Adults,UK,2023-01-23
CUST3469,Karen,Martin,Other,Senior,India,2021-07-04
CUST3470,Kelly,Lambert,Other,Adults,China,2023-05-11
CUST3471,Alejandro,Holloway,Other,Teenagers,China,2023-07-18
CUST3472,Joe,Thompson,Male,Senior,Japan,2022-01-15
CUST3473,Kimberly,Richardson,Male,Teenagers,Canada,2022-07-02
CUST3474,Lisa,Smith,Female,Senior,USA,2024-07-25
CUST3476,Roberto,Rogers,Other,Adults,Australia,2025-03-09
CUST3479,Sharon,Glenn,Female,Teenagers,USA,2020-09-24
CUST3480,Crystal,Woods,Male,Senior,India,2025-02-03
CUST3481,James,Manning,Male,Senior,France,2025-03-10
CUST3482,John,Johnson,Female,Adults,Japan,2025-02-04
CUST3483,Daniel,Martin,Female,Adults,USA,2022-03-31
CUST3484,Anthony,Richards,Female,Teenagers,Australia,2023-08-06
CUST3485,Sarah,Green,Female,Adults,Canada,2021-12-04
CUST3486,Jason,Watkins,Female,Adults,USA,2025-05-18
CUST3487,Ryan,Rogers,Other,Senior,Japan,2025-07-05
CUST3488,William,Morgan,Male,Senior,Brazil,2021-08-20
CUST3489,Rodney,Garcia,Female,Teenagers,Japan,2020-10-09
CUST3490,Daniel,Robbins,Female,Senior,UK,2021-11-08
CUST3491,Margaret,Patterson,Female,Adults,Germany,2022-03-09
CUST3492,Martin,Smith,Other,Teenagers,China,2024-09-19
CUST3493,Desiree,Gibson,Other,Teenagers,UK,2025-08-01
CUST3494,Kathy,Phillips,Male,Adults,Canada,2021-08-27
CUST3495,Anne,Moore,Other,Adults,USA,2025-03-12
CUST3497,Barbara,Cochran,Other,Teenagers,France,2023-04-07
CUST3498,Mary,Smith,Other,Teenagers,Japan,2022-04-24
CUST3499,Tammy,Hayes,Other,Adults,India,2023-02-14
CUST3501,David,Watson,Other,Teenagers,Brazil,2025-04-07
CUST3502,Rhonda,Mckee,Female,Senior,Australia,2025-02-23
CUST3503,John,Hayes,Male,Adults,Japan,2021-12-31
CUST3505,Gary,Russo,Other,Adults,Brazil,2025-03-16
CUST3506,Justin,Riggs,Female,Adults,Germany,2024-02-19
CUST3507,James,White,Male,Senior,China,2022-07-22
CUST3508,Patricia,Davis,Other,Adults,USA,2021-01-03
CUST3509,Joseph,Hernandez,Other,Adults,Brazil,2022-05-18
CUST3510,Theresa,Rodriguez,Other,Senior,Brazil,2021-02-16
CUST3511,Danielle,Campbell,Other,Adults,France,2021-04-24
CUST3512,Vincent,Ruiz,Female,Teenagers,USA,2025-03-31
CUST3513,Jessica,Flores,Male,Adults,Japan,2024-10-19
CUST3514,Thomas,Cardenas,Other,Senior,Canada,2021-12-06
CUST3515,Steven,Edwards,Other,Teenagers,Brazil,2021-02-23
CUST3516,Barbara,Dickson,Male,Teenagers,France,2020-09-07
CUST3517,Derek,Higgins,Male,Adults,Brazil,2023-09-02
CUST3518,William,Santos,Other,Adults,Japan,2023-03-16
CUST3519,Elizabeth,Snyder,Other,Teenagers,Canada,2024-04-26
CUST3520,Tammy,Jones,Female,Teenagers,UK,2024-10-18
CUST3521,Mark,Edwards,Female,Adults,UK,2023-05-22
CUST3523,Randy,Turner,Other,Adults,Japan,2020-09-01
CUST3524,Zachary,Joseph,Other,Senior,Australia,2022-05-31
CUST3525,Heather,Williams,Female,Senior,Germany,2022-07-25
CUST3526,Henry,Valencia,Male,Teenagers,Japan,2024-09-10
CUST3527,Stephanie,Avery,Male,Adults,France,2023-01-08
CUST3528,Gabriel,Warren,Male,Teenagers,Australia,2024-07-30
CUST3529,John,Mathews,Male,Senior,Canada,2020-09-08
CUST3530,Carol,Harrington,Female,Adults,Canada,2020-12-11
CUST3531,Kimberly,Wood,Other,Senior,India,2025-04-08
CUST3532,Jennifer,Sims,Other,Teenagers,France,2024-10-23
CUST3533,Andrew,Graham,Male,Adults,Canada,2021-11-27
CUST3534,Todd,Walls,Other,Teenagers,Australia,2024-03-31
CUST3535,Sean,Hubbard,Female,Adults,Australia,2022-12-21
CUST3536,Mary,Barrett,Female,Adults,China,2020-08-29
CUST3537,Elizabeth,Martinez,Male,Adults,Canada,2022-05-11
CUST3538,Garrett,Lopez,Male,Teenagers,Germany,2025-07-25
CUST3539,Heather,Walsh,Male,Senior,Brazil,2021-10-23
CUST3540,Monica,Malone,Female,Adults,Brazil,2024-10-29
CUST3541,Joel,Gregory,Male,Teenagers,India,2023-06-01
CUST3542,Taylor,Bailey,Female,Teenagers,Australia,2022-02-16
CUST3544,Allison,Thomas,Female,Teenagers,Canada,2024-05-23
CUST3545,Kaitlyn,Molina,Other,Teenagers,Germany,2024-05-17
CUST3546,Karen,Parks,Female,Adults,UK,2021-01-27
CUST3547,Brittany,Baldwin,Female,Senior,France,2023-12-28
CUST3548,Cynthia,Gibson,Female,Adults,Brazil,2020-12-09
CUST3549,Gina,Cortez,Other,Adults,Australia,2023-03-19
CUST3550,Raymond,Floyd,Female,Senior,UK,2024-10-03
CUST3551,Loretta,Bell,Female,Senior,France,2024-09-18
CUST3552,George,Hart,Other,Teenagers,Japan,2024-08-09
CUST3553,James,Maldonado,Male,Senior,Brazil,2022-01-09
CUST3554,Tara,Henderson,Female,Teenagers,Brazil,2021-03-29
CUST3555,Jennifer,Morales,Other,Teenagers,Germany,2022-06-27
CUST3556,Beverly,Gallagher,Male,Senior,Japan,2023-04-17
CUST3558,Adam,Townsend,Male,Adults,France,2023-04-09
CUST3559,Leroy,Hartman,Male,Adults,Australia,2024-04-28
CUST3560,Alison,Dougherty,Male,Teenagers,Brazil,2021-03-24
CUST3562,Lauren,Terry,Female,Teenagers,Germany,2020-12-19
CUST3563,Amy,Richardson,Male,Senior,USA,2021-05-02
CUST3564,Jessica,Lawrence,Other,Teenagers,Japan,2024-07-06
CUST3565,Amy,Smith,Male,Adults,France,2021-08-04
CUST3566,Sharon,Walter,Male,Senior,USA,2024-10-13
CUST3567,Holly,Gonzales,Male,Senior,Canada,2023-03-04
CUST3568,Matthew,Watts,Male,Adults,Japan,2020-12-22
CUST3569,Elizabeth,Nguyen,Male,Teenagers,India,2021-11-26
CUST3570,Katherine,Campbell,Male,Senior,Australia,2022-08-23
CUST3572,Antonio,Taylor,Male,Senior,Brazil,2024-08-26
CUST3573,Jennifer,Johnson,Female,Senior,Australia,2023-06-20
CUST3574,Ashley,Ross,Other,Senior,Japan,2022-03-11
CUST3575,Jose,Gonzalez,Female,Adults,UK,2022-04-13
CUST3576,Brian,Park,Male,Adults,France,2023-01-07
CUST3577,Taylor,Bowman,Other,Adults,UK,2022-04-25
CUST3578,Frank,Friedman,Other,Senior,Germany,2022-01-26
CUST3579,Rita,Barrera,Other,Adults,China,2024-03-17
CUST3580,Melissa,Miller,Male,Senior,Canada,2023-12-08
CUST3582,Marcus,Ross,Female,Teenagers,Australia,2022-06-24
CUST3584,Matthew,Cook,Other,Senior,China,2022-02-24
CUST3585,Cynthia,Young,Other,Senior,France,2021-03-20
CUST3586,Justin,Lopez,Other,Senior,India,2023-09-14
CUST3589,Joseph,Frye,Female,Teenagers,UK,2025-07-14
CUST3590,Lisa,Esparza,Male,Senior,Brazil,2022-01-04
CUST3591,Jonathan,Rowe,Female,Adults,UK,2024-08-24
CUST3592,Daniel,Robertson,Male,Teenagers,Brazil,2025-06-08
CUST3593,Rick,Osborn,Male,Teenagers,France,2023-08-29
CUST3594,Carolyn,David,Male,Adults,France,2023-02-15
CUST3595,Christopher,Farmer,Male,Senior,China,2025-02-05
CUST3596,Hayden,Gonzales,Female,Senior,Japan,2025-07-16
CUST3597,Joe,Larson,Male,Senior,China,2021-10-13
CUST3598,Susan,Young,Male,Teenagers,UK,2025-02-22
CUST3599,Valerie,Mejia,Other,Adults,Japan,2024-09-22
CUST3600,Carl,Rojas,Male,Teenagers,USA,2024-06-21
CUST3601,Brittney,Everett,Male,Adults,Germany,2023-12-06
CUST3602,Mallory,Wood,Male,Teenagers,USA,2024-01-15
CUST3604,Sandra,Barnes,Female,Teenagers,Canada,2023-03-04
CUST3605,Andrew,Davis,Other,Senior,China,2023-11-06
CUST3606,Troy,Woods,Other,Adults,France,2025-08-17
CUST3607,Dylan,Davidson,Male,Adults,Canada,2023-03-23
CUST3608,Jennifer,Klein,Other,Adults,Brazil,2021-11-26
CUST3609,William,Brown,Male,Senior,China,2021-08-25
CUST3610,Adam,Burgess,Other,Teenagers,India,2022-01-12
CUST3611,Mark,Briggs,Other,Senior,Australia,2023-06-23
CUST3612,Mark,Martinez,Other,Senior,Australia,2021-06-28
CUST3613,John,Lawrence,Female,Senior,UK,2025-06-30
CUST3614,Diana,Cox,Male,Teenagers,China,2025-07-15
CUST3615,Tammy,Rollins,Male,Teenagers,Japan,2022-07-18
CUST3616,David,Brown,Female,Senior,Australia,2022-07-03
CUST3617,Kimberly,Landry,Other,Senior,Germany,2025-05-03
CUST3618,Matthew,Wilson,Other,Adults,UK,2023-09-16
CUST3619,Brittany,Harvey,Male,Senior,India,2024-06-29
CUST3620,Kyle,Miller,Male,Teenagers,Australia,2020-09-12
CUST3621,Marvin,Malone,Female,Senior,UK,2025-06-02
CUST3623,Jonathan,Pittman,Male,Adults,India,2025-08-23
CUST3624,Louis,Smith,Female,Adults,France,2022-06-29
CUST3625,Roy,Gardner,Female,Adults,UK,2023-06-18
CUST3626,Brian,Jones,Female,Teenagers,Germany,2025-07-02
CUST3627,Juan,Collins,Other,Teenagers,Brazil,2023-02-27
CUST3628,Katherine,Welch,Female,Senior,India,2022-01-31
CUST3630,Edward,Moore,Female,Teenagers,Germany,2025-03-30
CUST3631,Aaron,Barnes,Other,Senior,India,2023-08-12
CUST3632,Robert,White,Female,Adults,Canada,2025-02-15
CUST3633,Lauren,Gray,Male,Senior,India,2025-06-01
CUST3634,Stephen,Carr,Female,Adults,Canada,2024-04-24
CUST3635,Amanda,Franco,Female,Senior,France,2022-12-16
CUST3636,Cassie,Harrington,Female,Senior,China,2022-03-17
CUST3637,Danielle,Mullen,Other,Teenagers,China,2021-10-01
CUST3638,Lisa,King,Male,Teenagers,USA,2020-08-29
CUST3639,Sharon,Mitchell,Other,Senior,USA,2023-07-09
CUST3640,Blake,Durham,Male,Adults,Brazil,2023-06-12
CUST3641,Danielle,Roberts,Female,Senior,Canada,2024-05-01
CUST3642,Tiffany,Harvey,Female,Senior,France,2024-12-08
CUST3643,Jorge,Murphy,Female,Senior,Canada,2024-10-09
CUST3645,Christopher,Horton,Male,Senior,China,2021-01-02
CUST3646,Joshua,Gonzales,Female,Teenagers,USA,2022-01-16
CUST3647,James,Mendoza,Female,Senior,Australia,2023-08-31
CUST3649,Sheila,Tran,Female,Teenagers,Brazil,2022-08-30
CUST3650,Kelly,Weber,Male,Senior,France,2022-01-04
CUST3652,Aaron,Brown,Other,Senior,Brazil,2024-07-04
CUST3653,Jonathan,Taylor,Female,Teenagers,Germany,2022-06-16
CUST3654,Andrea,Gibson,Other,Senior,UK,2021-07-08
CUST3655,Patrick,Thompson,Other,Teenagers,USA,2023-03-08
CUST3656,Mark,Ramsey,Male,Adults,USA,2020-12-27
CUST3658,Jessica,Adams,Male,Senior,USA,2023-03-18
CUST3659,Dakota,Charles,Other,Senior,India,2024-04-05
CUST3660,Christina,Christensen,Male,Adults,India,2024-06-25
CUST3661,Edward,Ford,Female,Senior,Germany,2022-04-15
CUST3663,Mark,Johnston,Female,Teenagers,UK,2022-12-02
CUST3664,Rebecca,Taylor,Male,Adults,USA,2022-12-23
CUST3665,Darlene,Payne,Female,Adults,Canada,2023-10-09
CUST3666,Thomas,Bell,Female,Senior,Brazil,2023-10-08
CUST3667,Maxwell,Carpenter,Other,Teenagers,Brazil,2024-11-02
CUST3668,Brian,Bradley,Female,Adults,France,2025-06-07
CUST3669,Jose,Perez,Female,Adults,China,2021-05-11
CUST3670,Brittany,Reynolds,Male,Senior,India,2023-01-02
CUST3672,David,Schwartz,Other,Teenagers,Japan,2023-04-01
CUST3673,Allison,Chapman,Female,Senior,Germany,2024-08-25
CUST3674,Sandra,Fields,Other,Adults,France,2021-07-17
CUST3675,Hannah,Bright,Male,Adults,China,2022-03-22
CUST3676,Catherine,Stark,Other,Adults,Canada,2021-08-09
CUST3677,Steven,Smith,Other,Adults,China,2023-10-30
CUST3678,Janet,Bell,Other,Senior,Germany,2021-10-17
CUST3679,Michelle,Ibarra,Female,Teenagers,France,2021-10-14
CUST3680,Kaitlin,Flores,Male,Senior,India,2021-12-29
CUST3683,Erin,Perez,Other,Teenagers,Canada,2020-09-28
CUST3684,Tracy,Smith,Other,Teenagers,Germany,2023-03-03
CUST3685,Jennifer,Meyers,Female,Adults,Australia,2025-07-14
CUST3686,Ashley,Valenzuela,Male,Senior,Japan,2022-03-24
CUST3687,Anthony,Williams,Female,Adults,China,2022-05-01
CUST3688,Christopher,Villegas,Male,Adults,Japan,2025-03-06
CUST3689,Robert,Miller,Female,Senior,India,2023-12-15
CUST3690,Ashlee,Dyer,Male,Adults,Canada,2023-08-07
CUST3692,Laura,Kramer,Female,Senior,China,2023-10-27
CUST3693,David,Lewis,Male,Adults,UK,2024-02-13
CUST3694,Beth,Bryant,Male,Teenagers,China,2023-08-29
CUST3695,Kristen,Randolph,Other,Adults,UK,2021-12-07
CUST3696,Jeffrey,White,Male,Teenagers,Germany,2022-08-07
CUST3698,Amanda,Stephens,Female,Adults,UK,2020-12-15
CUST3700,Steven,Montgomery,Male,Senior,USA,2022-08-07
CUST3701,James,Johnson,Male,Adults,Canada,2025-06-28
CUST3702,Suzanne,Taylor,Male,Teenagers,France,2020-09-02
CUST3703,Andrea,Graham,Other,Adults,China,2025-05-03
CUST3704,Derrick,Foster,Female,Teenagers,China,2024-09-29
CUST3705,Michael,Thomas,Other,Teenagers,India,2020-12-22
CUST3706,Aaron,Evans,Female,Senior,India,2024-09-07
CUST3708,Joan,Simon,Other,Adults,Germany,2024-07-28
CUST3709,Brian,Austin,Male,Teenagers,USA,2022-09-29
CUST3710,Justin,Estrada,Female,Senior,Canada,2022-12-19
CUST3711,Haley,Small,Male,Senior,France,2024-06-02
CUST3712,Zoe,Marshall,Other,Teenagers,USA,2022-05-25
CUST3713,Lucas,Hernandez,Male,Senior,Australia,2025-04-02
CUST3714,Cody,Contreras,Other,Adults,China,2025-06-06
CUST3715,Faith,Smith,Male,Senior,Brazil,2023-03-22
CUST3716,Ricardo,Hernandez,Female,Teenagers,Australia,2023-12-10
CUST3717,Kelly,Perez,Male,Teenagers,UK,2024-03-11
CUST3718,Samantha,Jones,Other,Teenagers,India,2025-04-17
CUST3719,Joel,Harper,Female,Teenagers,Brazil,2025-02-26
CUST3720,Jacob,Williams,Female,Senior,Japan,2022-05-22
CUST3721,Ashley,Morrison,Male,Adults,India,2022-11-28
CUST3722,Shane,Young,Other,Senior,Japan,2020-09-19
CUST3723,Susan,Brown,Other,Teenagers,USA,2022-08-03
CUST3725,Robert,Hernandez,Female,Adults,UK,2022-11-15
CUST3726,Anthony,Chase,Female,Senior,Germany,2025-07-05
CUST3727,Kevin,Poole,Male,Teenagers,USA,2024-01-19
CUST3728,Heather,Butler,Female,Senior,France,2022-12-12
CUST3729,Brandon,Perez,Male,Teenagers,USA,2021-10-25
CUST3731,Steven,Perry,Female,Teenagers,UK,2023-06-21
CUST3732,Michael,Dillon,Female,Senior,India,2025-04-19
CUST3733,Heather,Russell,Male,Senior,Australia,2025-02-11
CUST3735,Daniel,Warner,Male,Senior,Australia,2020-10-10
CUST3736,Matthew,Jenkins,Other,Teenagers,Japan,2021-11-03
CUST3737,Corey,Holmes,Male,Adults,China,2022-06-10
CUST3738,Thomas,Leonard,Male,Senior,France,2023-05-30
CUST3739,Brandon,Lopez,Other,Senior,India,2023-03-31
CUST3740,Tracy,Blair,Female,Adults,China,2022-07-08
CUST3741,Jason,Bass,Male,Teenagers,Brazil,2024-08-11
CUST3742,Justin,Winters,Male,Senior,Germany,2024-06-03
CUST3743,Corey,Moon,Female,Adults,Brazil,2021-06-04
CUST3744,Brittany,Wright,Female,Adults,France,2023-01-30
CUST3745,Bonnie,Young,Male,Teenagers,China,2020-11-12
CUST3746,Lawrence,Henson,Male,Senior,Australia,2020-12-09
CUST3747,Duane,Miranda,Male,Adults,Brazil,2022-10-21
CUST3748,Robert,Leblanc,Male,Senior,Australia,2021-03-20
CUST3749,Madison,Huff,Female,Teenagers,India,2022-08-11
CUST3751,Michael,Smith,Other,Senior,Japan,2024-06-28
CUST3752,Crystal,Perez,Female,Adults,UK,2021-10-06
CUST3753,Kim,Nelson,Other,Teenagers,China,2021-05-02
CUST3754,Christopher,Mann,Other,Teenagers,Australia,2021-05-25
CUST3755,Alan,Watson,Other,Senior,Brazil,2024-01-07
CUST3756,David,Mayer,Other,Teenagers,India,2022-07-15
CUST3757,Jack,Snow,Other,Adults,Australia,2023-01-13
CUST3759,Erica,Chen,Female,Senior,Brazil,2022-07-05
CUST3760,Theresa,Sherman,Other,Adults,Australia,2022-09-22
CUST3761,Michael,Marquez,Female,Adults,Australia,2023-11-02
CUST3762,Steven,Rose,Other,Teenagers,China,2024-11-10
CUST3763,David,Thomas,Female,Adults,Germany,2024-06-28
CUST3764,Stephen,Collier,Other,Senior,Canada,2025-05-28
CUST3766,Christopher,Solomon,Female,Teenagers,France,2021-04-06
CUST3767,James,Bray,Female,Teenagers,India,2020-10-26
CUST3768,Peter,Peters,Female,Adults,Australia,2020-10-12
CUST3769,Amy,Hernandez,Other,Teenagers,Canada,2021-12-24
CUST3770,Scott,Scott,Female,Senior,Germany,2022-02-13
CUST3772,Martha,Burch,Female,Teenagers,Brazil,2025-05-05
CUST3773,Samantha,Stevens,Other,Adults,Brazil,2024-06-30
CUST3774,Pamela,Taylor,Male,Teenagers,Canada,2021-07-04
CUST3776,Janet,Mcdonald,Other,Adults,UK,2023-08-05
CUST3777,Tiffany,Massey,Male,Senior,Germany,2022-05-15
CUST3778,Michelle,Frazier,Female,Teenagers,USA,2023-09-10
CUST3780,Hector,Bishop,Male,Teenagers,Australia,2025-06-22
CUST3781,Rebecca,Reid,Male,Teenagers,India,2023-03-27
CUST3783,Amber,Taylor,Male,Teenagers,USA,2023-08-11
CUST3784,John,Young,Male,Teenagers,Canada,2023-06-24
CUST3786,Kyle,Leonard,Male,Adults,USA,2022-06-06
CUST3787,Christopher,Ortega,Female,Adults,Australia,2024-03-20
CUST3788,Tina,Mcgrath,Female,Senior,India,2023-05-01
CUST3789,Rachel,Nicholson,Male,Adults,Japan,2022-06-02
CUST3790,Lindsay,Moss,Male,Senior,USA,2023-09-26
CUST3791,Michael,Love,Male,Teenagers,France,2024-06-27
CUST3792,Dalton,Page,Male,Senior,France,2023-07-27
CUST3793,Jonathan,Moreno,Male,Adults,India,2025-08-18
CUST3794,Richard,Green,Female,Senior,India,2022-10-27
CUST3795,Michael,Webb,Male,Senior,China,2025-07-06
CUST3796,Gregory,Fisher,Male,Teenagers,USA,2021-06-12
CUST3797,Misty,Dyer,Other,Adults,Germany,2021-01-09
CUST3798,Parker,Ramirez,Other,Senior,UK,2023-06-14
CUST3799,Brian,Porter,Male,Senior,Australia,2021-08-30
CUST3800,Bryan,Allison,Male,Adults,UK,2024-03-14
CUST3801,Tammy,Franco,Female,Teenagers,UK,2023-10-05
CUST3802,James,Wright,Male,Senior,UK,2024-09-05
CUST3803,Richard,Love,Other,Senior,Germany,2020-11-15
CUST3804,Rebecca,Herrera,Other,Adults,India,2021-11-21
CUST3805,Jackie,Kim,Female,Senior,Brazil,2025-07-30
CUST3806,Karen,Ruiz,Other,Adults,China,2023-03-13
CUST3807,Brittany,Freeman,Male,Adults,Brazil,2021-09-23
CUST3808,Caleb,Carroll,Male,Teenagers,Canada,2021-07-30
CUST3809,Marc,Jones,Male,Teenagers,Australia,2021-11-26
CUST3810,Bryce,White,Female,Teenagers,Germany,2022-11-20
CUST3811,Kathryn,Perez,Male,Adults,France,2022-01-30
CUST3812,Amy,Brown,Female,Adults,Canada,2022-07-21
CUST3813,Larry,Stewart,Male,Teenagers,UK,2021-01-11
CUST3814,Chad,Tanner,Female,Adults,Canada,2021-04-19
CUST3815,Brian,Coleman,Other,Teenagers,China,2024-04-05
CUST3817,Rebecca,Calderon,Female,Adults,USA,2021-02-09
CUST3819,Riley,Smith,Female,Senior,Canada,2021-08-21
CUST3821,John,Goodwin,Female,Senior,Canada,2023-11-18
CUST3824,Richard,French,Female,Adults,Australia,2022-10-06
CUST3825,Shawn,Harper,Male,Adults,UK,2024-01-21
CUST3826,Amanda,Ware,Male,Teenagers,Australia,2024-04-08
CUST3827,Sherri,Short,Male,Senior,Brazil,2025-01-07
CUST3828,Erik,Harrington,Other,Senior,Australia,2022-10-15
CUST3829,Tammy,Gutierrez,Other,Teenagers,Australia,2023-12-13
CUST3830,Cindy,Day,Female,Senior,Japan,2023-11-04
CUST3831,Linda,Bryant,Other,Senior,China,2021-11-22
CUST3832,Douglas,Smith,Female,Senior,France,2025-01-30
CUST3833,James,Hernandez,Other,Adults,France,2022-10-11
CUST3834,Maria,Schneider,Female,Senior,UK,2021-06-09
CUST3835,Kevin,Lyons,Male,Adults,Brazil,2024-10-14
CUST3836,Lori,Miles,Other,Adults,Canada,2024-02-14
CUST3837,Karen,Torres,Female,Adults,Canada,2024-04-07
CUST3838,David,Barker,Other,Adults,UK,2020-12-19
CUST3839,Claire,Haynes,Female,Teenagers,India,2024-09-11
CUST3840,Timothy,Murphy,Male,Senior,China,2023-07-23
CUST3841,Samantha,Jones,Female,Senior,Japan,2020-12-12
CUST3842,Charles,Smith,Other,Adults,USA,2021-04-14
CUST3844,Brittney,Maldonado,Female,Senior,Canada,2022-07-28
CUST3845,Jesse,Holland,Other,Senior,India,2024-08-07
CUST3846,Peter,Davis,Male,Senior,China,2022-01-25
CUST3848,Timothy,Knapp,Male,Senior,Germany,2025-05-28
CUST3853,Maria,Marsh,Other,Adults,Germany,2024-09-10
CUST3854,Angela,Hudson,Male,Adults,India,2024-06-06
CUST3855,Theresa,Villa,Male,Teenagers,Brazil,2025-08-03
CUST3856,Stephanie,Phillips,Other,Teenagers,Australia,2023-08-14
CUST3857,Cheryl,Williamson,Female,Senior,Germany,2024-07-29
CUST3858,Gabrielle,Barnes,Female,Adults,Brazil,2022-09-15
CUST3859,Jacob,Maddox,Other,Adults,Canada,2022-03-05
CUST3860,Patrick,Pitts,Female,Teenagers,Australia,2024-07-21
CUST3861,Anna,Brown,Male,Senior,Japan,2024-09-13
CUST3862,Jessica,Jones,Male,Teenagers,India,2024-11-07
CUST3863,Jason,Smith,Male,Teenagers,China,2025-03-07
CUST3865,Kimberly,Figueroa,Other,Senior,China,2022-11-06
CUST3866,Timothy,Austin,Female,Teenagers,India,2020-11-10
CUST3867,Amber,Brown,Female,Adults,USA,2022-06-14
CUST3868,Joshua,Russell,Other,Teenagers,UK,2021-09-16
CUST3869,Angela,Thompson,Female,Teenagers,Germany,2024-06-28
CUST3870,Steven,Miller,Other,Teenagers,Japan,2023-11-08
CUST3871,Patricia,Patterson,Male,Adults,USA,2025-05-06
CUST3872,Jose,Harris,Other,Senior,China,2021-05-13
CUST3873,Katherine,Soto,Male,Teenagers,Germany,2025-02-25
CUST3876,Stephen,Rodriguez,Other,Adults,Japan,2022-02-01
CUST3877,Benjamin,Torres,Other,Adults,Japan,2024-07-29
CUST3878,Derek,Warner,Female,Teenagers,Canada,2023-07-30
CUST3879,Ann,Vang,Female,Adults,USA,2021-05-06
CUST3880,Diane,Davis,Other,Teenagers,Canada,2024-01-12
CUST3881,Claudia,Carter,Male,Teenagers,Japan,2024-12-29
CUST3882,Cheryl,Lane,Other,Teenagers,Germany,2023-01-19
CUST3883,Eric,Patel,Female,Adults,Germany,2024-05-25
CUST3884,Brian,Andrews,Female,Teenagers,Germany,2023-05-24
CUST3885,Nicole,Knight,Female,Senior,Japan,2024-03-18
CUST3886,Julia,Miller,Other,Teenagers,India,2020-09-05
CUST3887,Richard,Johnson,Female,Senior,France,2022-11-22
CUST3888,Mark,Harris,Other,Adults,Canada,2022-03-25
CUST3889,Michael,Johnson,Female,Adults,France,2025-05-27
CUST3890,Eugene,Jones,Male,Adults,France,2023-05-05
CUST3891,Diana,Hale,Female,Teenagers,Germany,2023-10-10
CUST3893,Virginia,Sandoval,Male,Adults,UK,2024-01-26
CUST3894,Heather,Harris,Other,Senior,Japan,2023-04-09
CUST3895,Tonya,Morales,Other,Senior,UK,2024-10-12
CUST3897,David,Floyd,Female,Teenagers,Brazil,2024-01-12
CUST3898,Ronald,Fuller,Other,Adults,France,2021-07-10
CUST3900,Brandon,Dunn,Male,Teenagers,UK,2025-01-04
CUST3902,Jesse,Keith,Other,Senior,Australia,2020-12-18
CUST3903,Nicholas,Hall,Female,Adults,France,2023-07-23
CUST3904,Claire,Christian,Female,Adults,Japan,2023-05-21
CUST3906,Patricia,Oconnor,Female,Adults,UK,2021-05-27
CUST3908,Joseph,Thomas,Other,Teenagers,Australia,2021-04-09
CUST3909,Brett,Martin,Female,Teenagers,India,2023-01-19
CUST3910,Raymond,Lewis,Male,Teenagers,India,2024-01-01
CUST3911,Daniel,Bond,Female,Senior,Brazil,2024-08-21
CUST3912,Kelli,Wiley,Female,Senior,UK,2023-10-11
CUST3913,Joshua,Richards,Other,Senior,Germany,2021-03-19
CUST3914,Sherry,Walker,Other,Teenagers,Australia,2023-07-29
CUST3916,Joshua,Galloway,Male,Adults,Germany,2022-04-27
CUST3917,Bridget,Reynolds,Female,Adults,Australia,2022-02-25
CUST3919,Sean,Savage,Female,Teenagers,France,2023-10-06
CUST3921,Keith,Armstrong,Male,Adults,Australia,2024-01-28
CUST3922,Ashley,Herrera,Female,Adults,France,2023-11-07
CUST3923,Bryan,Robinson,Other,Senior,Brazil,2024-11-14
CUST3924,Brian,Wilson,Male,Adults,USA,2021-09-09
CUST3925,Amy,Everett,Male,Adults,Japan,2024-10-11
CUST3926,Elizabeth,Russo,Male,Teenagers,France,2024-02-13
CUST3927,Larry,Jones,Other,Senior,USA,2022-11-12
CUST3929,Noah,Wagner,Female,Adults,China,2024-05-07
CUST3931,Caroline,Joseph,Other,Adults,UK,2021-02-02
CUST3932,Amanda,Cardenas,Female,Adults,USA,2025-07-19
CUST3933,Rachel,Thompson,Female,Senior,France,2023-12-23
CUST3934,Karen,Gaines,Female,Teenagers,China,2024-04-17
CUST3937,Phillip,Clark,Female,Adults,UK,2021-05-11
CUST3938,Deborah,Anderson,Female,Senior,France,2022-03-02
CUST3939,Willie,Daniels,Female,Teenagers,UK,2022-10-27
CUST3940,Brian,Thompson,Other,Senior,Germany,2023-06-04
CUST3941,Cheryl,Barrett,Other,Adults,Australia,2021-08-06
CUST3942,Nicole,Smith,Other,Adults,France,2024-06-01
CUST3943,Rebecca,Sampson,Male,Teenagers,Canada,2021-04-02
CUST3944,Carrie,Jones,Female,Adults,USA,2023-11-28
CUST3945,Rebecca,Archer,Male,Senior,India,2024-06-18
CUST3946,Kathleen,Powell,Male,Senior,Brazil,2025-03-07
CUST3947,David,Brown,Other,Adults,Japan,2022-11-27
CUST3948,Sara,Johnson,Other,Teenagers,Australia,2024-03-03
CUST3951,Kristine,Bartlett,Other,Adults,India,2023-06-16
CUST3952,Jennifer,Hall,Female,Senior,Canada,2024-03-13
CUST3953,Michael,Perez,Female,Teenagers,Brazil,2025-01-17
CUST3954,Sierra,Watkins,Male,Teenagers,Australia,2023-07-28
CUST3955,Dawn,Mcpherson,Female,Teenagers,Canada,2022-11-01
CUST3956,Nancy,Olson,Other,Adults,Japan,2024-08-12
CUST3957,Jennifer,Fernandez,Female,Teenagers,Japan,2024-05-16
CUST3958,James,Thomas,Male,Teenagers,UK,2023-11-13
CUST3959,Sara,Jackson,Other,Adults,Japan,2023-11-02
CUST3960,Andrew,Stevenson,Female,Teenagers,Germany,2025-04-12
CUST3961,James,Butler,Other,Teenagers,UK,2024-07-08
CUST3963,Nancy,Johnson,Female,Teenagers,India,2022-05-03
CUST3964,Philip,Waller,Female,Adults,Brazil,2021-02-14
CUST3965,John,Burgess,Male,Senior,India,2024-11-07
CUST3966,Shannon,Zimmerman,Female,Teenagers,India,2021-02-09
CUST3967,Jennifer,Wilkerson,Other,Adults,Germany,2025-04-02
CUST3968,Mitchell,Brooks,Female,Senior,China,2023-10-21
CUST3969,Kimberly,Lee,Female,Teenagers,Canada,2021-10-21
CUST3970,Richard,Miller,Male,Adults,Canada,2021-08-14
CUST3971,Christopher,Estes,Other,Senior,UK,2022-09-25
CUST3972,Bruce,Howard,Other,Senior,Brazil,2024-01-17
CUST3973,Laura,Rose,Male,Adults,China,2024-11-10
CUST3974,Anita,Garcia,Other,Senior,USA,2025-02-16
CUST3975,Michael,Singh,Male,Teenagers,USA,2024-07-04
CUST3977,Kristin,Wilson,Other,Teenagers,Australia,2022-11-26
CUST3978,Paula,Lewis,Other,Teenagers,India,2023-06-26
CUST3979,Lori,Molina,Female,Teenagers,Japan,2022-02-14
CUST3980,Erica,Johnson,Female,Adults,Germany,2021-10-29
CUST3981,Jason,Brennan,Male,Senior,India,2024-01-12
CUST3982,Andrew,Tran,Female,Teenagers,China,2025-03-20
CUST3983,Mary,Daniels,Other,Teenagers,Germany,2023-07-31
CUST3984,Darius,Proctor,Female,Adults,USA,2024-01-23
CUST3985,Caitlin,Kelley,Male,Teenagers,Brazil,2023-12-20
CUST3986,Krystal,Snyder,Male,Adults,Australia,2020-09-25
CUST3987,Nancy,Scott,Female,Adults,India,2021-03-16
CUST3988,Monica,Miller,Female,Senior,USA,2023-02-28
CUST3989,Heidi,Lawrence,Male,Senior,India,2023-01-06
CUST3990,Priscilla,Anderson,Other,Teenagers,USA,2023-10-11
CUST3991,Nicole,Williamson,Male,Teenagers,Australia,2020-09-18
CUST3992,Tamara,Patton,Other,Adults,USA,2025-02-20
CUST3993,Lawrence,Kramer,Other,Senior,Australia,2022-03-26
CUST3994,Andrew,Payne,Male,Senior,China,2021-03-19
CUST3995,Brittany,Hill,Male,Adults,Australia,2023-12-28
CUST3996,Laura,Nelson,Female,Teenagers,China,2025-08-23
CUST3997,Amanda,Miller,Female,Adults,UK,2022-06-11
CUST3998,Joseph,Moore,Female,Adults,France,2022-11-12
CUST3999,Connie,Fox,Male,Adults,Japan,2024-03-06
CUST4000,Kenneth,Wright,Male,Adults,Australia,2020-10-31
CUST4001,Brett,Smith,Other,Teenagers,Canada,2021-07-27
CUST4003,Robert,Stone,Male,Senior,China,2022-02-18
CUST4004,Paul,Wang,Male,Senior,UK,2020-12-24
CUST4005,John,Herrera,Other,Teenagers,Brazil,2021-08-22
CUST4006,Angela,Murray,Male,Teenagers,India,2020-09-28
CUST4007,Christina,Gould,Male,Teenagers,Australia,2024-11-01
CUST4008,Antonio,Thompson,Female,Senior,Canada,2024-09-10
CUST4009,Mary,Hernandez,Female,Senior,Japan,2024-11-16
CUST4010,Megan,Roberts,Male,Senior,France,2023-05-20
CUST4011,Matthew,Ball,Female,Teenagers,Australia,2021-12-12
CUST4013,Joshua,Cameron,Male,Senior,Australia,2024-02-05
CUST4014,John,Stone,Male,Senior,Canada,2024-07-11
CUST4015,John,Diaz,Male,Senior,China,2025-08-01
CUST4016,Derrick,Maxwell,Other,Adults,France,2022-09-24
CUST4017,Carrie,Morgan,Male,Senior,USA,2020-12-08
CUST4018,George,Matthews,Female,Senior,Japan,2025-08-01
CUST4019,Shane,Newman,Other,Adults,India,2024-03-02
CUST4020,Jose,Williams,Other,Teenagers,USA,2024-10-06
CUST4021,Kim,Barnes,Other,Senior,Brazil,2021-12-08
CUST4022,Calvin,Davis,Male,Adults,Canada,2025-04-13
CUST4024,Robert,Butler,Other,Adults,India,2021-03-05
CUST4025,Derek,Schmidt,Female,Senior,China,2023-10-03
CUST4026,Alexandra,Clark,Male,Teenagers,Australia,2024-05-02
CUST4027,Matthew,Smith,Other,Teenagers,France,2024-08-13
CUST4028,Heather,Torres,Female,Adults,India,2023-05-01
CUST4029,Karen,Hawkins,Male,Adults,Brazil,2025-08-06
CUST4030,Alexandria,Escobar,Male,Senior,Canada,2024-07-12
CUST4031,Sarah,Johnson,Male,Teenagers,France,2024-02-09
CUST4032,Taylor,Mccall,Male,Senior,Japan,2024-09-23
CUST4033,Emily,Williams,Other,Adults,Canada,2024-01-09
CUST4035,Jeremiah,Turner,Female,Teenagers,India,2023-11-29
CUST4036,Charles,Morris,Male,Senior,China,2023-08-03
CUST4037,Colleen,Dixon,Female,Teenagers,Japan,2021-01-24
CUST4038,Angelica,Porter,Male,Senior,USA,2025-08-03
CUST4039,Denise,Reid,Other,Adults,China,2021-04-08
CUST4040,Ryan,Thompson,Male,Teenagers,Japan,2020-09-03
CUST4041,Bryan,Lin,Other,Senior,Japan,2020-11-21
CUST4042,Alexandria,Beard,Female,Teenagers,Japan,2023-02-11
CUST4043,Charles,Foster,Female,Teenagers,Brazil,2024-03-27
CUST4044,David,Vargas,Female,Teenagers,Australia,2023-11-12
CUST4045,Rachael,Porter,Other,Teenagers,Germany,2024-12-12
CUST4046,Vincent,Marshall,Female,Teenagers,USA,2024-07-04
CUST4047,Margaret,Ramirez,Other,Teenagers,USA,2020-11-05
CUST4048,Shelia,Juarez,Female,Adults,Japan,2023-06-22
CUST4049,Bradley,Simon,Male,Adults,Germany,2022-04-12
CUST4050,Cesar,Krueger,Other,Adults,Brazil,2022-04-20
CUST4051,Edward,Molina,Female,Adults,Australia,2024-01-29
CUST4052,Emily,Hughes,Other,Senior,UK,2023-06-06
CUST4053,Tina,Reyes,Male,Senior,Canada,2022-09-17
CUST4054,Michael,Stewart,Other,Adults,Canada,2022-08-01
CUST4055,Joann,Robinson,Female,Senior,Japan,2022-04-09
CUST4056,Eric,Robbins,Male,Adults,Canada,2022-02-21
CUST4057,Mariah,Daniels,Other,Adults,India,2022-06-16
CUST4058,Michael,Morales,Male,Adults,France,2022-04-15
CUST4059,Brandi,Smith,Male,Teenagers,France,2022-01-25
CUST4060,Jennifer,Steele,Other,Adults,Germany,2022-09-08
CUST4061,Cristina,Francis,Other,Adults,Canada,2023-11-19
CUST4062,Leah,Harris,Male,Teenagers,Brazil,2020-12-12
CUST4063,Laurie,White,Other,Teenagers,France,2022-03-16
CUST4064,Annette,Johnston,Male,Senior,Australia,2021-06-26
CUST4065,Jeffrey,Smith,Male,Teenagers,Australia,2023-10-27
CUST4066,Richard,Farmer,Female,Adults,Brazil,2022-12-16
CUST4068,Derek,Hammond,Female,Senior,Brazil,2024-08-09
CUST4069,Scott,Lopez,Female,Teenagers,Australia,2021-03-30
CUST4070,Ana,Archer,Female,Teenagers,France,2023-09-10
CUST4071,Gregory,Alvarez,Male,Adults,Canada,2022-05-04
CUST4072,Debra,Holland,Male,Adults,Brazil,2024-10-24
CUST4073,Melanie,Jensen,Female,Teenagers,China,2020-11-15
CUST4074,Jason,Dixon,Female,Teenagers,Germany,2023-07-24
CUST4075,Chelsea,Andrade,Female,Teenagers,Brazil,2024-06-25
CUST4076,Laura,Rocha,Male,Senior,France,2023-07-23
CUST4078,Holly,Rodriguez,Male,Senior,UK,2025-02-28
CUST4079,Erika,Hernandez,Male,Teenagers,France,2021-05-12
CUST4080,William,Ramos,Female,Adults,Australia,2023-07-17
CUST4081,Dalton,Medina,Male,Senior,Australia,2025-06-26
CUST4082,Kristi,Jennings,Female,Senior,Australia,2023-11-20
CUST4083,Jason,Miller,Male,Adults,Australia,2023-04-25
CUST4084,Jessica,Rice,Female,Adults,Canada,2023-05-14
CUST4085,Melissa,Jackson,Male,Teenagers,China,2023-11-08
CUST4086,Jamie,Collins,Male,Adults,Japan,2020-08-30
CUST4087,Lisa,Galvan,Male,Teenagers,Brazil,2022-09-23
CUST4088,Steve,Levine,Female,Adults,Brazil,2022-07-06
CUST4090,Kristine,Barker,Female,Senior,Brazil,2021-01-07
CUST4091,John,Giles,Male,Senior,UK,2023-01-02
CUST4092,Joseph,Snyder,Other,Senior,China,2021-01-17
CUST4093,Gregory,Butler,Other,Adults,Japan,2020-09-10
CUST4094,Amanda,Bradley,Male,Senior,Germany,2022-05-14
CUST4096,Christine,Reid,Female,Adults,USA,2022-03-28
CUST4097,Anna,Wilkins,Other,Senior,Canada,2021-06-05
CUST4098,Mark,Baxter,Other,Senior,UK,2023-04-30
CUST4099,Sydney,Johnson,Female,Senior,UK,2021-12-24
CUST4100,Nicholas,West,Male,Senior,India,2022-06-25
CUST4101,Sarah,Smith,Male,Teenagers,India,2024-02-04
CUST4102,Daniel,Beasley,Male,Senior,USA,2024-12-07
CUST4103,William,Charles,Male,Senior,Australia,2025-07-21
CUST4104,Mathew,Tran,Other,Senior,France,2021-11-12
CUST4105,Amanda,Olson,Other,Teenagers,India,2025-02-27
CUST4107,Diane,Bates,Other,Senior,Brazil,2023-11-08
CUST4108,Thomas,Gomez,Other,Senior,Canada,2025-01-03
CUST4109,Brittany,Pitts,Female,Senior,Japan,2025-01-07
CUST4110,Julia,Coleman,Other,Adults,USA,2021-12-13
CUST4111,Adam,Thomas,Male,Teenagers,Brazil,2021-04-13
CUST4112,Susan,Barnes,Female,Senior,France,2024-11-09
CUST4113,Tracy,Anderson,Male,Senior,UK,2021-06-21
CUST4114,Barry,Leon,Other,Teenagers,Brazil,2023-02-18
CUST4116,Emily,Contreras,Other,Adults,France,2021-03-28
CUST4117,Jennifer,Lloyd,Male,Senior,Brazil,2022-04-18
CUST4118,Jason,Meyer,Male,Adults,Australia,2022-05-21
CUST4119,Jason,Lawson,Other,Teenagers,USA,2024-06-12
CUST4120,Amy,Anderson,Female,Teenagers,Canada,2023-08-07
CUST4121,Kathleen,Fletcher,Male,Teenagers,UK,2021-10-24
CUST4122,Sara,Barrera,Male,Teenagers,Canada,2025-02-10
CUST4123,Brian,Jones,Male,Teenagers,France,2023-09-24
CUST4124,Charles,Tyler,Other,Senior,Japan,2024-05-20
CUST4126,Barbara,Gutierrez,Male,Adults,USA,2023-02-24
CUST4127,Richard,Ruiz,Other,Senior,Japan,2023-03-29
CUST4128,Gina,Douglas,Male,Senior,Germany,2024-12-14
CUST4129,Danny,Robinson,Other,Teenagers,India,2024-02-26
CUST4130,Gloria,Bush,Male,Adults,India,2023-08-26
CUST4131,Chad,Cunningham,Male,Adults,Germany,2022-03-22
CUST4132,Johnathan,Smith,Other,Senior,Australia,2024-08-07
CUST4133,Teresa,Miller,Other,Adults,Canada,2024-05-26
CUST4135,Jared,Coleman,Male,Senior,USA,2023-01-02
CUST4136,John,Mack,Other,Adults,India,2020-09-27
CUST4137,Gregory,Jones,Female,Adults,India,2022-08-29
CUST4138,Michael,Hooper,Male,Teenagers,Australia,2024-01-13
CUST4139,Jared,Taylor,Male,Teenagers,China,2021-05-14
CUST4140,Mary,Evans,Male,Senior,France,2023-02-27
CUST4141,Abigail,Moran,Other,Teenagers,Australia,2023-11-30
CUST4142,Russell,Hughes,Other,Senior,Japan,2022-08-14
CUST4143,Angela,Reed,Male,Adults,Canada,2025-08-18
CUST4144,Karen,Hoffman,Female,Senior,Australia,2022-04-24
CUST4145,Derrick,Johnson,Male,Senior,Brazil,2022-10-28
CUST4146,Meghan,Macdonald,Male,Adults,Australia,2025-07-15
CUST4148,Kelly,Morris,Female,Senior,Germany,2024-04-13
CUST4149,Jonathan,Nelson,Female,Adults,Brazil,2025-04-03
CUST4150,Traci,Sosa,Female,Senior,China,2023-11-12
CUST4154,Shannon,Lopez,Male,Adults,India,2022-05-29
CUST4155,Jason,Weaver,Male,Adults,India,2022-08-29
CUST4156,James,Fry,Female,Senior,USA,2021-12-27
CUST4157,Crystal,Robinson,Male,Teenagers,France,2024-11-03
CUST4158,Nicholas,Garcia,Other,Senior,Canada,2022-03-27
CUST4159,Thomas,Long,Male,Adults,Brazil,2022-12-24
CUST4160,Vicki,Phillips,Female,Senior,Germany,2024-07-24
CUST4161,Holly,Ramos,Male,Senior,India,2023-09-03
CUST4163,Anthony,Bennett,Other,Senior,Canada,2023-02-22
CUST4164,Jennifer,Obrien,Other,Teenagers,China,2025-05-01
CUST4165,Mitchell,Contreras,Female,Teenagers,Germany,2021-12-14
CUST4168,Jason,Miller,Other,Adults,China,2021-07-16
CUST4169,Donald,Kelly,Male,Teenagers,Germany,2022-11-24
CUST4170,Christopher,Davila,Other,Senior,India,2025-04-14
CUST4171,Michael,Patterson,Other,Teenagers,Brazil,2024-08-09
CUST4172,Jacob,Hamilton,Male,Senior,China,2024-12-07
CUST4173,Antonio,Cruz,Other,Adults,USA,2020-12-23
CUST4174,Daniel,Gray,Other,Adults,China,2022-11-10
CUST4177,Joshua,Taylor,Female,Teenagers,Germany,2022-05-30
CUST4178,Vanessa,Johnson,Female,Teenagers,Australia,2022-12-30
CUST4179,Ryan,Vincent,Female,Senior,Japan,2021-01-10
CUST4180,Kara,Nguyen,Male,Teenagers,Brazil,2021-12-30
CUST4181,Paula,Jones,Male,Adults,France,2023-08-16
CUST4182,Dawn,Garcia,Female,Teenagers,Brazil,2022-10-06
CUST4183,John,Lyons,Female,Senior,Germany,2022-12-10
CUST4184,Gerald,Hawkins,Male,Teenagers,UK,2020-11-17
CUST4185,Jocelyn,Green,Female,Senior,Japan,2024-03-09
CUST4186,Hannah,James,Female,Senior,France,2025-06-29
CUST4188,Ruben,Harris,Female,Senior,UK,2021-10-29
CUST4190,Tammy,Williams,Male,Adults,France,2022-05-13
CUST4191,Nancy,Turner,Other,Teenagers,Canada,2024-10-30
CUST4192,Stephanie,Lawrence,Other,Teenagers,India,2024-11-27
CUST4193,Ashley,Salazar,Other,Adults,Australia,2022-09-20
CUST4194,Lisa,Brooks,Other,Adults,Canada,2024-11-09
CUST4195,Emily,Williams,Female,Adults,China,2021-12-22
CUST4196,Maria,Miller,Other,Teenagers,Germany,2021-08-27
CUST4197,Karen,Morales,Female,Teenagers,Japan,2021-04-01
CUST4198,William,Glass,Male,Teenagers,Canada,2022-10-06
CUST4199,Corey,Andersen,Other,Adults,USA,2024-11-19
CUST4200,Kyle,Hughes,Female,Adults,Canada,2024-03-31
CUST4201,William,Roberts,Male,Senior,Brazil,2021-07-05
CUST4202,Mark,Brown,Other,Adults,Brazil,2023-04-17
CUST4203,Austin,Pena,Other,Adults,Germany,2021-07-29
CUST4204,Leah,Butler,Female,Senior,Japan,2022-10-04
CUST4205,John,Martin,Male,Senior,Brazil,2024-03-16
CUST4206,Ronald,Williams,Female,Senior,Australia,2023-04-24
CUST4207,Samantha,Murillo,Other,Teenagers,Brazil,2022-09-16
CUST4208,Eileen,Farmer,Other,Adults,Germany,2022-10-30
CUST4209,Catherine,Rodriguez,Male,Senior,Brazil,2021-12-28
CUST4210,Miranda,Walker,Female,Adults,China,2023-06-14
CUST4211,Anne,Lee,Other,Adults,UK,2021-04-18
CUST4212,Aaron,Gordon,Female,Adults,China,2024-12-19
CUST4213,Michael,Patterson,Female,Adults,Australia,2022-06-26
CUST4214,David,Cooper,Female,Teenagers,Canada,2023-08-31
CUST4216,Kelly,Greene,Female,Teenagers,USA,2025-06-30
CUST4217,Travis,Crawford,Female,Adults,Japan,2023-12-28
CUST4218,Heather,King,Other,Adults,France,2022-12-28
CUST4219,Emily,Hendrix,Male,Teenagers,Brazil,2022-10-17
CUST4220,Hannah,Mitchell,Other,Adults,Australia,2020-09-22
CUST4221,Hailey,Rangel,Female,Teenagers,Germany,2025-04-30
CUST4222,Jonathon,Ward,Female,Adults,India,2022-08-13
CUST4223,Jennifer,Austin,Male,Teenagers,India,2023-08-13
CUST4224,Abigail,Lyons,Other,Senior,Germany,2022-08-22
CUST4225,Mary,Klein,Male,Teenagers,China,2023-07-01
CUST4226,Samantha,Heath,Male,Teenagers,India,2025-07-15
CUST4227,Frederick,Aguilar,Other,Adults,UK,2021-01-16
CUST4228,Veronica,Zimmerman,Other,Teenagers,India,2022-10-19
CUST4229,Dillon,Mitchell,Male,Adults,Germany,2021-12-02
CUST4230,Jeffrey,Crawford,Other,Senior,USA,2022-07-16
CUST4231,John,Fitzpatrick,Other,Senior,Germany,2023-06-13
CUST4232,Melissa,Hammond,Other,Adults,Australia,2021-08-30
CUST4234,Daniel,Mann,Male,Adults,Canada,2021-07-18
CUST4235,Tiffany,Campos,Other,Teenagers,UK,2020-09-05
CUST4236,Elizabeth,Rodriguez,Female,Teenagers,Brazil,2021-04-16
CUST4237,Courtney,Frazier,Female,Teenagers,France,2022-10-28
CUST4239,Daniel,Patel,Female,Adults,Brazil,2025-03-07
CUST4240,Jade,Cook,Male,Senior,Japan,2023-11-19
CUST4241,Cameron,Adkins,Other,Adults,Australia,2023-04-14
CUST4243,Denise,Johnston,Male,Senior,Germany,2020-09-05
CUST4244,Scott,Smith,Female,Senior,France,2023-02-02
CUST4245,Michael,Evans,Male,Teenagers,Canada,2025-02-11
CUST4246,Melissa,Hoover,Other,Senior,Canada,2025-04-20
CUST4247,Dustin,Perry,Other,Senior,India,2021-02-24
CUST4248,Timothy,Ferrell,Other,Senior,Brazil,2021-09-03
CUST4249,Taylor,Hill,Female,Senior,UK,2022-05-28
CUST4250,James,Lyons,Male,Adults,Japan,2025-04-05
CUST4251,Michael,Mcdonald,Female,Teenagers,USA,2024-06-21
CUST4252,Marie,Johnson,Male,Adults,France,2023-05-24
CUST4253,Anthony,Long,Male,Adults,Brazil,2021-01-07
CUST4254,Laura,Lee,Other,Teenagers,Canada,2025-08-22
CUST4255,Kristen,Terrell,Male,Adults,UK,2020-11-29
CUST4258,Scott,Mcconnell,Other,Teenagers,Germany,2024-11-30
CUST4259,Mary,Tucker,Male,Adults,France,2020-10-04
CUST4260,Brian,Malone,Male,Adults,USA,2024-07-21
CUST4261,Kristy,Torres,Female,Teenagers,Germany,2020-10-06
CUST4262,Tara,Nash,Male,Senior,France,2024-08-15
CUST4263,Holly,Wilson,Female,Senior,Japan,2022-07-23
CUST4264,Robert,Anderson,Male,Teenagers,Germany,2025-07-18
CUST4265,Joshua,Lewis,Male,Adults,Brazil,2021-10-19
CUST4266,Scott,Gregory,Male,Senior,Germany,2025-02-01
CUST4267,Taylor,Bradley,Other,Teenagers,Japan,2022-07-23
CUST4268,Miranda,Ball,Other,Teenagers,Brazil,2021-05-05
CUST4271,John,Martinez,Male,Teenagers,Australia,2020-10-08
CUST4272,Karen,Robertson,Female,Adults,Canada,2022-08-15
CUST4273,Ralph,Luna,Female,Adults,Canada,2024-07-01
CUST4276,Susan,Briggs,Female,Teenagers,China,2021-06-26
CUST4277,Stephen,Hughes,Female,Adults,France,2021-03-27
CUST4278,Brianna,Castro,Male,Teenagers,Japan,2025-06-30
CUST4281,Patricia,Stevens,Male,Senior,UK,2022-10-24
CUST4282,Benjamin,Simpson,Other,Teenagers,Brazil,2025-03-23
CUST4283,Kelly,Gonzalez,Female,Adults,Brazil,2023-03-19
CUST4284,Thomas,Mccullough,Other,Teenagers,Germany,2023-10-04
CUST4286,James,Evans,Female,Teenagers,China,2022-01-30
CUST4287,Brianna,Aguilar,Female,Adults,Brazil,2021-04-09
CUST4288,Billy,White,Female,Teenagers,USA,2023-04-10
CUST4289,Valerie,Smith,Other,Senior,UK,2021-06-22
CUST4290,Brenda,Walker,Male,Teenagers,UK,2025-07-14
CUST4293,Tonya,Fritz,Female,Teenagers,India,2023-03-08
CUST4294,Sherri,Houston,Female,Adults,India,2025-04-02
CUST4295,Whitney,Johnson,Female,Teenagers,UK,2024-08-21
CUST4296,Jeremy,Summers,Male,Teenagers,France,2022-12-28
CUST4298,Laura,Hartman,Male,Adults,China,2025-04-11
CUST4299,Elijah,Wood,Other,Senior,Japan,2022-03-11
CUST4301,Mark,Reyes,Male,Adults,Brazil,2023-12-12
CUST4302,Briana,Ellis,Other,Adults,Brazil,2025-07-08
CUST4303,Kelsey,Glover,Other,Adults,Germany,2023-06-22
CUST4304,Melissa,Smith,Male,Senior,China,2022-10-09
CUST4305,Julie,Robinson,Female,Senior,Canada,2022-07-22
CUST4306,Dorothy,Davis,Male,Senior,China,2022-02-16
CUST4307,Denise,Mcmillan,Female,Adults,Japan,2021-12-03
CUST4308,Bobby,Taylor,Male,Teenagers,Canada,2025-03-30
CUST4309,Tina,Sellers,Female,Senior,Japan,2025-03-15
CUST4310,Samuel,Moore,Other,Senior,USA,2023-08-11
CUST4311,Robin,Hess,Female,Senior,France,2024-12-18
CUST4312,Patrick,Oconnor,Female,Teenagers,Germany,2021-12-29
CUST4313,Mitchell,Cox,Female,Adults,Germany,2025-04-26
CUST4314,Philip,Warren,Male,Adults,Germany,2021-08-16
CUST4315,Sarah,Clark,Female,Adults,Australia,2024-03-12
CUST4316,Christina,Taylor,Female,Teenagers,China,2020-09-26
CUST4317,Leslie,Frederick,Other,Senior,Brazil,2020-12-30
CUST4318,Eddie,Rodriguez,Female,Adults,UK,2020-11-24
CUST4319,Melissa,Velasquez,Male,Senior,India,2024-10-28
CUST4320,Lisa,Henderson,Other,Adults,India,2020-11-11
CUST4321,Derek,Erickson,Female,Senior,France,2020-11-17
CUST4322,Sara,Brown,Male,Senior,France,2024-11-19
CUST4323,Catherine,Flores,Female,Teenagers,China,2024-10-20
CUST4324,Jonathan,Hicks,Male,Senior,France,2021-05-16
CUST4325,Michael,Adams,Other,Teenagers,China,2025-07-28
CUST4326,Bradley,Wright,Other,Teenagers,USA,2024-05-27
CUST4327,Michael,Moore,Male,Teenagers,UK,2024-08-19
CUST4328,Michael,Brown,Female,Teenagers,Australia,2024-02-17
CUST4329,Nicole,Nunez,Male,Senior,USA,2021-08-26
CUST4330,George,Collins,Male,Adults,Canada,2021-11-16
CUST4332,Jessica,Burke,Male,Teenagers,Canada,2021-08-16
CUST4333,Anthony,Griffin,Male,Senior,Canada,2022-05-05
CUST4334,Meagan,Jones,Male,Adults,India,2023-01-19
CUST4335,Kimberly,Reilly,Other,Teenagers,Japan,2021-10-28
CUST4336,Timothy,Singleton,Female,Senior,Canada,2020-09-25
CUST4337,James,Morgan,Female,Teenagers,UK,2024-02-20
CUST4338,Michelle,Duran,Female,Teenagers,UK,2024-08-04
CUST4339,Morgan,Wright,Male,Teenagers,Japan,2023-02-28
CUST4341,Michael,Hanna,Female,Senior,France,2024-02-24
CUST4342,Benjamin,Haas,Other,Teenagers,Japan,2024-09-02
CUST4343,Justin,English,Female,Teenagers,Canada,2022-04-05
CUST4344,Ashley,Page,Male,Teenagers,Japan,2023-06-11
CUST4345,Lynn,Robles,Male,Adults,Japan,2024-02-09
CUST4346,Trevor,Mccormick,Female,Senior,Brazil,2024-12-22
CUST4347,Gerald,Estes,Female,Teenagers,India,2021-06-14
CUST4348,Lori,Davis,Female,Adults,UK,2022-04-23
CUST4349,Morgan,Brown,Other,Senior,Australia,2024-01-02
CUST4350,Suzanne,Jackson,Male,Teenagers,Brazil,2021-09-30
CUST4351,Katherine,Davis,Other,Senior,Brazil,2023-03-26
CUST4352,Jill,Rowland,Other,Teenagers,India,2024-07-10
CUST4353,Autumn,Rivas,Female,Adults,France,2023-01-29
CUST4354,Kristin,Silva,Other,Adults,Germany,2022-11-12
CUST4355,Ann,Nguyen,Other,Adults,UK,2021-03-06
CUST4356,Bill,Carter,Female,Adults,France,2023-06-26
CUST4358,Nicole,Moore,Male,Adults,Germany,2021-03-13
CUST4359,William,Mcdonald,Female,Teenagers,Australia,2020-10-24
CUST4360,Isaiah,James,Female,Adults,Australia,2024-10-17
CUST4361,Maria,Arias,Female,Senior,Japan,2022-01-08
CUST4363,Charles,Bradley,Male,Teenagers,Canada,2023-09-23
CUST4364,John,Mcdaniel,Male,Senior,Japan,2021-10-13
CUST4365,Austin,Brown,Other,Senior,Canada,2025-03-15
CUST4366,Jack,Clayton,Male,Senior,Brazil,2021-04-02
CUST4368,Aaron,Herman,Other,Adults,Australia,2021-11-21
CUST4369,Michael,Barber,Female,Adults,China,2025-06-18
CUST4370,Katherine,Rodriguez,Other,Teenagers,India,2021-01-05
CUST4372,Ashley,Moore,Male,Senior,UK,2022-05-06
CUST4373,Randall,Mason,Female,Senior,Canada,2021-05-03
CUST4375,Erika,Bowman,Other,Adults,France,2022-10-23
CUST4376,Tony,Fisher,Female,Teenagers,France,2023-10-15
CUST4377,Thomas,Weaver,Male,Senior,Australia,2025-02-26
CUST4379,Kayla,Bryan,Other,Senior,Canada,2020-09-18
CUST4380,Michael,Carson,Male,Teenagers,Germany,2025-06-27
CUST4381,Austin,Parker,Male,Senior,USA,2021-07-01
CUST4382,Susan,Campbell,Female,Adults,UK,2022-03-24
CUST4383,Tiffany,Koch,Female,Senior,Brazil,2020-08-30
CUST4384,Kayla,Patton,Other,Adults,Brazil,2021-04-29
CUST4385,Michelle,Lewis,Female,Adults,France,2022-07-16
CUST4386,Mary,Long,Other,Senior,Brazil,2024-07-07
CUST4387,Nathan,Lawson,Female,Teenagers,USA,2024-10-02
CUST4388,Joseph,Bennett,Female,Teenagers,USA,2024-02-11
CUST4389,Anne,Davis,Female,Senior,Brazil,2024-05-23
CUST4390,Jeffrey,Cantu,Female,Teenagers,Germany,2022-06-22
CUST4392,Ashley,Holloway,Other,Senior,India,2021-04-30
CUST4393,Michelle,Goodman,Other,Adults,Germany,2025-08-09
CUST4394,Debbie,Gutierrez,Other,Teenagers,Brazil,2021-04-10
CUST4395,Victor,Crawford,Female,Teenagers,USA,2020-12-23
CUST4396,Angela,Hayes,Male,Adults,China,2023-04-08
CUST4397,Anthony,Matthews,Female,Teenagers,France,2024-12-23
CUST4398,Kayla,Howard,Other,Teenagers,Canada,2021-12-23
CUST4399,Tammy,Nguyen,Other,Teenagers,India,2024-10-13
CUST4400,Patricia,Tanner,Female,Adults,Australia,2021-09-01
CUST4401,Jennifer,Lucas,Other,Senior,USA,2024-09-12
CUST4402,John,Odonnell,Other,Adults,India,2020-12-18
CUST4404,Carmen,Woodard,Male,Teenagers,India,2021-09-11
CUST4406,Gregory,Navarro,Male,Senior,Germany,2021-08-11
CUST4407,Jesse,Wright,Female,Senior,UK,2022-04-03
CUST4408,Erika,Gonzalez,Female,Senior,USA,2022-06-16
CUST4409,Olivia,Weaver,Female,Teenagers,Germany,2021-10-01
CUST4410,Claudia,Brady,Female,Adults,USA,2024-11-06
CUST4411,Jessica,Collins,Other,Adults,Canada,2025-06-07
CUST4412,Danielle,Butler,Other,Adults,India,2024-11-09
CUST4413,Kevin,Gomez,Other,Senior,Brazil,2022-06-29
CUST4415,Gregory,Stevens,Female,Teenagers,USA,2021-08-19
CUST4416,Stephanie,Leblanc,Other,Senior,Japan,2020-12-01
CUST4417,Brenda,Duke,Male,Senior,Brazil,2023-03-05
CUST4418,Timothy,Norris,Female,Teenagers,China,2025-06-27
CUST4419,Katherine,Garrett,Male,Teenagers,UK,2024-04-19
CUST4420,Joseph,Matthews,Male,Senior,India,2025-03-16
CUST4422,Kara,Brown,Male,Senior,India,2022-02-24
CUST4423,William,Kent,Male,Teenagers,China,2023-09-28
CUST4424,Megan,Wright,Other,Teenagers,India,2021-11-26
CUST4425,Sierra,Nicholson,Female,Adults,China,2025-06-07
CUST4427,Tina,Fuller,Other,Adults,China,2021-12-31
CUST4428,Kristine,Baxter,Male,Adults,Japan,2023-09-08
CUST4429,Patricia,Richardson,Male,Senior,France,2024-08-21
CUST4430,Michael,Thomas,Male,Adults,India,2024-02-14
CUST4431,Tracy,Mcdaniel,Female,Teenagers,France,2023-08-07
CUST4432,Ashley,Thomas,Female,Teenagers,China,2020-12-04
CUST4433,Brian,Davis,Female,Teenagers,Canada,2025-02-25
CUST4434,Shannon,Jenkins,Male,Senior,Japan,2023-08-31
CUST4436,John,Reyes,Male,Teenagers,Brazil,2024-01-11
CUST4437,George,Garcia,Other,Adults,Japan,2025-07-31
CUST4438,Richard,Perry,Other,Teenagers,France,2022-06-01
CUST4439,Dana,Williamson,Male,Senior,Japan,2022-04-21
CUST4440,Keith,Bates,Female,Teenagers,China,2022-10-17
CUST4441,Susan,Myers,Female,Teenagers,India,2021-06-27
CUST4442,Jessica,Johnson,Female,Senior,Canada,2020-11-07
CUST4443,Edward,Johnson,Male,Teenagers,Canada,2025-02-13
CUST4444,Chris,James,Female,Senior,Canada,2022-06-11
CUST4445,Amber,Curtis,Other,Teenagers,Germany,2024-09-25
CUST4446,Sergio,Ramirez,Male,Adults,Brazil,2021-08-17
CUST4447,Sally,Atkinson,Female,Teenagers,India,2022-02-02
CUST4448,Steven,Thomas,Other,Senior,Japan,2024-07-02
CUST4449,Cole,Mills,Male,Teenagers,Germany,2020-08-28
CUST4450,Kenneth,Moon,Female,Adults,Australia,2024-09-30
CUST4451,Maria,Choi,Female,Senior,Japan,2023-02-02
CUST4452,Susan,Mcguire,Female,Teenagers,Australia,2020-11-14
CUST4453,Nicholas,Mooney,Female,Adults,China,2023-02-12
CUST4454,Samantha,Alvarado,Male,Teenagers,USA,2022-03-22
CUST4456,Johnny,Barrera,Other,Teenagers,Japan,2021-09-06
CUST4458,Anthony,Romero,Other,Teenagers,Japan,2022-04-28
CUST4459,Lisa,Thomas,Other,Adults,France,2024-11-21
CUST4460,Jeremy,Knight,Male,Senior,Canada,2025-06-19
CUST4461,Amanda,Christian,Other,Teenagers,Australia,2024-06-23
CUST4462,Kathryn,Perez,Male,Adults,Australia,2023-05-05
CUST4463,Christopher,White,Male,Adults,China,2023-08-24
CUST4464,David,Hill,Other,Teenagers,India,2021-11-18
CUST4465,Timothy,May,Other,Senior,France,2024-04-01
CUST4466,Chloe,Martin,Male,Adults,Canada,2022-09-11
CUST4467,Jennifer,Williams,Male,Adults,Japan,2020-08-29
CUST4468,Ricky,Miles,Male,Teenagers,China,2023-04-24
CUST4469,Mindy,Walker,Female,Teenagers,Canada,2024-02-02
CUST4470,Sean,Hernandez,Female,Adults,France,2022-07-13
CUST4471,Jessica,Daniels,Male,Adults,France,2024-11-30
CUST4473,Jennifer,Adams,Other,Adults,Japan,2024-05-10
CUST4474,William,Sanchez,Male,Adults,Canada,2021-10-02
CUST4475,Jennifer,Harris,Female,Senior,UK,2021-03-29
CUST4476,Carrie,Robinson,Male,Senior,Japan,2024-08-06
CUST4479,Heather,Robinson,Other,Senior,UK,2025-05-16
CUST4480,Logan,Adams,Other,Senior,Australia,2025-01-19
CUST4481,Ronald,Potter,Male,Teenagers,Canada,2024-10-05
CUST4482,David,Melton,Other,Senior,Australia,2021-06-24
CUST4483,Melissa,Young,Female,Senior,USA,2025-08-01
CUST4484,Leroy,Young,Female,Senior,France,2025-02-01
CUST4485,Ashley,Hampton,Male,Adults,UK,2022-10-30
CUST4486,Shirley,Murphy,Female,Teenagers,China,2025-06-27
CUST4487,Heather,Hampton,Female,Teenagers,UK,2024-08-04
CUST4488,Donald,Lyons,Male,Adults,USA,2022-12-01
CUST4489,Stacy,Ford,Other,Teenagers,USA,2024-12-03
CUST4491,Phillip,Tran,Male,Senior,Canada,2022-03-16
CUST4492,Johnny,Reed,Male,Adults,Japan,2021-11-11
CUST4493,Timothy,Arellano,Other,Teenagers,China,2022-06-30
CUST4494,Jeffrey,Murphy,Other,Senior,Japan,2021-09-07
CUST4495,Veronica,Hughes,Male,Adults,UK,2024-08-12
CUST4496,Jesse,Crane,Male,Senior,Canada,2021-03-10
CUST4497,Scott,Hernandez,Other,Teenagers,USA,2023-09-09
CUST4498,Deborah,Gill,Other,Teenagers,India,2022-03-07
CUST4499,Jesus,Jones,Other,Teenagers,Australia,2022-11-17
CUST4500,Jonathan,Hughes,Male,Senior,Japan,2021-03-20
CUST4501,Zachary,Norris,Female,Teenagers,Japan,2025-07-11
CUST4502,Jaime,Wright,Male,Adults,Canada,2024-06-09
CUST4503,Jesse,Conrad,Other,Senior,Japan,2024-07-16
CUST4504,Michelle,Calhoun,Female,Teenagers,India,2022-07-22
CUST4505,Stephanie,Martin,Other,Senior,Brazil,2023-11-05
CUST4506,Nathan,Vega,Male,Teenagers,China,2022-08-02
CUST4507,John,Long,Female,Adults,Brazil,2023-07-17
CUST4508,Kim,Henry,Female,Adults,France,2020-11-09
CUST4509,Jennifer,Kelley,Female,Adults,UK,2024-11-23
CUST4510,Jason,Garcia,Other,Adults,France,2023-12-11
CUST4511,Susan,Jones,Female,Adults,France,2025-03-31
CUST4512,Spencer,Foster,Male,Senior,Germany,2023-07-18
CUST4513,Chelsey,Wilkinson,Female,Senior,France,2023-09-13
CUST4514,Pam,Ryan,Male,Senior,Brazil,2025-01-20
CUST4515,Courtney,Fuentes,Other,Adults,Canada,2023-03-30
CUST4516,Vanessa,Yang,Other,Senior,China,2024-07-19
CUST4517,Brandy,Price,Male,Adults,Australia,2022-06-24
CUST4519,Sharon,Sanchez,Other,Adults,Canada,2021-11-20
CUST4520,Kevin,Johnson,Male,Teenagers,France,2024-11-20
CUST4521,Stacy,Massey,Female,Senior,China,2024-01-04
CUST4522,Monica,Gillespie,Male,Senior,USA,2021-01-12
CUST4523,Amanda,Ramos,Other,Teenagers,India,2022-04-20
CUST4524,Rebecca,Fowler,Male,Adults,Germany,2023-06-25
CUST4525,Manuel,Jennings,Male,Adults,USA,2020-10-04
CUST4526,Pamela,Lyons,Other,Teenagers,France,2023-08-23
CUST4527,Lori,Jackson,Male,Senior,UK,2023-12-17
CUST4529,Chris,Guzman,Female,Teenagers,Brazil,2024-05-04
CUST4530,Chad,Montes,Other,Teenagers,USA,2024-08-09
CUST4531,Amber,Cobb,Female,Teenagers,India,2024-12-27
CUST4532,Mary,Murray,Other,Teenagers,India,2020-12-27
CUST4533,Melissa,West,Other,Senior,India,2022-10-25
CUST4534,Paul,Norris,Other,Adults,USA,2022-05-08
CUST4535,Regina,Myers,Other,Adults,USA,2024-08-04
CUST4536,Lisa,Mathews,Female,Senior,USA,2023-10-30
CUST4537,Cynthia,Chan,Female,Teenagers,Canada,2025-07-19
CUST4538,Travis,Valdez,Other,Senior,Japan,2024-08-05
CUST4539,Regina,Foster,Male,Adults,USA,2022-08-26
CUST4540,Lauren,King,Other,Adults,Canada,2022-05-05
CUST4541,Lauren,Gallagher,Female,Senior,Brazil,2024-07-13
CUST4543,Andrew,Brewer,Other,Teenagers,UK,2025-04-04
CUST4544,Lance,Morales,Female,Senior,Germany,2022-09-22
CUST4546,Antonio,Walter,Other,Senior,Germany,2023-04-23
CUST4547,John,Morris,Other,Teenagers,Germany,2022-11-26
CUST4548,Rebecca,Weaver,Male,Adults,Japan,2025-04-25
CUST4549,Peter,Perez,Male,Adults,Japan,2021-10-16
CUST4550,Nicholas,Castillo,Other,Teenagers,USA,2024-06-26
CUST4551,Dawn,Howard,Other,Teenagers,Japan,2023-03-18
CUST4552,Dana,Wilkerson,Male,Teenagers,Japan,2023-05-27
CUST4554,Linda,Baldwin,Other,Senior,Canada,2025-01-22
CUST4555,Joshua,Colon,Other,Senior,Japan,2023-01-05
CUST4556,Rachel,Sosa,Male,Adults,India,2025-01-26
CUST4557,Justin,Walker,Other,Adults,India,2023-12-02
CUST4558,Teresa,Harvey,Male,Senior,Australia,2021-10-13
CUST4559,Janet,Garcia,Other,Adults,India,2025-01-21
CUST4560,Joshua,Thomas,Male,Teenagers,Australia,2022-08-19
CUST4561,April,Wilson,Male,Teenagers,China,2021-03-01
CUST4562,Ryan,Pratt,Other,Senior,India,2021-10-31
CUST4563,Brian,Johnson,Male,Teenagers,Australia,2022-01-21
CUST4565,Sarah,Douglas,Other,Teenagers,China,2023-02-05
CUST4568,Brian,Riley,Female,Senior,USA,2021-03-04
CUST4569,Ronnie,Griffin,Male,Teenagers,Brazil,2025-06-10
CUST4570,Victor,Brown,Other,Senior,Japan,2022-02-16
CUST4571,James,Rodriguez,Other,Teenagers,Japan,2023-08-11
CUST4572,Dylan,Frey,Female,Senior,India,2024-12-20
CUST4573,Kathryn,Cole,Other,Teenagers,France,2022-04-22
CUST4574,James,Ford,Female,Adults,France,2024-05-03
CUST4575,Heather,Vang,Male,Senior,China,2021-06-08
CUST4576,Jason,Bush,Other,Teenagers,India,2022-04-28
CUST4577,Abigail,Smith,Other,Teenagers,Brazil,2024-09-14
CUST4578,Ann,Brown,Female,Teenagers,Germany,2023-05-30
CUST4580,Dylan,Hoffman,Other,Senior,Germany,2024-08-18
CUST4581,Isabel,Smith,Male,Teenagers,France,2023-12-02
CUST4582,Melanie,Williams,Female,Teenagers,Germany,2022-04-10
CUST4583,Elizabeth,Wilson,Female,Adults,China,2025-07-31
CUST4584,Lisa,Payne,Male,Senior,Germany,2023-08-18
CUST4585,Joshua,Holden,Female,Teenagers,Canada,2024-06-01
CUST4586,Edward,Meyers,Other,Adults,Brazil,2020-10-28
CUST4588,Tracy,Sampson,Female,Teenagers,UK,2025-03-04
CUST4589,Colleen,Stevens,Female,Adults,Japan,2024-03-12
CUST4590,Heather,Smith,Male,Teenagers,UK,2023-10-25
CUST4591,Phillip,Collins,Female,Senior,Japan,2021-08-06
CUST4592,Melanie,Pratt,Male,Teenagers,China,2024-05-04
CUST4593,Christopher,Rivera,Male,Senior,UK,2024-01-21
CUST4594,Paul,Nelson,Other,Adults,USA,2023-08-03
CUST4595,Randall,Lopez,Female,Adults,UK,2024-06-01
CUST4596,Rachel,Potts,Male,Senior,USA,2023-09-18
CUST4597,Sarah,Rogers,Female,Teenagers,Japan,2021-05-10
CUST4598,Tracey,Moore,Male,Senior,India,2021-12-26
CUST4599,Debra,Buckley,Male,Senior,Brazil,2022-08-05
CUST4600,Michael,Matthews,Other,Senior,UK,2022-04-23
CUST4602,Stacy,Brown,Other,Teenagers,Canada,2023-08-30
CUST4603,Daniel,Rush,Other,Teenagers,India,2022-01-06
CUST4605,Clifford,Johns,Other,Senior,Germany,2020-09-27
CUST4606,Christine,Gonzalez,Male,Teenagers,India,2023-02-19
CUST4607,Aaron,Smith,Male,Teenagers,UK,2022-04-09
CUST4608,James,Mccarty,Other,Adults,Japan,2021-08-17
CUST4609,Joel,Parker,Female,Teenagers,Germany,2024-10-22
CUST4610,Deborah,Hughes,Female,Teenagers,Japan,2024-06-11
CUST4611,Craig,Shaw,Other,Adults,USA,2023-10-30
CUST4613,Jennifer,Snyder,Female,Senior,China,2025-05-16
CUST4614,Jessica,Hamilton,Male,Adults,Australia,2025-01-27
CUST4616,Taylor,Gonzalez,Male,Teenagers,France,2024-11-02
CUST4617,Mike,Bass,Female,Senior,India,2022-04-16
CUST4618,Stephanie,Kelley,Male,Adults,Brazil,2024-03-14
CUST4619,Gordon,Garcia,Female,Senior,USA,2023-02-15
CUST4621,Kristen,Lewis,Female,Senior,UK,2022-10-03
CUST4622,Michael,Shaffer,Female,Senior,Brazil,2024-08-09
CUST4623,Kenneth,Santos,Male,Teenagers,France,2025-06-04
CUST4624,Katrina,Mack,Male,Adults,Australia,2022-04-26
CUST4626,Jason,Estrada,Other,Teenagers,Australia,2023-04-24
CUST4627,Eric,Pennington,Female,Senior,USA,2021-12-25
CUST4628,Darren,Conley,Other,Teenagers,Japan,2023-06-08
CUST4630,Pamela,Mahoney,Other,Teenagers,France,2021-12-15
CUST4631,Dominique,Summers,Male,Teenagers,Canada,2024-08-12
CUST4632,Gina,Hawkins,Female,Adults,Germany,2022-01-03
CUST4633,Rhonda,Foley,Male,Adults,Brazil,2020-12-21
CUST4634,Christina,Weber,Other,Senior,Germany,2024-06-27
CUST4635,James,Castillo,Other,Senior,Japan,2022-01-02
CUST4636,Michael,Harrison,Male,Adults,Australia,2021-02-06
CUST4637,Tricia,Strickland,Female,Teenagers,Canada,2022-12-31
CUST4638,Susan,Colon,Male,Teenagers,Germany,2023-07-16
CUST4639,James,Bennett,Male,Senior,India,2022-05-24
CUST4641,Nicole,Flores,Male,Senior,Brazil,2020-09-01
CUST4642,Brent,Mathis,Other,Adults,Japan,2023-03-10
CUST4643,Anita,Bell,Male,Adults,France,2023-12-05
CUST4645,David,Martinez,Male,Teenagers,Australia,2023-11-30
CUST4646,Brian,Williams,Other,Adults,Japan,2024-04-09
CUST4647,Ann,Bailey,Other,Senior,India,2022-03-10
CUST4648,Brianna,Spencer,Other,Senior,India,2022-03-06
CUST4649,Mary,Moore,Other,Adults,Brazil,2020-09-23
CUST4650,Rodney,Wright,Male,Adults,Japan,2024-09-17
CUST4652,Robert,Johnson,Female,Adults,Japan,2024-03-16
CUST4653,Robin,Gross,Male,Teenagers,Canada,2020-12-25
CUST4654,Kathleen,Rodriguez,Female,Adults,Japan,2025-01-28
CUST4655,Holly,David,Other,Teenagers,France,2022-09-17
CUST4656,Joshua,Lopez,Female,Senior,France,2022-05-11
CUST4657,Jennifer,Matthews,Female,Senior,Japan,2020-12-23
CUST4658,James,Johnson,Male,Senior,USA,2024-01-21
CUST4659,Larry,Hays,Female,Adults,Japan,2024-02-01
CUST4660,Teresa,Gonzalez,Other,Teenagers,Germany,2022-03-05
CUST4662,Jeanette,Jenkins,Other,Adults,USA,2024-07-27
CUST4663,Oscar,Ray,Other,Adults,India,2024-08-10
CUST4664,James,Murphy,Male,Teenagers,Germany,2023-03-28
CUST4665,Sandra,Meyer,Female,Teenagers,France,2023-07-27
CUST4666,Kayla,Mccarthy,Other,Senior,Brazil,2021-02-04
CUST4667,Betty,Morton,Other,Adults,India,2022-10-27
CUST4668,Joseph,Richardson,Male,Teenagers,Germany,2025-08-15
CUST4669,Devin,Fernandez,Male,Senior,China,2020-12-17
CUST4670,Eric,Bates,Male,Teenagers,Brazil,2020-11-07
CUST4671,Matthew,Young,Male,Adults,Germany,2025-02-13
CUST4672,Sabrina,Allen,Female,Senior,Australia,2023-09-07
CUST4673,Andrew,Martin,Other,Senior,Germany,2025-08-21
CUST4676,Michael,Brown,Male,Teenagers,India,2025-03-17
CUST4677,Brian,Morris,Other,Adults,China,2023-11-18
CUST4678,David,Fernandez,Other,Senior,UK,2025-06-08
CUST4679,Lauren,Holden,Male,Teenagers,Australia,2021-10-14
CUST4680,Susan,Gray,Female,Adults,UK,2024-10-10
CUST4681,Stephanie,Meyers,Other,Senior,Australia,2020-10-10
CUST4682,Theresa,Miller,Male,Senior,UK,2023-06-21
CUST4683,Cory,Cardenas,Female,Senior,Canada,2025-06-27
CUST4684,Lance,Martinez,Male,Teenagers,China,2024-01-28
CUST4685,Rodney,Nguyen,Male,Adults,China,2024-10-13
CUST4686,Samuel,Lopez,Male,Senior,Canada,2022-10-10
CUST4687,Lisa,Valencia,Female,Teenagers,Germany,2023-05-10
CUST4688,Wayne,Jones,Other,Adults,Japan,2022-11-17
CUST4689,Francisco,Young,Other,Senior,India,2021-11-03
CUST4691,Mary,White,Female,Adults,Canada,2021-07-18
CUST4692,Jillian,Cisneros,Female,Senior,France,2022-12-19
CUST4693,Sharon,Garcia,Other,Adults,Australia,2023-07-30
CUST4694,Kyle,Williams,Other,Senior,USA,2024-11-06
CUST4696,Brenda,Baker,Other,Teenagers,USA,2022-08-23
CUST4697,Ann,Cooper,Male,Teenagers,France,2024-08-13
CUST4698,Joe,Woods,Male,Senior,Brazil,2024-12-01
CUST4699,Gary,Sanchez,Male,Adults,France,2023-08-10
CUST4700,Daniel,Rivas,Male,Adults,France,2021-08-04
CUST4701,Crystal,Miller,Male,Teenagers,China,2021-11-09
CUST4702,William,Aguirre,Female,Senior,Germany,2024-07-30
CUST4703,Susan,Johnson,Female,Teenagers,UK,2022-03-15
CUST4704,Stacy,Adams,Female,Adults,Germany,2023-11-16
CUST4705,Kristin,Jenkins,Female,Senior,China,2023-08-27
CUST4706,Adam,Holland,Female,Senior,Australia,2021-04-03
CUST4707,Kevin,Larson,Male,Senior,Australia,2025-04-26
CUST4708,Dominique,Nielsen,Male,Adults,India,2022-09-07
CUST4709,Elizabeth,Rocha,Female,Adults,France,2021-05-17
CUST4710,Louis,Leach,Male,Senior,France,2020-11-23
CUST4712,Morgan,Meyers,Female,Adults,Japan,2025-06-26
CUST4713,Richard,Bell,Other,Teenagers,Brazil,2024-11-11
CUST4714,Deborah,Browning,Male,Adults,France,2024-04-17
CUST4716,David,Rollins,Male,Adults,India,2025-02-22
CUST4717,Anna,Dudley,Male,Teenagers,India,2023-10-13
CUST4718,Angela,Sweeney,Male,Adults,Australia,2024-11-29
CUST4719,Susan,White,Other,Adults,Japan,2022-02-23
CUST4720,Julie,Harvey,Other,Teenagers,China,2022-01-04
CUST4722,Jacqueline,Gibson,Other,Senior,France,2025-05-17
CUST4723,David,Mills,Female,Senior,Australia,2023-05-29
CUST4724,Jody,Rogers,Other,Teenagers,India,2021-04-10
CUST4725,Johnny,Nolan,Male,Teenagers,UK,2021-10-27
CUST4728,Samuel,Martinez,Other,Adults,Germany,2020-11-13
CUST4730,Wendy,Smith,Male,Senior,Japan,2024-02-22
CUST4731,Courtney,Flores,Male,Adults,Brazil,2022-12-13
CUST4732,David,Harper,Other,Adults,USA,2022-12-02
CUST4733,Stephanie,Miller,Male,Senior,Australia,2022-12-19
CUST4734,Sydney,Barker,Male,Teenagers,UK,2024-02-19
CUST4736,Steven,Huber,Female,Teenagers,India,2023-03-01
CUST4737,Timothy,Cook,Other,Teenagers,UK,2020-09-18
CUST4738,Amanda,Scott,Other,Senior,UK,2025-02-13
CUST4739,Amber,Patterson,Other,Senior,Australia,2023-04-17
CUST4740,Eric,Smith,Other,Senior,India,2021-03-19
CUST4741,James,Smith,Male,Adults,Japan,2022-04-02
CUST4742,Steven,Todd,Female,Adults,USA,2022-12-16
CUST4743,Michael,Garza,Other,Teenagers,Japan,2024-12-18
CUST4744,Joshua,Choi,Other,Senior,China,2024-12-18
CUST4745,Rachel,Taylor,Male,Teenagers,China,2022-05-14
CUST4746,Cheryl,Lawrence,Male,Adults,Japan,2024-04-12
CUST4749,Eugene,Calderon,Female,Senior,Canada,2021-03-18
CUST4751,Tyler,Martin,Male,Adults,USA,2020-11-07
CUST4752,Daniel,Paul,Male,Teenagers,China,2025-04-28
CUST4753,Shawn,Jones,Male,Adults,France,2022-02-16
CUST4754,David,Horton,Male,Teenagers,USA,2023-09-09
CUST4755,Patricia,Holmes,Other,Adults,Japan,2025-07-12
CUST4756,Dawn,Martin,Other,Teenagers,Japan,2024-05-30
CUST4757,Ashley,Williams,Male,Adults,China,2021-03-26
CUST4760,Stephanie,Mcdowell,Male,Senior,France,2024-07-11
CUST4761,Jimmy,Church,Other,Adults,China,2023-12-23
CUST4763,Amy,Campbell,Male,Senior,UK,2021-09-06
CUST4764,Gina,Ramirez,Female,Adults,Brazil,2021-09-10
CUST4765,Darryl,Ward,Female,Adults,France,2023-07-02
CUST4766,Jeffrey,Rivera,Male,Teenagers,Canada,2022-05-15
CUST4767,Jenna,James,Female,Senior,Brazil,2023-04-12
CUST4768,Isaac,Yang,Other,Adults,India,2024-08-11
CUST4769,Mary,Morris,Female,Senior,India,2020-10-08
CUST4771,Kristy,Harrington,Male,Teenagers,UK,2024-05-11
CUST4772,Alyssa,Cook,Female,Adults,Brazil,2021-09-22
CUST4773,Melissa,Morris,Other,Senior,India,2025-01-11
CUST4774,Diana,Greene,Female,Adults,Australia,2024-06-19
CUST4776,Kurt,Herrera,Male,Teenagers,Japan,2021-06-30
CUST4777,Alexis,Hull,Other,Senior,UK,2024-07-25
CUST4778,Andrea,Kirby,Female,Teenagers,UK,2022-01-24
CUST4779,Jacob,Perry,Other,Adults,Germany,2023-06-27
CUST4780,Jonathan,Nelson,Other,Adults,UK,2023-08-02
CUST4781,William,Garcia,Female,Adults,France,2021-08-03
CUST4784,Mary,Simpson,Other,Teenagers,Brazil,2021-07-25
CUST4785,Stephanie,Stokes,Other,Teenagers,Japan,2022-09-10
CUST4786,Bradley,Young,Other,Adults,USA,2020-10-19
CUST4787,Samantha,Cabrera,Female,Adults,China,2023-08-09
CUST4788,Kelly,Hernandez,Male,Senior,China,2024-10-03
CUST4789,Douglas,Davis,Male,Teenagers,India,2025-04-23
CUST4791,David,Ford,Female,Adults,Canada,2023-11-17
CUST4793,Bradley,Lynch,Male,Senior,Brazil,2024-10-05
CUST4794,Lisa,Davis,Male,Adults,Germany,2020-12-19
CUST4797,Kaitlin,Hurley,Other,Teenagers,USA,2021-07-13
CUST4800,Danny,Clark,Male,Senior,Brazil,2020-12-02
CUST4801,Sarah,Blevins,Male,Teenagers,Canada,2022-10-13
CUST4802,Douglas,Perez,Female,Teenagers,UK,2024-06-16
CUST4803,Joshua,Johnson,Male,Adults,France,2023-05-26
CUST4804,Barbara,Jordan,Female,Senior,Brazil,2021-07-05
CUST4805,Cynthia,Moore,Other,Senior,Canada,2021-06-05
CUST4807,Andre,Perez,Male,Adults,Australia,2024-11-15
CUST4809,Margaret,Morse,Other,Adults,France,2020-10-05
CUST4811,Danielle,Wheeler,Other,Adults,Australia,2024-03-25
CUST4812,Phillip,Contreras,Other,Teenagers,Brazil,2022-08-25
CUST4813,Lindsay,Davis,Other,Teenagers,Australia,2025-03-17
CUST4814,Lauren,Johnson,Female,Teenagers,USA,2020-12-31
CUST4815,Suzanne,Brown,Female,Teenagers,Germany,2024-08-20
CUST4816,Jasmine,Austin,Other,Adults,UK,2024-03-06
CUST4817,Samantha,Wagner,Male,Adults,India,2021-12-14
CUST4818,Penny,Freeman,Other,Adults,Canada,2023-10-31
CUST4819,Nicole,Hebert,Female,Senior,Brazil,2023-03-15
CUST4820,Lori,Ashley,Other,Adults,China,2023-04-15
CUST4821,Terry,Hatfield,Other,Teenagers,Germany,2022-06-12
CUST4822,Kristin,Chang,Female,Teenagers,Brazil,2023-02-14
CUST4823,Brittany,Dean,Male,Adults,Canada,2023-06-10
CUST4824,Justin,Castro,Other,Adults,Germany,2024-03-02
CUST4825,Linda,Burton,Male,Senior,China,2023-08-24
CUST4826,Timothy,Gallagher,Other,Adults,India,2022-10-05
CUST4827,Daniel,Price,Male,Senior,France,2022-06-19
CUST4828,Joseph,Hudson,Male,Teenagers,France,2025-08-11
CUST4829,Shawn,Scott,Male,Senior,Germany,2022-06-10
CUST4830,Roy,Jones,Other,Teenagers,France,2022-07-28
CUST4831,Jacob,Greene,Female,Adults,Canada,2022-06-14
CUST4833,Monica,Joyce,Female,Senior,USA,2023-07-14
CUST4834,Morgan,Carpenter,Male,Senior,Canada,2020-09-16
CUST4835,Karen,Hines,Other,Senior,Japan,2023-04-02
CUST4836,Brett,Lucero,Male,Teenagers,India,2022-09-06
CUST4837,Shelia,Martin,Female,Teenagers,USA,2022-04-18
CUST4839,Steven,Nelson,Male,Adults,France,2022-10-10
CUST4840,Brian,Morgan,Female,Senior,Japan,2023-06-04
CUST4841,Lisa,Steele,Female,Adults,Australia,2022-05-20
CUST4843,Pamela,Erickson,Other,Adults,Germany,2024-12-25
CUST4844,Jennifer,Hawkins,Other,Adults,Brazil,2021-10-16
CUST4845,James,Davis,Male,Teenagers,UK,2024-07-22
CUST4846,Brenda,Johnson,Male,Teenagers,UK,2021-04-21
CUST4847,Keith,Cox,Female,Adults,Japan,2020-11-05
CUST4848,Charles,Thomas,Female,Senior,UK,2022-04-01
CUST4850,Ronald,Fields,Female,Senior,China,2020-09-25
CUST4851,Allison,Jarvis,Female,Teenagers,Germany,2022-08-17
CUST4853,Alex,Johnston,Female,Adults,UK,2023-01-21
CUST4854,Nancy,Williams,Male,Teenagers,Australia,2022-11-09
CUST4855,Tara,Butler,Female,Adults,France,2021-05-01
CUST4856,Joseph,Jones,Male,Senior,Germany,2020-09-30
CUST4857,John,Flores,Female,Senior,Canada,2023-05-24
CUST4858,Michael,Williams,Other,Senior,Germany,2023-08-09
CUST4859,Elizabeth,White,Other,Adults,France,2023-09-08
CUST4860,Leslie,Rios,Male,Adults,France,2025-06-30
CUST4861,Jamie,Santos,Female,Senior,France,2025-08-10
CUST4862,Brett,Erickson,Male,Senior,India,2023-04-06
CUST4863,Beverly,Cunningham,Female,Teenagers,Canada,2023-12-24
CUST4864,Timothy,Summers,Other,Adults,Canada,2024-10-17
CUST4865,Brianna,Watts,Other,Teenagers,China,2022-02-28
CUST4866,Brianna,Johnson,Male,Senior,France,2022-06-24
CUST4868,Kyle,Vasquez,Other,Senior,Japan,2023-11-10
CUST4870,Sally,Cobb,Female,Senior,France,2025-05-20
CUST4871,Alexandria,Cooper,Male,Senior,USA,2021-10-31
CUST4872,Tyler,Jones,Female,Teenagers,Australia,2023-07-08
CUST4873,Jonathan,Turner,Male,Adults,India,2022-12-11
CUST4874,Walter,Mclean,Male,Teenagers,Brazil,2021-05-27
CUST4875,Kevin,Murray,Other,Teenagers,Japan,2025-06-12
CUST4876,Rebecca,Burke,Other,Senior,India,2021-12-14
CUST4877,Vernon,Mccarty,Male,Senior,Germany,2024-09-17
CUST4878,Elizabeth,Brooks,Male,Teenagers,France,2025-01-05
CUST4879,Crystal,Wu,Female,Senior,China,2022-09-11
CUST4881,Amanda,Foley,Other,Adults,China,2022-08-17
CUST4883,Matthew,Cowan,Male,Teenagers,Canada,2022-05-13
CUST4884,Rachel,Diaz,Other,Adults,France,2025-01-30
CUST4885,Kim,Sanchez,Female,Senior,Japan,2025-08-14
CUST4886,Kyle,Murphy,Male,Teenagers,Japan,2023-11-30
CUST4888,Bonnie,Grant,Male,Senior,China,2023-12-31
CUST4889,Daniel,Mullen,Male,Adults,India,2024-04-10
CUST4890,Alicia,Kim,Male,Teenagers,China,2023-12-31
CUST4892,William,Watson,Female,Senior,China,2024-01-14
CUST4894,Natasha,Reed,Other,Teenagers,Australia,2021-09-17
CUST4895,Janet,Brooks,Female,Adults,Brazil,2024-07-13
CUST4896,Erica,Weaver,Other,Adults,USA,2022-02-13
CUST4897,Leslie,Bennett,Other,Senior,India,2022-02-12
CUST4898,Lisa,Gomez,Male,Teenagers,USA,2025-03-27
CUST4899,Megan,Nguyen,Other,Senior,France,2021-05-24
CUST4900,Douglas,Weber,Female,Senior,France,2020-11-09
CUST4901,Andre,Atkinson,Other,Senior,Canada,2023-05-14
CUST4903,Tracy,Walter,Female,Senior,USA,2023-09-30
CUST4904,Kara,King,Male,Senior,Japan,2022-12-17
CUST4905,Betty,Thornton,Other,Adults,Canada,2025-07-15
CUST4906,Jessica,Black,Female,Senior,Brazil,2024-07-16
CUST4907,Matthew,Macias,Male,Teenagers,UK,2024-03-29
CUST4908,Drew,Mccarty,Female,Senior,India,2022-03-17
CUST4909,Larry,Murphy,Female,Senior,Japan,2022-10-07
CUST4910,Sherry,Gonzalez,Male,Senior,Canada,2021-09-10
CUST4911,Olivia,Ortiz,Other,Adults,China,2023-02-15
CUST4912,Matthew,Smith,Female,Teenagers,Australia,2020-12-12
CUST4913,Christine,Duncan,Female,Senior,India,2024-07-06
CUST4914,Nathan,Mcintosh,Other,Adults,Brazil,2021-04-06
CUST4915,Erin,Farrell,Male,Adults,UK,2020-11-25
CUST4916,Alfred,Wade,Other,Adults,UK,2024-09-21
CUST4917,Rhonda,Hall,Other,Teenagers,China,2021-03-30
CUST4918,Catherine,Sanders,Male,Teenagers,Germany,2021-01-07
CUST4919,Michael,Huffman,Other,Senior,UK,2024-10-17
CUST4920,Jeffery,Williams,Male,Senior,Australia,2021-02-01
CUST4921,Jacqueline,Bowen,Female,Senior,Brazil,2021-01-08
CUST4922,Christopher,Olson,Female,Teenagers,Canada,2021-09-03
CUST4923,Brandon,Harris,Male,Senior,UK,2023-02-07
CUST4924,Wendy,Robertson,Male,Teenagers,Brazil,2024-10-30
CUST4925,Peter,West,Other,Senior,Germany,2022-09-20
CUST4926,James,White,Male,Teenagers,France,2025-02-19
CUST4927,Ryan,Sampson,Male,Adults,Australia,2023-12-16
CUST4928,Jennifer,Cannon,Female,Senior,India,2021-08-27
CUST4930,James,Adkins,Male,Adults,India,2024-03-08
CUST4931,Joe,Robinson,Male,Adults,Germany,2023-10-04
CUST4932,Tammy,Richardson,Male,Senior,India,2020-09-25
CUST4936,Michael,Aguirre,Other,Teenagers,USA,2024-02-15
CUST4937,Brady,Lopez,Other,Adults,Australia,2024-10-30
CUST4938,Erik,White,Female,Adults,France,2025-05-24
CUST4939,Mark,Williams,Female,Senior,USA,2021-11-09
CUST4940,Brittney,Lowery,Male,Senior,Japan,2022-05-27
CUST4941,Janice,Ramos,Other,Senior,Japan,2024-07-20
CUST4942,Gregory,Smith,Male,Senior,USA,2022-06-20
CUST4943,Joseph,Johnson,Female,Adults,Canada,2024-10-04
CUST4944,Kevin,Arellano,Male,Teenagers,USA,2024-01-10
CUST4945,Christine,Barton,Other,Senior,Germany,2025-01-27
CUST4946,Robin,Gallegos,Male,Adults,Germany,2024-05-29
CUST4947,James,Hooper,Female,Senior,USA,2025-03-01
CUST4948,Jennifer,Smith,Other,Adults,Brazil,2022-01-01
CUST4949,Fred,Bishop,Female,Teenagers,France,2024-09-11
CUST4950,Roger,Dorsey,Male,Senior,France,2024-09-08
CUST4951,Brian,Guzman,Male,Teenagers,Japan,2025-01-24
CUST4952,Angela,Pena,Other,Senior,Canada,2023-10-04
CUST4953,Steve,Holt,Male,Senior,Australia,2022-05-30
CUST4954,James,Davies,Other,Teenagers,Germany,2024-05-07
CUST4955,Johnathan,Whitaker,Male,Senior,China,2025-02-14
CUST4956,Michael,Brown,Female,Adults,China,2021-11-14
CUST4957,Karen,Morrison,Male,Senior,Brazil,2021-01-11
CUST4958,Gregory,Young,Female,Teenagers,Australia,2024-03-31
CUST4960,Melanie,Martinez,Other,Senior,Brazil,2023-08-11
CUST4961,Travis,Cole,Male,Adults,USA,2025-06-14
CUST4963,John,Tucker,Male,Teenagers,Australia,2023-11-08
CUST4964,Patricia,Johnson,Male,Adults,Australia,2023-11-27
CUST4965,Christine,Davis,Female,Adults,Germany,2023-02-17
CUST4967,Justin,Duke,Female,Senior,Canada,2025-02-06
CUST4968,Charlotte,Kent,Male,Teenagers,India,2023-01-29
CUST4969,William,Hernandez,Male,Teenagers,Australia,2022-03-12
CUST4971,Ronald,Frey,Male,Adults,Japan,2021-01-19
CUST4973,Michael,Joseph,Male,Senior,Australia,2024-08-02
CUST4974,Jennifer,Buckley,Female,Teenagers,UK,2021-10-05
CUST4975,Brady,Rodriguez,Male,Teenagers,USA,2024-07-05
CUST4976,Heidi,Walton,Other,Senior,Australia,2024-01-19
CUST4977,Sandra,Davenport,Male,Adults,Canada,2022-09-12
CUST4978,Melinda,Thomas,Other,Teenagers,Japan,2024-01-11
CUST4980,Kathleen,Scott,Male,Senior,Brazil,2025-08-07
CUST4981,Marcus,Torres,Other,Teenagers,China,2021-11-18
CUST4983,Janet,Castro,Female,Senior,USA,2024-12-28
CUST4984,Whitney,Dennis,Other,Adults,UK,2024-02-09
CUST4986,David,Miller,Male,Teenagers,China,2025-07-16
CUST4987,Karen,Barker,Female,Teenagers,Germany,2020-12-09
CUST4988,Amber,Burch,Other,Teenagers,Brazil,2022-01-30
CUST4989,Justin,White,Other,Teenagers,China,2024-02-07
CUST4990,Andrew,Rocha,Female,Senior,Brazil,2021-09-28
CUST4991,Michelle,Stokes,Female,Senior,Japan,2024-04-11
CUST4992,Brian,Patterson,Male,Senior,Japan,2021-07-15
CUST4993,Brittany,Brown,Male,Teenagers,Australia,2021-08-31
CUST4994,Jeffrey,Jones,Other,Adults,Japan,2024-02-06
CUST4995,Madison,Hubbard,Female,Teenagers,India,2023-10-31
CUST4996,Beth,Carter,Other,Adults,UK,2025-05-12
CUST4997,Michelle,Wright,Other,Teenagers,Brazil,2024-11-18
CUST4998,Adrian,Lawrence,Female,Senior,France,2025-04-13
CUST4999,Ryan,Cohen,Other,Teenagers,Australia,2023-11-11
CUST5000,Danielle,Romero,Female,Adults,India,2023-04-01
CUST5001,Daniel,Hanson,Female,Senior,Canada,2021-08-18
CUST5003,Jessica,Jones,Female,Senior,Brazil,2021-01-10
CUST5004,Dawn,Hansen,Male,Adults,Australia,2020-12-23
CUST5005,Danielle,Fletcher,Female,Adults,France,2021-04-11
CUST5006,Gloria,Estrada,Other,Adults,France,2022-11-08
CUST5008,Teresa,Tran,Male,Teenagers,China,2021-11-04
CUST5009,Kelly,Harvey,Male,Adults,Australia,2022-01-14
CUST5010,Amanda,Miller,Male,Adults,India,2022-11-04
CUST5011,John,Lopez,Female,Senior,Germany,2023-11-05
CUST5012,David,Johnston,Female,Teenagers,Japan,2024-06-25
CUST5013,Russell,Adams,Female,Senior,India,2025-06-18
CUST5014,Kelly,Mcmahon,Male,Adults,USA,2021-07-29
CUST5015,Jonathan,Hernandez,Female,Senior,Brazil,2021-03-18
CUST5016,Sean,Livingston,Male,Senior,Australia,2025-05-30
CUST5017,Sabrina,Smith,Female,Senior,India,2024-01-02
CUST5018,Randy,Pennington,Male,Teenagers,India,2021-11-12
CUST5019,Anna,Brown,Other,Senior,Australia,2022-04-14
CUST5020,Ronald,Wong,Male,Adults,USA,2024-05-02
CUST5021,Lisa,Hanson,Female,Adults,Germany,2023-12-28
CUST5022,William,Ward,Other,Senior,UK,2021-12-06
CUST5023,Louis,Harding,Other,Senior,India,2021-06-11
CUST5024,Kayla,Cortez,Male,Senior,Japan,2021-06-14
CUST5026,Howard,Snyder,Other,Teenagers,India,2025-02-14
CUST5027,Edward,Holder,Female,Senior,Germany,2023-03-27
CUST5028,Harold,Bender,Female,Adults,France,2024-12-31
CUST5029,Steven,Jones,Female,Adults,Japan,2020-11-11
CUST5030,Danielle,Snyder,Female,Senior,Brazil,2024-03-10
CUST5031,William,Bridges,Female,Teenagers,India,2021-12-16
CUST5032,Carrie,Wolf,Female,Adults,France,2025-01-30
CUST5033,Heather,Robbins,Male,Senior,France,2021-11-27
CUST5034,Kathryn,Faulkner,Male,Teenagers,Australia,2022-05-02
CUST5035,Mary,Ali,Female,Teenagers,India,2024-03-13
CUST5036,Benjamin,Barber,Female,Teenagers,India,2021-12-20
CUST5038,Cynthia,Barnes,Female,Adults,France,2023-01-26
CUST5039,Patrick,Mcguire,Male,Adults,France,2024-03-07
CUST5040,Amanda,Houston,Male,Adults,India,2022-10-21
CUST5041,Gary,Johnson,Other,Teenagers,UK,2023-03-02
CUST5042,Brandon,Mcclain,Male,Senior,Germany,2022-09-05
CUST5043,Eddie,Cruz,Male,Adults,Brazil,2025-05-18
CUST5044,Christopher,Miller,Female,Teenagers,India,2024-01-03
CUST5045,Michele,Wade,Other,Senior,Brazil,2020-08-26
CUST5046,Janet,Smith,Male,Senior,China,2023-12-02
CUST5047,Ryan,Delgado,Other,Senior,Canada,2021-01-08
CUST5048,Cynthia,Clark,Other,Adults,India,2024-11-16
CUST5049,Brandi,Warren,Other,Adults,France,2025-05-24
CUST5050,Amanda,Mcclain,Male,Senior,Brazil,2024-07-08
CUST5051,George,Thomas,Female,Adults,Australia,2024-02-06
CUST5052,Kevin,Mcconnell,Female,Teenagers,Australia,2024-11-04
CUST5053,David,Jackson,Other,Senior,Germany,2021-08-23
CUST5054,Brian,Mann,Female,Adults,China,2025-03-13
CUST5055,Evelyn,Chandler,Female,Teenagers,Germany,2020-11-12
CUST5056,Bryan,Davis,Male,Adults,Canada,2023-09-01
CUST5057,John,Rogers,Male,Teenagers,India,2024-03-28
CUST5058,Aaron,Sanchez,Female,Adults,Brazil,2022-11-29
CUST5059,Kathleen,Johnson,Male,Teenagers,India,2023-02-08
CUST5060,Nathan,Andrade,Female,Adults,Canada,2020-12-14
CUST5061,Noah,Nguyen,Other,Adults,Canada,2023-01-15
CUST5062,Andrew,Pollard,Other,Adults,Brazil,2021-09-27
CUST5063,Zachary,Beltran,Female,Senior,UK,2025-03-26
CUST5064,Nichole,Huff,Other,Adults,Germany,2021-09-08
CUST5065,Kyle,Flores,Other,Adults,China,2024-07-01
CUST5066,Michelle,Dominguez,Other,Senior,Australia,2023-01-23
CUST5067,Wesley,Foster,Other,Senior,Canada,2023-05-01
CUST5069,John,Ramirez,Male,Teenagers,France,2023-11-17
CUST5070,Terri,Hall,Other,Adults,France,2021-09-01
CUST5071,Anthony,Anderson,Male,Adults,Canada,2021-05-07
CUST5072,Linda,Matthews,Other,Teenagers,Australia,2022-10-03
CUST5073,Kathleen,Landry,Other,Adults,China,2023-02-14
CUST5074,Victoria,Lewis,Other,Teenagers,Germany,2024-03-01
CUST5075,William,Barron,Other,Adults,Canada,2024-12-23
CUST5076,Richard,Mullins,Female,Teenagers,USA,2023-06-01
CUST5077,Nicole,Parker,Male,Adults,Canada,2024-01-26
CUST5078,Norman,Morris,Other,Senior,UK,2022-11-12
CUST5079,Eric,Bryant,Male,Senior,India,2024-07-19
CUST5081,Ryan,Davis,Female,Teenagers,UK,2025-07-02
CUST5082,Sara,Zimmerman,Other,Senior,India,2020-10-07
CUST5083,John,Li,Female,Senior,UK,2023-08-11
CUST5084,Tiffany,Silva,Other,Adults,India,2024-04-28
CUST5086,Michael,Martin,Other,Teenagers,Australia,2024-05-11
CUST5087,Kirk,Parker,Male,Senior,France,2020-12-20
CUST5088,Dean,Clark,Other,Senior,Brazil,2025-05-26
CUST5089,Max,Macdonald,Other,Teenagers,Brazil,2024-11-04
CUST5091,Nicole,Harris,Female,Teenagers,France,2022-09-21
CUST5092,Kristy,Brown,Male,Adults,India,2020-08-30
CUST5093,Brenda,Vaughn,Other,Senior,Australia,2021-01-06
CUST5094,Krista,Davis,Other,Senior,China,2022-09-27
CUST5095,Max,Cherry,Male,Senior,France,2024-05-09
CUST5096,Renee,Garza,Female,Teenagers,Australia,2024-07-13
CUST5097,Michael,Lowe,Male,Teenagers,France,2020-09-30
CUST5098,James,Aguilar,Male,Adults,Japan,2021-12-17
CUST5099,Michael,Cannon,Male,Senior,Australia,2021-12-27
CUST5101,Mary,Johns,Male,Adults,India,2025-03-12
CUST5103,Kenneth,Gordon,Female,Teenagers,Brazil,2020-12-26
CUST5104,Ronald,Gray,Other,Adults,Japan,2021-02-11
CUST5106,Zachary,Paul,Female,Adults,Canada,2023-08-31
CUST5107,Brittany,Green,Other,Senior,Germany,2023-04-06
CUST5110,Amy,Jones,Female,Teenagers,UK,2025-04-19
CUST5111,Carmen,Thompson,Other,Senior,Germany,2024-06-30
CUST5113,Linda,Brown,Male,Adults,USA,2025-06-16
CUST5114,Kristen,Brown,Female,Teenagers,UK,2025-02-04
CUST5115,Katherine,Adams,Female,Adults,Brazil,2021-10-29
CUST5116,Rachel,Jones,Female,Senior,USA,2021-08-11
CUST5117,Andrew,Ruiz,Male,Teenagers,USA,2021-07-15
CUST5118,Dale,Davidson,Female,Senior,Japan,2020-12-22
CUST5119,Leonard,Smith,Female,Senior,UK,2024-12-12
CUST5120,Austin,Acosta,Male,Teenagers,France,2025-05-31
CUST5122,Morgan,Thompson,Male,Teenagers,USA,2024-10-16
CUST5123,Anita,Cox,Female,Adults,USA,2023-06-22
CUST5124,Michael,Willis,Other,Adults,China,2024-05-11
CUST5125,Briana,Hernandez,Female,Teenagers,Brazil,2023-03-20
CUST5126,Steven,Lopez,Male,Teenagers,Australia,2025-05-28
CUST5127,Ronald,Hooper,Female,Teenagers,Brazil,2025-06-27
CUST5128,Paula,Bradley,Female,Teenagers,USA,2024-05-20
CUST5129,Sara,Zamora,Female,Adults,Australia,2024-07-12
CUST5130,Matthew,Mayo,Male,Adults,USA,2023-03-03
CUST5131,Lori,Davis,Other,Teenagers,Japan,2022-02-20
CUST5133,Barry,Harris,Male,Adults,France,2023-02-14
CUST5135,Mark,Hines,Other,Teenagers,Australia,2023-11-24
CUST5136,Jeffrey,Torres,Female,Adults,Brazil,2024-03-30
CUST5137,Rodney,Mendez,Female,Senior,France,2024-06-10
CUST5138,William,Torres,Other,Adults,India,2023-10-27
CUST5139,Lonnie,Garcia,Male,Adults,Brazil,2025-03-26
CUST5140,Anthony,Mckinney,Male,Teenagers,Germany,2025-03-01
CUST5142,George,Casey,Male,Teenagers,China,2024-01-21
CUST5143,Scott,Arnold,Female,Senior,Germany,2025-07-11
CUST5144,Zachary,Johnston,Other,Teenagers,USA,2021-10-01
CUST5145,Brianna,Hernandez,Other,Teenagers,France,2023-12-11
CUST5146,Shannon,Gonzalez,Male,Teenagers,China,2024-06-26
CUST5147,Nicholas,Yoder,Female,Senior,Germany,2023-01-21
CUST5148,Lisa,Davis,Female,Senior,UK,2021-08-21
CUST5150,Julie,Butler,Male,Teenagers,Japan,2022-08-03
CUST5151,Jennifer,Dalton,Male,Teenagers,Canada,2024-04-24
CUST5153,Natasha,Cunningham,Female,Senior,USA,2022-05-28
CUST5154,Dana,Jenkins,Female,Teenagers,Australia,2025-06-25
CUST5155,Michael,Wilson,Other,Adults,France,2024-03-05
CUST5156,Curtis,Sanchez,Female,Senior,India,2023-06-20
CUST5158,Margaret,Maddox,Male,Teenagers,India,2022-10-28
CUST5160,Christopher,Bailey,Female,Senior,China,2022-01-21
CUST5161,Alison,Curtis,Male,Senior,France,2023-04-12
CUST5162,Mark,Carlson,Other,Adults,India,2021-08-13
CUST5163,Christopher,Washington,Male,Teenagers,UK,2023-01-14
CUST5164,Brianna,Reynolds,Female,Teenagers,India,2024-08-04
CUST5165,Derek,Anderson,Female,Teenagers,Brazil,2023-11-17
CUST5166,Ashley,Brown,Female,Senior,Canada,2025-07-31
CUST5167,Jerry,Butler,Other,Senior,France,2024-06-07
CUST5168,Gina,Mcdonald,Male,Senior,UK,2025-03-18
CUST5169,Mike,Gentry,Male,Adults,Australia,2021-11-25
CUST5171,Danny,Blanchard,Female,Adults,USA,2025-04-22
CUST5172,William,Cooke,Other,Senior,Australia,2022-12-30
CUST5173,Taylor,Castillo,Other,Senior,Brazil,2025-06-30
CUST5174,Katherine,Clark,Other,Adults,Japan,2025-04-25
CUST5175,Karen,Johnson,Female,Adults,Germany,2025-05-31
CUST5176,Elizabeth,Griffin,Other,Senior,Japan,2024-08-10
CUST5177,Stephen,Mays,Male,Senior,China,2021-05-20
CUST5178,Bobby,Whitehead,Male,Senior,UK,2021-04-28
CUST5179,Michelle,Phillips,Male,Senior,UK,2023-10-06
CUST5180,Justin,Hicks,Male,Teenagers,Brazil,2023-03-23
CUST5182,Jake,Butler,Male,Adults,China,2022-09-27
CUST5183,Aaron,Powell,Female,Adults,USA,2025-04-13
CUST5184,Matthew,Smith,Other,Teenagers,China,2024-03-18
CUST5185,Julie,Smith,Female,Adults,China,2024-09-26
CUST5186,Kimberly,Wall,Female,Senior,UK,2024-10-08
CUST5187,David,Flowers,Female,Senior,Japan,2024-02-01
CUST5188,Lindsey,Clark,Female,Teenagers,Canada,2022-11-19
CUST5189,Tammy,Ross,Female,Adults,Brazil,2025-04-15
CUST5190,Veronica,Edwards,Female,Senior,USA,2024-11-12
CUST5192,David,Sanchez,Other,Adults,China,2022-12-15
CUST5194,Michael,Schroeder,Male,Adults,USA,2023-09-09
CUST5195,Thomas,Cooper,Male,Adults,France,2022-07-21
CUST5196,Elizabeth,Sanchez,Other,Teenagers,USA,2023-02-11
CUST5197,Jamie,Petersen,Female,Senior,UK,2022-12-28
CUST5198,Anthony,Hancock,Other,Teenagers,Germany,2025-01-14
CUST5200,Ralph,Oneill,Other,Adults,India,2024-01-02
CUST5201,Adam,Ramirez,Male,Senior,India,2024-08-26
CUST5203,Selena,Scott,Female,Teenagers,China,2021-08-01
CUST5204,Stephen,Anthony,Female,Teenagers,Canada,2021-11-09
CUST5205,Robert,Sanchez,Female,Senior,Brazil,2022-03-30
CUST5206,Laura,Suarez,Other,Adults,India,2020-12-06
CUST5207,Christina,Hopkins,Female,Senior,Australia,2022-05-20
CUST5208,Sarah,Howell,Other,Teenagers,India,2023-07-25
CUST5209,Ashley,Jacobson,Other,Adults,India,2022-07-01
CUST5210,Jasmine,Bradshaw,Other,Teenagers,Australia,2021-10-16
CUST5211,Elizabeth,Fisher,Female,Senior,Japan,2021-04-11
CUST5212,Jacqueline,Mcpherson,Male,Senior,China,2021-08-26
CUST5213,Jared,Thomas,Male,Teenagers,Brazil,2022-07-08
CUST5214,Sandra,Garcia,Other,Teenagers,Canada,2024-10-03
CUST5215,Larry,Mason,Other,Teenagers,Australia,2023-03-07
CUST5216,Michelle,Hancock,Male,Senior,Australia,2024-07-11
CUST5217,Keith,Dawson,Female,Senior,UK,2020-10-07
CUST5219,Marie,Booker,Female,Senior,Australia,2021-01-25
CUST5220,Rachel,Brown,Male,Adults,France,2022-12-15
CUST5221,Connie,Sanders,Male,Senior,Brazil,2024-03-05
CUST5222,Anthony,Pugh,Female,Senior,Canada,2022-01-24
CUST5224,David,Cooley,Female,Adults,Canada,2025-02-06
CUST5226,Jill,Cole,Male,Senior,China,2021-12-12
CUST5227,Danielle,Stevens,Female,Adults,UK,2022-01-03
CUST5228,Carrie,Horne,Other,Teenagers,France,2025-06-10
CUST5229,Becky,Newman,Female,Teenagers,Japan,2023-08-22
CUST5230,Sarah,Mora,Female,Adults,USA,2024-06-25
CUST5231,April,Turner,Male,Teenagers,UK,2024-12-21
CUST5232,Tamara,Hughes,Other,Adults,Canada,2023-06-27
CUST5233,Joe,Carney,Male,Senior,Germany,2022-10-29
CUST5234,Kayla,Bridges,Female,Adults,Canada,2024-12-16
CUST5236,Lauren,Bentley,Other,Senior,Germany,2025-06-15
CUST5238,Rose,Thompson,Female,Teenagers,India,2023-07-14
CUST5239,Cynthia,Huff,Female,Senior,Australia,2021-08-03
CUST5240,Edward,Beltran,Female,Adults,Japan,2025-06-02
CUST5241,Juan,Williams,Other,Adults,China,2024-10-20
CUST5242,Scott,Lozano,Male,Senior,Canada,2025-02-23
CUST5243,Terri,Simpson,Other,Senior,Brazil,2021-06-09
CUST5244,Noah,Webb,Male,Teenagers,USA,2021-04-06
CUST5245,Isabel,Weber,Male,Adults,Germany,2020-12-20
CUST5246,Amber,Bush,Male,Adults,UK,2024-09-28
CUST5247,Jean,Walker,Other,Senior,Brazil,2022-07-10
CUST5249,Ronald,Henderson,Male,Adults,USA,2025-08-23
CUST5250,Amanda,Espinoza,Other,Teenagers,India,2022-04-13
CUST5251,Craig,Moon,Female,Teenagers,France,2025-04-05
CUST5252,Kathleen,Waller,Other,Adults,Germany,2023-08-27
CUST5253,Chad,Hamilton,Male,Senior,France,2023-03-14
CUST5254,Lorraine,Fuentes,Male,Adults,Japan,2022-05-18
CUST5255,Marc,Cunningham,Male,Teenagers,Canada,2022-02-19
CUST5256,Andrea,Ford,Female,Senior,Australia,2022-11-09
CUST5257,Traci,Griffin,Other,Senior,China,2022-03-02
CUST5258,Michael,Morgan,Male,Adults,France,2023-02-13
CUST5262,Amanda,Bean,Male,Teenagers,Japan,2023-06-06
CUST5263,Anthony,Sandoval,Male,Teenagers,UK,2023-04-09
CUST5264,Kevin,Cuevas,Female,Adults,France,2020-11-23
CUST5265,Timothy,Robertson,Other,Teenagers,UK,2023-12-14
CUST5266,Andrew,Hill,Male,Teenagers,France,2024-04-06
CUST5267,Linda,Nunez,Other,Teenagers,Australia,2025-02-01
CUST5268,Elizabeth,Contreras,Male,Teenagers,Brazil,2021-11-09
CUST5269,Tiffany,Williams,Female,Adults,France,2024-12-18
CUST5270,Laura,Day,Other,Adults,Germany,2022-07-27
CUST5271,Dustin,Brown,Male,Teenagers,Japan,2021-02-27
CUST5272,Stanley,Russell,Other,Teenagers,Japan,2025-04-26
CUST5273,Sara,Martinez,Other,Teenagers,Japan,2025-01-10
CUST5274,Kristopher,Molina,Other,Senior,Brazil,2021-03-27
CUST5276,Timothy,Sanders,Other,Teenagers,India,2022-06-18
CUST5277,Donald,Fitzpatrick,Male,Teenagers,Canada,2022-08-29
CUST5278,Kelly,Manning,Other,Adults,India,2025-04-21
CUST5279,Evan,Jackson,Other,Adults,France,2022-04-25
CUST5280,Monique,King,Other,Senior,India,2022-11-07
CUST5281,Dominique,Morales,Male,Senior,Germany,2022-03-17
CUST5282,Sean,Davis,Male,Adults,India,2023-11-19
CUST5284,Lisa,Floyd,Female,Adults,Germany,2025-07-20
CUST5285,Patrick,Norris,Male,Senior,India,2025-02-10
CUST5286,Bridget,Bernard,Other,Senior,Germany,2023-03-22
CUST5288,Joan,Lee,Male,Senior,India,2021-11-29
CUST5289,Charles,Wilkinson,Female,Teenagers,USA,2024-03-21
CUST5291,Evan,Moody,Female,Teenagers,India,2021-09-13
CUST5292,Julia,Wilson,Male,Senior,France,2023-05-02
CUST5293,Lauren,Bartlett,Female,Senior,Germany,2025-07-12
CUST5294,Mark,Farmer,Other,Teenagers,France,2024-02-13
CUST5296,Karla,Bell,Male,Teenagers,Canada,2021-01-24
CUST5297,Tiffany,Hatfield,Female,Teenagers,India,2025-08-22
CUST5298,Matthew,Galvan,Male,Senior,Japan,2022-01-03
CUST5299,Richard,Mcdonald,Male,Teenagers,UK,2024-07-05
CUST5300,Laura,Kerr,Male,Senior,China,2021-06-07
CUST5301,John,Clayton,Female,Senior,Brazil,2022-02-14
CUST5302,Karen,Gray,Male,Adults,India,2021-02-25
CUST5303,Sabrina,Fisher,Other,Senior,Canada,2021-07-12
CUST5304,Shannon,Jones,Male,Teenagers,Australia,2022-03-06
CUST5305,Julia,Kelly,Female,Teenagers,Japan,2025-08-04
CUST5306,Kathy,Reilly,Other,Adults,Australia,2021-02-09
CUST5307,Susan,Harding,Female,Senior,Japan,2025-05-13
CUST5308,Harold,Ruiz,Other,Senior,USA,2022-07-27
CUST5309,Roberto,Crane,Male,Senior,UK,2022-10-26
CUST5311,Eric,Mcbride,Female,Teenagers,Brazil,2023-01-24
CUST5312,Kayla,Stewart,Other,Adults,Australia,2022-06-14
CUST5313,Dennis,Wilson,Female,Teenagers,Brazil,2025-06-20
CUST5314,Carrie,Gonzalez,Male,Senior,Australia,2024-12-26
CUST5315,Charlene,Carter,Other,Teenagers,Brazil,2022-11-16
CUST5316,Gabriella,Bruce,Male,Senior,Brazil,2023-03-02
CUST5317,Christy,Jackson,Male,Teenagers,Brazil,2021-12-14
CUST5318,Anna,Moore,Male,Adults,Brazil,2021-02-14
CUST5319,Brittney,Williamson,Male,Teenagers,Japan,2025-06-17
CUST5320,Allison,Hendricks,Male,Adults,UK,2024-10-13
CUST5322,Christina,Barnes,Female,Senior,Brazil,2025-05-30
CUST5324,Jamie,Murphy,Other,Senior,France,2022-12-26
CUST5325,Deborah,Wright,Other,Teenagers,India,2024-10-22
CUST5327,Ruth,Gonzalez,Female,Senior,Brazil,2025-04-23
CUST5328,George,Cohen,Male,Senior,UK,2024-01-13
CUST5329,Joann,Parker,Other,Senior,USA,2021-11-30
CUST5332,Jason,Ford,Male,Senior,Canada,2024-06-09
CUST5333,Suzanne,Diaz,Female,Teenagers,France,2024-01-09
CUST5334,Amanda,Kennedy,Male,Senior,India,2022-07-06
CUST5335,Kathy,Harris,Female,Adults,Japan,2025-05-04
CUST5336,Anthony,Riddle,Female,Senior,France,2024-12-02
CUST5338,Christina,Strickland,Male,Teenagers,Australia,2024-12-27
CUST5339,Daniel,Sandoval,Other,Teenagers,UK,2024-10-10
CUST5340,Dean,Roberts,Male,Senior,Australia,2023-04-02
CUST5342,Roberto,Morgan,Female,Teenagers,UK,2022-03-31
CUST5343,Hannah,Barrett,Male,Teenagers,Japan,2022-08-17
CUST5345,Jill,Thompson,Other,Teenagers,Japan,2022-09-18
CUST5346,Nathaniel,Smith,Male,Adults,China,2024-03-17
CUST5347,Judy,Fletcher,Female,Adults,Germany,2024-07-11
CUST5348,Preston,York,Female,Teenagers,Japan,2024-05-10
CUST5349,Crystal,Andrade,Male,Teenagers,China,2020-11-12
CUST5350,Isabella,Johnson,Other,Senior,India,2023-03-27
CUST5351,Andrew,Carter,Male,Teenagers,France,2022-09-08
CUST5352,Joseph,Blackburn,Female,Teenagers,Brazil,2024-08-27
CUST5353,Alyssa,Lloyd,Male,Teenagers,France,2025-07-05
CUST5354,Margaret,Rogers,Female,Teenagers,UK,2025-07-12
CUST5355,Mackenzie,Campbell,Female,Teenagers,Brazil,2021-02-02
CUST5356,Julia,Young,Female,Senior,Australia,2021-04-21
CUST5357,Nicole,Smith,Male,Teenagers,Canada,2021-05-31
CUST5358,Aaron,Greene,Female,Teenagers,France,2025-05-27
CUST5359,Ashley,Brown,Other,Adults,Brazil,2024-05-26
CUST5361,George,Casey,Other,Senior,USA,2022-12-28
CUST5362,Lori,Tran,Other,Adults,China,2022-08-29
CUST5363,Blake,Clay,Other,Adults,USA,2022-09-02
CUST5364,Joseph,Lee,Other,Senior,Germany,2022-05-09
CUST5365,Christopher,White,Female,Senior,China,2024-03-23
CUST5366,James,Lynch,Other,Senior,UK,2021-12-12
CUST5367,Nicole,Bell,Female,Teenagers,UK,2024-02-09
CUST5368,Adam,Flores,Other,Senior,Brazil,2022-10-03
CUST5369,Chase,Duncan,Female,Adults,Germany,2021-08-20
CUST5370,Richard,Cox,Other,Teenagers,USA,2024-01-21
CUST5371,Joshua,Gonzalez,Male,Teenagers,Germany,2021-01-12
CUST5372,Thomas,Owens,Male,Teenagers,France,2023-05-18
CUST5373,John,Alvarado,Other,Adults,Australia,2021-11-17
CUST5374,Jennifer,Daugherty,Other,Adults,China,2022-01-14
CUST5375,Tim,Wise,Female,Adults,Canada,2023-01-06
CUST5376,Paul,Anderson,Male,Senior,Japan,2021-10-22
CUST5377,Dale,Joyce,Other,Adults,USA,2021-11-30
CUST5378,Danielle,Gonzalez,Male,Senior,Japan,2022-06-29
CUST5379,Anthony,Martin,Other,Senior,Brazil,2021-06-16
CUST5382,Timothy,Cameron,Other,Senior,UK,2024-05-02
CUST5383,Alex,Delgado,Male,Senior,Japan,2020-10-19
CUST5384,Adam,Thompson,Male,Senior,Australia,2025-06-20
CUST5385,James,Robinson,Male,Senior,Germany,2022-05-29
CUST5386,Pamela,White,Female,Teenagers,China,2025-07-11
CUST5388,David,Warner,Female,Teenagers,India,2022-10-25
CUST5389,Colin,Ruiz,Female,Senior,USA,2024-09-17
CUST5390,Kimberly,Sanchez,Female,Senior,China,2021-01-14
CUST5391,Laura,Taylor,Female,Adults,China,2024-08-24
CUST5392,Craig,Young,Other,Teenagers,India,2021-08-08
CUST5393,Corey,Webb,Male,Adults,China,2021-07-09
CUST5394,Lance,Coleman,Other,Teenagers,Australia,2020-09-15
CUST5395,Lisa,Proctor,Female,Senior,Australia,2023-06-25
CUST5396,Cynthia,Ryan,Female,Senior,USA,2020-10-09
CUST5397,Andrew,Simpson,Male,Teenagers,Canada,2024-06-04
CUST5398,Kevin,Johnson,Female,Senior,Japan,2024-08-15
CUST5399,Brian,Reyes,Female,Senior,India,2021-06-21
CUST5400,Alexander,Morales,Female,Teenagers,Canada,2024-09-19
CUST5401,Colleen,Wilkins,Female,Senior,Australia,2022-11-17
CUST5402,Derek,Myers,Male,Teenagers,France,2023-03-30
CUST5403,Charles,Watts,Male,Senior,Australia,2021-03-03
CUST5404,Calvin,Horton,Female,Adults,France,2023-10-27
CUST5405,Cheryl,Stevens,Male,Senior,UK,2021-03-27
CUST5406,Diane,Hobbs,Male,Teenagers,Australia,2025-01-23
CUST5407,Jonathan,Johnston,Male,Adults,Canada,2023-10-16
CUST5408,Daniel,Lewis,Male,Senior,China,2024-11-10
CUST5409,Teresa,Mitchell,Male,Teenagers,Canada,2022-11-27
CUST5410,Joseph,Jackson,Male,Senior,Japan,2025-08-19
CUST5411,Joseph,Taylor,Female,Teenagers,China,2023-02-07
CUST5412,Nancy,Lawson,Male,Teenagers,Canada,2024-10-17
CUST5413,David,Combs,Male,Teenagers,China,2023-04-17
CUST5414,Kyle,Copeland,Male,Senior,India,2022-06-21
CUST5415,Lori,Gomez,Female,Teenagers,France,2023-08-03
CUST5416,Mark,Lopez,Female,Adults,France,2022-02-16
CUST5417,Luis,Dunn,Other,Teenagers,Canada,2022-11-03
CUST5418,Robert,Evans,Female,Teenagers,India,2020-11-11
CUST5419,John,Nguyen,Male,Adults,Brazil,2024-10-27
CUST5422,Amy,Gillespie,Other,Adults,Germany,2021-08-30
CUST5423,Lori,Kline,Other,Adults,Germany,2025-05-12
CUST5424,Jimmy,Berry,Other,Adults,Brazil,2020-11-09
CUST5425,Toni,Taylor,Other,Adults,Germany,2024-04-28
CUST5426,James,Hernandez,Other,Adults,China,2022-01-21
CUST5427,Bobby,Thomas,Male,Adults,India,2024-07-31
CUST5428,Stephen,Sanchez,Other,Adults,Australia,2022-11-12
CUST5429,Mary,Harris,Other,Teenagers,France,2022-11-29
CUST5430,Brian,Leblanc,Male,Senior,USA,2021-06-12
CUST5432,Cassandra,Gonzalez,Female,Adults,China,2022-02-15
CUST5433,Diane,Jackson,Other,Teenagers,Australia,2025-07-12
CUST5434,Kevin,Lyons,Other,Adults,Japan,2022-07-28
CUST5435,Valerie,Howard,Female,Senior,USA,2022-05-25
CUST5436,Daniel,Adams,Other,Adults,China,2020-08-29
CUST5437,Marcus,Morales,Other,Teenagers,France,2021-07-29
CUST5439,Sarah,Ball,Female,Senior,France,2024-06-19
CUST5440,Ryan,Norris,Female,Teenagers,Canada,2024-09-25
CUST5441,Ashley,Holmes,Other,Adults,China,2021-09-07
CUST5442,David,Graves,Male,Teenagers,USA,2022-05-16
CUST5443,Angela,Mcclain,Male,Teenagers,Germany,2023-03-13
CUST5444,Lauren,Briggs,Female,Teenagers,France,2023-03-04
CUST5445,Jennifer,Wilson,Other,Teenagers,Japan,2020-12-24
CUST5446,Christopher,Ellison,Male,Adults,Germany,2024-08-26
CUST5447,Bryce,Keller,Female,Senior,Australia,2022-12-03
CUST5448,Caroline,Gonzalez,Male,Adults,India,2020-12-27
CUST5449,David,Curtis,Male,Teenagers,China,2023-05-28
CUST5450,Shari,Patterson,Other,Senior,USA,2025-07-19
CUST5451,Jason,Dudley,Male,Adults,USA,2021-01-16
CUST5452,Erin,Graves,Other,Senior,Canada,2024-03-20
CUST5453,James,Valdez,Male,Teenagers,USA,2023-04-12
CUST5456,Lauren,Villa,Female,Senior,Canada,2024-05-07
CUST5457,Barry,Weaver,Female,Senior,China,2023-02-25
CUST5458,Colin,Rodriguez,Other,Teenagers,UK,2025-07-16
CUST5459,Kristin,Silva,Other,Senior,Brazil,2025-08-18
CUST5460,Jeffrey,Williams,Other,Teenagers,Japan,2021-03-06
CUST5461,Nathan,Martin,Female,Adults,Japan,2024-01-14
CUST5462,Colleen,Jackson,Female,Adults,France,2022-01-21
CUST5463,Kelly,Ross,Female,Adults,Canada,2025-08-06
CUST5464,Christopher,Richardson,Female,Senior,China,2024-02-09
CUST5465,Micheal,Kirby,Female,Teenagers,France,2024-10-06
CUST5466,Jennifer,Wallace,Female,Adults,Canada,2023-02-03
CUST5467,Cassandra,Whitaker,Other,Senior,Japan,2023-05-14
CUST5468,Alicia,Bush,Other,Teenagers,Germany,2024-11-05
CUST5469,Gina,Collins,Male,Teenagers,USA,2024-02-05
CUST5470,Rachel,Hines,Female,Teenagers,China,2021-02-10
CUST5472,Jennifer,Harper,Male,Adults,Germany,2023-05-05
CUST5473,Kaitlyn,Taylor,Male,Adults,Australia,2020-09-13
CUST5474,Ariel,Hines,Male,Adults,Canada,2023-09-11
CUST5476,Travis,Perez,Female,Adults,Australia,2020-09-23
CUST5477,Melinda,Barr,Other,Teenagers,Australia,2023-03-06
CUST5478,Kyle,Cobb,Female,Senior,USA,2022-03-07
CUST5479,Donald,Stone,Other,Adults,Australia,2023-09-01
CUST5481,Vickie,Robinson,Other,Teenagers,Japan,2024-05-31
CUST5482,Jason,Golden,Other,Adults,Canada,2020-10-28
CUST5483,Jason,Lee,Other,Senior,UK,2022-07-06
CUST5484,Christine,Freeman,Other,Teenagers,India,2021-05-26
CUST5485,John,Wells,Female,Teenagers,India,2020-10-28
CUST5486,Benjamin,West,Other,Senior,Germany,2024-06-11
CUST5487,Monique,Adams,Other,Senior,Germany,2025-02-16
CUST5488,Brittany,Horn,Other,Adults,Japan,2021-11-08
CUST5489,Amanda,Herrera,Other,Teenagers,Australia,2024-03-07
CUST5490,Deborah,Thomas,Male,Senior,France,2025-06-28
CUST5491,Wendy,Young,Female,Senior,China,2022-06-26
CUST5492,Christine,Pitts,Other,Adults,Germany,2024-07-26
CUST5493,Sherry,Russell,Other,Senior,China,2024-09-25
CUST5494,Vanessa,Reed,Female,Senior,Australia,2023-03-14
CUST5495,Gerald,Rice,Male,Teenagers,France,2023-01-17
CUST5496,Jason,Schroeder,Female,Adults,Japan,2025-05-05
CUST5497,Pamela,Stewart,Male,Adults,Germany,2023-07-27
CUST5498,Erica,Velazquez,Male,Teenagers,USA,2025-04-06
CUST5499,Jeffery,Maynard,Female,Adults,China,2024-06-20
CUST5500,Paula,Meza,Female,Teenagers,USA,2024-10-13
CUST5501,Charles,Bender,Other,Adults,UK,2022-03-06
CUST5502,Steven,Morris,Other,Teenagers,France,2023-09-18
CUST5503,Jessica,Alvarez,Other,Senior,UK,2022-07-04
CUST5504,Diane,Graham,Male,Senior,USA,2021-02-08
CUST5505,Linda,Jensen,Male,Teenagers,USA,2023-07-28
CUST5506,William,Harvey,Female,Senior,India,2022-10-28
CUST5507,Michael,Mercer,Female,Senior,Japan,2023-01-23
CUST5508,Angela,Massey,Male,Adults,China,2024-11-09
CUST5509,Cindy,Warner,Other,Adults,Canada,2024-07-26
CUST5510,Daniel,Rose,Female,Adults,China,2021-06-28
CUST5512,Mark,Griffin,Female,Senior,Canada,2020-11-11
CUST5513,Tammy,Holland,Other,Senior,Canada,2023-05-06
CUST5514,Tammy,Bennett,Male,Adults,UK,2024-09-05
CUST5515,Robert,Miller,Other,Adults,UK,2024-12-05
CUST5516,Amanda,Barnes,Female,Senior,India,2025-02-16
CUST5517,Melissa,Meyer,Male,Adults,France,2021-05-30
CUST5518,Erica,Rice,Male,Adults,UK,2022-02-27
CUST5519,Brian,Gomez,Other,Teenagers,Germany,2024-06-17
CUST5520,Matthew,Smith,Male,Senior,Australia,2022-10-20
CUST5521,Savannah,Wallace,Other,Adults,France,2024-08-29
CUST5522,Ashley,Mcmahon,Female,Teenagers,Canada,2024-07-31
CUST5523,Scott,Ellis,Male,Adults,Australia,2020-09-09
CUST5524,Ronnie,Sanchez,Male,Senior,China,2022-10-25
CUST5526,Eric,Anderson,Female,Adults,France,2021-09-15
CUST5527,Shawn,Schwartz,Male,Senior,USA,2023-02-16
CUST5528,Terri,Mcmillan,Female,Senior,Canada,2021-12-24
CUST5529,Nichole,Oconnell,Female,Teenagers,Australia,2020-12-18
CUST5530,Paul,Bennett,Other,Senior,Brazil,2024-12-29
CUST5531,William,Estrada,Other,Senior,Germany,2022-02-02
CUST5532,Sophia,Parker,Other,Adults,China,2021-04-24
CUST5533,Kevin,Gallegos,Other,Teenagers,USA,2025-01-26
CUST5534,Mary,Russell,Other,Teenagers,Germany,2024-04-04
CUST5535,Tracey,Richards,Other,Teenagers,China,2023-09-18
CUST5537,Vanessa,King,Other,Adults,USA,2023-11-09
CUST5539,Jared,Wilson,Female,Teenagers,Japan,2022-02-06
CUST5540,Rick,Cole,Female,Senior,UK,2023-07-23
CUST5541,Edward,Little,Female,Teenagers,Japan,2023-07-08
CUST5542,Matthew,Goodwin,Female,Senior,Germany,2021-01-04
CUST5543,Katelyn,Payne,Other,Senior,Japan,2023-01-06
CUST5544,Robin,Cooper,Other,Teenagers,USA,2021-07-07
CUST5545,Jessica,Gutierrez,Other,Adults,Canada,2024-03-14
CUST5546,Edward,Rich,Other,Adults,France,2024-12-18
CUST5547,Kurt,Simmons,Other,Teenagers,France,2021-03-18
CUST5548,Tamara,Turner,Female,Adults,Germany,2025-01-08
CUST5549,Robert,Wang,Other,Senior,Canada,2022-11-09
CUST5550,Eric,Valencia,Male,Teenagers,USA,2025-06-20
CUST5551,Vanessa,Bryant,Male,Teenagers,USA,2021-01-07
CUST5552,Nicole,Johnson,Female,Teenagers,France,2021-02-21
CUST5554,Jason,Espinoza,Male,Adults,Canada,2021-04-14
CUST5555,Sherry,Parker,Female,Senior,Brazil,2025-03-31
CUST5556,Lauren,Miller,Male,Teenagers,Canada,2025-04-08
CUST5557,Kimberly,Martinez,Male,Adults,USA,2022-12-26
CUST5558,Amanda,Buchanan,Female,Adults,Australia,2023-03-30
CUST5559,Suzanne,Villarreal,Male,Senior,USA,2024-01-18
CUST5560,Sarah,Reid,Male,Senior,France,2023-07-25
CUST5561,Thomas,Barrett,Other,Senior,France,2022-02-19
CUST5563,Linda,Bell,Other,Teenagers,USA,2023-09-24
CUST5564,Samuel,Green,Other,Senior,Germany,2024-05-11
CUST5565,Ernest,Nguyen,Other,Teenagers,France,2024-01-09
CUST5566,Zoe,Ortega,Female,Senior,France,2023-04-11
CUST5567,Sarah,Hoffman,Female,Senior,USA,2023-11-12
CUST5568,Kristen,Bell,Other,Teenagers,Brazil,2024-04-23
CUST5569,Jackson,Farmer,Female,Adults,Germany,2022-03-02
CUST5570,Matthew,Clarke,Other,Senior,Australia,2025-06-13
CUST5572,Luis,Horn,Other,Adults,Japan,2022-06-12
CUST5576,Barbara,Hatfield,Female,Teenagers,India,2025-03-20
CUST5577,Gina,Rodriguez,Female,Senior,China,2023-03-07
CUST5578,Mitchell,Walker,Male,Senior,UK,2025-05-18
CUST5579,Bryce,Keller,Other,Teenagers,France,2024-03-25
CUST5580,Joanna,Martin,Other,Teenagers,UK,2021-12-24
CUST5581,Barbara,Mitchell,Female,Teenagers,USA,2021-04-23
CUST5583,Benjamin,Williams,Female,Senior,UK,2023-02-21
CUST5586,Scott,Chandler,Male,Adults,China,2022-06-26
CUST5587,Christopher,Wilson,Male,Adults,India,2025-07-27
CUST5588,Daniel,Edwards,Female,Senior,France,2021-02-12
CUST5589,Peter,Shepherd,Female,Teenagers,France,2023-08-25
CUST5590,Darren,Brown,Other,Senior,USA,2022-07-14
CUST5592,David,Hubbard,Male,Adults,Brazil,2024-07-12
CUST5593,Daniel,Mason,Male,Senior,UK,2024-02-22
CUST5594,Christy,Butler,Other,Teenagers,UK,2022-02-22
CUST5595,Christian,Fritz,Male,Senior,India,2022-06-18
CUST5596,Sean,Gonzales,Other,Adults,Brazil,2024-12-30
CUST5597,Kevin,Edwards,Female,Adults,France,2023-08-12
CUST5598,Kelsey,Nolan,Female,Senior,UK,2022-12-16
CUST5599,Kristen,Daniel,Other,Teenagers,Brazil,2023-06-13
CUST5600,Lee,Miller,Other,Senior,Japan,2021-09-27
CUST5601,Megan,Romero,Other,Teenagers,Japan,2025-07-18
CUST5602,Amanda,Gonzales,Other,Adults,Canada,2023-03-17
CUST5603,Victor,Khan,Other,Senior,France,2021-07-30
CUST5604,Jason,Sharp,Other,Adults,India,2021-03-20
CUST5605,Christopher,Freeman,Other,Teenagers,Germany,2025-05-04
CUST5606,Sylvia,Elliott,Male,Adults,Canada,2023-09-17
CUST5607,Steven,Jones,Male,Senior,UK,2024-09-02
CUST5608,Brandi,Cooper,Female,Adults,Brazil,2023-05-29
CUST5610,Kimberly,Bennett,Female,Teenagers,France,2021-05-11
CUST5611,Katelyn,Patton,Other,Senior,India,2024-08-06
CUST5612,Gary,Maldonado,Male,Adults,Australia,2022-09-02
CUST5615,Christopher,Dawson,Other,Adults,UK,2021-03-20
CUST5616,Sara,Krause,Other,Senior,France,2022-06-30
CUST5617,Brandy,Horne,Other,Teenagers,Japan,2021-06-06
CUST5618,Jasmine,Mills,Other,Adults,China,2023-09-30
CUST5619,Kristy,Johnson,Male,Adults,France,2024-05-16
CUST5620,Tracey,Roth,Other,Senior,UK,2025-08-13
CUST5621,Linda,Ochoa,Other,Adults,Japan,2021-03-28
CUST5623,Mary,Norris,Other,Adults,USA,2020-12-03
CUST5624,Brandon,Solis,Male,Adults,China,2025-05-22
CUST5625,Rachel,Thomas,Male,Senior,Canada,2024-02-01
CUST5626,Bridget,Fitzpatrick,Other,Adults,UK,2023-02-05
CUST5627,William,Myers,Other,Teenagers,India,2022-02-16
CUST5628,Roger,Wade,Other,Senior,France,2024-09-07
CUST5629,Timothy,Conway,Female,Adults,Brazil,2024-03-23
CUST5630,Victor,Wheeler,Other,Adults,Australia,2021-07-24
CUST5634,Jeffrey,Williams,Other,Senior,Germany,2022-12-05
CUST5635,Christine,Stephens,Other,Adults,Japan,2021-10-28
CUST5636,Karen,Dixon,Male,Adults,India,2021-02-15
CUST5637,Debra,Austin,Other,Senior,China,2023-03-26
CUST5638,Lisa,Davis,Female,Teenagers,Australia,2021-12-26
CUST5639,Bruce,Castillo,Male,Senior,Brazil,2024-02-11
CUST5640,Steven,Mullen,Other,Teenagers,China,2020-08-27
CUST5641,Michelle,Parker,Male,Senior,China,2023-03-27
CUST5642,Matthew,Munoz,Male,Teenagers,Brazil,2020-12-07
CUST5644,Justin,Espinoza,Female,Senior,Australia,2022-01-02
CUST5646,Justin,Nelson,Female,Teenagers,Canada,2023-07-21
CUST5647,Christopher,Harper,Male,Teenagers,Germany,2022-04-12
CUST5649,Paul,Hawkins,Female,Adults,USA,2021-08-05
CUST5650,Sonia,Cummings,Female,Adults,France,2025-07-07
CUST5652,Jimmy,Wallace,Male,Teenagers,Australia,2022-04-18
CUST5653,Whitney,Roberts,Female,Senior,Japan,2022-05-27
CUST5654,Nicole,Vaughan,Female,Adults,India,2023-07-12
CUST5655,Paul,Young,Female,Teenagers,France,2023-11-12
CUST5656,Lisa,Mason,Other,Teenagers,USA,2021-10-12
CUST5659,Dawn,Moore,Other,Teenagers,USA,2023-09-04
CUST5660,Janet,Serrano,Female,Senior,USA,2021-12-30
CUST5661,Jacob,Chambers,Male,Senior,Canada,2021-09-21
CUST5662,Andre,Chavez,Other,Adults,Canada,2024-01-21
CUST5663,Donald,Hall,Other,Adults,Canada,2025-04-12
CUST5665,Brian,Santos,Other,Senior,France,2025-07-11
CUST5666,Jessica,Moyer,Other,Senior,UK,2023-11-05
CUST5667,Brooke,Knapp,Male,Senior,Japan,2024-08-23
CUST5668,Bryan,Kelly,Male,Senior,UK,2023-04-01
CUST5669,Joseph,Carter,Other,Adults,UK,2025-05-18
CUST5670,Bryan,Ramos,Female,Senior,UK,2021-05-13
CUST5672,Nicholas,Riggs,Female,Senior,Australia,2024-09-15
CUST5673,Jonathan,Espinoza,Male,Teenagers,Germany,2024-07-13
CUST5676,Kaitlyn,Taylor,Male,Senior,UK,2025-03-07
CUST5677,Krystal,Braun,Male,Senior,Australia,2024-03-30
CUST5678,Christopher,Huff,Female,Senior,Germany,2025-08-02
CUST5679,Joanne,Rivera,Other,Senior,France,2025-08-03
CUST5680,Peggy,Jensen,Female,Teenagers,Australia,2023-04-29
CUST5681,Tyler,Livingston,Other,Teenagers,India,2023-11-13
CUST5683,Sarah,Hughes,Female,Teenagers,Germany,2021-10-27
CUST5684,Kyle,Mills,Male,Adults,Australia,2023-09-11
CUST5685,Eugene,Long,Female,Teenagers,Japan,2022-11-17
CUST5687,Stacy,Chang,Female,Teenagers,Canada,2020-12-02
CUST5688,Gregory,Stewart,Other,Teenagers,Japan,2024-04-10
CUST5689,Jonathan,Nguyen,Male,Teenagers,France,2020-10-31
CUST5690,Eric,Moore,Male,Senior,Brazil,2023-01-21
CUST5691,Laura,Rose,Other,Senior,Australia,2025-07-05
CUST5692,Mark,Garcia,Female,Teenagers,Germany,2021-05-05
CUST5693,Hector,Reese,Male,Senior,Japan,2022-11-22
CUST5694,Zachary,Gordon,Male,Senior,China,2021-09-25
CUST5695,Tammy,Davidson,Female,Adults,Brazil,2023-09-11
CUST5696,Joseph,Baldwin,Male,Senior,UK,2023-08-20
CUST5697,Melvin,Stanley,Other,Senior,India,2021-04-05
CUST5698,Taylor,Flores,Other,Senior,Australia,2021-07-23
CUST5699,Jason,King,Male,Teenagers,China,2022-11-22
CUST5701,Andrew,Lewis,Male,Adults,Australia,2022-07-12
CUST5702,Edward,Lopez,Female,Senior,Australia,2021-09-21
CUST5703,Barbara,Clark,Other,Teenagers,Canada,2025-05-14
CUST5704,Susan,Farmer,Other,Teenagers,India,2021-10-25
CUST5705,Veronica,Barnes,Female,Adults,France,2022-05-17
CUST5706,Kelly,Crane,Female,Adults,USA,2024-09-10
CUST5707,Eileen,Jackson,Other,Adults,Germany,2021-06-22
CUST5708,Hannah,Ramos,Male,Adults,Germany,2025-03-18
CUST5710,Alison,Schultz,Male,Adults,Canada,2025-04-13
CUST5711,Jessica,Harris,Male,Teenagers,France,2025-08-22
CUST5712,Patrick,Lewis,Other,Senior,Canada,2023-09-04
CUST5713,Karen,Warren,Other,Senior,USA,2021-10-28
CUST5714,Rachel,Hayes,Male,Senior,France,2023-12-17
CUST5715,James,Hayes,Male,Teenagers,Germany,2025-03-24
CUST5716,Joseph,Garcia,Male,Adults,Brazil,2023-12-26
CUST5717,Sean,Hardy,Female,Adults,India,2025-06-09
CUST5719,David,Mills,Other,Senior,UK,2022-03-24
CUST5720,Ann,Walls,Male,Senior,Canada,2021-01-28
CUST5721,Christine,Miranda,Female,Adults,Canada,2023-04-07
CUST5722,Adam,Hayes,Other,Adults,Australia,2024-06-10
CUST5723,Vanessa,Haynes,Male,Senior,Japan,2024-08-07
CUST5724,Brianna,Lewis,Other,Adults,Germany,2024-02-01
CUST5726,Jennifer,Edwards,Male,Senior,France,2023-05-15
CUST5727,Kristen,Medina,Male,Senior,UK,2025-02-08
CUST5728,Maria,Simmons,Male,Adults,Canada,2023-06-07
CUST5729,Monica,Johnson,Other,Adults,USA,2023-09-16
CUST5730,Mason,Smith,Female,Senior,Germany,2025-06-03
CUST5731,John,Jones,Male,Senior,China,2025-06-19
CUST5733,Ian,Allen,Other,Senior,Brazil,2021-11-05
CUST5734,Tanya,Glass,Female,Adults,China,2025-03-26
CUST5735,Kenneth,Ferrell,Female,Teenagers,USA,2022-10-27
CUST5736,Jasmine,Buckley,Male,Senior,Canada,2024-10-31
CUST5737,Jesse,Mills,Female,Adults,Australia,2024-04-11
CUST5738,Hector,Morris,Other,Adults,Brazil,2021-09-08
CUST5739,Patrick,Williams,Other,Teenagers,Japan,2022-12-04
CUST5740,Kathleen,Alexander,Female,Teenagers,USA,2021-10-29
CUST5741,Katrina,Benitez,Other,Senior,France,2021-04-24
CUST5742,Thomas,Brown,Female,Adults,China,2021-06-09
CUST5743,Brooke,Stewart,Male,Senior,Australia,2020-12-10
CUST5744,Julia,Young,Female,Adults,Brazil,2022-09-27
CUST5745,Karen,Howard,Female,Adults,Canada,2022-11-07
CUST5747,Amanda,Myers,Female,Adults,Germany,2023-03-09
CUST5748,Amber,Williams,Male,Senior,UK,2022-11-04
CUST5749,Joshua,Wallace,Other,Teenagers,Australia,2025-03-06
CUST5750,Chase,Smith,Female,Adults,Japan,2024-06-29
CUST5751,Lori,Caldwell,Female,Adults,Germany,2023-09-17
CUST5752,Sean,Stuart,Female,Teenagers,China,2020-11-10
CUST5753,Connor,Juarez,Female,Senior,Japan,2021-02-14
CUST5754,Ryan,Freeman,Male,Teenagers,Australia,2021-07-01
CUST5755,Todd,Dixon,Male,Senior,Brazil,2021-11-07
CUST5756,Steve,Price,Female,Teenagers,Japan,2022-05-04
CUST5757,Jade,Warren,Male,Adults,Australia,2021-05-21
CUST5758,Kimberly,Chandler,Male,Teenagers,Canada,2025-04-26
CUST5759,Sharon,Thompson,Other,Adults,Brazil,2023-06-04
CUST5761,Linda,Page,Other,Senior,Brazil,2023-05-04
CUST5762,Vanessa,Mills,Male,Senior,Japan,2024-11-06
CUST5763,Kathleen,Lane,Other,Senior,India,2022-06-27
CUST5764,Michael,Gray,Male,Adults,UK,2024-03-24
CUST5765,Christy,Poole,Other,Adults,Canada,2023-06-12
CUST5766,Loretta,Beck,Male,Senior,China,2024-11-18
CUST5767,Sue,Hansen,Male,Adults,USA,2021-05-25
CUST5768,Catherine,Hickman,Male,Adults,USA,2024-10-18
CUST5769,Donna,Jenkins,Male,Teenagers,India,2021-12-01
CUST5770,Louis,Ewing,Male,Adults,Brazil,2023-04-14
CUST5771,George,Ross,Male,Senior,China,2022-03-07
CUST5772,Matthew,Cooper,Male,Senior,China,2022-06-13
CUST5774,Steven,Roth,Other,Senior,China,2021-01-25
CUST5775,Daniel,Collins,Other,Adults,Brazil,2025-08-19
CUST5776,Marissa,Harrison,Male,Senior,USA,2024-06-17
CUST5777,Tyrone,Bright,Male,Teenagers,Germany,2024-05-30
CUST5779,Jonathan,Arnold,Male,Adults,India,2022-04-16
CUST5780,Christopher,Berry,Male,Senior,Germany,2025-08-14
CUST5781,Jennifer,Chandler,Male,Adults,France,2022-02-20
CUST5782,Joseph,Anderson,Male,Teenagers,Canada,2024-03-02
CUST5783,Todd,Melendez,Other,Adults,China,2024-12-10
CUST5785,Louis,Higgins,Other,Adults,France,2021-03-13
CUST5786,Anthony,Weber,Male,Adults,Canada,2023-09-22
CUST5789,Martin,Austin,Other,Teenagers,France,2021-05-20
CUST5790,Michael,Conner,Female,Teenagers,Japan,2025-05-28
CUST5791,Spencer,Blankenship,Female,Adults,UK,2024-02-22
CUST5792,Amy,Jones,Male,Senior,Australia,2025-05-16
CUST5795,Amy,Shepard,Other,Teenagers,China,2024-12-04
CUST5796,Olivia,Clayton,Male,Senior,Australia,2022-09-10
CUST5797,Craig,Anderson,Female,Teenagers,UK,2022-09-14
CUST5798,Nicholas,Francis,Female,Teenagers,France,2022-11-08
CUST5799,Henry,Anderson,Other,Teenagers,Australia,2024-05-26
CUST5800,Matthew,Tran,Female,Adults,Japan,2023-01-02
CUST5801,Michael,Ball,Male,Adults,India,2022-06-29
CUST5802,Carl,Knight,Other,Teenagers,Canada,2023-09-04
CUST5803,Cindy,Payne,Female,Adults,China,2022-12-24
CUST5804,Joshua,Munoz,Other,Senior,Japan,2024-07-09
CUST5805,Lindsey,Miller,Female,Senior,India,2023-10-14
CUST5806,Joel,Morris,Other,Teenagers,Germany,2022-08-13
CUST5808,Yolanda,Medina,Other,Teenagers,Australia,2022-01-24
CUST5809,Kevin,Salinas,Other,Teenagers,Japan,2021-02-02
CUST5810,Dawn,Long,Female,Senior,Japan,2023-05-19
CUST5811,Andrew,Hampton,Male,Senior,UK,2024-09-07
CUST5812,Jennifer,Burke,Other,Adults,China,2023-02-28
CUST5813,Jonathan,Garcia,Female,Teenagers,China,2021-11-10
CUST5814,Blake,Reyes,Other,Teenagers,USA,2024-08-10
CUST5815,Derek,Powell,Other,Teenagers,Canada,2022-06-13
CUST5817,Reginald,Chavez,Other,Senior,UK,2023-02-14
CUST5818,Mary,Perkins,Female,Adults,UK,2023-09-23
CUST5819,Michael,Ray,Other,Senior,Germany,2022-02-25
CUST5820,Carla,Ross,Other,Senior,Canada,2022-09-29
CUST5821,Shawn,Ortega,Other,Adults,UK,2024-02-26
CUST5822,Monica,Smith,Male,Senior,India,2022-03-19
CUST5823,Anthony,Holloway,Female,Senior,USA,2024-06-09
CUST5825,Jessica,Brown,Female,Adults,Australia,2022-08-07
CUST5826,Steven,Bishop,Other,Teenagers,Australia,2023-09-25
CUST5827,Paul,Beasley,Female,Teenagers,Japan,2023-05-11
CUST5830,Gary,Henderson,Male,Adults,Canada,2020-10-18
CUST5832,Nathaniel,Townsend,Other,Adults,USA,2024-06-13
CUST5833,Adrian,Buchanan,Male,Adults,Japan,2024-07-13
CUST5834,William,Gutierrez,Female,Senior,India,2021-11-29
CUST5835,Jennifer,Lewis,Female,Teenagers,USA,2025-01-28
CUST5836,Amanda,Williams,Other,Teenagers,USA,2022-09-06
CUST5837,Melanie,Griffin,Female,Adults,India,2025-01-11
CUST5838,Dawn,Stephens,Female,Teenagers,India,2024-06-25
CUST5839,Samantha,Owens,Other,Adults,France,2021-12-25
CUST5840,Spencer,Morris,Other,Senior,UK,2022-09-25
CUST5841,Jeffrey,Callahan,Male,Teenagers,China,2021-04-10
CUST5842,Kurt,Welch,Other,Teenagers,China,2021-10-05
CUST5843,Deborah,Wilson,Other,Adults,Japan,2021-03-05
CUST5844,Jonathan,Turner,Female,Teenagers,India,2023-06-26
CUST5845,Sarah,Maxwell,Male,Adults,USA,2021-04-22
CUST5846,Jacob,Garcia,Female,Adults,USA,2024-03-04
CUST5848,Richard,Stewart,Male,Senior,Germany,2024-10-19
CUST5850,Amanda,Waller,Other,Adults,Japan,2024-02-21
CUST5851,Katie,Stout,Other,Adults,France,2022-04-19
CUST5852,William,Johnson,Other,Teenagers,Australia,2024-10-13
CUST5854,Eric,Sims,Female,Adults,Japan,2024-04-25
CUST5855,Cassandra,Nicholson,Other,Teenagers,Germany,2021-07-12
CUST5856,Brandon,Bowen,Male,Adults,UK,2023-12-11
CUST5857,Bruce,Vaughan,Other,Adults,India,2025-03-16
CUST5858,Jessica,Woods,Male,Adults,USA,2024-09-05
CUST5859,Dawn,Reese,Female,Teenagers,Australia,2021-11-22
CUST5860,Zachary,Anthony,Other,Senior,USA,2024-07-19
CUST5861,Stacy,Ellison,Female,Senior,China,2021-05-16
CUST5863,Michael,Martin,Other,Teenagers,Japan,2023-02-18
CUST5864,Emily,Serrano,Male,Adults,France,2025-02-26
CUST5865,Amy,Collins,Male,Senior,Japan,2024-08-21
CUST5866,Catherine,Lopez,Male,Senior,Germany,2024-03-11
CUST5867,Holly,Carlson,Male,Adults,France,2024-06-15
CUST5868,Bobby,Carroll,Other,Teenagers,Canada,2022-10-08
CUST5869,Christopher,Burton,Male,Senior,UK,2022-06-24
CUST5871,Joshua,Wolf,Other,Senior,France,2025-05-05
CUST5872,Jason,Davis,Female,Adults,India,2020-10-26
CUST5873,Stephanie,Mcclure,Male,Adults,France,2022-04-01
CUST5874,Becky,Duffy,Other,Adults,USA,2022-05-23
CUST5875,David,King,Male,Teenagers,Australia,2023-04-19
CUST5876,Sarah,Smith,Male,Teenagers,USA,2022-01-23
CUST5877,Jessica,Sanchez,Female,Senior,Australia,2023-12-02
CUST5879,Daryl,Carpenter,Other,Teenagers,Germany,2025-03-26
CUST5880,Shelby,Nunez,Female,Senior,China,2025-05-23
CUST5881,Sara,Kim,Other,Teenagers,Brazil,2022-11-11
CUST5883,Brian,Rogers,Other,Teenagers,Canada,2022-04-05
CUST5884,Scott,Knight,Female,Adults,France,2021-01-10
CUST5885,Jeremy,Scott,Male,Teenagers,USA,2021-03-14
CUST5886,Jacob,Hawkins,Female,Teenagers,Japan,2021-11-26
CUST5887,Tara,Myers,Other,Adults,Germany,2021-11-25
CUST5888,Christopher,Campbell,Female,Senior,India,2025-03-08
CUST5889,Christine,Hancock,Male,Teenagers,France,2023-04-02
CUST5891,Mike,Daniel,Female,Teenagers,UK,2024-12-26
CUST5892,Joshua,Hansen,Other,Adults,Australia,2023-02-01
CUST5893,David,Lloyd,Other,Adults,India,2024-06-13
CUST5894,Mandy,Fitzgerald,Male,Adults,France,2022-07-21
CUST5895,Rebecca,Shannon,Male,Adults,UK,2022-04-13
CUST5896,Brian,Miller,Female,Adults,Japan,2024-09-07
CUST5898,Daniel,Dudley,Other,Senior,France,2024-04-26
CUST5899,Joseph,Wright,Male,Senior,UK,2025-08-05
CUST5900,Jeffery,Joseph,Male,Teenagers,USA,2021-07-26
CUST5901,Zachary,Howard,Female,Adults,India,2024-05-09
CUST5902,Nancy,Prince,Female,Senior,Brazil,2023-05-06
CUST5903,Janice,Scott,Female,Teenagers,Japan,2021-02-04
CUST5904,Christina,Pearson,Female,Adults,Japan,2023-09-16
CUST5905,Natalie,Tyler,Female,Teenagers,UK,2022-11-20
CUST5906,Michael,Mason,Female,Adults,Japan,2020-11-10
CUST5907,Tanner,Gutierrez,Other,Adults,USA,2022-05-23
CUST5908,Mark,Ritter,Female,Adults,India,2023-06-02
CUST5909,Donna,Stone,Other,Adults,Canada,2023-09-04
CUST5910,Elizabeth,Watts,Other,Adults,Germany,2024-04-21
CUST5911,Drew,Robinson,Other,Senior,Australia,2024-12-15
CUST5912,Brandi,Nicholson,Other,Senior,USA,2024-12-07
CUST5913,Andrew,Grant,Male,Senior,Canada,2022-09-12
CUST5915,Adrian,Ruiz,Other,Senior,USA,2023-01-09
CUST5916,Jamie,Joseph,Other,Senior,India,2021-06-30
CUST5918,James,Walls,Other,Teenagers,India,2021-11-08
CUST5919,Carolyn,Davis,Male,Senior,India,2023-04-17
CUST5920,Paul,Anderson,Female,Teenagers,China,2021-11-14
CUST5921,Robert,Barber,Other,Senior,USA,2022-06-03
CUST5922,Scott,Mills,Female,Teenagers,Brazil,2021-02-26
CUST5923,Willie,Alexander,Male,Teenagers,Australia,2021-05-08
CUST5924,Robert,Schmitt,Female,Senior,China,2022-05-19
CUST5925,Heather,Johnson,Other,Teenagers,Japan,2023-08-17
CUST5928,Michael,Blake,Male,Senior,Brazil,2022-06-21
CUST5929,Rachael,Whitehead,Female,Senior,India,2021-03-01
CUST5930,Lisa,Calderon,Female,Senior,China,2021-11-16
CUST5931,Stephen,Gonzalez,Male,Teenagers,UK,2023-04-28
CUST5933,James,Bautista,Male,Adults,USA,2023-10-17
CUST5935,Ruben,Smith,Other,Senior,China,2024-09-22
CUST5937,David,Mata,Male,Teenagers,China,2021-12-06
CUST5938,Cody,Johnson,Female,Senior,Germany,2022-05-01
CUST5939,Roger,Thomas,Male,Teenagers,Australia,2024-09-06
CUST5940,Tracie,King,Female,Adults,UK,2025-08-19
CUST5941,Justin,Mcdonald,Other,Senior,Canada,2020-11-18
CUST5942,Mary,Ward,Other,Teenagers,Japan,2021-11-28
CUST5943,Christopher,Hogan,Female,Senior,USA,2022-04-02
CUST5944,Wesley,Greer,Other,Senior,Germany,2025-07-31
CUST5945,Amber,Peterson,Male,Adults,USA,2022-09-08
CUST5946,Erin,Mendoza,Female,Teenagers,Japan,2020-09-02
CUST5947,Alicia,Smith,Female,Senior,Canada,2022-01-28
CUST5948,Joel,Mckenzie,Other,Adults,USA,2025-04-07
CUST5952,Erin,Bradley,Other,Teenagers,India,2021-06-17
CUST5953,Audrey,Osborne,Male,Senior,Japan,2021-05-26
CUST5954,Karen,Garrett,Other,Adults,India,2020-09-20
CUST5955,Timothy,Alvarez,Other,Teenagers,USA,2024-09-19
CUST5956,Cynthia,Jensen,Female,Senior,France,2025-07-11
CUST5957,Margaret,Johns,Male,Adults,USA,2024-03-13
CUST5958,Melanie,Butler,Female,Senior,China,2021-11-10
CUST5959,Teresa,Lee,Male,Adults,Australia,2022-01-15
CUST5960,Jessica,Stewart,Other,Teenagers,USA,2024-01-20
CUST5961,Paul,Benjamin,Female,Senior,India,2024-06-13
CUST5962,Ronald,Johnson,Female,Senior,Brazil,2022-07-06
CUST5963,Paul,Lee,Male,Adults,UK,2020-09-25
CUST5965,Nathan,Jones,Male,Teenagers,USA,2022-04-27
CUST5966,Samantha,Cooley,Male,Adults,France,2024-08-21
CUST5967,Robert,Lewis,Female,Adults,USA,2022-03-01
CUST5968,Sarah,Smith,Male,Senior,Germany,2025-03-21
CUST5969,Joel,Brooks,Female,Adults,USA,2025-02-18
CUST5970,Evan,Ward,Female,Adults,France,2022-10-07
CUST5971,Kristin,White,Female,Senior,Brazil,2022-12-22
CUST5972,Jason,Thompson,Female,Teenagers,Japan,2023-03-18
CUST5974,Ryan,Miller,Female,Adults,Germany,2021-05-14
CUST5975,Nathan,Park,Female,Teenagers,Australia,2024-01-23
CUST5976,Catherine,Sherman,Female,Teenagers,Canada,2023-01-03
CUST5977,Adam,Garcia,Other,Adults,UK,2022-12-04
CUST5978,Jessica,Kelly,Female,Teenagers,India,2020-10-09
CUST5979,Briana,Lewis,Other,Teenagers,India,2024-02-24
CUST5980,Mary,Holland,Male,Senior,UK,2025-04-04
CUST5981,William,Cole,Male,Teenagers,Australia,2021-12-10
CUST5982,Philip,White,Female,Adults,China,2023-09-11
CUST5983,Kevin,Garcia,Female,Teenagers,Australia,2024-06-02
CUST5984,James,Clark,Other,Teenagers,Canada,2024-05-14
CUST5985,Kelly,Mills,Male,Adults,Germany,2021-08-31
CUST5986,Tammy,Love,Other,Adults,Germany,2024-11-19
CUST5987,Andrew,Shaw,Female,Teenagers,UK,2020-12-07
CUST5988,Theodore,Rogers,Female,Teenagers,Germany,2022-12-06
CUST5989,Patricia,Alexander,Female,Adults,Australia,2024-04-21
CUST5990,Gary,Mathews,Female,Adults,France,2025-06-01
CUST5991,Teresa,Cruz,Female,Senior,Australia,2025-07-07
CUST5992,William,Bush,Male,Senior,China,2023-07-04
CUST5993,April,Rodriguez,Other,Adults,China,2024-11-18
CUST5994,Brooke,Ray,Male,Teenagers,China,2023-02-14
CUST5997,Amanda,Hansen,Other,Senior,France,2022-03-04
CUST5998,Sydney,Edwards,Other,Adults,Canada,2024-01-21
CUST5999,Stephanie,Smith,Female,Senior,China,2023-08-23
