id,quantity,unit_price,order_date,order_status,payment_method,product_id,customer_id,review_id
ORD10000,3,229,13/07/2023,Pending,Credit Card,PROD108,CUST2353,REV20000
ORD10001,4,59,12/08/2024,Pending,PayPal,PROD103,CUST4463,REV20001
ORD10002,2,59,4/08/2024,Delivered,Cash on Delivery,PROD111,CUST4512,REV20002
ORD10003,4,399,23/05/2025,Delivered,Cash on Delivery,PROD107,CUST5711,REV20003
ORD10004,1,110,2/07/2023,Returned,Cash on Delivery,PROD105,CUST1296,REV20004
ORD10005,5,229,13/04/2023,Returned,PayPal,PROD108,CUST2790,REV20005
ORD10006,1,99,31/12/2023,Returned,Credit Card,PROD106,CUST2442,REV20006
ORD10007,2,59,29/01/2024,Pending,Credit Card,PROD103,CUST2451,REV20007
ORD10008,5,199,30/11/2022,Shipped,Credit Card,PROD102,CUST2364,REV20008
ORD10009,4,399,16/05/2025,Cancelled,PayPal,PROD107,CUST4713,REV20009
ORD10010,4,399,24/04/2024,Returned,Credit Card,PROD107,CUST1469,REV20010
ORD10011,2,149,15/01/2025,Returned,Credit Card,PROD113,CUST5953,REV20011
ORD10012,1,129,15/05/2024,Shipped,Credit Card,PROD109,CUST1438,REV20012
ORD10013,2,999,22/11/2023,Delivered,Credit Card,PROD100,CUST2488,REV20013
ORD10014,4,199,30/05/2024,Cancelled,Credit Card,PROD112,CUST1413,REV20014
ORD10015,1,110,30/03/2023,Shipped,Credit Card,PROD105,CUST2160,REV20015
ORD10016,5,129,22/05/2025,Cancelled,Credit Card,PROD109,CUST3830,REV20016
ORD10017,2,149,29/12/2022,Delivered,PayPal,PROD113,CUST4174,REV20017
ORD10018,1,80,31/08/2022,Delivered,Cash on Delivery,PROD110,CUST3281,REV20018
ORD10019,3,229,21/10/2024,Cancelled,Cash on Delivery,PROD108,CUST3410,REV20019
ORD10020,4,199,2/06/2024,Pending,Cash on Delivery,PROD112,CUST3147,REV20020
ORD10021,5,199,20/07/2025,Returned,PayPal,PROD112,CUST4051,REV20021
ORD10022,4,120,6/12/2022,Delivered,PayPal,PROD104,CUST1089,REV20022
ORD10023,2,129,17/02/2023,Pending,Cash on Delivery,PROD109,CUST2314,REV20023
ORD10024,2,999,11/09/2024,Pending,Cash on Delivery,PROD100,CUST5205,REV20024
ORD10025,3,110,21/05/2024,Pending,Cash on Delivery,PROD105,CUST2997,REV20025
ORD10026,1,129,15/11/2022,Returned,Cash on Delivery,PROD109,CUST2945,REV20026
ORD10027,3,899,28/05/2023,Shipped,Cash on Delivery,PROD101,CUST3650,REV20027
ORD10028,5,229,26/12/2023,Pending,Credit Card,PROD108,CUST5755,REV20028
ORD10029,5,199,31/12/2024,Cancelled,Credit Card,PROD102,CUST2895,REV20029
ORD10030,1,899,1/12/2023,Returned,PayPal,PROD101,CUST3589,REV20030
ORD10031,4,399,16/08/2024,Returned,PayPal,PROD107,CUST5161,REV20031
ORD10032,4,110,8/05/2023,Cancelled,Credit Card,PROD105,CUST2370,REV20032
ORD10033,3,129,7/03/2024,Returned,Credit Card,PROD109,CUST4430,REV20033
ORD10034,4,899,7/06/2025,Returned,Cash on Delivery,PROD101,CUST3021,REV20034
ORD10035,3,149,11/12/2022,Cancelled,PayPal,PROD113,CUST1182,REV20035
ORD10036,1,199,14/02/2023,Delivered,Cash on Delivery,PROD102,CUST4791,REV20036
ORD10037,2,999,11/02/2025,Returned,PayPal,PROD100,CUST3310,REV20037
ORD10038,4,999,29/04/2024,Cancelled,Credit Card,PROD100,CUST3661,REV20038
ORD10039,3,120,22/05/2025,Shipped,PayPal,PROD104,CUST1500,REV20039
ORD10040,5,59,27/05/2025,Pending,Credit Card,PROD103,CUST5684,REV20040
ORD10041,4,129,26/07/2023,Shipped,PayPal,PROD109,CUST1186,REV20041
ORD10042,2,99,16/12/2023,Pending,Cash on Delivery,PROD106,CUST1241,REV20042
ORD10043,4,229,5/01/2025,Returned,PayPal,PROD108,CUST4082,REV20043
ORD10044,1,59,18/03/2023,Delivered,Cash on Delivery,PROD103,CUST3728,REV20044
ORD10045,1,199,26/04/2023,Returned,Cash on Delivery,PROD112,CUST1742,REV20045
ORD10046,1,899,26/02/2025,Pending,Cash on Delivery,PROD101,CUST3349,REV20046
ORD10047,3,199,28/12/2024,Cancelled,Credit Card,PROD112,CUST4751,REV20047
ORD10048,1,80,10/11/2023,Returned,Credit Card,PROD110,CUST2954,REV20048
ORD10049,2,59,17/03/2025,Delivered,Credit Card,PROD103,CUST4905,REV20049
ORD10050,5,399,3/01/2025,Pending,Cash on Delivery,PROD107,CUST4613,REV20050
ORD10051,2,229,14/06/2023,Returned,Cash on Delivery,PROD108,CUST1209,REV20051
ORD10052,1,229,7/05/2023,Cancelled,PayPal,PROD108,CUST5685,REV20052
ORD10053,5,59,4/09/2023,Pending,Credit Card,PROD111,CUST2016,REV20053
ORD10054,5,199,10/06/2025,Pending,Cash on Delivery,PROD102,CUST5282,REV20054
ORD10055,5,999,9/02/2025,Delivered,Credit Card,PROD100,CUST5144,REV20055
ORD10056,2,199,15/08/2025,Shipped,Cash on Delivery,PROD112,CUST2871,REV20056
ORD10057,2,229,7/02/2024,Returned,Credit Card,PROD108,CUST4853,REV20057
ORD10058,4,110,21/10/2024,Pending,Cash on Delivery,PROD105,CUST3810,REV20058
ORD10059,2,999,10/05/2023,Delivered,Credit Card,PROD100,CUST4294,REV20059
ORD10060,3,399,17/06/2024,Returned,Credit Card,PROD107,CUST3033,REV20060
ORD10061,4,199,3/02/2025,Shipped,Cash on Delivery,PROD112,CUST3784,REV20061
ORD10062,1,80,17/07/2023,Returned,Credit Card,PROD110,CUST2808,REV20062
ORD10063,2,25,2/05/2023,Pending,PayPal,PROD114,CUST2357,REV20063
ORD10064,3,199,8/03/2023,Delivered,Credit Card,PROD102,CUST2617,REV20064
ORD10065,1,99,8/11/2024,Delivered,Cash on Delivery,PROD106,CUST4265,REV20065
ORD10066,4,110,5/11/2022,Pending,PayPal,PROD105,CUST3414,REV20066
ORD10067,2,149,19/04/2024,Pending,Cash on Delivery,PROD113,CUST3933,REV20067
ORD10068,5,149,27/07/2024,Returned,Cash on Delivery,PROD113,CUST3963,REV20068
ORD10069,2,59,22/01/2025,Pending,Credit Card,PROD103,CUST3029,REV20069
ORD10070,3,110,10/03/2024,Pending,Cash on Delivery,PROD105,CUST2383,REV20070
ORD10071,3,149,5/10/2022,Returned,Cash on Delivery,PROD113,CUST1138,REV20071
ORD10072,4,99,1/08/2023,Cancelled,Cash on Delivery,PROD106,CUST4400,REV20072
ORD10073,3,199,2/05/2024,Shipped,PayPal,PROD102,CUST1693,REV20073
ORD10074,5,110,6/10/2022,Returned,Cash on Delivery,PROD105,CUST1371,REV20074
ORD10075,1,199,25/11/2023,Cancelled,PayPal,PROD112,CUST5445,REV20075
ORD10076,2,110,21/08/2025,Shipped,Credit Card,PROD105,CUST1539,REV20076
ORD10077,3,59,14/06/2025,Cancelled,Credit Card,PROD103,CUST1892,REV20077
ORD10078,3,59,7/04/2023,Pending,PayPal,PROD103,CUST5088,REV20078
ORD10079,3,229,9/07/2025,Returned,Credit Card,PROD108,CUST3422,REV20079
ORD10080,5,59,10/02/2023,Returned,Credit Card,PROD111,CUST2079,REV20080
ORD10081,4,129,27/03/2023,Returned,Cash on Delivery,PROD109,CUST1624,REV20081
ORD10082,2,229,4/03/2025,Delivered,PayPal,PROD108,CUST4048,REV20082
ORD10083,2,120,9/10/2023,Shipped,Cash on Delivery,PROD104,CUST2089,REV20083
ORD10084,2,59,5/04/2023,Delivered,Cash on Delivery,PROD103,CUST4354,REV20084
ORD10085,2,899,21/06/2023,Pending,Cash on Delivery,PROD101,CUST5300,REV20085
ORD10086,4,129,30/07/2025,Returned,PayPal,PROD109,CUST3660,REV20086
ORD10087,4,899,25/09/2022,Shipped,Credit Card,PROD101,CUST5297,REV20087
ORD10088,2,120,21/07/2025,Cancelled,Cash on Delivery,PROD104,CUST4458,REV20088
ORD10089,3,149,13/08/2025,Pending,Cash on Delivery,PROD113,CUST2896,REV20089
ORD10090,2,199,12/08/2025,Returned,PayPal,PROD102,CUST3739,REV20090
ORD10091,5,199,14/09/2023,Delivered,Credit Card,PROD102,CUST1832,REV20091
ORD10092,4,25,9/01/2024,Cancelled,PayPal,PROD114,CUST1647,REV20092
ORD10093,2,149,7/07/2023,Returned,Credit Card,PROD113,CUST1807,REV20093
ORD10094,3,120,30/12/2023,Pending,Credit Card,PROD104,CUST4296,REV20094
ORD10095,3,110,30/06/2024,Shipped,Credit Card,PROD105,CUST1254,REV20095
ORD10096,2,25,10/07/2023,Shipped,Credit Card,PROD114,CUST1033,REV20096
ORD10097,1,59,3/05/2024,Returned,Credit Card,PROD103,CUST1698,REV20097
ORD10098,5,899,28/12/2024,Cancelled,Credit Card,PROD101,CUST2386,REV20098
ORD10099,1,80,19/10/2024,Shipped,PayPal,PROD110,CUST3511,REV20099
ORD10100,2,399,27/01/2023,Shipped,Cash on Delivery,PROD107,CUST4247,REV20100
ORD10101,1,399,24/08/2024,Pending,Credit Card,PROD107,CUST1711,REV20101
ORD10102,1,199,17/05/2025,Returned,Credit Card,PROD112,CUST4202,REV20102
ORD10103,2,59,21/12/2023,Cancelled,Credit Card,PROD111,CUST2644,REV20103
ORD10104,5,120,20/09/2022,Shipped,Cash on Delivery,PROD104,CUST4536,REV20104
ORD10105,1,229,10/08/2024,Delivered,Credit Card,PROD108,CUST4165,REV20105
ORD10106,4,25,6/10/2023,Cancelled,Credit Card,PROD114,CUST1925,REV20106
ORD10107,4,59,19/07/2024,Returned,PayPal,PROD103,CUST4417,REV20107
ORD10108,1,25,11/01/2023,Delivered,Credit Card,PROD114,CUST2226,REV20108
ORD10109,2,80,7/11/2023,Shipped,Credit Card,PROD110,CUST3865,REV20109
ORD10110,5,899,2/04/2023,Cancelled,PayPal,PROD101,CUST4945,REV20110
ORD10111,4,59,2/11/2024,Shipped,Cash on Delivery,PROD103,CUST2427,REV20111
ORD10112,1,199,29/06/2024,Pending,Cash on Delivery,PROD102,CUST4196,REV20112
ORD10113,3,59,13/06/2024,Delivered,PayPal,PROD103,CUST3804,REV20113
ORD10114,2,229,1/08/2023,Shipped,PayPal,PROD108,CUST4589,REV20114
ORD10115,2,25,4/06/2025,Returned,Credit Card,PROD114,CUST4582,REV20115
ORD10116,1,80,9/01/2024,Cancelled,PayPal,PROD110,CUST5308,REV20116
ORD10117,2,199,14/03/2025,Shipped,PayPal,PROD112,CUST5920,REV20117
ORD10118,1,899,19/03/2023,Pending,Credit Card,PROD101,CUST5795,REV20118
ORD10119,3,149,5/04/2023,Delivered,PayPal,PROD113,CUST1585,REV20119
ORD10120,4,59,15/07/2025,Cancelled,Cash on Delivery,PROD103,CUST4058,REV20120
ORD10121,3,80,1/08/2023,Cancelled,PayPal,PROD110,CUST1287,REV20121
ORD10122,3,120,25/07/2023,Shipped,Cash on Delivery,PROD104,CUST3404,REV20122
ORD10123,1,899,4/03/2024,Pending,Cash on Delivery,PROD101,CUST4226,REV20123
ORD10124,1,80,8/05/2024,Pending,Cash on Delivery,PROD110,CUST5542,REV20124
ORD10125,2,110,14/06/2025,Pending,PayPal,PROD105,CUST4004,REV20125
ORD10126,4,199,20/02/2025,Delivered,PayPal,PROD102,CUST1197,REV20126
ORD10127,4,999,23/04/2023,Shipped,Credit Card,PROD100,CUST4677,REV20127
ORD10128,1,999,23/08/2023,Pending,PayPal,PROD100,CUST4076,REV20128
ORD10129,3,999,15/05/2025,Pending,Cash on Delivery,PROD100,CUST4734,REV20129
ORD10130,5,899,26/08/2024,Returned,PayPal,PROD101,CUST2380,REV20130
ORD10131,2,110,10/10/2023,Shipped,Cash on Delivery,PROD105,CUST2688,REV20131
ORD10132,2,59,16/03/2023,Pending,Credit Card,PROD103,CUST4943,REV20132
ORD10133,5,199,23/09/2024,Cancelled,PayPal,PROD102,CUST1648,REV20133
ORD10134,3,399,16/06/2024,Shipped,PayPal,PROD107,CUST1340,REV20134
ORD10135,2,199,16/04/2025,Shipped,Credit Card,PROD112,CUST4603,REV20135
ORD10136,4,199,28/10/2023,Cancelled,Cash on Delivery,PROD112,CUST4267,REV20136
ORD10137,1,229,12/01/2024,Cancelled,PayPal,PROD108,CUST1974,REV20137
ORD10138,5,999,12/06/2024,Shipped,Cash on Delivery,PROD100,CUST5305,REV20138
ORD10139,5,59,21/06/2024,Returned,PayPal,PROD111,CUST4964,REV20139
ORD10140,3,229,24/10/2023,Cancelled,Credit Card,PROD108,CUST4916,REV20140
ORD10141,3,199,10/04/2025,Delivered,Credit Card,PROD102,CUST2328,REV20141
ORD10142,4,229,30/01/2025,Delivered,Cash on Delivery,PROD108,CUST1192,REV20142
ORD10143,2,129,22/06/2024,Pending,Credit Card,PROD109,CUST5839,REV20143
ORD10144,3,199,13/08/2023,Delivered,Credit Card,PROD102,CUST4245,REV20144
ORD10145,4,110,31/12/2024,Delivered,Credit Card,PROD105,CUST4244,REV20145
ORD10146,1,59,18/05/2023,Returned,Credit Card,PROD103,CUST4733,REV20146
ORD10147,3,199,25/11/2024,Delivered,Credit Card,PROD112,CUST2820,REV20147
ORD10148,3,899,11/03/2023,Returned,Credit Card,PROD101,CUST5014,REV20148
ORD10149,3,59,14/03/2025,Pending,Cash on Delivery,PROD111,CUST1716,REV20149
ORD10150,4,99,10/06/2025,Shipped,PayPal,PROD106,CUST1987,REV20150
ORD10151,5,59,7/11/2024,Cancelled,Credit Card,PROD111,CUST4033,REV20151
ORD10152,3,80,5/08/2024,Pending,PayPal,PROD110,CUST1292,REV20152
ORD10153,4,129,28/01/2025,Shipped,PayPal,PROD109,CUST1200,REV20153
ORD10154,2,199,6/02/2023,Delivered,Cash on Delivery,PROD102,CUST5230,REV20154
ORD10155,4,899,4/07/2023,Returned,Cash on Delivery,PROD101,CUST5498,REV20155
ORD10156,1,199,2/06/2023,Returned,Cash on Delivery,PROD112,CUST3570,REV20156
ORD10157,1,25,18/01/2023,Shipped,PayPal,PROD114,CUST3430,REV20157
ORD10158,5,399,15/04/2023,Pending,Credit Card,PROD107,CUST1422,REV20158
ORD10159,4,199,15/09/2024,Cancelled,PayPal,PROD112,CUST3247,REV20159
ORD10160,1,129,24/07/2023,Cancelled,Credit Card,PROD109,CUST1148,REV20160
ORD10161,3,199,6/03/2023,Pending,Credit Card,PROD102,CUST4993,REV20161
ORD10162,1,199,18/05/2023,Pending,Credit Card,PROD112,CUST5481,REV20162
ORD10163,1,99,3/01/2025,Cancelled,Credit Card,PROD106,CUST3163,REV20163
ORD10164,4,129,30/05/2023,Returned,PayPal,PROD109,CUST2223,REV20164
ORD10165,1,99,18/05/2023,Pending,PayPal,PROD106,CUST3450,REV20165
ORD10166,2,899,26/08/2023,Delivered,Credit Card,PROD101,CUST5229,REV20166
ORD10167,4,399,7/08/2024,Shipped,Credit Card,PROD107,CUST4120,REV20167
ORD10168,4,80,12/01/2025,Cancelled,PayPal,PROD110,CUST3343,REV20168
ORD10169,5,229,10/08/2023,Pending,Cash on Delivery,PROD108,CUST5255,REV20169
ORD10170,3,199,7/04/2024,Shipped,Cash on Delivery,PROD112,CUST1552,REV20170
ORD10171,5,110,7/04/2025,Delivered,Credit Card,PROD105,CUST5599,REV20171
ORD10172,5,899,26/04/2025,Pending,Cash on Delivery,PROD101,CUST3400,REV20172
ORD10173,3,99,20/02/2025,Returned,Cash on Delivery,PROD106,CUST4387,REV20173
ORD10174,4,229,12/05/2023,Shipped,Cash on Delivery,PROD108,CUST1562,REV20174
ORD10175,1,80,5/09/2022,Delivered,Credit Card,PROD110,CUST5652,REV20175
ORD10176,4,59,21/11/2022,Pending,Credit Card,PROD111,CUST5448,REV20176
ORD10177,3,120,22/04/2023,Pending,Cash on Delivery,PROD104,CUST5125,REV20177
ORD10178,2,229,19/10/2023,Shipped,Credit Card,PROD108,CUST4573,REV20178
ORD10179,2,59,5/09/2024,Shipped,PayPal,PROD103,CUST2946,REV20179
ORD10180,4,149,17/10/2024,Cancelled,PayPal,PROD113,CUST2644,REV20180
ORD10181,3,199,18/11/2022,Returned,PayPal,PROD102,CUST3372,REV20181
ORD10182,2,129,19/11/2022,Returned,PayPal,PROD109,CUST5534,REV20182
ORD10183,3,229,28/02/2025,Delivered,PayPal,PROD108,CUST5286,REV20183
ORD10184,4,120,19/09/2023,Returned,PayPal,PROD104,CUST4941,REV20184
ORD10185,5,99,15/08/2023,Delivered,Credit Card,PROD106,CUST5175,REV20185
ORD10186,3,199,26/09/2022,Pending,PayPal,PROD102,CUST2193,REV20186
ORD10187,2,199,16/08/2024,Delivered,Cash on Delivery,PROD112,CUST2784,REV20187
ORD10188,1,899,15/06/2023,Delivered,PayPal,PROD101,CUST3466,REV20188
ORD10189,4,129,24/10/2022,Cancelled,PayPal,PROD109,CUST4591,REV20189
ORD10190,5,149,22/06/2025,Shipped,PayPal,PROD113,CUST3835,REV20190
ORD10191,5,110,28/12/2023,Returned,Cash on Delivery,PROD105,CUST2840,REV20191
ORD10192,5,199,23/04/2025,Pending,Credit Card,PROD102,CUST4438,REV20192
ORD10193,5,999,11/05/2024,Pending,PayPal,PROD100,CUST4442,REV20193
ORD10194,3,59,21/03/2024,Returned,Credit Card,PROD111,CUST2982,REV20194
ORD10195,2,110,21/12/2024,Shipped,Cash on Delivery,PROD105,CUST1710,REV20195
ORD10196,5,199,23/03/2023,Returned,Cash on Delivery,PROD112,CUST4662,REV20196
ORD10197,2,149,18/08/2024,Cancelled,Cash on Delivery,PROD113,CUST5602,REV20197
ORD10198,5,120,30/05/2025,Shipped,Cash on Delivery,PROD104,CUST5363,REV20198
ORD10199,4,59,28/02/2023,Delivered,Credit Card,PROD103,CUST5530,REV20199
ORD10200,2,399,3/10/2022,Returned,Credit Card,PROD107,CUST5616,REV20200
ORD10201,5,99,31/03/2025,Returned,Credit Card,PROD106,CUST4600,REV20201
ORD10202,3,399,4/02/2025,Cancelled,Credit Card,PROD107,CUST3934,REV20202
ORD10203,2,999,4/10/2024,Delivered,PayPal,PROD100,CUST4591,REV20203
ORD10204,2,229,13/04/2024,Shipped,Credit Card,PROD108,CUST3190,REV20204
ORD10205,1,59,14/07/2025,Delivered,Cash on Delivery,PROD111,CUST3490,REV20205
ORD10206,1,199,30/05/2025,Returned,PayPal,PROD102,CUST1558,REV20206
ORD10207,3,899,30/08/2022,Delivered,Cash on Delivery,PROD101,CUST5416,REV20207
ORD10208,2,59,14/10/2023,Shipped,PayPal,PROD111,CUST2812,REV20208
ORD10209,2,25,17/05/2025,Cancelled,Credit Card,PROD114,CUST3492,REV20209
ORD10210,1,129,28/04/2024,Cancelled,PayPal,PROD109,CUST2367,REV20210
ORD10211,1,999,22/03/2024,Delivered,Credit Card,PROD100,CUST2702,REV20211
ORD10212,1,129,23/08/2024,Shipped,Cash on Delivery,PROD109,CUST5639,REV20212
ORD10213,4,129,24/04/2025,Pending,Cash on Delivery,PROD109,CUST4161,REV20213
ORD10214,1,199,2/04/2025,Returned,PayPal,PROD112,CUST5048,REV20214
ORD10215,1,59,19/01/2023,Cancelled,PayPal,PROD103,CUST1907,REV20215
ORD10216,1,59,29/02/2024,Returned,Credit Card,PROD103,CUST3149,REV20216
ORD10217,1,149,30/12/2022,Shipped,Cash on Delivery,PROD113,CUST4951,REV20217
ORD10218,4,229,27/02/2024,Pending,PayPal,PROD108,CUST3317,REV20218
ORD10219,2,129,12/07/2023,Returned,Cash on Delivery,PROD109,CUST1776,REV20219
ORD10220,3,120,20/02/2025,Returned,PayPal,PROD104,CUST2634,REV20220
ORD10221,4,59,15/02/2023,Cancelled,Credit Card,PROD111,CUST2081,REV20221
ORD10222,5,120,6/03/2023,Pending,Credit Card,PROD104,CUST1379,REV20222
ORD10223,3,129,1/04/2023,Delivered,Cash on Delivery,PROD109,CUST5727,REV20223
ORD10224,1,149,23/03/2024,Delivered,PayPal,PROD113,CUST1654,REV20224
ORD10225,3,99,13/03/2023,Returned,PayPal,PROD106,CUST5054,REV20225
ORD10226,3,80,27/04/2023,Shipped,Cash on Delivery,PROD110,CUST2263,REV20226
ORD10227,4,99,11/05/2025,Delivered,PayPal,PROD106,CUST5922,REV20227
ORD10228,1,149,4/01/2025,Returned,PayPal,PROD113,CUST5769,REV20228
ORD10229,2,110,15/06/2023,Pending,Credit Card,PROD105,CUST1948,REV20229
ORD10230,4,149,14/01/2025,Returned,Credit Card,PROD113,CUST3153,REV20230
ORD10231,1,899,21/09/2024,Delivered,Credit Card,PROD101,CUST2188,REV20231
ORD10232,1,59,23/05/2024,Delivered,Credit Card,PROD111,CUST2162,REV20232
ORD10233,5,99,23/11/2022,Pending,PayPal,PROD106,CUST3181,REV20233
ORD10234,1,120,10/10/2022,Delivered,Credit Card,PROD104,CUST1011,REV20234
ORD10235,5,120,15/10/2022,Cancelled,Credit Card,PROD104,CUST1587,REV20235
ORD10236,4,199,9/05/2025,Shipped,Credit Card,PROD102,CUST3656,REV20236
ORD10237,5,120,10/04/2024,Delivered,PayPal,PROD104,CUST1366,REV20237
ORD10238,3,229,18/04/2024,Returned,PayPal,PROD108,CUST2406,REV20238
ORD10239,5,149,10/04/2025,Pending,Credit Card,PROD113,CUST2944,REV20239
ORD10240,1,999,13/08/2024,Delivered,PayPal,PROD100,CUST2640,REV20240
ORD10241,1,199,25/05/2023,Delivered,Credit Card,PROD102,CUST5457,REV20241
ORD10242,5,399,18/10/2022,Returned,Credit Card,PROD107,CUST1395,REV20242
ORD10243,4,899,26/06/2025,Cancelled,Cash on Delivery,PROD101,CUST5595,REV20243
ORD10244,3,199,7/04/2023,Returned,PayPal,PROD102,CUST2500,REV20244
ORD10245,4,899,14/08/2023,Returned,PayPal,PROD101,CUST3649,REV20245
ORD10246,5,110,4/01/2025,Shipped,PayPal,PROD105,CUST4988,REV20246
ORD10247,4,399,24/03/2025,Delivered,Cash on Delivery,PROD107,CUST5522,REV20247
ORD10248,2,199,28/06/2023,Delivered,Credit Card,PROD102,CUST3766,REV20248
ORD10249,5,110,19/06/2023,Cancelled,Credit Card,PROD105,CUST2332,REV20249
ORD10250,2,899,19/08/2024,Cancelled,Credit Card,PROD101,CUST5409,REV20250
ORD10251,1,999,29/01/2023,Returned,PayPal,PROD100,CUST1101,REV20251
ORD10252,4,99,12/07/2025,Delivered,PayPal,PROD106,CUST4425,REV20252
ORD10253,1,80,24/05/2024,Shipped,Cash on Delivery,PROD110,CUST4623,REV20253
ORD10254,1,25,1/12/2022,Returned,Credit Card,PROD114,CUST1872,REV20254
ORD10255,1,25,9/09/2022,Returned,Cash on Delivery,PROD114,CUST3649,REV20255
ORD10256,4,129,30/07/2023,Pending,PayPal,PROD109,CUST1662,REV20256
ORD10257,5,229,29/02/2024,Shipped,Cash on Delivery,PROD108,CUST2020,REV20257
ORD10258,4,120,10/08/2024,Cancelled,Cash on Delivery,PROD104,CUST1954,REV20258
ORD10259,2,899,6/05/2024,Pending,PayPal,PROD101,CUST3325,REV20259
ORD10260,1,199,29/06/2025,Returned,Credit Card,PROD102,CUST1133,REV20260
ORD10261,3,899,11/09/2024,Returned,PayPal,PROD101,CUST1762,REV20261
ORD10262,4,229,17/04/2025,Shipped,PayPal,PROD108,CUST1518,REV20262
ORD10263,3,59,5/05/2024,Cancelled,PayPal,PROD111,CUST4258,REV20263
ORD10264,5,129,20/01/2025,Shipped,PayPal,PROD109,CUST3773,REV20264
ORD10265,1,399,15/12/2024,Shipped,PayPal,PROD107,CUST4410,REV20265
ORD10266,1,399,4/02/2023,Cancelled,Credit Card,PROD107,CUST1103,REV20266
ORD10267,2,399,13/03/2023,Cancelled,PayPal,PROD107,CUST3327,REV20267
ORD10268,1,99,24/01/2025,Cancelled,Credit Card,PROD106,CUST2917,REV20268
ORD10269,2,229,25/01/2024,Cancelled,PayPal,PROD108,CUST3174,REV20269
ORD10270,4,199,6/04/2025,Pending,PayPal,PROD102,CUST5419,REV20270
ORD10271,2,25,12/08/2023,Returned,Credit Card,PROD114,CUST4068,REV20271
ORD10272,1,999,13/12/2024,Cancelled,PayPal,PROD100,CUST3909,REV20272
ORD10273,4,199,2/08/2025,Pending,PayPal,PROD102,CUST5886,REV20273
ORD10274,2,129,13/04/2023,Delivered,Credit Card,PROD109,CUST5198,REV20274
ORD10275,4,999,17/11/2022,Shipped,PayPal,PROD100,CUST2961,REV20275
ORD10276,3,399,6/12/2023,Cancelled,PayPal,PROD107,CUST3245,REV20276
ORD10277,1,129,4/09/2022,Shipped,PayPal,PROD109,CUST4040,REV20277
ORD10278,5,59,15/07/2023,Cancelled,PayPal,PROD103,CUST1375,REV20278
ORD10279,3,25,18/08/2023,Pending,Cash on Delivery,PROD114,CUST4647,REV20279
ORD10280,2,199,24/01/2024,Returned,Credit Card,PROD112,CUST4359,REV20280
ORD10281,3,59,10/02/2023,Returned,Cash on Delivery,PROD103,CUST5540,REV20281
ORD10282,4,399,16/08/2025,Delivered,Cash on Delivery,PROD107,CUST3904,REV20282
ORD10283,2,59,15/06/2024,Pending,Credit Card,PROD103,CUST1742,REV20283
ORD10284,4,999,22/06/2024,Delivered,Cash on Delivery,PROD100,CUST4273,REV20284
ORD10285,4,899,20/11/2023,Pending,Cash on Delivery,PROD101,CUST5346,REV20285
ORD10286,2,229,19/11/2023,Returned,Cash on Delivery,PROD108,CUST5324,REV20286
ORD10287,4,229,29/06/2023,Cancelled,Credit Card,PROD108,CUST2838,REV20287
ORD10288,1,59,12/08/2023,Shipped,PayPal,PROD111,CUST1581,REV20288
ORD10289,4,25,18/07/2025,Returned,Credit Card,PROD114,CUST1579,REV20289
ORD10290,3,59,14/02/2024,Cancelled,PayPal,PROD111,CUST3487,REV20290
ORD10291,1,120,17/11/2022,Delivered,Credit Card,PROD104,CUST5561,REV20291
ORD10292,4,80,28/11/2023,Returned,PayPal,PROD110,CUST5616,REV20292
ORD10293,1,25,29/04/2023,Cancelled,Credit Card,PROD114,CUST4708,REV20293
ORD10294,5,25,23/11/2022,Pending,Cash on Delivery,PROD114,CUST5644,REV20294
ORD10295,2,199,29/09/2024,Delivered,PayPal,PROD112,CUST2957,REV20295
ORD10296,3,899,9/09/2024,Delivered,PayPal,PROD101,CUST2019,REV20296
ORD10297,2,110,20/10/2024,Returned,Credit Card,PROD105,CUST5221,REV20297
ORD10298,3,59,19/10/2024,Delivered,Cash on Delivery,PROD103,CUST4237,REV20298
ORD10299,5,149,10/10/2022,Returned,Credit Card,PROD113,CUST3172,REV20299
ORD10300,4,399,29/06/2023,Pending,Cash on Delivery,PROD107,CUST2321,REV20300
ORD10301,3,80,21/08/2023,Shipped,Cash on Delivery,PROD110,CUST5839,REV20301
ORD10302,2,59,9/07/2023,Shipped,PayPal,PROD111,CUST2117,REV20302
ORD10303,1,110,6/12/2023,Returned,Credit Card,PROD105,CUST1544,REV20303
ORD10304,1,99,13/10/2022,Cancelled,Credit Card,PROD106,CUST3146,REV20304
ORD10305,4,25,18/10/2022,Pending,PayPal,PROD114,CUST5063,REV20305
ORD10306,4,80,21/03/2023,Returned,Credit Card,PROD110,CUST2522,REV20306
ORD10307,2,99,18/02/2025,Returned,PayPal,PROD106,CUST2928,REV20307
ORD10308,4,110,24/10/2022,Pending,PayPal,PROD105,CUST1953,REV20308
ORD10309,2,149,27/05/2023,Cancelled,Cash on Delivery,PROD113,CUST5329,REV20309
ORD10310,1,99,19/07/2023,Pending,Cash on Delivery,PROD106,CUST2734,REV20310
ORD10311,4,59,24/08/2023,Shipped,PayPal,PROD103,CUST3282,REV20311
ORD10312,5,110,22/11/2023,Delivered,Credit Card,PROD105,CUST2894,REV20312
ORD10313,3,120,5/06/2025,Pending,Cash on Delivery,PROD104,CUST3453,REV20313
ORD10314,4,59,12/03/2024,Returned,Cash on Delivery,PROD103,CUST1359,REV20314
ORD10315,2,199,6/06/2023,Delivered,Cash on Delivery,PROD102,CUST2179,REV20315
ORD10316,2,25,3/12/2023,Shipped,Cash on Delivery,PROD114,CUST5812,REV20316
ORD10317,4,999,16/11/2022,Returned,Credit Card,PROD100,CUST3746,REV20317
ORD10318,1,999,27/03/2024,Cancelled,Credit Card,PROD100,CUST5966,REV20318
ORD10319,4,80,16/01/2024,Pending,Credit Card,PROD110,CUST3175,REV20319
ORD10320,3,129,14/03/2023,Delivered,Cash on Delivery,PROD109,CUST1430,REV20320
ORD10321,4,149,25/12/2023,Pending,PayPal,PROD113,CUST1731,REV20321
ORD10322,2,99,9/09/2022,Shipped,Cash on Delivery,PROD106,CUST2874,REV20322
ORD10323,2,59,12/05/2024,Delivered,Credit Card,PROD111,CUST1224,REV20323
ORD10324,1,59,30/08/2024,Pending,Cash on Delivery,PROD111,CUST1180,REV20324
ORD10325,2,149,23/03/2025,Shipped,Credit Card,PROD113,CUST1139,REV20325
ORD10326,3,80,27/09/2022,Shipped,Cash on Delivery,PROD110,CUST2404,REV20326
ORD10327,3,899,1/11/2024,Pending,Credit Card,PROD101,CUST3438,REV20327
ORD10328,5,59,7/05/2025,Cancelled,Credit Card,PROD111,CUST2854,REV20328
ORD10329,1,80,25/01/2023,Shipped,Cash on Delivery,PROD110,CUST1434,REV20329
ORD10330,1,999,4/08/2023,Pending,Credit Card,PROD100,CUST1829,REV20330
ORD10331,4,59,7/11/2024,Delivered,Cash on Delivery,PROD111,CUST5677,REV20331
ORD10332,5,999,6/05/2023,Pending,Credit Card,PROD100,CUST1782,REV20332
ORD10333,4,999,23/10/2022,Returned,PayPal,PROD100,CUST5827,REV20333
ORD10334,3,199,16/01/2025,Returned,PayPal,PROD112,CUST1318,REV20334
ORD10335,4,229,1/10/2024,Delivered,Credit Card,PROD108,CUST1802,REV20335
ORD10336,4,80,21/08/2024,Cancelled,Credit Card,PROD110,CUST3346,REV20336
ORD10337,2,59,23/01/2025,Shipped,Cash on Delivery,PROD103,CUST4417,REV20337
ORD10338,1,999,15/03/2023,Cancelled,PayPal,PROD100,CUST4516,REV20338
ORD10339,5,59,8/12/2022,Pending,Cash on Delivery,PROD103,CUST5739,REV20339
ORD10340,4,99,28/02/2024,Cancelled,Credit Card,PROD106,CUST2638,REV20340
ORD10341,3,149,8/12/2024,Delivered,PayPal,PROD113,CUST3037,REV20341
ORD10342,4,899,10/06/2025,Delivered,PayPal,PROD101,CUST5246,REV20342
ORD10343,4,399,21/11/2023,Shipped,Credit Card,PROD107,CUST1008,REV20343
ORD10344,1,999,20/11/2022,Pending,PayPal,PROD100,CUST4854,REV20344
ORD10345,5,129,17/08/2025,Cancelled,PayPal,PROD109,CUST4085,REV20345
ORD10346,5,59,2/07/2023,Shipped,Cash on Delivery,PROD103,CUST4964,REV20346
ORD10347,5,59,15/02/2023,Cancelled,Credit Card,PROD103,CUST5752,REV20347
ORD10348,4,399,27/12/2024,Pending,PayPal,PROD107,CUST2923,REV20348
ORD10349,2,199,19/06/2025,Delivered,Credit Card,PROD112,CUST1509,REV20349
ORD10350,1,129,24/10/2022,Cancelled,Credit Card,PROD109,CUST5722,REV20350
ORD10351,1,59,10/07/2023,Shipped,PayPal,PROD111,CUST4191,REV20351
ORD10352,1,199,17/10/2023,Shipped,PayPal,PROD112,CUST5111,REV20352
ORD10353,5,199,9/02/2025,Delivered,PayPal,PROD112,CUST1363,REV20353
ORD10354,5,199,18/10/2022,Shipped,PayPal,PROD112,CUST5665,REV20354
ORD10355,3,80,31/03/2023,Cancelled,Cash on Delivery,PROD110,CUST5925,REV20355
ORD10356,4,59,15/01/2025,Delivered,Cash on Delivery,PROD103,CUST4949,REV20356
ORD10357,2,199,21/03/2023,Delivered,Cash on Delivery,PROD102,CUST3141,REV20357
ORD10358,3,399,21/11/2022,Cancelled,Credit Card,PROD107,CUST5435,REV20358
ORD10359,5,99,26/02/2025,Pending,PayPal,PROD106,CUST3978,REV20359
ORD10360,5,899,18/03/2024,Returned,Cash on Delivery,PROD101,CUST2181,REV20360
ORD10361,1,399,25/03/2025,Pending,Credit Card,PROD107,CUST4101,REV20361
ORD10362,5,229,27/06/2025,Cancelled,Credit Card,PROD108,CUST1859,REV20362
ORD10363,2,899,21/01/2024,Returned,Credit Card,PROD101,CUST5637,REV20363
ORD10364,1,25,13/01/2024,Cancelled,Credit Card,PROD114,CUST1950,REV20364
ORD10365,5,199,29/09/2023,Returned,Credit Card,PROD102,CUST4958,REV20365
ORD10366,2,399,15/04/2023,Delivered,PayPal,PROD107,CUST1603,REV20366
ORD10367,5,899,13/07/2024,Returned,PayPal,PROD101,CUST5529,REV20367
ORD10368,2,999,23/02/2024,Cancelled,PayPal,PROD100,CUST1183,REV20368
ORD10369,4,120,13/06/2023,Pending,Cash on Delivery,PROD104,CUST3931,REV20369
ORD10370,3,120,30/03/2024,Shipped,Cash on Delivery,PROD104,CUST2238,REV20370
ORD10371,1,199,5/08/2024,Cancelled,Credit Card,PROD102,CUST2696,REV20371
ORD10372,1,399,25/06/2023,Returned,Credit Card,PROD107,CUST4530,REV20372
ORD10373,3,899,25/06/2024,Shipped,Cash on Delivery,PROD101,CUST2419,REV20373
ORD10374,1,129,10/05/2024,Cancelled,Cash on Delivery,PROD109,CUST2592,REV20374
ORD10375,4,25,30/04/2023,Delivered,Credit Card,PROD114,CUST2547,REV20375
ORD10376,5,99,26/02/2024,Delivered,Credit Card,PROD106,CUST4021,REV20376
ORD10377,5,99,18/04/2023,Cancelled,Cash on Delivery,PROD106,CUST3733,REV20377
ORD10378,3,999,29/07/2024,Shipped,PayPal,PROD100,CUST3098,REV20378
ORD10379,2,59,10/11/2024,Shipped,PayPal,PROD111,CUST5183,REV20379
ORD10380,4,899,13/01/2025,Cancelled,Credit Card,PROD101,CUST5023,REV20380
ORD10381,2,199,13/07/2023,Returned,PayPal,PROD112,CUST2257,REV20381
ORD10382,1,129,20/05/2024,Pending,Cash on Delivery,PROD109,CUST4986,REV20382
ORD10383,2,899,13/10/2022,Delivered,Credit Card,PROD101,CUST2361,REV20383
ORD10384,4,25,23/10/2024,Shipped,Credit Card,PROD114,CUST1205,REV20384
ORD10385,5,99,16/12/2024,Pending,PayPal,PROD106,CUST1388,REV20385
ORD10386,5,120,6/08/2025,Returned,Credit Card,PROD104,CUST4534,REV20386
ORD10387,4,110,23/05/2025,Delivered,Cash on Delivery,PROD105,CUST3643,REV20387
ORD10388,5,399,28/07/2024,Cancelled,PayPal,PROD107,CUST3031,REV20388
ORD10389,3,199,25/11/2024,Shipped,Credit Card,PROD102,CUST5243,REV20389
ORD10390,1,199,7/06/2023,Shipped,Cash on Delivery,PROD102,CUST5050,REV20390
ORD10391,2,99,17/04/2024,Cancelled,Cash on Delivery,PROD106,CUST1064,REV20391
ORD10392,4,999,23/06/2025,Pending,PayPal,PROD100,CUST5014,REV20392
ORD10393,1,999,19/11/2022,Pending,Credit Card,PROD100,CUST2633,REV20393
ORD10394,4,110,9/06/2024,Shipped,Cash on Delivery,PROD105,CUST5678,REV20394
ORD10395,4,399,30/10/2023,Delivered,Credit Card,PROD107,CUST2954,REV20395
ORD10396,5,120,16/06/2024,Cancelled,PayPal,PROD104,CUST3737,REV20396
ORD10397,1,999,1/03/2025,Cancelled,Cash on Delivery,PROD100,CUST3060,REV20397
ORD10398,1,120,30/06/2023,Shipped,Credit Card,PROD104,CUST3332,REV20398
ORD10399,3,229,2/01/2024,Delivered,PayPal,PROD108,CUST2985,REV20399
ORD10400,4,999,17/10/2022,Returned,PayPal,PROD100,CUST1707,REV20400
ORD10401,3,120,15/10/2024,Cancelled,PayPal,PROD104,CUST4239,REV20401
ORD10402,1,229,21/11/2023,Pending,Cash on Delivery,PROD108,CUST2686,REV20402
ORD10403,2,199,29/06/2024,Shipped,Credit Card,PROD112,CUST3774,REV20403
ORD10404,3,110,17/10/2022,Shipped,PayPal,PROD105,CUST3392,REV20404
ORD10405,2,399,2/07/2024,Delivered,Credit Card,PROD107,CUST1541,REV20405
ORD10406,4,59,15/10/2022,Pending,Cash on Delivery,PROD111,CUST4678,REV20406
ORD10407,2,80,27/08/2022,Pending,PayPal,PROD110,CUST2438,REV20407
ORD10408,3,120,25/05/2023,Pending,Credit Card,PROD104,CUST2206,REV20408
ORD10409,5,25,12/07/2025,Returned,PayPal,PROD114,CUST1976,REV20409
ORD10410,3,59,24/02/2024,Returned,Cash on Delivery,PROD103,CUST2742,REV20410
ORD10411,1,80,28/05/2024,Returned,Credit Card,PROD110,CUST5251,REV20411
ORD10412,1,149,29/09/2024,Cancelled,Cash on Delivery,PROD113,CUST1319,REV20412
ORD10413,1,59,23/09/2023,Delivered,Cash on Delivery,PROD103,CUST5318,REV20413
ORD10414,4,59,3/01/2025,Delivered,PayPal,PROD103,CUST5441,REV20414
ORD10415,5,129,25/08/2022,Returned,Cash on Delivery,PROD109,CUST1637,REV20415
ORD10416,2,59,9/03/2025,Cancelled,Cash on Delivery,PROD111,CUST3096,REV20416
ORD10417,4,120,20/03/2024,Delivered,PayPal,PROD104,CUST5619,REV20417
ORD10418,2,199,19/10/2023,Returned,Cash on Delivery,PROD102,CUST3497,REV20418
ORD10419,5,399,16/01/2023,Shipped,Cash on Delivery,PROD107,CUST1281,REV20419
ORD10420,3,80,25/04/2024,Pending,Credit Card,PROD110,CUST3502,REV20420
ORD10421,2,99,17/11/2023,Pending,PayPal,PROD106,CUST4671,REV20421
ORD10422,2,899,18/10/2024,Delivered,PayPal,PROD101,CUST1258,REV20422
ORD10423,4,25,3/02/2025,Returned,Cash on Delivery,PROD114,CUST1204,REV20423
ORD10424,2,80,25/10/2023,Cancelled,Cash on Delivery,PROD110,CUST2988,REV20424
ORD10425,2,99,30/06/2025,Shipped,Credit Card,PROD106,CUST3225,REV20425
ORD10426,4,399,23/03/2023,Returned,Cash on Delivery,PROD107,CUST4090,REV20426
ORD10427,5,399,11/03/2023,Pending,Cash on Delivery,PROD107,CUST5919,REV20427
ORD10428,5,899,22/11/2023,Pending,PayPal,PROD101,CUST3221,REV20428
ORD10429,4,110,27/09/2024,Cancelled,Credit Card,PROD105,CUST5306,REV20429
ORD10430,2,149,13/02/2025,Shipped,Cash on Delivery,PROD113,CUST4192,REV20430
ORD10431,4,199,25/12/2024,Returned,PayPal,PROD112,CUST3839,REV20431
ORD10432,2,229,5/01/2024,Shipped,Credit Card,PROD108,CUST2436,REV20432
ORD10433,1,899,24/09/2024,Cancelled,Cash on Delivery,PROD101,CUST1857,REV20433
ORD10434,2,99,23/12/2023,Shipped,PayPal,PROD106,CUST3958,REV20434
ORD10435,3,120,24/05/2023,Shipped,PayPal,PROD104,CUST1640,REV20435
ORD10436,4,199,10/12/2024,Cancelled,Cash on Delivery,PROD102,CUST1302,REV20436
ORD10437,5,59,23/11/2023,Cancelled,Credit Card,PROD103,CUST5366,REV20437
ORD10438,2,120,8/09/2024,Returned,PayPal,PROD104,CUST3808,REV20438
ORD10439,1,199,27/02/2024,Shipped,Cash on Delivery,PROD112,CUST5610,REV20439
ORD10440,4,199,7/09/2023,Pending,PayPal,PROD112,CUST1875,REV20440
ORD10441,3,899,1/04/2025,Delivered,PayPal,PROD101,CUST5811,REV20441
ORD10442,5,110,20/03/2025,Cancelled,Credit Card,PROD105,CUST1939,REV20442
ORD10443,2,229,20/06/2023,Returned,Credit Card,PROD108,CUST1083,REV20443
ORD10444,2,999,19/07/2025,Delivered,Credit Card,PROD100,CUST5627,REV20444
ORD10445,3,129,22/04/2025,Shipped,PayPal,PROD109,CUST2216,REV20445
ORD10446,4,229,12/04/2023,Pending,PayPal,PROD108,CUST4396,REV20446
ORD10447,4,59,11/03/2024,Delivered,Credit Card,PROD103,CUST2220,REV20447
ORD10448,2,80,2/04/2025,Shipped,PayPal,PROD110,CUST2713,REV20448
ORD10449,4,80,20/12/2023,Returned,Credit Card,PROD110,CUST4346,REV20449
ORD10450,3,25,22/12/2022,Returned,PayPal,PROD114,CUST4118,REV20450
ORD10451,2,999,12/09/2022,Cancelled,Cash on Delivery,PROD100,CUST5325,REV20451
ORD10452,2,899,27/04/2024,Pending,Credit Card,PROD101,CUST5462,REV20452
ORD10453,5,199,9/04/2024,Returned,Cash on Delivery,PROD102,CUST4364,REV20453
ORD10454,5,80,23/06/2024,Cancelled,PayPal,PROD110,CUST1389,REV20454
ORD10455,1,149,18/07/2025,Returned,Credit Card,PROD113,CUST3346,REV20455
ORD10456,4,129,16/01/2025,Pending,Cash on Delivery,PROD109,CUST1029,REV20456
ORD10457,1,399,30/04/2023,Pending,PayPal,PROD107,CUST4080,REV20457
ORD10458,4,199,23/12/2024,Returned,Credit Card,PROD102,CUST4995,REV20458
ORD10459,4,25,24/03/2024,Cancelled,PayPal,PROD114,CUST1350,REV20459
ORD10460,2,999,17/06/2024,Shipped,PayPal,PROD100,CUST5182,REV20460
ORD10461,3,999,6/01/2023,Delivered,PayPal,PROD100,CUST1917,REV20461
ORD10462,4,25,21/12/2023,Cancelled,PayPal,PROD114,CUST4543,REV20462
ORD10463,4,229,25/05/2025,Cancelled,Cash on Delivery,PROD108,CUST3612,REV20463
ORD10464,3,129,9/10/2022,Delivered,PayPal,PROD109,CUST3254,REV20464
ORD10465,5,120,18/08/2025,Pending,Cash on Delivery,PROD104,CUST1111,REV20465
ORD10466,3,229,20/12/2022,Pending,Cash on Delivery,PROD108,CUST5028,REV20466
ORD10467,5,199,24/09/2022,Pending,Credit Card,PROD102,CUST4624,REV20467
ORD10468,3,99,10/03/2025,Pending,Cash on Delivery,PROD106,CUST1129,REV20468
ORD10469,1,59,26/11/2023,Shipped,PayPal,PROD111,CUST3819,REV20469
ORD10470,2,199,26/09/2024,Shipped,PayPal,PROD112,CUST1320,REV20470
ORD10471,1,59,4/11/2024,Shipped,PayPal,PROD103,CUST5048,REV20471
ORD10472,2,99,7/10/2024,Delivered,Credit Card,PROD106,CUST4573,REV20472
ORD10473,2,80,2/05/2024,Shipped,PayPal,PROD110,CUST1275,REV20473
ORD10474,2,399,10/08/2025,Shipped,Credit Card,PROD107,CUST1178,REV20474
ORD10475,4,199,17/04/2023,Cancelled,Cash on Delivery,PROD112,CUST2576,REV20475
ORD10476,1,899,7/12/2022,Shipped,Credit Card,PROD101,CUST5203,REV20476
ORD10477,3,149,18/05/2023,Pending,PayPal,PROD113,CUST4408,REV20477
ORD10478,4,120,27/07/2024,Pending,Cash on Delivery,PROD104,CUST5597,REV20478
ORD10479,3,59,25/11/2024,Pending,Cash on Delivery,PROD111,CUST3832,REV20479
ORD10480,4,25,29/07/2025,Pending,Credit Card,PROD114,CUST4407,REV20480
ORD10481,2,99,21/04/2024,Shipped,Credit Card,PROD106,CUST3790,REV20481
ORD10482,1,229,7/05/2024,Delivered,Credit Card,PROD108,CUST3995,REV20482
ORD10483,2,229,22/01/2023,Returned,Cash on Delivery,PROD108,CUST3692,REV20483
ORD10484,1,199,18/10/2023,Returned,PayPal,PROD102,CUST2626,REV20484
ORD10485,5,199,12/11/2024,Returned,PayPal,PROD112,CUST2201,REV20485
ORD10486,1,129,4/12/2024,Cancelled,Credit Card,PROD109,CUST1182,REV20486
ORD10487,5,80,30/07/2025,Returned,PayPal,PROD110,CUST1168,REV20487
ORD10488,5,149,2/03/2025,Delivered,Cash on Delivery,PROD113,CUST4686,REV20488
ORD10489,3,199,25/07/2024,Pending,Credit Card,PROD102,CUST4145,REV20489
ORD10490,2,399,21/12/2024,Delivered,Cash on Delivery,PROD107,CUST2679,REV20490
ORD10491,2,129,3/02/2023,Returned,Credit Card,PROD109,CUST2683,REV20491
ORD10492,1,399,21/03/2024,Delivered,Cash on Delivery,PROD107,CUST4112,REV20492
ORD10493,4,129,9/10/2024,Delivered,PayPal,PROD109,CUST1241,REV20493
ORD10494,2,59,26/10/2024,Cancelled,PayPal,PROD103,CUST4208,REV20494
ORD10495,4,25,3/04/2023,Pending,Cash on Delivery,PROD114,CUST1283,REV20495
ORD10496,5,899,21/02/2025,Cancelled,Credit Card,PROD101,CUST4981,REV20496
ORD10497,2,59,27/07/2025,Pending,PayPal,PROD111,CUST3974,REV20497
ORD10498,5,149,10/07/2024,Cancelled,Credit Card,PROD113,CUST5518,REV20498
ORD10499,3,149,9/05/2023,Cancelled,Credit Card,PROD113,CUST5274,REV20499
ORD10500,2,80,10/01/2025,Cancelled,Cash on Delivery,PROD110,CUST4009,REV20500
ORD10501,4,59,8/02/2023,Delivered,PayPal,PROD111,CUST3002,REV20501
ORD10502,3,149,6/01/2025,Cancelled,PayPal,PROD113,CUST4137,REV20502
ORD10503,1,199,12/02/2025,Shipped,Credit Card,PROD102,CUST4045,REV20503
ORD10504,5,999,15/07/2024,Shipped,Credit Card,PROD100,CUST1438,REV20504
ORD10505,1,899,28/03/2025,Delivered,PayPal,PROD101,CUST3891,REV20505
ORD10506,1,120,22/09/2024,Pending,Cash on Delivery,PROD104,CUST5045,REV20506
ORD10507,1,129,9/04/2023,Returned,Credit Card,PROD109,CUST4757,REV20507
ORD10508,2,199,13/06/2024,Pending,PayPal,PROD102,CUST4304,REV20508
ORD10509,5,25,20/11/2022,Cancelled,Cash on Delivery,PROD114,CUST2578,REV20509
ORD10510,4,110,22/10/2022,Returned,PayPal,PROD105,CUST2993,REV20510
ORD10511,5,59,12/05/2025,Returned,Credit Card,PROD111,CUST1839,REV20511
ORD10512,3,99,27/05/2024,Shipped,PayPal,PROD106,CUST3325,REV20512
ORD10513,3,199,21/04/2023,Returned,Credit Card,PROD112,CUST3598,REV20513
ORD10514,3,120,11/06/2023,Delivered,Cash on Delivery,PROD104,CUST5513,REV20514
ORD10515,1,59,26/05/2024,Pending,Cash on Delivery,PROD111,CUST1691,REV20515
ORD10516,2,25,21/09/2022,Pending,PayPal,PROD114,CUST2811,REV20516
ORD10517,2,59,28/12/2023,Pending,Credit Card,PROD103,CUST5594,REV20517
ORD10518,1,120,22/07/2024,Shipped,Credit Card,PROD104,CUST3060,REV20518
ORD10519,4,199,28/10/2023,Returned,Cash on Delivery,PROD102,CUST4924,REV20519
ORD10520,4,25,30/12/2024,Pending,Credit Card,PROD114,CUST1747,REV20520
ORD10521,4,999,4/07/2024,Shipped,Credit Card,PROD100,CUST2929,REV20521
ORD10522,1,199,14/05/2024,Delivered,Cash on Delivery,PROD102,CUST3695,REV20522
ORD10523,4,25,22/08/2024,Delivered,Credit Card,PROD114,CUST2710,REV20523
ORD10524,3,199,23/01/2024,Returned,PayPal,PROD102,CUST4288,REV20524
ORD10525,3,120,27/05/2025,Pending,Cash on Delivery,PROD104,CUST5402,REV20525
ORD10526,2,399,30/09/2023,Pending,Cash on Delivery,PROD107,CUST4088,REV20526
ORD10527,3,199,3/12/2022,Delivered,Credit Card,PROD112,CUST4586,REV20527
ORD10528,3,25,17/02/2025,Shipped,PayPal,PROD114,CUST4363,REV20528
ORD10529,2,99,31/01/2024,Cancelled,Credit Card,PROD106,CUST5356,REV20529
ORD10530,1,80,3/10/2022,Delivered,Cash on Delivery,PROD110,CUST4338,REV20530
ORD10531,5,899,26/12/2022,Pending,Credit Card,PROD101,CUST5427,REV20531
ORD10532,4,149,13/07/2023,Delivered,Credit Card,PROD113,CUST1332,REV20532
ORD10533,5,899,13/07/2024,Pending,Cash on Delivery,PROD101,CUST3940,REV20533
ORD10534,2,999,2/06/2023,Delivered,Cash on Delivery,PROD100,CUST2137,REV20534
ORD10535,1,149,25/02/2025,Pending,PayPal,PROD113,CUST2896,REV20535
ORD10536,4,59,20/03/2025,Cancelled,Cash on Delivery,PROD103,CUST3610,REV20536
ORD10537,3,25,9/08/2024,Shipped,Cash on Delivery,PROD114,CUST5478,REV20537
ORD10538,4,199,6/07/2023,Returned,Cash on Delivery,PROD102,CUST1033,REV20538
ORD10539,5,120,5/09/2023,Shipped,Credit Card,PROD104,CUST4858,REV20539
ORD10540,5,229,4/10/2022,Pending,Cash on Delivery,PROD108,CUST1064,REV20540
ORD10541,3,999,11/11/2022,Returned,Cash on Delivery,PROD100,CUST4237,REV20541
ORD10542,2,99,19/11/2024,Pending,Credit Card,PROD106,CUST3262,REV20542
ORD10543,4,399,18/08/2024,Cancelled,Cash on Delivery,PROD107,CUST2712,REV20543
ORD10544,1,199,14/12/2023,Pending,Credit Card,PROD102,CUST4085,REV20544
ORD10545,5,199,4/02/2024,Delivered,Cash on Delivery,PROD112,CUST2758,REV20545
ORD10546,3,99,29/12/2022,Returned,Credit Card,PROD106,CUST4659,REV20546
ORD10547,3,129,25/10/2023,Delivered,Cash on Delivery,PROD109,CUST3740,REV20547
ORD10548,1,80,8/07/2025,Returned,Cash on Delivery,PROD110,CUST3925,REV20548
ORD10549,3,899,28/09/2024,Cancelled,Cash on Delivery,PROD101,CUST2203,REV20549
ORD10550,1,120,3/10/2022,Pending,Cash on Delivery,PROD104,CUST2170,REV20550
ORD10551,2,110,9/05/2025,Pending,Credit Card,PROD105,CUST4541,REV20551
ORD10552,1,999,25/08/2023,Cancelled,Credit Card,PROD100,CUST2467,REV20552
ORD10553,4,59,30/10/2022,Shipped,Cash on Delivery,PROD103,CUST3889,REV20553
ORD10554,4,399,13/03/2025,Delivered,Cash on Delivery,PROD107,CUST5093,REV20554
ORD10555,1,399,23/11/2022,Pending,PayPal,PROD107,CUST5355,REV20555
ORD10556,5,149,28/07/2024,Pending,Cash on Delivery,PROD113,CUST3542,REV20556
ORD10557,1,199,25/02/2024,Returned,PayPal,PROD102,CUST3229,REV20557
ORD10558,5,59,1/06/2024,Pending,Cash on Delivery,PROD103,CUST2552,REV20558
ORD10559,2,25,7/04/2023,Cancelled,Credit Card,PROD114,CUST2740,REV20559
ORD10560,3,199,14/06/2023,Delivered,Credit Card,PROD112,CUST3412,REV20560
ORD10561,1,59,7/06/2024,Returned,Credit Card,PROD103,CUST2384,REV20561
ORD10562,3,80,6/05/2023,Returned,PayPal,PROD110,CUST2535,REV20562
ORD10563,2,149,27/06/2024,Shipped,PayPal,PROD113,CUST2289,REV20563
ORD10564,1,129,7/10/2022,Returned,Cash on Delivery,PROD109,CUST5618,REV20564
ORD10565,5,80,4/04/2023,Delivered,Cash on Delivery,PROD110,CUST2207,REV20565
ORD10566,4,120,10/10/2023,Pending,Credit Card,PROD104,CUST5319,REV20566
ORD10567,3,149,15/01/2023,Shipped,Cash on Delivery,PROD113,CUST2896,REV20567
ORD10568,1,80,22/06/2025,Returned,PayPal,PROD110,CUST1461,REV20568
ORD10569,1,110,8/12/2023,Pending,PayPal,PROD105,CUST3977,REV20569
ORD10570,1,999,3/09/2023,Returned,Cash on Delivery,PROD100,CUST3240,REV20570
ORD10571,2,129,17/10/2023,Delivered,Credit Card,PROD109,CUST4516,REV20571
ORD10572,4,129,21/09/2022,Delivered,Cash on Delivery,PROD109,CUST4822,REV20572
ORD10573,5,80,11/12/2024,Returned,PayPal,PROD110,CUST2050,REV20573
ORD10574,5,229,14/04/2024,Delivered,Cash on Delivery,PROD108,CUST3308,REV20574
ORD10575,1,80,7/10/2024,Returned,Cash on Delivery,PROD110,CUST1399,REV20575
ORD10576,3,199,8/12/2023,Returned,Credit Card,PROD102,CUST3343,REV20576
ORD10577,2,129,31/01/2023,Cancelled,Credit Card,PROD109,CUST5003,REV20577
ORD10578,4,399,5/02/2023,Delivered,PayPal,PROD107,CUST3483,REV20578
ORD10579,2,229,5/07/2025,Pending,Cash on Delivery,PROD108,CUST2725,REV20579
ORD10580,2,199,27/05/2025,Shipped,PayPal,PROD112,CUST5866,REV20580
ORD10581,1,199,11/01/2024,Pending,Cash on Delivery,PROD112,CUST4646,REV20581
ORD10582,2,129,3/01/2024,Pending,Credit Card,PROD109,CUST1981,REV20582
ORD10583,5,399,31/12/2023,Shipped,Cash on Delivery,PROD107,CUST3185,REV20583
ORD10584,2,149,6/10/2023,Shipped,PayPal,PROD113,CUST1473,REV20584
ORD10585,1,59,13/11/2022,Returned,Credit Card,PROD111,CUST5278,REV20585
ORD10586,2,120,1/06/2024,Cancelled,PayPal,PROD104,CUST2432,REV20586
ORD10587,4,149,27/02/2025,Delivered,Cash on Delivery,PROD113,CUST5767,REV20587
ORD10588,2,25,5/05/2024,Shipped,Cash on Delivery,PROD114,CUST4450,REV20588
ORD10589,1,59,17/02/2024,Returned,Cash on Delivery,PROD103,CUST4081,REV20589
ORD10590,3,25,27/12/2022,Returned,PayPal,PROD114,CUST5693,REV20590
ORD10591,4,129,27/10/2024,Pending,Cash on Delivery,PROD109,CUST5540,REV20591
ORD10592,5,99,3/08/2024,Delivered,Cash on Delivery,PROD106,CUST4306,REV20592
ORD10593,2,99,15/10/2024,Pending,Cash on Delivery,PROD106,CUST1089,REV20593
ORD10594,5,199,15/06/2024,Returned,Cash on Delivery,PROD102,CUST2457,REV20594
ORD10595,1,899,22/11/2023,Delivered,Cash on Delivery,PROD101,CUST4150,REV20595
ORD10596,5,199,5/02/2025,Returned,PayPal,PROD102,CUST1824,REV20596
ORD10597,5,129,15/09/2024,Shipped,Cash on Delivery,PROD109,CUST1339,REV20597
ORD10598,4,999,24/07/2023,Returned,Credit Card,PROD100,CUST4129,REV20598
ORD10599,1,80,12/08/2023,Delivered,Credit Card,PROD110,CUST2130,REV20599
ORD10600,1,59,31/01/2023,Returned,Cash on Delivery,PROD111,CUST5653,REV20600
ORD10601,1,59,29/02/2024,Returned,Credit Card,PROD103,CUST5101,REV20601
ORD10602,4,110,7/04/2025,Cancelled,Cash on Delivery,PROD105,CUST5284,REV20602
ORD10603,1,149,29/10/2024,Pending,PayPal,PROD113,CUST1411,REV20603
ORD10604,4,80,21/04/2024,Cancelled,PayPal,PROD110,CUST3590,REV20604
ORD10605,5,399,5/11/2022,Cancelled,Cash on Delivery,PROD107,CUST2641,REV20605
ORD10606,3,999,8/11/2024,Returned,Cash on Delivery,PROD100,CUST1400,REV20606
ORD10607,3,149,1/04/2023,Returned,Credit Card,PROD113,CUST5215,REV20607
ORD10608,4,110,3/06/2025,Returned,PayPal,PROD105,CUST3248,REV20608
ORD10609,5,899,20/02/2025,Returned,PayPal,PROD101,CUST2706,REV20609
ORD10610,3,149,15/02/2024,Shipped,Cash on Delivery,PROD113,CUST1342,REV20610
ORD10611,1,899,14/11/2024,Returned,Cash on Delivery,PROD101,CUST2332,REV20611
ORD10612,1,25,25/10/2024,Shipped,Credit Card,PROD114,CUST5254,REV20612
ORD10613,4,110,2/02/2024,Returned,PayPal,PROD105,CUST2708,REV20613
ORD10614,1,399,9/04/2023,Delivered,PayPal,PROD107,CUST2047,REV20614
ORD10615,4,120,10/04/2024,Pending,PayPal,PROD104,CUST1092,REV20615
ORD10616,2,399,3/12/2023,Shipped,Cash on Delivery,PROD107,CUST1058,REV20616
ORD10617,4,110,2/04/2024,Cancelled,PayPal,PROD105,CUST2249,REV20617
ORD10618,2,25,27/09/2024,Shipped,Credit Card,PROD114,CUST1008,REV20618
ORD10619,1,80,20/02/2023,Delivered,Credit Card,PROD110,CUST2352,REV20619
ORD10620,3,59,18/04/2023,Cancelled,Cash on Delivery,PROD111,CUST2210,REV20620
ORD10621,5,199,22/07/2025,Pending,PayPal,PROD112,CUST2783,REV20621
ORD10622,5,229,22/03/2023,Cancelled,PayPal,PROD108,CUST2728,REV20622
ORD10623,5,25,6/05/2023,Pending,PayPal,PROD114,CUST3232,REV20623
ORD10624,5,149,13/09/2023,Shipped,PayPal,PROD113,CUST3494,REV20624
ORD10625,1,120,30/01/2025,Shipped,PayPal,PROD104,CUST2541,REV20625
ORD10626,3,149,19/07/2025,Returned,Credit Card,PROD113,CUST2055,REV20626
ORD10627,2,120,13/01/2024,Shipped,Credit Card,PROD104,CUST2595,REV20627
ORD10628,2,99,6/06/2023,Pending,Cash on Delivery,PROD106,CUST4760,REV20628
ORD10629,3,25,2/11/2024,Cancelled,Credit Card,PROD114,CUST3203,REV20629
ORD10630,1,110,5/03/2024,Cancelled,Credit Card,PROD105,CUST3484,REV20630
ORD10631,5,899,27/09/2024,Shipped,Credit Card,PROD101,CUST2913,REV20631
ORD10632,2,110,19/07/2023,Cancelled,Cash on Delivery,PROD105,CUST1109,REV20632
ORD10633,5,80,10/03/2023,Pending,Credit Card,PROD110,CUST2479,REV20633
ORD10634,2,129,8/09/2022,Delivered,Credit Card,PROD109,CUST1358,REV20634
ORD10635,3,999,24/03/2024,Shipped,Credit Card,PROD100,CUST2213,REV20635
ORD10636,5,59,14/03/2023,Shipped,PayPal,PROD111,CUST3302,REV20636
ORD10637,2,399,22/09/2024,Cancelled,Cash on Delivery,PROD107,CUST5809,REV20637
ORD10638,1,59,18/07/2025,Shipped,Credit Card,PROD111,CUST1021,REV20638
ORD10639,3,199,16/03/2024,Delivered,Credit Card,PROD112,CUST4481,REV20639
ORD10640,3,80,30/04/2024,Cancelled,Cash on Delivery,PROD110,CUST5783,REV20640
ORD10641,5,110,19/07/2025,Delivered,Credit Card,PROD105,CUST1376,REV20641
ORD10642,4,199,1/05/2025,Cancelled,PayPal,PROD102,CUST3122,REV20642
ORD10643,3,110,16/10/2022,Returned,Credit Card,PROD105,CUST1274,REV20643
ORD10644,4,149,21/12/2023,Shipped,Credit Card,PROD113,CUST4847,REV20644
ORD10645,4,80,14/04/2023,Cancelled,Cash on Delivery,PROD110,CUST5175,REV20645
ORD10646,3,899,16/02/2023,Cancelled,Cash on Delivery,PROD101,CUST1359,REV20646
ORD10647,4,25,19/05/2024,Returned,Credit Card,PROD114,CUST5207,REV20647
ORD10648,3,999,18/12/2022,Shipped,PayPal,PROD100,CUST5136,REV20648
ORD10649,2,59,8/02/2025,Returned,Cash on Delivery,PROD103,CUST1025,REV20649
ORD10650,5,120,30/08/2022,Returned,Credit Card,PROD104,CUST3996,REV20650
ORD10651,3,899,17/02/2024,Pending,Credit Card,PROD101,CUST5500,REV20651
ORD10652,1,999,26/01/2025,Pending,Cash on Delivery,PROD100,CUST4781,REV20652
ORD10653,5,25,7/01/2024,Shipped,Cash on Delivery,PROD114,CUST1566,REV20653
ORD10654,3,59,25/07/2023,Delivered,Credit Card,PROD111,CUST2959,REV20654
ORD10655,2,399,3/07/2024,Delivered,Credit Card,PROD107,CUST2943,REV20655
ORD10656,3,229,12/04/2025,Delivered,Cash on Delivery,PROD108,CUST5285,REV20656
ORD10657,1,149,14/11/2024,Shipped,PayPal,PROD113,CUST5619,REV20657
ORD10658,4,120,9/08/2024,Delivered,PayPal,PROD104,CUST2076,REV20658
ORD10659,2,229,22/12/2022,Delivered,PayPal,PROD108,CUST3663,REV20659
ORD10660,1,59,5/06/2023,Shipped,PayPal,PROD111,CUST2919,REV20660
ORD10661,1,399,6/01/2025,Shipped,Cash on Delivery,PROD107,CUST4399,REV20661
ORD10662,3,199,29/11/2024,Pending,PayPal,PROD112,CUST5430,REV20662
ORD10663,2,59,28/11/2022,Shipped,Cash on Delivery,PROD111,CUST3877,REV20663
ORD10664,3,59,18/11/2023,Shipped,Credit Card,PROD103,CUST4868,REV20664
ORD10665,4,80,25/10/2024,Delivered,PayPal,PROD110,CUST1628,REV20665
ORD10666,2,149,31/01/2023,Shipped,Credit Card,PROD113,CUST5497,REV20666
ORD10667,2,110,5/06/2024,Returned,PayPal,PROD105,CUST1988,REV20667
ORD10668,2,399,25/11/2023,Shipped,Credit Card,PROD107,CUST4865,REV20668
ORD10669,5,129,10/12/2023,Cancelled,Cash on Delivery,PROD109,CUST2822,REV20669
ORD10670,1,99,6/01/2023,Cancelled,Credit Card,PROD106,CUST1580,REV20670
ORD10671,2,399,12/02/2025,Delivered,Credit Card,PROD107,CUST5962,REV20671
ORD10672,4,59,11/11/2022,Cancelled,Cash on Delivery,PROD111,CUST2527,REV20672
ORD10673,1,80,2/11/2023,Pending,Cash on Delivery,PROD110,CUST3877,REV20673
ORD10674,1,999,29/03/2023,Pending,Credit Card,PROD100,CUST3469,REV20674
ORD10675,2,149,27/02/2025,Shipped,Cash on Delivery,PROD113,CUST5576,REV20675
ORD10676,3,120,23/06/2023,Shipped,PayPal,PROD104,CUST4385,REV20676
ORD10677,4,120,21/02/2025,Cancelled,Credit Card,PROD104,CUST1499,REV20677
ORD10678,3,199,23/06/2023,Pending,Cash on Delivery,PROD102,CUST3692,REV20678
ORD10679,2,229,31/05/2025,Shipped,PayPal,PROD108,CUST2913,REV20679
ORD10680,1,99,7/04/2024,Delivered,Credit Card,PROD106,CUST3597,REV20680
ORD10681,5,110,31/05/2024,Delivered,PayPal,PROD105,CUST2381,REV20681
ORD10682,5,110,13/06/2025,Delivered,PayPal,PROD105,CUST2474,REV20682
ORD10683,4,129,16/03/2025,Shipped,PayPal,PROD109,CUST4517,REV20683
ORD10684,2,129,15/12/2023,Delivered,PayPal,PROD109,CUST3560,REV20684
ORD10685,5,99,26/05/2023,Cancelled,Cash on Delivery,PROD106,CUST3858,REV20685
ORD10686,3,59,13/11/2022,Cancelled,Cash on Delivery,PROD103,CUST5461,REV20686
ORD10687,5,59,13/07/2025,Returned,Cash on Delivery,PROD111,CUST4955,REV20687
ORD10688,4,229,21/11/2022,Pending,Cash on Delivery,PROD108,CUST1107,REV20688
ORD10689,1,399,17/12/2023,Cancelled,Cash on Delivery,PROD107,CUST3150,REV20689
ORD10690,1,149,2/04/2025,Pending,PayPal,PROD113,CUST4905,REV20690
ORD10691,4,199,16/05/2024,Delivered,Cash on Delivery,PROD112,CUST3304,REV20691
ORD10692,2,25,18/04/2025,Returned,Cash on Delivery,PROD114,CUST4053,REV20692
ORD10693,3,110,15/10/2023,Shipped,Cash on Delivery,PROD105,CUST2685,REV20693
ORD10694,3,110,26/05/2025,Shipped,PayPal,PROD105,CUST2999,REV20694
ORD10695,4,129,27/09/2022,Shipped,Credit Card,PROD109,CUST3235,REV20695
ORD10696,2,399,22/11/2022,Shipped,Credit Card,PROD107,CUST4764,REV20696
ORD10697,1,899,16/04/2024,Returned,Cash on Delivery,PROD101,CUST5744,REV20697
ORD10698,4,399,18/11/2024,Returned,Credit Card,PROD107,CUST1902,REV20698
ORD10699,2,80,23/10/2023,Cancelled,Cash on Delivery,PROD110,CUST2226,REV20699
ORD10700,2,59,21/04/2025,Delivered,Credit Card,PROD103,CUST2310,REV20700
ORD10701,4,59,16/02/2025,Returned,Cash on Delivery,PROD103,CUST2605,REV20701
ORD10702,2,149,27/12/2024,Pending,Cash on Delivery,PROD113,CUST3948,REV20702
ORD10703,2,110,29/06/2025,Pending,PayPal,PROD105,CUST4044,REV20703
ORD10704,4,129,17/06/2025,Returned,PayPal,PROD109,CUST3035,REV20704
ORD10705,4,899,23/07/2023,Cancelled,Cash on Delivery,PROD101,CUST4826,REV20705
ORD10706,5,80,1/04/2025,Shipped,Credit Card,PROD110,CUST1977,REV20706
ORD10707,4,110,26/04/2025,Pending,Cash on Delivery,PROD105,CUST5818,REV20707
ORD10708,5,199,8/11/2024,Delivered,Credit Card,PROD112,CUST4096,REV20708
ORD10709,3,80,20/03/2024,Delivered,Credit Card,PROD110,CUST3379,REV20709
ORD10710,3,199,26/12/2022,Pending,Credit Card,PROD112,CUST4892,REV20710
ORD10711,5,229,22/10/2022,Cancelled,Cash on Delivery,PROD108,CUST4649,REV20711
ORD10712,4,899,10/06/2024,Returned,Credit Card,PROD101,CUST5229,REV20712
ORD10713,2,80,7/11/2022,Shipped,PayPal,PROD110,CUST5172,REV20713
ORD10714,4,120,17/05/2023,Cancelled,Credit Card,PROD104,CUST5721,REV20714
ORD10715,5,129,28/11/2024,Returned,Cash on Delivery,PROD109,CUST2798,REV20715
ORD10716,4,25,12/12/2023,Returned,PayPal,PROD114,CUST5392,REV20716
ORD10717,2,129,8/12/2024,Delivered,Cash on Delivery,PROD109,CUST2664,REV20717
ORD10718,5,399,1/05/2023,Shipped,Cash on Delivery,PROD107,CUST5482,REV20718
ORD10719,5,199,13/10/2024,Pending,Credit Card,PROD102,CUST5405,REV20719
ORD10720,4,399,1/05/2023,Shipped,Credit Card,PROD107,CUST5945,REV20720
ORD10721,1,25,24/10/2024,Pending,PayPal,PROD114,CUST2695,REV20721
ORD10722,3,129,1/12/2024,Returned,Cash on Delivery,PROD109,CUST3954,REV20722
ORD10723,4,199,24/05/2025,Delivered,Credit Card,PROD112,CUST2577,REV20723
ORD10724,4,999,18/11/2024,Returned,PayPal,PROD100,CUST5064,REV20724
ORD10725,2,59,23/11/2023,Delivered,Credit Card,PROD103,CUST1255,REV20725
ORD10726,1,899,10/08/2025,Returned,Cash on Delivery,PROD101,CUST5777,REV20726
ORD10727,4,199,21/03/2024,Delivered,PayPal,PROD112,CUST1332,REV20727
ORD10728,4,229,24/11/2022,Pending,PayPal,PROD108,CUST4239,REV20728
ORD10729,5,199,13/02/2023,Delivered,Credit Card,PROD102,CUST5981,REV20729
ORD10730,1,149,14/04/2025,Pending,Credit Card,PROD113,CUST4309,REV20730
ORD10731,4,229,13/07/2024,Cancelled,Cash on Delivery,PROD108,CUST5022,REV20731
ORD10732,2,59,3/01/2024,Pending,Cash on Delivery,PROD103,CUST3307,REV20732
ORD10733,4,80,27/11/2022,Delivered,Credit Card,PROD110,CUST2955,REV20733
ORD10734,4,899,11/10/2024,Pending,Credit Card,PROD101,CUST4709,REV20734
ORD10735,4,399,4/04/2023,Delivered,PayPal,PROD107,CUST5279,REV20735
ORD10736,2,59,23/03/2024,Delivered,Cash on Delivery,PROD103,CUST5825,REV20736
ORD10737,2,80,19/02/2024,Delivered,PayPal,PROD110,CUST1515,REV20737
ORD10738,1,129,15/01/2025,Returned,Credit Card,PROD109,CUST4458,REV20738
ORD10739,5,110,24/12/2024,Shipped,Credit Card,PROD105,CUST2134,REV20739
ORD10740,2,999,30/09/2023,Returned,Credit Card,PROD100,CUST3982,REV20740
ORD10741,4,25,6/08/2024,Delivered,Credit Card,PROD114,CUST4658,REV20741
ORD10742,5,25,12/02/2023,Shipped,Cash on Delivery,PROD114,CUST2298,REV20742
ORD10743,1,149,31/08/2023,Cancelled,Cash on Delivery,PROD113,CUST5561,REV20743
ORD10744,2,199,8/10/2023,Shipped,Cash on Delivery,PROD102,CUST2983,REV20744
ORD10745,2,80,9/11/2022,Cancelled,Credit Card,PROD110,CUST2294,REV20745
ORD10746,2,149,2/02/2025,Returned,Credit Card,PROD113,CUST2532,REV20746
ORD10747,5,120,27/04/2025,Delivered,PayPal,PROD104,CUST5221,REV20747
ORD10748,1,59,19/02/2025,Pending,Cash on Delivery,PROD111,CUST5661,REV20748
ORD10749,1,80,19/10/2022,Delivered,Credit Card,PROD110,CUST2991,REV20749
ORD10750,2,25,5/06/2024,Pending,PayPal,PROD114,CUST2131,REV20750
ORD10751,5,25,1/12/2023,Pending,Cash on Delivery,PROD114,CUST1863,REV20751
ORD10752,3,99,2/08/2023,Returned,Cash on Delivery,PROD106,CUST4020,REV20752
ORD10753,2,199,6/07/2023,Delivered,Credit Card,PROD112,CUST2826,REV20753
ORD10754,5,999,9/07/2024,Shipped,Credit Card,PROD100,CUST3732,REV20754
ORD10755,3,199,18/09/2022,Pending,Cash on Delivery,PROD102,CUST1724,REV20755
ORD10756,2,199,18/06/2025,Delivered,PayPal,PROD102,CUST3966,REV20756
ORD10757,4,229,23/04/2024,Shipped,Cash on Delivery,PROD108,CUST3347,REV20757
ORD10758,3,229,15/03/2024,Pending,Credit Card,PROD108,CUST5254,REV20758
ORD10759,5,80,14/06/2024,Shipped,PayPal,PROD110,CUST1348,REV20759
ORD10760,2,25,14/03/2024,Shipped,PayPal,PROD114,CUST5766,REV20760
ORD10761,4,110,29/05/2024,Shipped,Credit Card,PROD105,CUST1708,REV20761
ORD10762,3,129,29/09/2024,Shipped,PayPal,PROD109,CUST2841,REV20762
ORD10763,2,25,5/05/2024,Pending,PayPal,PROD114,CUST2138,REV20763
ORD10764,3,25,14/04/2024,Cancelled,PayPal,PROD114,CUST4168,REV20764
ORD10765,1,149,3/07/2024,Pending,Credit Card,PROD113,CUST1719,REV20765
ORD10766,4,899,6/11/2023,Pending,Cash on Delivery,PROD101,CUST3346,REV20766
ORD10767,5,129,14/10/2024,Delivered,Cash on Delivery,PROD109,CUST5195,REV20767
ORD10768,3,120,17/07/2025,Shipped,PayPal,PROD104,CUST2732,REV20768
ORD10769,4,120,4/05/2024,Shipped,Cash on Delivery,PROD104,CUST5441,REV20769
ORD10770,4,129,14/04/2025,Cancelled,Credit Card,PROD109,CUST1981,REV20770
ORD10771,1,99,8/07/2023,Cancelled,Credit Card,PROD106,CUST1655,REV20771
ORD10772,5,110,7/05/2025,Returned,Cash on Delivery,PROD105,CUST1951,REV20772
ORD10773,2,59,29/10/2023,Shipped,Credit Card,PROD111,CUST4294,REV20773
ORD10774,4,999,31/12/2023,Returned,Cash on Delivery,PROD100,CUST5494,REV20774
ORD10775,3,199,27/02/2024,Returned,Cash on Delivery,PROD102,CUST5027,REV20775
ORD10776,5,229,31/07/2025,Shipped,PayPal,PROD108,CUST4851,REV20776
ORD10777,3,129,10/03/2025,Pending,Credit Card,PROD109,CUST1297,REV20777
ORD10778,2,199,22/08/2024,Delivered,PayPal,PROD112,CUST4717,REV20778
ORD10779,2,120,5/10/2022,Delivered,Cash on Delivery,PROD104,CUST4582,REV20779
ORD10780,5,999,24/09/2024,Returned,Credit Card,PROD100,CUST5832,REV20780
ORD10781,5,59,19/05/2024,Shipped,Credit Card,PROD111,CUST2111,REV20781
ORD10782,2,399,7/01/2023,Delivered,Cash on Delivery,PROD107,CUST2413,REV20782
ORD10783,4,999,5/01/2023,Delivered,Credit Card,PROD100,CUST1917,REV20783
ORD10784,5,149,3/02/2023,Delivered,Cash on Delivery,PROD113,CUST2100,REV20784
ORD10785,5,999,15/02/2024,Cancelled,Credit Card,PROD100,CUST5394,REV20785
ORD10786,1,899,22/06/2025,Delivered,PayPal,PROD101,CUST3574,REV20786
ORD10787,4,149,30/10/2022,Cancelled,Credit Card,PROD113,CUST1310,REV20787
ORD10788,5,999,9/04/2025,Pending,Cash on Delivery,PROD100,CUST1521,REV20788
ORD10789,4,99,9/09/2023,Delivered,Cash on Delivery,PROD106,CUST2301,REV20789
ORD10790,1,80,23/12/2023,Delivered,Cash on Delivery,PROD110,CUST4376,REV20790
ORD10791,4,25,3/11/2024,Returned,PayPal,PROD114,CUST2700,REV20791
ORD10792,4,399,9/04/2024,Shipped,PayPal,PROD107,CUST4127,REV20792
ORD10793,3,120,11/07/2025,Cancelled,Cash on Delivery,PROD104,CUST4522,REV20793
ORD10794,1,999,23/08/2024,Shipped,Credit Card,PROD100,CUST5065,REV20794
ORD10795,2,99,30/11/2023,Cancelled,PayPal,PROD106,CUST4930,REV20795
ORD10796,1,120,10/02/2023,Shipped,Cash on Delivery,PROD104,CUST4066,REV20796
ORD10797,2,999,21/10/2023,Cancelled,Credit Card,PROD100,CUST1103,REV20797
ORD10798,4,59,5/07/2024,Delivered,PayPal,PROD111,CUST4049,REV20798
ORD10799,3,129,21/04/2023,Shipped,Credit Card,PROD109,CUST4174,REV20799
ORD10800,5,120,16/10/2024,Delivered,Credit Card,PROD104,CUST5628,REV20800
ORD10801,2,199,11/11/2022,Shipped,PayPal,PROD112,CUST5987,REV20801
ORD10802,3,110,25/02/2024,Shipped,Cash on Delivery,PROD105,CUST5056,REV20802
ORD10803,2,59,17/03/2024,Pending,Cash on Delivery,PROD103,CUST2067,REV20803
ORD10804,3,999,8/07/2023,Returned,PayPal,PROD100,CUST1059,REV20804
ORD10805,5,899,5/07/2023,Cancelled,Credit Card,PROD101,CUST5544,REV20805
ORD10806,5,120,20/11/2022,Pending,PayPal,PROD104,CUST3363,REV20806
ORD10807,4,229,16/01/2023,Delivered,PayPal,PROD108,CUST5578,REV20807
ORD10808,4,999,15/11/2024,Returned,PayPal,PROD100,CUST1765,REV20808
ORD10809,3,129,13/11/2024,Returned,Credit Card,PROD109,CUST1605,REV20809
ORD10810,2,229,14/03/2024,Pending,Cash on Delivery,PROD108,CUST3524,REV20810
ORD10811,5,199,11/08/2023,Returned,Cash on Delivery,PROD112,CUST1982,REV20811
ORD10812,4,110,8/01/2024,Returned,PayPal,PROD105,CUST2693,REV20812
ORD10813,1,110,20/05/2024,Returned,Credit Card,PROD105,CUST1317,REV20813
ORD10814,1,110,11/09/2024,Pending,Cash on Delivery,PROD105,CUST5096,REV20814
ORD10815,5,899,13/09/2022,Returned,Cash on Delivery,PROD101,CUST2305,REV20815
ORD10816,2,99,12/01/2024,Pending,Credit Card,PROD106,CUST5274,REV20816
ORD10817,5,99,19/04/2024,Pending,Credit Card,PROD106,CUST1023,REV20817
ORD10818,5,199,28/07/2024,Returned,Cash on Delivery,PROD112,CUST1722,REV20818
ORD10819,4,149,20/03/2025,Shipped,PayPal,PROD113,CUST4746,REV20819
ORD10820,5,149,7/04/2023,Returned,Cash on Delivery,PROD113,CUST1031,REV20820
ORD10821,2,149,25/03/2023,Delivered,Cash on Delivery,PROD113,CUST3633,REV20821
ORD10822,5,99,14/09/2023,Shipped,PayPal,PROD106,CUST4786,REV20822
ORD10823,5,99,23/02/2023,Returned,PayPal,PROD106,CUST3229,REV20823
ORD10824,3,899,11/08/2024,Returned,PayPal,PROD101,CUST4456,REV20824
ORD10825,1,120,29/07/2024,Shipped,Credit Card,PROD104,CUST4920,REV20825
ORD10826,4,120,6/01/2025,Returned,PayPal,PROD104,CUST3438,REV20826
ORD10827,2,59,29/10/2024,Delivered,PayPal,PROD103,CUST5441,REV20827
ORD10828,2,229,28/09/2023,Delivered,PayPal,PROD108,CUST5670,REV20828
ORD10829,1,129,28/08/2022,Delivered,Cash on Delivery,PROD109,CUST1453,REV20829
ORD10830,4,120,17/01/2025,Pending,Credit Card,PROD104,CUST2020,REV20830
ORD10831,4,229,20/04/2025,Pending,Credit Card,PROD108,CUST2898,REV20831
ORD10832,2,59,11/08/2023,Cancelled,Credit Card,PROD103,CUST1788,REV20832
ORD10833,4,399,20/02/2025,Pending,PayPal,PROD107,CUST4732,REV20833
ORD10834,3,199,5/04/2023,Pending,Cash on Delivery,PROD102,CUST3140,REV20834
ORD10835,2,899,11/05/2024,Shipped,PayPal,PROD101,CUST4717,REV20835
ORD10836,5,59,19/05/2024,Cancelled,PayPal,PROD103,CUST5392,REV20836
ORD10837,3,199,27/12/2022,Cancelled,PayPal,PROD112,CUST5026,REV20837
ORD10838,2,199,13/12/2024,Shipped,Cash on Delivery,PROD102,CUST3182,REV20838
ORD10839,2,149,27/06/2023,Pending,Credit Card,PROD113,CUST4826,REV20839
ORD10840,5,25,28/12/2022,Delivered,Credit Card,PROD114,CUST2114,REV20840
ORD10841,4,899,9/12/2022,Cancelled,Cash on Delivery,PROD101,CUST5920,REV20841
ORD10842,4,129,27/07/2023,Cancelled,Cash on Delivery,PROD109,CUST1294,REV20842
ORD10843,1,229,15/08/2023,Delivered,Credit Card,PROD108,CUST5624,REV20843
ORD10844,1,99,11/07/2025,Pending,PayPal,PROD106,CUST2832,REV20844
ORD10845,3,149,4/01/2023,Cancelled,PayPal,PROD113,CUST2130,REV20845
ORD10846,2,199,26/02/2023,Returned,Credit Card,PROD102,CUST5766,REV20846
ORD10847,3,129,18/02/2024,Pending,Cash on Delivery,PROD109,CUST1958,REV20847
ORD10848,5,129,3/09/2022,Shipped,PayPal,PROD109,CUST3620,REV20848
ORD10849,2,399,1/11/2023,Returned,PayPal,PROD107,CUST3136,REV20849
ORD10850,2,59,13/09/2024,Cancelled,Credit Card,PROD111,CUST1959,REV20850
ORD10851,2,59,15/05/2023,Shipped,Credit Card,PROD111,CUST5211,REV20851
ORD10852,2,25,13/11/2023,Shipped,Cash on Delivery,PROD114,CUST1756,REV20852
ORD10853,4,229,22/06/2023,Shipped,Credit Card,PROD108,CUST3219,REV20853
ORD10854,4,199,2/09/2024,Delivered,PayPal,PROD102,CUST5507,REV20854
ORD10855,2,59,31/03/2023,Pending,PayPal,PROD111,CUST1952,REV20855
ORD10856,4,899,11/06/2024,Returned,PayPal,PROD101,CUST5187,REV20856
ORD10857,1,899,1/04/2025,Cancelled,Cash on Delivery,PROD101,CUST2850,REV20857
ORD10858,4,99,3/08/2024,Pending,Cash on Delivery,PROD106,CUST2948,REV20858
ORD10859,2,199,20/11/2023,Cancelled,Cash on Delivery,PROD102,CUST1333,REV20859
ORD10860,5,25,6/02/2025,Returned,Cash on Delivery,PROD114,CUST2244,REV20860
ORD10861,4,120,21/11/2023,Cancelled,Cash on Delivery,PROD104,CUST5679,REV20861
ORD10862,4,399,1/02/2023,Delivered,PayPal,PROD107,CUST1800,REV20862
ORD10863,2,229,6/08/2023,Delivered,Cash on Delivery,PROD108,CUST4492,REV20863
ORD10864,4,110,10/07/2024,Cancelled,Credit Card,PROD105,CUST5637,REV20864
ORD10865,3,129,3/08/2023,Delivered,Credit Card,PROD109,CUST2356,REV20865
ORD10866,1,199,13/02/2023,Pending,Cash on Delivery,PROD102,CUST2099,REV20866
ORD10867,2,229,11/10/2022,Cancelled,Cash on Delivery,PROD108,CUST2913,REV20867
ORD10868,5,59,5/03/2024,Delivered,PayPal,PROD111,CUST4191,REV20868
ORD10869,5,199,31/10/2023,Shipped,Credit Card,PROD112,CUST2412,REV20869
ORD10870,2,399,17/05/2024,Pending,PayPal,PROD107,CUST3231,REV20870
ORD10871,4,110,17/02/2025,Shipped,Cash on Delivery,PROD105,CUST3167,REV20871
ORD10872,3,99,8/08/2023,Delivered,PayPal,PROD106,CUST3967,REV20872
ORD10873,2,129,5/09/2024,Returned,Cash on Delivery,PROD109,CUST3700,REV20873
ORD10874,5,110,18/03/2025,Pending,Cash on Delivery,PROD105,CUST3683,REV20874
ORD10875,4,399,24/04/2025,Cancelled,PayPal,PROD107,CUST2693,REV20875
ORD10876,1,399,30/05/2024,Shipped,Cash on Delivery,PROD107,CUST3598,REV20876
ORD10877,1,229,7/02/2024,Cancelled,Cash on Delivery,PROD108,CUST2574,REV20877
ORD10878,3,80,16/06/2024,Shipped,PayPal,PROD110,CUST4793,REV20878
ORD10879,5,59,30/09/2024,Pending,PayPal,PROD103,CUST3134,REV20879
ORD10880,2,129,4/06/2025,Shipped,PayPal,PROD109,CUST1047,REV20880
ORD10881,3,899,18/10/2022,Pending,Credit Card,PROD101,CUST5168,REV20881
ORD10882,4,229,13/09/2022,Pending,Cash on Delivery,PROD108,CUST2982,REV20882
ORD10883,3,59,15/03/2024,Cancelled,Cash on Delivery,PROD111,CUST2367,REV20883
ORD10884,3,25,19/05/2024,Cancelled,Credit Card,PROD114,CUST5992,REV20884
ORD10885,5,899,13/10/2024,Shipped,Cash on Delivery,PROD101,CUST2915,REV20885
ORD10886,5,999,18/01/2024,Cancelled,Credit Card,PROD100,CUST4131,REV20886
ORD10887,3,110,16/10/2023,Returned,Cash on Delivery,PROD105,CUST4828,REV20887
ORD10888,2,999,11/11/2022,Pending,PayPal,PROD100,CUST1837,REV20888
ORD10889,4,110,4/12/2022,Shipped,Cash on Delivery,PROD105,CUST2263,REV20889
ORD10890,4,199,1/06/2025,Returned,PayPal,PROD102,CUST4987,REV20890
ORD10891,1,229,20/07/2024,Pending,Cash on Delivery,PROD108,CUST2908,REV20891
ORD10892,2,199,1/05/2025,Cancelled,Cash on Delivery,PROD112,CUST1454,REV20892
ORD10893,1,199,15/08/2025,Returned,PayPal,PROD112,CUST1483,REV20893
ORD10894,1,120,12/10/2024,Delivered,PayPal,PROD104,CUST5895,REV20894
ORD10895,4,99,20/02/2024,Pending,PayPal,PROD106,CUST5101,REV20895
ORD10896,3,59,3/12/2024,Pending,Credit Card,PROD103,CUST3566,REV20896
ORD10897,1,229,18/01/2023,Delivered,PayPal,PROD108,CUST2173,REV20897
ORD10898,5,229,25/04/2023,Shipped,Cash on Delivery,PROD108,CUST1086,REV20898
ORD10899,3,149,25/04/2024,Cancelled,Credit Card,PROD113,CUST3888,REV20899
ORD10900,5,899,25/02/2025,Delivered,PayPal,PROD101,CUST4502,REV20900
ORD10901,4,229,6/02/2023,Cancelled,Cash on Delivery,PROD108,CUST5987,REV20901
ORD10902,2,149,7/01/2024,Shipped,PayPal,PROD113,CUST2333,REV20902
ORD10903,3,229,30/06/2025,Pending,Credit Card,PROD108,CUST5830,REV20903
ORD10904,5,120,29/03/2023,Pending,PayPal,PROD104,CUST4210,REV20904
ORD10905,4,399,27/04/2025,Pending,PayPal,PROD107,CUST2845,REV20905
ORD10906,4,59,16/12/2022,Cancelled,Cash on Delivery,PROD103,CUST1704,REV20906
ORD10907,3,899,27/07/2023,Returned,PayPal,PROD101,CUST1335,REV20907
ORD10908,2,149,18/10/2024,Shipped,Cash on Delivery,PROD113,CUST3173,REV20908
ORD10909,1,399,31/05/2025,Returned,PayPal,PROD107,CUST1223,REV20909
ORD10910,3,199,21/09/2023,Shipped,Cash on Delivery,PROD102,CUST1052,REV20910
ORD10911,3,59,25/08/2024,Cancelled,Cash on Delivery,PROD111,CUST1687,REV20911
ORD10912,4,199,4/02/2025,Shipped,Credit Card,PROD102,CUST4978,REV20912
ORD10913,1,229,16/11/2022,Delivered,Cash on Delivery,PROD108,CUST4850,REV20913
ORD10914,1,199,17/03/2025,Returned,PayPal,PROD112,CUST1491,REV20914
ORD10915,1,129,2/11/2022,Delivered,Credit Card,PROD109,CUST1431,REV20915
ORD10916,1,229,14/08/2024,Shipped,Cash on Delivery,PROD108,CUST2458,REV20916
ORD10917,5,99,13/08/2023,Cancelled,PayPal,PROD106,CUST1957,REV20917
ORD10918,1,99,5/02/2023,Cancelled,Cash on Delivery,PROD106,CUST2140,REV20918
ORD10919,1,129,11/01/2023,Pending,PayPal,PROD109,CUST4881,REV20919
ORD10920,1,129,10/08/2024,Cancelled,Cash on Delivery,PROD109,CUST2149,REV20920
ORD10921,1,129,20/08/2024,Delivered,Cash on Delivery,PROD109,CUST1234,REV20921
ORD10922,3,899,22/11/2024,Shipped,Cash on Delivery,PROD101,CUST1123,REV20922
ORD10923,1,120,21/10/2024,Delivered,PayPal,PROD104,CUST4931,REV20923
ORD10924,5,120,8/07/2025,Cancelled,Cash on Delivery,PROD104,CUST5450,REV20924
ORD10925,2,59,22/10/2023,Delivered,PayPal,PROD103,CUST5087,REV20925
ORD10926,2,229,12/03/2025,Returned,Cash on Delivery,PROD108,CUST5856,REV20926
ORD10927,5,80,3/08/2025,Shipped,Credit Card,PROD110,CUST1764,REV20927
ORD10928,4,110,31/07/2024,Delivered,Credit Card,PROD105,CUST3422,REV20928
ORD10929,4,110,24/05/2023,Returned,Credit Card,PROD105,CUST3589,REV20929
ORD10930,4,59,29/05/2024,Returned,PayPal,PROD103,CUST5222,REV20930
ORD10931,1,120,21/05/2023,Returned,Credit Card,PROD104,CUST3548,REV20931
ORD10932,4,59,10/01/2025,Returned,PayPal,PROD111,CUST2902,REV20932
ORD10933,4,999,30/11/2024,Shipped,Credit Card,PROD100,CUST4410,REV20933
ORD10934,2,110,11/03/2024,Returned,Cash on Delivery,PROD105,CUST2315,REV20934
ORD10935,3,899,22/01/2025,Returned,Credit Card,PROD101,CUST5669,REV20935
ORD10936,5,59,30/11/2022,Pending,PayPal,PROD111,CUST3122,REV20936
ORD10937,3,129,24/03/2025,Delivered,Credit Card,PROD109,CUST5422,REV20937
ORD10938,2,999,15/09/2022,Cancelled,Credit Card,PROD100,CUST1473,REV20938
ORD10939,5,120,6/11/2022,Pending,PayPal,PROD104,CUST2596,REV20939
ORD10940,1,120,5/10/2022,Returned,Credit Card,PROD104,CUST2324,REV20940
ORD10941,5,899,4/02/2023,Delivered,PayPal,PROD101,CUST1040,REV20941
ORD10942,2,199,14/11/2023,Returned,Credit Card,PROD112,CUST4580,REV20942
ORD10943,2,120,13/08/2024,Cancelled,Credit Card,PROD104,CUST2596,REV20943
ORD10944,4,120,18/10/2024,Delivered,PayPal,PROD104,CUST2656,REV20944
ORD10945,3,899,23/06/2025,Delivered,Credit Card,PROD101,CUST3471,REV20945
ORD10946,1,120,2/06/2024,Returned,PayPal,PROD104,CUST5491,REV20946
ORD10947,5,59,22/07/2024,Cancelled,Cash on Delivery,PROD103,CUST4909,REV20947
ORD10948,3,99,20/10/2022,Returned,PayPal,PROD106,CUST5548,REV20948
ORD10949,3,899,9/09/2024,Delivered,Cash on Delivery,PROD101,CUST4995,REV20949
ORD10950,1,199,18/08/2024,Shipped,Cash on Delivery,PROD112,CUST1957,REV20950
ORD10951,5,199,14/01/2023,Shipped,Credit Card,PROD102,CUST4186,REV20951
ORD10952,2,149,17/01/2023,Pending,PayPal,PROD113,CUST1532,REV20952
ORD10953,4,229,11/05/2023,Pending,Cash on Delivery,PROD108,CUST5948,REV20953
ORD10954,2,999,7/12/2024,Delivered,PayPal,PROD100,CUST3970,REV20954
ORD10955,5,80,21/11/2023,Shipped,PayPal,PROD110,CUST5736,REV20955
ORD10956,5,149,2/05/2025,Returned,Cash on Delivery,PROD113,CUST4261,REV20956
ORD10957,5,59,24/09/2022,Pending,Cash on Delivery,PROD111,CUST5128,REV20957
ORD10958,5,149,1/02/2023,Cancelled,Credit Card,PROD113,CUST2050,REV20958
ORD10959,4,149,4/07/2025,Cancelled,PayPal,PROD113,CUST1400,REV20959
ORD10960,5,59,8/02/2025,Cancelled,Cash on Delivery,PROD103,CUST4885,REV20960
ORD10961,2,129,7/06/2023,Shipped,PayPal,PROD109,CUST3946,REV20961
ORD10962,3,110,20/10/2024,Cancelled,Cash on Delivery,PROD105,CUST5180,REV20962
ORD10963,1,899,27/05/2025,Delivered,Cash on Delivery,PROD101,CUST1608,REV20963
ORD10964,5,229,11/02/2024,Shipped,Credit Card,PROD108,CUST2923,REV20964
ORD10965,5,120,9/02/2024,Shipped,Credit Card,PROD104,CUST5043,REV20965
ORD10966,5,229,19/04/2025,Shipped,PayPal,PROD108,CUST1108,REV20966
ORD10967,1,399,13/10/2023,Returned,Credit Card,PROD107,CUST2715,REV20967
ORD10968,2,199,5/10/2023,Shipped,Cash on Delivery,PROD102,CUST1439,REV20968
ORD10969,3,149,21/07/2024,Shipped,PayPal,PROD113,CUST4728,REV20969
ORD10970,4,899,13/11/2022,Pending,Credit Card,PROD101,CUST4857,REV20970
ORD10971,4,80,6/07/2024,Delivered,PayPal,PROD110,CUST5982,REV20971
ORD10972,3,199,10/06/2024,Cancelled,Credit Card,PROD102,CUST5979,REV20972
ORD10973,4,80,19/09/2022,Pending,Cash on Delivery,PROD110,CUST3660,REV20973
ORD10974,5,59,15/11/2022,Pending,Cash on Delivery,PROD103,CUST3873,REV20974
ORD10975,4,229,23/09/2022,Returned,Credit Card,PROD108,CUST1117,REV20975
ORD10976,5,149,21/09/2023,Delivered,Cash on Delivery,PROD113,CUST1209,REV20976
ORD10977,1,399,27/07/2023,Returned,PayPal,PROD107,CUST2974,REV20977
ORD10978,1,999,24/05/2023,Delivered,Cash on Delivery,PROD100,CUST1400,REV20978
ORD10979,4,199,13/03/2023,Delivered,Credit Card,PROD112,CUST4931,REV20979
ORD10980,4,25,16/09/2024,Delivered,PayPal,PROD114,CUST2133,REV20980
ORD10981,5,110,22/09/2023,Pending,Credit Card,PROD105,CUST1543,REV20981
ORD10982,5,899,7/12/2022,Pending,Cash on Delivery,PROD101,CUST1165,REV20982
ORD10983,5,999,4/10/2023,Shipped,Cash on Delivery,PROD100,CUST2341,REV20983
ORD10984,1,149,15/12/2023,Delivered,Credit Card,PROD113,CUST4121,REV20984
ORD10985,5,59,22/11/2022,Cancelled,PayPal,PROD103,CUST3926,REV20985
ORD10986,5,199,15/01/2023,Delivered,Credit Card,PROD102,CUST5739,REV20986
ORD10987,4,199,28/03/2024,Shipped,Credit Card,PROD112,CUST4507,REV20987
ORD10988,3,110,13/06/2025,Pending,Credit Card,PROD105,CUST5821,REV20988
ORD10989,1,399,24/08/2024,Pending,Credit Card,PROD107,CUST4445,REV20989
ORD10990,5,110,13/08/2023,Delivered,PayPal,PROD105,CUST4041,REV20990
ORD10991,1,149,3/11/2024,Returned,PayPal,PROD113,CUST4091,REV20991
ORD10992,2,229,12/03/2023,Pending,Cash on Delivery,PROD108,CUST4905,REV20992
ORD10993,4,149,4/05/2025,Cancelled,PayPal,PROD113,CUST4284,REV20993
ORD10994,3,59,15/11/2024,Delivered,Credit Card,PROD111,CUST4052,REV20994
ORD10995,1,399,10/02/2025,Pending,Credit Card,PROD107,CUST2033,REV20995
ORD10996,4,149,20/10/2024,Cancelled,Cash on Delivery,PROD113,CUST2812,REV20996
ORD10997,2,149,23/09/2023,Returned,Credit Card,PROD113,CUST2694,REV20997
ORD10998,3,59,6/05/2025,Returned,Credit Card,PROD111,CUST2413,REV20998
ORD10999,3,59,5/02/2025,Shipped,Cash on Delivery,PROD103,CUST1215,REV20999
ORD11000,5,399,15/05/2023,Shipped,PayPal,PROD107,CUST5212,REV21000
ORD11001,3,59,21/07/2025,Pending,PayPal,PROD103,CUST4954,REV21001
ORD11002,5,199,31/07/2023,Shipped,Credit Card,PROD112,CUST4311,REV21002
ORD11003,1,110,19/08/2023,Delivered,PayPal,PROD105,CUST2827,REV21003
ORD11004,3,99,20/12/2024,Cancelled,PayPal,PROD106,CUST5601,REV21004
ORD11005,2,120,18/02/2024,Cancelled,Credit Card,PROD104,CUST1530,REV21005
ORD11006,1,99,29/12/2024,Cancelled,Credit Card,PROD106,CUST5804,REV21006
ORD11007,5,199,27/08/2024,Pending,PayPal,PROD102,CUST3087,REV21007
ORD11008,1,120,12/01/2025,Pending,PayPal,PROD104,CUST4918,REV21008
ORD11009,2,199,12/01/2023,Returned,PayPal,PROD102,CUST5781,REV21009
ORD11010,5,25,1/04/2024,Delivered,PayPal,PROD114,CUST4595,REV21010
ORD11011,5,899,14/04/2023,Pending,Cash on Delivery,PROD101,CUST3282,REV21011
ORD11012,2,59,20/11/2023,Shipped,Credit Card,PROD103,CUST4948,REV21012
ORD11013,5,199,3/11/2022,Delivered,Cash on Delivery,PROD102,CUST2805,REV21013
ORD11014,5,59,16/02/2024,Returned,Credit Card,PROD103,CUST2348,REV21014
ORD11015,5,129,28/12/2022,Delivered,Credit Card,PROD109,CUST1014,REV21015
ORD11016,5,129,26/04/2024,Returned,PayPal,PROD109,CUST2335,REV21016
ORD11017,3,120,9/04/2024,Delivered,Credit Card,PROD104,CUST3199,REV21017
ORD11018,2,999,2/11/2024,Delivered,PayPal,PROD100,CUST1668,REV21018
ORD11019,5,999,5/11/2022,Cancelled,PayPal,PROD100,CUST4862,REV21019
ORD11020,1,899,12/08/2024,Cancelled,Cash on Delivery,PROD101,CUST4392,REV21020
ORD11021,3,59,17/07/2024,Shipped,PayPal,PROD103,CUST5464,REV21021
ORD11022,3,80,12/04/2023,Returned,Cash on Delivery,PROD110,CUST3473,REV21022
ORD11023,5,229,28/08/2023,Delivered,Credit Card,PROD108,CUST4656,REV21023
ORD11024,5,199,3/03/2023,Returned,Cash on Delivery,PROD102,CUST4245,REV21024
ORD11025,3,110,16/12/2022,Returned,Credit Card,PROD105,CUST5012,REV21025
ORD11026,2,120,4/03/2025,Delivered,Cash on Delivery,PROD104,CUST3262,REV21026
ORD11027,3,199,18/11/2022,Delivered,Credit Card,PROD102,CUST1846,REV21027
ORD11028,1,59,25/11/2023,Delivered,PayPal,PROD111,CUST3453,REV21028
ORD11029,5,129,10/09/2022,Pending,PayPal,PROD109,CUST3759,REV21029
ORD11030,5,999,3/05/2023,Pending,PayPal,PROD100,CUST3612,REV21030
ORD11031,3,899,4/11/2023,Cancelled,Credit Card,PROD101,CUST4637,REV21031
ORD11032,1,999,28/11/2024,Pending,Cash on Delivery,PROD100,CUST4656,REV21032
ORD11033,5,80,25/06/2024,Shipped,Cash on Delivery,PROD110,CUST5130,REV21033
ORD11034,3,149,20/11/2024,Pending,Cash on Delivery,PROD113,CUST2792,REV21034
ORD11035,5,999,16/03/2023,Delivered,PayPal,PROD100,CUST5754,REV21035
ORD11036,4,199,10/08/2025,Cancelled,Credit Card,PROD112,CUST2483,REV21036
ORD11037,2,149,1/07/2024,Pending,Cash on Delivery,PROD113,CUST2045,REV21037
ORD11038,1,25,9/01/2023,Pending,Credit Card,PROD114,CUST4471,REV21038
ORD11039,5,129,12/10/2023,Shipped,PayPal,PROD109,CUST4459,REV21039
ORD11040,3,399,22/06/2024,Shipped,PayPal,PROD107,CUST3259,REV21040
ORD11041,3,59,22/01/2023,Pending,Credit Card,PROD111,CUST1391,REV21041
ORD11042,1,899,8/04/2024,Delivered,Credit Card,PROD101,CUST1591,REV21042
ORD11043,5,25,13/10/2022,Pending,Credit Card,PROD114,CUST3122,REV21043
ORD11044,5,229,19/11/2024,Shipped,Credit Card,PROD108,CUST4211,REV21044
ORD11045,3,199,9/11/2024,Pending,PayPal,PROD112,CUST2451,REV21045
ORD11046,3,149,16/06/2025,Delivered,Cash on Delivery,PROD113,CUST4906,REV21046
ORD11047,5,80,2/10/2024,Shipped,Credit Card,PROD110,CUST2354,REV21047
ORD11048,2,199,25/11/2022,Cancelled,Credit Card,PROD102,CUST3840,REV21048
ORD11049,2,899,20/03/2023,Cancelled,Credit Card,PROD101,CUST1291,REV21049
ORD11050,5,59,29/03/2023,Pending,Credit Card,PROD111,CUST5672,REV21050
ORD11051,4,199,28/05/2023,Delivered,Cash on Delivery,PROD112,CUST4180,REV21051
ORD11052,5,59,7/04/2025,Pending,PayPal,PROD111,CUST2674,REV21052
ORD11053,1,399,13/01/2023,Pending,Cash on Delivery,PROD107,CUST4199,REV21053
ORD11054,1,399,18/10/2022,Returned,PayPal,PROD107,CUST4471,REV21054
ORD11055,1,199,6/06/2024,Delivered,Cash on Delivery,PROD102,CUST2819,REV21055
ORD11056,1,199,20/10/2023,Shipped,Credit Card,PROD102,CUST4574,REV21056
ORD11057,1,99,17/10/2024,Delivered,Credit Card,PROD106,CUST3740,REV21057
ORD11058,5,399,9/07/2024,Shipped,Credit Card,PROD107,CUST1349,REV21058
ORD11059,5,999,5/04/2024,Returned,Credit Card,PROD100,CUST5565,REV21059
ORD11060,1,120,23/07/2024,Delivered,Cash on Delivery,PROD104,CUST3107,REV21060
ORD11061,3,110,1/01/2024,Shipped,PayPal,PROD105,CUST5208,REV21061
ORD11062,1,120,15/12/2024,Returned,Credit Card,PROD104,CUST4415,REV21062
ORD11063,5,99,10/07/2024,Pending,Cash on Delivery,PROD106,CUST3716,REV21063
ORD11064,2,80,5/09/2024,Delivered,PayPal,PROD110,CUST5126,REV21064
ORD11065,5,229,18/03/2024,Pending,Credit Card,PROD108,CUST4132,REV21065
ORD11066,3,999,26/05/2023,Shipped,Cash on Delivery,PROD100,CUST5872,REV21066
ORD11067,4,999,27/04/2024,Cancelled,Credit Card,PROD100,CUST3230,REV21067
ORD11068,2,399,19/11/2023,Shipped,Credit Card,PROD107,CUST3410,REV21068
ORD11069,2,129,2/06/2024,Pending,Credit Card,PROD109,CUST1882,REV21069
ORD11070,3,120,22/06/2024,Cancelled,Cash on Delivery,PROD104,CUST1118,REV21070
ORD11071,2,59,24/01/2024,Delivered,Credit Card,PROD103,CUST2429,REV21071
ORD11072,5,99,27/03/2024,Returned,Credit Card,PROD106,CUST2410,REV21072
ORD11073,5,399,11/06/2023,Shipped,Cash on Delivery,PROD107,CUST1104,REV21073
ORD11074,1,149,24/08/2024,Cancelled,PayPal,PROD113,CUST3105,REV21074
ORD11075,3,120,30/09/2023,Returned,Credit Card,PROD104,CUST4728,REV21075
ORD11076,5,199,18/07/2024,Returned,Credit Card,PROD102,CUST5756,REV21076
ORD11077,2,80,28/09/2024,Shipped,Cash on Delivery,PROD110,CUST5720,REV21077
ORD11078,1,80,17/12/2022,Pending,Cash on Delivery,PROD110,CUST2715,REV21078
ORD11079,2,120,5/06/2023,Pending,PayPal,PROD104,CUST4610,REV21079
ORD11080,5,110,2/12/2023,Cancelled,Cash on Delivery,PROD105,CUST2979,REV21080
ORD11081,2,129,3/03/2023,Pending,Cash on Delivery,PROD109,CUST1656,REV21081
ORD11082,5,399,31/01/2025,Pending,PayPal,PROD107,CUST1882,REV21082
ORD11083,1,59,28/10/2023,Delivered,Cash on Delivery,PROD111,CUST1343,REV21083
ORD11084,4,199,21/04/2024,Shipped,Cash on Delivery,PROD102,CUST1453,REV21084
ORD11085,2,99,31/12/2024,Delivered,Cash on Delivery,PROD106,CUST5548,REV21085
ORD11086,5,99,14/03/2024,Shipped,Cash on Delivery,PROD106,CUST2871,REV21086
ORD11087,1,129,21/04/2025,Returned,Credit Card,PROD109,CUST5748,REV21087
ORD11088,1,399,13/08/2024,Pending,PayPal,PROD107,CUST5126,REV21088
ORD11089,3,80,20/01/2023,Cancelled,Credit Card,PROD110,CUST1448,REV21089
ORD11090,5,999,28/07/2024,Delivered,Cash on Delivery,PROD100,CUST2149,REV21090
ORD11091,2,149,29/07/2023,Returned,Credit Card,PROD113,CUST5253,REV21091
ORD11092,5,59,17/12/2024,Shipped,Credit Card,PROD111,CUST4219,REV21092
ORD11093,5,899,14/07/2025,Delivered,Credit Card,PROD101,CUST2067,REV21093
ORD11094,3,59,17/06/2025,Shipped,PayPal,PROD111,CUST4016,REV21094
ORD11095,3,25,13/05/2024,Delivered,Cash on Delivery,PROD114,CUST2061,REV21095
ORD11096,5,110,27/12/2023,Returned,PayPal,PROD105,CUST2699,REV21096
ORD11097,3,129,19/04/2025,Pending,PayPal,PROD109,CUST1050,REV21097
ORD11098,4,999,25/04/2023,Delivered,PayPal,PROD100,CUST3174,REV21098
ORD11099,4,199,23/12/2023,Returned,Cash on Delivery,PROD102,CUST3099,REV21099
ORD11100,3,59,5/02/2023,Shipped,Credit Card,PROD111,CUST1760,REV21100
ORD11101,5,99,13/03/2023,Pending,Credit Card,PROD106,CUST4079,REV21101
ORD11102,4,25,19/10/2022,Cancelled,PayPal,PROD114,CUST1606,REV21102
ORD11103,5,110,5/10/2024,Pending,Credit Card,PROD105,CUST3179,REV21103
ORD11104,4,120,14/01/2025,Cancelled,PayPal,PROD104,CUST3024,REV21104
ORD11105,4,59,26/03/2025,Pending,Cash on Delivery,PROD103,CUST2199,REV21105
ORD11106,3,149,8/04/2024,Shipped,Credit Card,PROD113,CUST3421,REV21106
ORD11107,2,399,9/08/2025,Cancelled,Cash on Delivery,PROD107,CUST2223,REV21107
ORD11108,4,149,20/03/2024,Delivered,PayPal,PROD113,CUST2630,REV21108
ORD11109,1,59,8/05/2025,Pending,Cash on Delivery,PROD103,CUST4104,REV21109
ORD11110,1,129,7/09/2023,Returned,PayPal,PROD109,CUST4253,REV21110
ORD11111,4,129,23/10/2024,Pending,Credit Card,PROD109,CUST1230,REV21111
ORD11112,3,399,28/02/2025,Delivered,Credit Card,PROD107,CUST1384,REV21112
ORD11113,2,99,7/01/2024,Pending,PayPal,PROD106,CUST1282,REV21113
ORD11114,5,25,31/10/2022,Pending,Cash on Delivery,PROD114,CUST3770,REV21114
ORD11115,1,199,11/12/2023,Pending,Credit Card,PROD112,CUST1210,REV21115
ORD11116,5,59,24/07/2025,Shipped,PayPal,PROD103,CUST4090,REV21116
ORD11117,3,399,27/11/2023,Cancelled,PayPal,PROD107,CUST3897,REV21117
ORD11118,2,110,1/06/2023,Cancelled,Credit Card,PROD105,CUST4718,REV21118
ORD11119,1,899,22/08/2023,Delivered,Credit Card,PROD101,CUST5540,REV21119
ORD11120,1,25,30/09/2023,Cancelled,Cash on Delivery,PROD114,CUST2538,REV21120
ORD11121,5,199,9/07/2023,Shipped,Cash on Delivery,PROD112,CUST2208,REV21121
ORD11122,5,229,25/06/2024,Returned,Credit Card,PROD108,CUST5000,REV21122
ORD11123,1,229,20/09/2022,Cancelled,Credit Card,PROD108,CUST4148,REV21123
ORD11124,3,129,22/06/2023,Pending,Cash on Delivery,PROD109,CUST5600,REV21124
ORD11125,3,899,14/04/2024,Delivered,Cash on Delivery,PROD101,CUST2880,REV21125
ORD11126,3,80,29/09/2022,Shipped,Credit Card,PROD110,CUST4380,REV21126
ORD11127,4,59,14/11/2024,Shipped,Credit Card,PROD111,CUST3879,REV21127
ORD11128,1,25,7/08/2024,Returned,Credit Card,PROD114,CUST3572,REV21128
ORD11129,1,229,26/09/2024,Cancelled,Credit Card,PROD108,CUST5868,REV21129
ORD11130,3,110,28/03/2023,Pending,Credit Card,PROD105,CUST1033,REV21130
ORD11131,4,25,7/03/2023,Shipped,Cash on Delivery,PROD114,CUST1260,REV21131
ORD11132,3,25,14/11/2024,Delivered,Cash on Delivery,PROD114,CUST2679,REV21132
ORD11133,5,129,21/11/2023,Returned,Cash on Delivery,PROD109,CUST5982,REV21133
ORD11134,2,110,9/06/2023,Returned,PayPal,PROD105,CUST5868,REV21134
ORD11135,4,59,13/05/2025,Pending,Credit Card,PROD111,CUST3442,REV21135
ORD11136,3,59,10/12/2022,Shipped,PayPal,PROD103,CUST4150,REV21136
ORD11137,1,110,21/07/2025,Shipped,PayPal,PROD105,CUST1522,REV21137
ORD11138,4,899,20/03/2024,Delivered,PayPal,PROD101,CUST4602,REV21138
ORD11139,5,199,8/02/2025,Delivered,Cash on Delivery,PROD112,CUST2329,REV21139
ORD11140,4,199,26/12/2023,Pending,Cash on Delivery,PROD112,CUST3917,REV21140
ORD11141,1,999,8/07/2025,Shipped,Cash on Delivery,PROD100,CUST1827,REV21141
ORD11142,4,999,3/01/2025,Returned,Credit Card,PROD100,CUST1079,REV21142
ORD11143,1,999,5/12/2024,Returned,PayPal,PROD100,CUST2937,REV21143
ORD11144,3,199,16/12/2022,Shipped,Cash on Delivery,PROD102,CUST4379,REV21144
ORD11145,1,59,14/01/2023,Cancelled,PayPal,PROD103,CUST2444,REV21145
ORD11146,4,80,13/12/2024,Delivered,Cash on Delivery,PROD110,CUST2416,REV21146
ORD11147,2,80,19/04/2023,Cancelled,PayPal,PROD110,CUST5359,REV21147
ORD11148,2,80,30/11/2023,Pending,Credit Card,PROD110,CUST3078,REV21148
ORD11149,2,80,31/03/2023,Delivered,PayPal,PROD110,CUST5741,REV21149
ORD11150,5,229,20/12/2024,Shipped,Credit Card,PROD108,CUST4131,REV21150
ORD11151,3,149,9/11/2023,Cancelled,Credit Card,PROD113,CUST5055,REV21151
ORD11152,3,59,17/12/2023,Cancelled,Cash on Delivery,PROD111,CUST5404,REV21152
ORD11153,2,59,8/08/2023,Pending,Cash on Delivery,PROD111,CUST5412,REV21153
ORD11154,4,59,19/11/2022,Delivered,Cash on Delivery,PROD103,CUST4960,REV21154
ORD11155,3,399,18/07/2025,Returned,Credit Card,PROD107,CUST4158,REV21155
ORD11156,3,399,15/07/2023,Delivered,PayPal,PROD107,CUST5708,REV21156
ORD11157,2,399,29/12/2023,Shipped,Credit Card,PROD107,CUST5300,REV21157
ORD11158,3,80,7/12/2024,Cancelled,Credit Card,PROD110,CUST3152,REV21158
ORD11159,4,80,13/05/2024,Cancelled,Credit Card,PROD110,CUST4459,REV21159
ORD11160,3,129,30/01/2024,Shipped,Cash on Delivery,PROD109,CUST1614,REV21160
ORD11161,3,25,21/03/2024,Cancelled,PayPal,PROD114,CUST5893,REV21161
ORD11162,5,80,4/07/2025,Cancelled,PayPal,PROD110,CUST4495,REV21162
ORD11163,4,149,24/01/2023,Shipped,Credit Card,PROD113,CUST3737,REV21163
ORD11164,3,120,15/09/2023,Pending,PayPal,PROD104,CUST4214,REV21164
ORD11165,1,199,3/10/2024,Cancelled,Cash on Delivery,PROD112,CUST3138,REV21165
ORD11166,3,99,18/08/2024,Cancelled,Credit Card,PROD106,CUST3465,REV21166
ORD11167,5,59,25/09/2023,Pending,Credit Card,PROD103,CUST1125,REV21167
ORD11168,2,229,5/02/2025,Pending,Credit Card,PROD108,CUST3958,REV21168
ORD11169,4,59,2/05/2025,Delivered,Credit Card,PROD103,CUST1307,REV21169
ORD11170,1,229,16/06/2025,Delivered,Credit Card,PROD108,CUST3689,REV21170
ORD11171,4,199,12/09/2024,Returned,PayPal,PROD102,CUST5817,REV21171
ORD11172,5,229,11/12/2023,Cancelled,Credit Card,PROD108,CUST1050,REV21172
ORD11173,2,229,19/06/2025,Pending,Credit Card,PROD108,CUST4509,REV21173
ORD11174,4,59,13/05/2025,Pending,PayPal,PROD111,CUST1696,REV21174
ORD11175,2,399,15/07/2025,Returned,Cash on Delivery,PROD107,CUST5413,REV21175
ORD11176,2,199,22/08/2024,Returned,PayPal,PROD112,CUST1193,REV21176
ORD11177,2,80,31/01/2023,Shipped,Cash on Delivery,PROD110,CUST5262,REV21177
ORD11178,2,59,7/03/2024,Returned,Cash on Delivery,PROD103,CUST4635,REV21178
ORD11179,1,899,20/09/2022,Cancelled,Credit Card,PROD101,CUST5922,REV21179
ORD11180,4,149,25/04/2025,Cancelled,Credit Card,PROD113,CUST5635,REV21180
ORD11181,3,110,4/02/2025,Cancelled,PayPal,PROD105,CUST3788,REV21181
ORD11182,5,110,9/08/2024,Cancelled,Credit Card,PROD105,CUST1944,REV21182
ORD11183,4,120,13/11/2023,Shipped,Credit Card,PROD104,CUST4335,REV21183
ORD11184,4,229,23/09/2023,Pending,Credit Card,PROD108,CUST1332,REV21184
ORD11185,1,129,11/10/2022,Cancelled,PayPal,PROD109,CUST5489,REV21185
ORD11186,4,129,7/05/2025,Pending,Cash on Delivery,PROD109,CUST5226,REV21186
ORD11187,4,129,8/03/2024,Shipped,PayPal,PROD109,CUST1125,REV21187
ORD11188,2,999,23/08/2023,Shipped,Credit Card,PROD100,CUST5832,REV21188
ORD11189,1,199,31/10/2023,Returned,Cash on Delivery,PROD112,CUST5650,REV21189
ORD11190,5,199,6/01/2023,Shipped,Cash on Delivery,PROD112,CUST3711,REV21190
ORD11191,5,120,29/08/2024,Pending,PayPal,PROD104,CUST1690,REV21191
ORD11192,4,999,10/04/2024,Returned,Cash on Delivery,PROD100,CUST3877,REV21192
ORD11193,1,199,10/11/2022,Cancelled,PayPal,PROD102,CUST2523,REV21193
ORD11194,5,59,12/11/2022,Shipped,PayPal,PROD103,CUST5060,REV21194
ORD11195,2,229,23/06/2024,Pending,Credit Card,PROD108,CUST5165,REV21195
ORD11196,5,110,13/04/2023,Delivered,PayPal,PROD105,CUST3452,REV21196
ORD11197,1,25,9/06/2023,Cancelled,Credit Card,PROD114,CUST1461,REV21197
ORD11198,1,80,5/11/2024,Returned,Cash on Delivery,PROD110,CUST4568,REV21198
ORD11199,4,199,24/11/2023,Cancelled,Credit Card,PROD102,CUST3703,REV21199
ORD11200,3,199,3/07/2025,Returned,PayPal,PROD112,CUST5740,REV21200
ORD11201,5,229,3/06/2025,Pending,Credit Card,PROD108,CUST2807,REV21201
ORD11202,4,149,13/11/2024,Returned,Credit Card,PROD113,CUST1068,REV21202
ORD11203,5,99,24/12/2022,Cancelled,Credit Card,PROD106,CUST2356,REV21203
ORD11204,3,399,15/02/2025,Shipped,Cash on Delivery,PROD107,CUST1143,REV21204
ORD11205,1,59,10/10/2024,Pending,Credit Card,PROD103,CUST4692,REV21205
ORD11206,2,899,4/03/2023,Returned,PayPal,PROD101,CUST1216,REV21206
ORD11207,4,399,28/12/2024,Delivered,Credit Card,PROD107,CUST2613,REV21207
ORD11208,5,129,12/02/2025,Shipped,PayPal,PROD109,CUST5750,REV21208
ORD11209,5,899,22/06/2023,Delivered,Credit Card,PROD101,CUST4551,REV21209
ORD11210,1,149,12/06/2025,Cancelled,Cash on Delivery,PROD113,CUST3299,REV21210
ORD11211,4,59,31/12/2024,Shipped,PayPal,PROD103,CUST5603,REV21211
ORD11212,3,999,23/06/2024,Pending,Credit Card,PROD100,CUST5952,REV21212
ORD11213,2,899,18/12/2024,Cancelled,PayPal,PROD101,CUST2661,REV21213
ORD11214,5,999,30/05/2024,Returned,Credit Card,PROD100,CUST4676,REV21214
ORD11215,1,80,28/09/2022,Cancelled,Credit Card,PROD110,CUST5200,REV21215
ORD11216,2,149,17/05/2023,Returned,PayPal,PROD113,CUST3761,REV21216
ORD11217,4,899,15/12/2023,Delivered,Credit Card,PROD101,CUST2010,REV21217
ORD11218,2,399,23/06/2025,Returned,Cash on Delivery,PROD107,CUST3817,REV21218
ORD11219,3,199,3/08/2023,Shipped,PayPal,PROD112,CUST4383,REV21219
ORD11220,4,110,29/06/2025,Pending,Cash on Delivery,PROD105,CUST5774,REV21220
ORD11221,1,899,1/04/2025,Returned,PayPal,PROD101,CUST1921,REV21221
ORD11222,4,199,23/12/2023,Shipped,Cash on Delivery,PROD102,CUST3552,REV21222
ORD11223,5,59,10/01/2025,Shipped,Cash on Delivery,PROD111,CUST2128,REV21223
ORD11224,4,199,24/03/2023,Cancelled,Cash on Delivery,PROD112,CUST5017,REV21224
ORD11225,3,110,20/06/2024,Returned,PayPal,PROD105,CUST4076,REV21225
ORD11226,4,399,26/04/2024,Pending,Credit Card,PROD107,CUST1351,REV21226
ORD11227,1,129,20/07/2025,Shipped,Credit Card,PROD109,CUST4911,REV21227
ORD11228,1,129,21/02/2025,Cancelled,PayPal,PROD109,CUST5790,REV21228
ORD11229,1,110,17/03/2024,Pending,PayPal,PROD105,CUST5165,REV21229
ORD11230,5,899,17/02/2024,Delivered,PayPal,PROD101,CUST4259,REV21230
ORD11231,3,25,25/12/2022,Pending,PayPal,PROD114,CUST4688,REV21231
ORD11232,3,110,17/03/2023,Shipped,Cash on Delivery,PROD105,CUST1196,REV21232
ORD11233,3,229,12/04/2025,Shipped,Cash on Delivery,PROD108,CUST1739,REV21233
ORD11234,5,149,25/06/2025,Shipped,Cash on Delivery,PROD113,CUST5473,REV21234
ORD11235,1,199,6/06/2024,Shipped,Cash on Delivery,PROD102,CUST1268,REV21235
ORD11236,3,149,13/02/2025,Delivered,PayPal,PROD113,CUST2778,REV21236
ORD11237,2,129,2/09/2022,Cancelled,Cash on Delivery,PROD109,CUST3180,REV21237
ORD11238,4,59,13/12/2022,Shipped,PayPal,PROD111,CUST2192,REV21238
ORD11239,5,199,27/05/2023,Shipped,Cash on Delivery,PROD112,CUST2119,REV21239
ORD11240,5,120,12/03/2024,Shipped,PayPal,PROD104,CUST4188,REV21240
ORD11241,3,59,5/04/2025,Cancelled,PayPal,PROD111,CUST2352,REV21241
ORD11242,4,999,13/02/2025,Returned,PayPal,PROD100,CUST2947,REV21242
ORD11243,4,59,6/09/2022,Delivered,Cash on Delivery,PROD111,CUST1555,REV21243
ORD11244,5,399,3/05/2025,Pending,Credit Card,PROD107,CUST4484,REV21244
ORD11245,3,999,22/08/2023,Shipped,PayPal,PROD100,CUST5093,REV21245
ORD11246,2,110,23/03/2023,Cancelled,PayPal,PROD105,CUST2919,REV21246
ORD11247,4,129,29/12/2023,Pending,Credit Card,PROD109,CUST2133,REV21247
ORD11248,3,129,20/03/2023,Returned,PayPal,PROD109,CUST5217,REV21248
ORD11249,4,80,12/09/2024,Returned,Cash on Delivery,PROD110,CUST5802,REV21249
ORD11250,2,149,9/07/2025,Pending,Cash on Delivery,PROD113,CUST4344,REV21250
ORD11251,4,59,16/06/2023,Delivered,PayPal,PROD103,CUST5979,REV21251
ORD11252,4,110,31/07/2025,Pending,Cash on Delivery,PROD105,CUST3414,REV21252
ORD11253,3,99,24/06/2025,Cancelled,Cash on Delivery,PROD106,CUST3562,REV21253
ORD11254,2,80,21/05/2024,Cancelled,Cash on Delivery,PROD110,CUST3507,REV21254
ORD11255,5,149,9/02/2023,Cancelled,Cash on Delivery,PROD113,CUST4201,REV21255
ORD11256,5,199,15/07/2023,Delivered,PayPal,PROD112,CUST3331,REV21256
ORD11257,5,120,17/02/2025,Pending,Credit Card,PROD104,CUST5991,REV21257
ORD11258,5,229,21/08/2025,Delivered,Credit Card,PROD108,CUST4561,REV21258
ORD11259,4,199,18/07/2024,Pending,PayPal,PROD112,CUST3868,REV21259
ORD11260,2,80,17/09/2023,Returned,PayPal,PROD110,CUST4634,REV21260
ORD11261,2,129,22/09/2022,Cancelled,PayPal,PROD109,CUST4670,REV21261
ORD11262,4,149,17/03/2024,Returned,Credit Card,PROD113,CUST4724,REV21262
ORD11263,4,999,20/09/2022,Delivered,Credit Card,PROD100,CUST5079,REV21263
ORD11264,3,99,1/01/2025,Delivered,Cash on Delivery,PROD106,CUST4590,REV21264
ORD11265,5,80,6/09/2024,Returned,PayPal,PROD110,CUST2758,REV21265
ORD11266,1,899,17/01/2024,Shipped,PayPal,PROD101,CUST3933,REV21266
ORD11267,5,199,22/10/2024,Pending,Cash on Delivery,PROD112,CUST3210,REV21267
ORD11268,2,59,25/03/2025,Cancelled,Credit Card,PROD103,CUST4130,REV21268
ORD11269,2,99,6/11/2022,Delivered,Credit Card,PROD106,CUST2892,REV21269
ORD11270,1,99,25/06/2025,Returned,Credit Card,PROD106,CUST2473,REV21270
ORD11271,4,120,20/09/2024,Returned,Credit Card,PROD104,CUST2311,REV21271
ORD11272,1,149,13/01/2025,Shipped,Cash on Delivery,PROD113,CUST5636,REV21272
ORD11273,2,120,28/02/2023,Shipped,PayPal,PROD104,CUST4954,REV21273
ORD11274,1,199,18/12/2023,Shipped,Credit Card,PROD102,CUST1137,REV21274
ORD11275,3,80,17/03/2023,Returned,Cash on Delivery,PROD110,CUST2620,REV21275
ORD11276,1,899,7/04/2023,Returned,Credit Card,PROD101,CUST1164,REV21276
ORD11277,3,199,21/11/2023,Delivered,PayPal,PROD102,CUST2341,REV21277
ORD11278,2,25,20/07/2025,Cancelled,Cash on Delivery,PROD114,CUST4326,REV21278
ORD11279,2,25,15/07/2024,Returned,Credit Card,PROD114,CUST2434,REV21279
ORD11280,2,99,11/12/2022,Cancelled,Credit Card,PROD106,CUST5196,REV21280
ORD11281,3,899,30/11/2023,Returned,Credit Card,PROD101,CUST3320,REV21281
ORD11282,5,199,22/09/2022,Pending,Credit Card,PROD112,CUST3314,REV21282
ORD11283,3,229,15/04/2025,Delivered,Credit Card,PROD108,CUST3566,REV21283
ORD11284,3,199,7/10/2024,Shipped,Credit Card,PROD112,CUST4977,REV21284
ORD11285,3,129,25/08/2023,Returned,PayPal,PROD109,CUST2614,REV21285
ORD11286,5,999,28/07/2025,Pending,PayPal,PROD100,CUST2963,REV21286
ORD11287,2,999,1/03/2024,Returned,Cash on Delivery,PROD100,CUST4665,REV21287
ORD11288,2,99,1/01/2025,Delivered,Cash on Delivery,PROD106,CUST2452,REV21288
ORD11289,2,229,20/08/2024,Delivered,Cash on Delivery,PROD108,CUST2861,REV21289
ORD11290,2,129,2/04/2025,Cancelled,Credit Card,PROD109,CUST5161,REV21290
ORD11291,3,399,20/07/2025,Delivered,PayPal,PROD107,CUST4506,REV21291
ORD11292,1,229,1/01/2023,Delivered,PayPal,PROD108,CUST5994,REV21292
ORD11293,5,80,25/11/2023,Cancelled,Credit Card,PROD110,CUST1666,REV21293
ORD11294,5,229,8/09/2023,Shipped,Cash on Delivery,PROD108,CUST5500,REV21294
ORD11295,4,110,14/01/2025,Returned,PayPal,PROD105,CUST1322,REV21295
ORD11296,5,59,22/08/2023,Pending,PayPal,PROD103,CUST4246,REV21296
ORD11297,1,99,11/06/2023,Delivered,Cash on Delivery,PROD106,CUST3726,REV21297
ORD11298,2,229,26/06/2024,Cancelled,PayPal,PROD108,CUST5156,REV21298
ORD11299,4,399,15/05/2023,Delivered,Credit Card,PROD107,CUST1704,REV21299
ORD11300,5,199,4/01/2023,Returned,PayPal,PROD102,CUST4860,REV21300
ORD11301,5,199,22/05/2025,Returned,Cash on Delivery,PROD112,CUST1309,REV21301
ORD11302,1,80,27/09/2023,Shipped,Credit Card,PROD110,CUST3684,REV21302
ORD11303,5,25,23/10/2022,Delivered,Cash on Delivery,PROD114,CUST4467,REV21303
ORD11304,5,99,18/04/2025,Pending,Cash on Delivery,PROD106,CUST1659,REV21304
ORD11305,1,129,4/10/2023,Cancelled,Credit Card,PROD109,CUST4847,REV21305
ORD11306,4,80,23/09/2024,Returned,Cash on Delivery,PROD110,CUST2375,REV21306
ORD11307,4,59,11/04/2025,Cancelled,Cash on Delivery,PROD103,CUST1358,REV21307
ORD11308,3,229,8/11/2023,Returned,Credit Card,PROD108,CUST2685,REV21308
ORD11309,3,399,4/05/2023,Delivered,Cash on Delivery,PROD107,CUST2393,REV21309
ORD11310,4,899,8/03/2023,Cancelled,PayPal,PROD101,CUST5705,REV21310
ORD11311,2,999,13/04/2024,Cancelled,Cash on Delivery,PROD100,CUST2069,REV21311
ORD11312,3,129,17/10/2024,Pending,PayPal,PROD109,CUST4655,REV21312
ORD11313,4,110,11/04/2025,Delivered,Cash on Delivery,PROD105,CUST4203,REV21313
ORD11314,4,199,6/04/2023,Pending,Credit Card,PROD102,CUST2241,REV21314
ORD11315,1,129,11/10/2023,Returned,Credit Card,PROD109,CUST4050,REV21315
ORD11316,5,80,30/08/2023,Shipped,PayPal,PROD110,CUST5885,REV21316
ORD11317,3,899,24/09/2024,Pending,Credit Card,PROD101,CUST5889,REV21317
ORD11318,4,110,15/10/2024,Pending,Cash on Delivery,PROD105,CUST5655,REV21318
ORD11319,4,110,10/06/2024,Pending,Cash on Delivery,PROD105,CUST2305,REV21319
ORD11320,3,25,11/11/2023,Returned,PayPal,PROD114,CUST3809,REV21320
ORD11321,3,59,5/10/2022,Shipped,Cash on Delivery,PROD111,CUST1886,REV21321
ORD11322,4,999,30/06/2023,Shipped,Credit Card,PROD100,CUST5430,REV21322
ORD11323,2,199,30/03/2024,Pending,PayPal,PROD112,CUST3121,REV21323
ORD11324,3,110,24/11/2022,Returned,PayPal,PROD105,CUST2548,REV21324
ORD11325,2,999,14/11/2024,Cancelled,Cash on Delivery,PROD100,CUST4040,REV21325
ORD11326,3,229,27/10/2024,Delivered,Credit Card,PROD108,CUST4999,REV21326
ORD11327,3,129,8/12/2023,Delivered,PayPal,PROD109,CUST2750,REV21327
ORD11328,4,199,31/12/2024,Delivered,Cash on Delivery,PROD112,CUST2160,REV21328
ORD11329,2,59,20/07/2024,Returned,Cash on Delivery,PROD103,CUST4607,REV21329
ORD11330,1,110,23/06/2024,Pending,PayPal,PROD105,CUST5880,REV21330
ORD11331,3,59,25/12/2024,Delivered,Credit Card,PROD111,CUST5422,REV21331
ORD11332,3,399,12/10/2022,Cancelled,Cash on Delivery,PROD107,CUST1674,REV21332
ORD11333,3,110,24/08/2023,Delivered,Cash on Delivery,PROD105,CUST2476,REV21333
ORD11334,3,399,17/03/2025,Cancelled,Cash on Delivery,PROD107,CUST3027,REV21334
ORD11335,5,99,1/09/2024,Shipped,Cash on Delivery,PROD106,CUST2684,REV21335
ORD11336,1,199,15/12/2023,Returned,Cash on Delivery,PROD112,CUST5035,REV21336
ORD11337,2,899,12/10/2023,Cancelled,PayPal,PROD101,CUST2429,REV21337
ORD11338,2,399,19/05/2023,Delivered,Credit Card,PROD107,CUST1793,REV21338
ORD11339,4,110,26/10/2024,Delivered,Cash on Delivery,PROD105,CUST3763,REV21339
ORD11340,3,59,26/10/2022,Pending,Cash on Delivery,PROD111,CUST4358,REV21340
ORD11341,3,129,5/04/2024,Delivered,PayPal,PROD109,CUST3731,REV21341
ORD11342,5,199,8/05/2023,Cancelled,Cash on Delivery,PROD102,CUST3479,REV21342
ORD11343,3,999,10/05/2025,Returned,PayPal,PROD100,CUST5937,REV21343
ORD11344,5,99,3/10/2024,Delivered,PayPal,PROD106,CUST2119,REV21344
ORD11345,1,25,15/02/2023,Returned,Credit Card,PROD114,CUST1624,REV21345
ORD11346,3,59,7/11/2022,Shipped,PayPal,PROD111,CUST5605,REV21346
ORD11347,3,149,21/02/2025,Shipped,Cash on Delivery,PROD113,CUST2234,REV21347
ORD11348,3,999,26/05/2023,Cancelled,Credit Card,PROD100,CUST3967,REV21348
ORD11349,2,110,22/01/2025,Pending,Credit Card,PROD105,CUST4718,REV21349
ORD11350,5,399,1/04/2023,Shipped,PayPal,PROD107,CUST5410,REV21350
ORD11351,3,129,21/07/2025,Cancelled,Cash on Delivery,PROD109,CUST2352,REV21351
ORD11352,3,999,5/11/2023,Cancelled,Credit Card,PROD100,CUST1355,REV21352
ORD11353,3,110,2/07/2024,Returned,Cash on Delivery,PROD105,CUST1631,REV21353
ORD11354,3,80,10/08/2024,Pending,Cash on Delivery,PROD110,CUST5606,REV21354
ORD11355,5,59,23/01/2024,Cancelled,PayPal,PROD111,CUST4647,REV21355
ORD11356,5,59,9/09/2023,Returned,Credit Card,PROD103,CUST3619,REV21356
ORD11357,2,899,26/04/2025,Cancelled,Cash on Delivery,PROD101,CUST1115,REV21357
ORD11358,4,149,4/01/2025,Returned,PayPal,PROD113,CUST1928,REV21358
ORD11359,2,899,9/12/2024,Cancelled,Cash on Delivery,PROD101,CUST2962,REV21359
ORD11360,5,399,24/08/2024,Shipped,Credit Card,PROD107,CUST3373,REV21360
ORD11361,3,199,17/02/2024,Pending,Cash on Delivery,PROD102,CUST3868,REV21361
ORD11362,3,199,18/10/2023,Cancelled,Credit Card,PROD112,CUST5969,REV21362
ORD11363,3,199,5/07/2025,Delivered,Credit Card,PROD102,CUST1267,REV21363
ORD11364,1,80,7/10/2022,Returned,Cash on Delivery,PROD110,CUST3716,REV21364
ORD11365,3,399,9/09/2022,Delivered,Credit Card,PROD107,CUST4568,REV21365
ORD11366,1,59,17/08/2023,Returned,PayPal,PROD111,CUST2971,REV21366
ORD11367,4,399,19/01/2024,Cancelled,Cash on Delivery,PROD107,CUST2318,REV21367
ORD11368,5,199,17/07/2024,Cancelled,Credit Card,PROD102,CUST4123,REV21368
ORD11369,3,199,8/10/2023,Delivered,PayPal,PROD112,CUST5745,REV21369
ORD11370,5,199,9/07/2023,Cancelled,Credit Card,PROD102,CUST5147,REV21370
ORD11371,4,899,8/02/2024,Pending,Credit Card,PROD101,CUST2158,REV21371
ORD11372,4,110,9/10/2022,Pending,Credit Card,PROD105,CUST2896,REV21372
ORD11373,3,999,16/03/2024,Cancelled,Cash on Delivery,PROD100,CUST4642,REV21373
ORD11374,4,80,13/08/2023,Shipped,PayPal,PROD110,CUST2674,REV21374
ORD11375,4,149,28/01/2023,Delivered,PayPal,PROD113,CUST4473,REV21375
ORD11376,2,229,7/04/2025,Returned,Cash on Delivery,PROD108,CUST2186,REV21376
ORD11377,4,120,22/05/2023,Shipped,Credit Card,PROD104,CUST3525,REV21377
ORD11378,1,80,23/07/2025,Cancelled,Credit Card,PROD110,CUST4953,REV21378
ORD11379,2,199,19/09/2022,Cancelled,PayPal,PROD102,CUST3719,REV21379
ORD11380,1,199,20/07/2023,Shipped,Cash on Delivery,PROD112,CUST1098,REV21380
ORD11381,2,229,8/01/2024,Returned,PayPal,PROD108,CUST3784,REV21381
ORD11382,1,199,5/03/2024,Pending,Credit Card,PROD102,CUST1958,REV21382
ORD11383,5,99,16/01/2025,Pending,Cash on Delivery,PROD106,CUST1214,REV21383
ORD11384,1,99,7/05/2023,Returned,Cash on Delivery,PROD106,CUST5258,REV21384
ORD11385,1,999,17/08/2024,Pending,Credit Card,PROD100,CUST1762,REV21385
ORD11386,2,99,7/11/2022,Returned,Credit Card,PROD106,CUST3421,REV21386
ORD11387,4,899,4/05/2024,Shipped,Cash on Delivery,PROD101,CUST5604,REV21387
ORD11388,4,99,13/04/2025,Delivered,PayPal,PROD106,CUST5375,REV21388
ORD11389,3,199,21/09/2022,Returned,Credit Card,PROD112,CUST2382,REV21389
ORD11390,2,199,28/12/2022,Cancelled,PayPal,PROD112,CUST2231,REV21390
ORD11391,3,199,31/01/2023,Returned,PayPal,PROD112,CUST3151,REV21391
ORD11392,5,99,17/05/2025,Cancelled,PayPal,PROD106,CUST5627,REV21392
ORD11393,5,999,4/04/2025,Shipped,Cash on Delivery,PROD100,CUST4949,REV21393
ORD11394,1,120,14/01/2024,Shipped,Credit Card,PROD104,CUST5309,REV21394
ORD11395,4,99,15/11/2023,Cancelled,Cash on Delivery,PROD106,CUST3006,REV21395
ORD11396,3,120,28/03/2024,Cancelled,PayPal,PROD104,CUST3279,REV21396
ORD11397,3,899,27/05/2024,Returned,PayPal,PROD101,CUST2987,REV21397
ORD11398,3,129,8/08/2023,Pending,Cash on Delivery,PROD109,CUST1155,REV21398
ORD11399,2,129,7/08/2024,Cancelled,PayPal,PROD109,CUST2366,REV21399
ORD11400,4,99,21/11/2022,Pending,PayPal,PROD106,CUST2930,REV21400
ORD11401,2,229,27/07/2025,Pending,Credit Card,PROD108,CUST1301,REV21401
ORD11402,4,399,24/04/2023,Shipped,Cash on Delivery,PROD107,CUST3541,REV21402
ORD11403,2,899,6/05/2025,Pending,PayPal,PROD101,CUST5539,REV21403
ORD11404,3,110,30/01/2024,Pending,Cash on Delivery,PROD105,CUST4581,REV21404
ORD11405,3,199,27/12/2024,Delivered,PayPal,PROD102,CUST4689,REV21405
ORD11406,1,149,17/07/2025,Shipped,Credit Card,PROD113,CUST5892,REV21406
ORD11407,1,149,24/12/2023,Shipped,Credit Card,PROD113,CUST1940,REV21407
ORD11408,2,59,29/06/2023,Cancelled,Credit Card,PROD111,CUST3743,REV21408
ORD11409,3,229,14/04/2025,Delivered,Cash on Delivery,PROD108,CUST4510,REV21409
ORD11410,1,199,23/11/2024,Returned,Cash on Delivery,PROD102,CUST4156,REV21410
ORD11411,1,199,20/10/2024,Cancelled,PayPal,PROD102,CUST5695,REV21411
ORD11412,2,229,3/04/2023,Cancelled,PayPal,PROD108,CUST3560,REV21412
ORD11413,4,229,31/07/2024,Returned,Credit Card,PROD108,CUST4137,REV21413
ORD11414,4,899,11/10/2022,Shipped,Cash on Delivery,PROD101,CUST4356,REV21414
ORD11415,2,199,20/08/2025,Cancelled,Credit Card,PROD112,CUST4441,REV21415
ORD11416,5,199,30/04/2023,Pending,Cash on Delivery,PROD112,CUST4049,REV21416
ORD11417,4,110,27/05/2025,Pending,Cash on Delivery,PROD105,CUST3574,REV21417
ORD11418,4,399,14/02/2023,Returned,Cash on Delivery,PROD107,CUST4704,REV21418
ORD11419,4,149,4/07/2024,Shipped,PayPal,PROD113,CUST3698,REV21419
ORD11420,4,399,15/03/2024,Delivered,Credit Card,PROD107,CUST4635,REV21420
ORD11421,4,80,9/06/2025,Cancelled,Credit Card,PROD110,CUST4068,REV21421
ORD11422,3,149,17/06/2023,Shipped,Credit Card,PROD113,CUST4556,REV21422
ORD11423,2,110,20/02/2025,Pending,PayPal,PROD105,CUST5258,REV21423
ORD11424,5,120,19/03/2025,Delivered,Credit Card,PROD104,CUST2276,REV21424
ORD11425,4,99,24/11/2023,Delivered,Cash on Delivery,PROD106,CUST1810,REV21425
ORD11426,2,399,14/09/2022,Delivered,Cash on Delivery,PROD107,CUST1605,REV21426
ORD11427,2,120,8/11/2022,Cancelled,Cash on Delivery,PROD104,CUST2268,REV21427
ORD11428,2,199,11/12/2023,Returned,Cash on Delivery,PROD112,CUST3108,REV21428
ORD11429,3,99,18/10/2022,Cancelled,Credit Card,PROD106,CUST2628,REV21429
ORD11430,2,59,18/06/2024,Pending,Cash on Delivery,PROD111,CUST5022,REV21430
ORD11431,3,199,6/04/2023,Delivered,Credit Card,PROD102,CUST5057,REV21431
ORD11432,1,199,10/10/2024,Shipped,Cash on Delivery,PROD102,CUST2054,REV21432
ORD11433,2,120,16/03/2025,Cancelled,Cash on Delivery,PROD104,CUST2601,REV21433
ORD11434,2,110,26/03/2024,Delivered,Credit Card,PROD105,CUST1617,REV21434
ORD11435,1,59,26/10/2022,Cancelled,Cash on Delivery,PROD103,CUST3436,REV21435
ORD11436,2,59,7/10/2023,Returned,Cash on Delivery,PROD103,CUST4341,REV21436
ORD11437,3,229,22/03/2025,Shipped,PayPal,PROD108,CUST3347,REV21437
ORD11438,5,59,27/04/2023,Shipped,Cash on Delivery,PROD103,CUST4369,REV21438
ORD11439,5,59,5/01/2024,Returned,Credit Card,PROD103,CUST4987,REV21439
ORD11440,1,25,15/12/2024,Shipped,Credit Card,PROD114,CUST1911,REV21440
ORD11441,5,399,11/09/2022,Cancelled,Credit Card,PROD107,CUST5129,REV21441
ORD11442,1,899,20/04/2023,Shipped,Cash on Delivery,PROD101,CUST5837,REV21442
ORD11443,5,199,6/01/2023,Delivered,Credit Card,PROD112,CUST4406,REV21443
ORD11444,3,199,3/01/2025,Pending,PayPal,PROD112,CUST4169,REV21444
ORD11445,3,399,15/03/2024,Cancelled,Credit Card,PROD107,CUST1797,REV21445
ORD11446,5,59,11/07/2025,Shipped,Cash on Delivery,PROD111,CUST2708,REV21446
ORD11447,1,59,25/01/2025,Delivered,PayPal,PROD103,CUST1769,REV21447
ORD11448,4,25,11/02/2023,Returned,Cash on Delivery,PROD114,CUST2580,REV21448
ORD11449,4,199,2/08/2023,Pending,Cash on Delivery,PROD112,CUST5850,REV21449
ORD11450,5,59,1/02/2025,Delivered,Credit Card,PROD103,CUST5813,REV21450
ORD11451,4,120,7/02/2024,Cancelled,Cash on Delivery,PROD104,CUST2021,REV21451
ORD11452,5,229,13/10/2023,Delivered,PayPal,PROD108,CUST1833,REV21452
ORD11453,1,25,13/06/2023,Pending,Credit Card,PROD114,CUST4491,REV21453
ORD11454,1,199,21/06/2023,Cancelled,Credit Card,PROD112,CUST3237,REV21454
ORD11455,1,120,12/01/2023,Cancelled,Cash on Delivery,PROD104,CUST5598,REV21455
ORD11456,3,99,17/09/2022,Pending,PayPal,PROD106,CUST1402,REV21456
ORD11457,2,80,24/07/2024,Shipped,PayPal,PROD110,CUST1945,REV21457
ORD11458,2,229,18/03/2025,Returned,Credit Card,PROD108,CUST2063,REV21458
ORD11459,4,129,1/08/2025,Cancelled,Cash on Delivery,PROD109,CUST4943,REV21459
ORD11460,1,999,20/10/2022,Pending,PayPal,PROD100,CUST1820,REV21460
ORD11461,4,399,24/08/2025,Delivered,Credit Card,PROD107,CUST1010,REV21461
ORD11462,4,120,7/06/2023,Delivered,Cash on Delivery,PROD104,CUST3502,REV21462
ORD11463,4,899,26/03/2024,Pending,Cash on Delivery,PROD101,CUST3426,REV21463
ORD11464,4,99,29/12/2023,Cancelled,Credit Card,PROD106,CUST2096,REV21464
ORD11465,4,899,1/05/2025,Returned,PayPal,PROD101,CUST5756,REV21465
ORD11466,3,25,29/05/2023,Cancelled,PayPal,PROD114,CUST5814,REV21466
ORD11467,3,120,1/06/2025,Delivered,PayPal,PROD104,CUST1383,REV21467
ORD11468,4,899,30/07/2025,Delivered,PayPal,PROD101,CUST3956,REV21468
ORD11469,2,59,29/07/2023,Shipped,Cash on Delivery,PROD111,CUST4939,REV21469
ORD11470,1,59,16/10/2022,Pending,Credit Card,PROD111,CUST1425,REV21470
ORD11471,1,229,27/09/2023,Returned,PayPal,PROD108,CUST3817,REV21471
ORD11472,3,59,27/08/2024,Cancelled,Credit Card,PROD103,CUST3386,REV21472
ORD11473,4,199,8/10/2022,Pending,Credit Card,PROD102,CUST4037,REV21473
ORD11474,3,110,14/05/2024,Shipped,PayPal,PROD105,CUST4937,REV21474
ORD11475,5,99,19/03/2025,Shipped,Cash on Delivery,PROD106,CUST2630,REV21475
ORD11476,4,149,9/10/2022,Pending,Cash on Delivery,PROD113,CUST4889,REV21476
ORD11477,3,999,13/09/2023,Cancelled,PayPal,PROD100,CUST4178,REV21477
ORD11478,1,129,29/05/2025,Shipped,Cash on Delivery,PROD109,CUST4614,REV21478
ORD11479,4,999,15/09/2023,Pending,Cash on Delivery,PROD100,CUST1839,REV21479
ORD11480,2,999,27/05/2024,Cancelled,PayPal,PROD100,CUST4767,REV21480
ORD11481,2,25,7/08/2025,Returned,Cash on Delivery,PROD114,CUST3287,REV21481
ORD11482,5,149,21/05/2025,Cancelled,PayPal,PROD113,CUST3207,REV21482
ORD11483,2,110,9/07/2025,Cancelled,Credit Card,PROD105,CUST3246,REV21483
ORD11484,3,25,21/09/2024,Cancelled,Cash on Delivery,PROD114,CUST2332,REV21484
ORD11485,3,399,4/04/2024,Returned,Cash on Delivery,PROD107,CUST2925,REV21485
ORD11486,1,199,21/05/2025,Delivered,Cash on Delivery,PROD102,CUST3174,REV21486
ORD11487,5,899,13/04/2023,Pending,PayPal,PROD101,CUST5110,REV21487
ORD11488,3,120,7/05/2025,Cancelled,Cash on Delivery,PROD104,CUST3812,REV21488
ORD11489,1,229,20/10/2024,Delivered,PayPal,PROD108,CUST1423,REV21489
ORD11490,1,25,10/07/2023,Shipped,PayPal,PROD114,CUST2684,REV21490
ORD11491,4,399,25/12/2024,Cancelled,Cash on Delivery,PROD107,CUST4704,REV21491
ORD11492,5,110,31/10/2024,Delivered,Credit Card,PROD105,CUST4053,REV21492
ORD11493,3,899,11/05/2023,Pending,Cash on Delivery,PROD101,CUST1703,REV21493
ORD11494,3,399,5/11/2023,Delivered,Credit Card,PROD107,CUST4243,REV21494
ORD11495,5,999,8/06/2024,Shipped,PayPal,PROD100,CUST3168,REV21495
ORD11496,1,99,10/01/2024,Shipped,Credit Card,PROD106,CUST5155,REV21496
ORD11497,2,25,25/07/2023,Delivered,Cash on Delivery,PROD114,CUST3965,REV21497
ORD11498,2,999,8/12/2024,Delivered,Credit Card,PROD100,CUST4807,REV21498
ORD11499,3,199,7/11/2022,Cancelled,Credit Card,PROD112,CUST2876,REV21499
ORD11500,1,110,13/11/2022,Pending,Credit Card,PROD105,CUST5799,REV21500
ORD11501,2,59,24/12/2024,Shipped,Credit Card,PROD111,CUST5443,REV21501
ORD11502,3,99,29/02/2024,Delivered,PayPal,PROD106,CUST1097,REV21502
ORD11503,5,899,26/06/2024,Shipped,PayPal,PROD101,CUST4038,REV21503
ORD11504,1,120,2/09/2024,Pending,Credit Card,PROD104,CUST4497,REV21504
ORD11505,3,80,1/04/2024,Delivered,Credit Card,PROD110,CUST2382,REV21505
ORD11506,5,199,2/12/2023,Returned,PayPal,PROD102,CUST4926,REV21506
ORD11507,5,110,3/11/2022,Cancelled,PayPal,PROD105,CUST5445,REV21507
ORD11508,2,149,21/03/2023,Pending,PayPal,PROD113,CUST2192,REV21508
ORD11509,3,899,18/07/2023,Shipped,Cash on Delivery,PROD101,CUST5670,REV21509
ORD11510,1,80,4/03/2025,Shipped,Credit Card,PROD110,CUST2620,REV21510
ORD11511,2,80,5/04/2024,Delivered,PayPal,PROD110,CUST2686,REV21511
ORD11512,4,899,3/02/2025,Returned,PayPal,PROD101,CUST2525,REV21512
ORD11513,4,110,17/09/2024,Pending,PayPal,PROD105,CUST5779,REV21513
ORD11514,4,59,24/06/2024,Delivered,PayPal,PROD103,CUST1727,REV21514
ORD11515,3,229,30/05/2025,Returned,Cash on Delivery,PROD108,CUST4866,REV21515
ORD11516,4,199,25/01/2024,Returned,Credit Card,PROD112,CUST4301,REV21516
ORD11517,2,149,28/02/2024,Returned,PayPal,PROD113,CUST4055,REV21517
ORD11518,5,110,19/05/2024,Shipped,Cash on Delivery,PROD105,CUST3476,REV21518
ORD11519,4,99,21/10/2024,Returned,Credit Card,PROD106,CUST5513,REV21519
ORD11520,3,99,8/04/2023,Cancelled,Cash on Delivery,PROD106,CUST3271,REV21520
ORD11521,2,59,31/10/2024,Shipped,PayPal,PROD111,CUST3441,REV21521
ORD11522,5,110,22/12/2024,Shipped,Cash on Delivery,PROD105,CUST3745,REV21522
ORD11523,1,59,8/04/2025,Pending,Cash on Delivery,PROD111,CUST2805,REV21523
ORD11524,1,199,1/08/2025,Shipped,Credit Card,PROD112,CUST4333,REV21524
ORD11525,4,229,9/07/2025,Returned,PayPal,PROD108,CUST3428,REV21525
ORD11526,1,59,25/01/2024,Cancelled,Credit Card,PROD103,CUST5736,REV21526
ORD11527,3,99,9/05/2025,Shipped,Credit Card,PROD106,CUST1541,REV21527
ORD11528,1,99,28/03/2025,Shipped,Credit Card,PROD106,CUST3424,REV21528
ORD11529,4,120,18/08/2023,Pending,Credit Card,PROD104,CUST5040,REV21529
ORD11530,5,229,15/09/2022,Delivered,Cash on Delivery,PROD108,CUST2178,REV21530
ORD11531,4,110,10/05/2024,Shipped,Credit Card,PROD105,CUST2258,REV21531
ORD11532,4,899,21/06/2023,Pending,PayPal,PROD101,CUST4194,REV21532
ORD11533,1,399,29/04/2024,Shipped,Credit Card,PROD107,CUST2162,REV21533
ORD11534,5,199,22/11/2023,Cancelled,Cash on Delivery,PROD102,CUST1244,REV21534
ORD11535,2,59,25/12/2022,Delivered,Credit Card,PROD111,CUST2579,REV21535
ORD11536,3,199,13/04/2023,Returned,PayPal,PROD112,CUST3589,REV21536
ORD11537,2,59,4/03/2025,Shipped,Cash on Delivery,PROD103,CUST5524,REV21537
ORD11538,1,149,24/01/2025,Shipped,Cash on Delivery,PROD113,CUST4006,REV21538
ORD11539,4,80,31/05/2024,Cancelled,PayPal,PROD110,CUST3882,REV21539
ORD11540,5,199,30/06/2024,Returned,Credit Card,PROD112,CUST4961,REV21540
ORD11541,5,59,26/01/2025,Shipped,Cash on Delivery,PROD111,CUST3798,REV21541
ORD11542,5,59,9/11/2022,Shipped,Cash on Delivery,PROD103,CUST2833,REV21542
ORD11543,5,25,19/12/2023,Returned,Cash on Delivery,PROD114,CUST5543,REV21543
ORD11544,4,229,30/05/2025,Shipped,PayPal,PROD108,CUST4925,REV21544
ORD11545,5,59,12/05/2023,Pending,Cash on Delivery,PROD103,CUST2718,REV21545
ORD11546,2,120,27/01/2023,Returned,Credit Card,PROD104,CUST3403,REV21546
ORD11547,2,229,20/06/2024,Delivered,Credit Card,PROD108,CUST2302,REV21547
ORD11548,4,80,22/12/2023,Delivered,PayPal,PROD110,CUST3002,REV21548
ORD11549,1,80,12/03/2023,Shipped,PayPal,PROD110,CUST3801,REV21549
ORD11550,3,229,19/09/2022,Delivered,Cash on Delivery,PROD108,CUST5876,REV21550
ORD11551,3,229,3/11/2024,Delivered,Credit Card,PROD108,CUST1678,REV21551
ORD11552,2,999,12/06/2024,Delivered,Cash on Delivery,PROD100,CUST1274,REV21552
ORD11553,2,399,4/08/2023,Returned,Credit Card,PROD107,CUST5332,REV21553
ORD11554,1,999,13/12/2024,Cancelled,Cash on Delivery,PROD100,CUST1099,REV21554
ORD11555,1,199,22/10/2023,Pending,PayPal,PROD112,CUST4925,REV21555
ORD11556,1,99,3/07/2025,Delivered,Cash on Delivery,PROD106,CUST5160,REV21556
ORD11557,5,59,8/12/2022,Returned,Credit Card,PROD111,CUST4503,REV21557
ORD11558,5,899,5/01/2024,Delivered,Credit Card,PROD101,CUST2053,REV21558
ORD11559,3,399,11/08/2024,Pending,Cash on Delivery,PROD107,CUST4533,REV21559
ORD11560,5,99,4/06/2025,Shipped,PayPal,PROD106,CUST4904,REV21560
ORD11561,2,229,30/01/2024,Pending,Credit Card,PROD108,CUST1859,REV21561
ORD11562,3,899,30/03/2025,Shipped,PayPal,PROD101,CUST1533,REV21562
ORD11563,4,120,13/02/2025,Returned,Credit Card,PROD104,CUST2045,REV21563
ORD11564,1,59,25/09/2023,Delivered,PayPal,PROD103,CUST5523,REV21564
ORD11565,5,59,12/12/2024,Returned,PayPal,PROD111,CUST4565,REV21565
ORD11566,2,149,16/06/2023,Shipped,Credit Card,PROD113,CUST1094,REV21566
ORD11567,3,59,30/12/2024,Delivered,Credit Card,PROD103,CUST5024,REV21567
ORD11568,3,99,25/10/2024,Delivered,Cash on Delivery,PROD106,CUST5984,REV21568
ORD11569,2,99,27/06/2024,Pending,PayPal,PROD106,CUST1575,REV21569
ORD11570,1,25,13/03/2025,Shipped,Cash on Delivery,PROD114,CUST2494,REV21570
ORD11571,2,149,29/05/2024,Delivered,PayPal,PROD113,CUST1648,REV21571
ORD11572,3,199,28/05/2024,Delivered,PayPal,PROD112,CUST3465,REV21572
ORD11573,2,899,14/04/2023,Cancelled,PayPal,PROD101,CUST5045,REV21573
ORD11574,5,199,1/05/2025,Pending,Cash on Delivery,PROD112,CUST5805,REV21574
ORD11575,1,129,28/01/2024,Pending,Credit Card,PROD109,CUST1280,REV21575
ORD11576,2,80,9/01/2023,Returned,Credit Card,PROD110,CUST3633,REV21576
ORD11577,4,199,10/12/2023,Delivered,Cash on Delivery,PROD102,CUST1007,REV21577
ORD11578,4,110,1/02/2023,Pending,Cash on Delivery,PROD105,CUST4534,REV21578
ORD11579,2,99,24/03/2023,Shipped,Cash on Delivery,PROD106,CUST2883,REV21579
ORD11580,3,129,14/10/2023,Returned,Cash on Delivery,PROD109,CUST3335,REV21580
ORD11581,2,999,21/10/2023,Delivered,Cash on Delivery,PROD100,CUST5027,REV21581
ORD11582,4,199,14/08/2023,Delivered,Cash on Delivery,PROD102,CUST5616,REV21582
ORD11583,4,199,14/02/2025,Delivered,Credit Card,PROD102,CUST4921,REV21583
ORD11584,2,229,5/06/2024,Delivered,Credit Card,PROD108,CUST2236,REV21584
ORD11585,3,399,2/08/2024,Returned,Credit Card,PROD107,CUST1609,REV21585
ORD11586,1,199,3/09/2023,Cancelled,PayPal,PROD112,CUST4745,REV21586
ORD11587,5,199,28/05/2023,Pending,PayPal,PROD112,CUST1699,REV21587
ORD11588,2,25,29/06/2023,Delivered,Credit Card,PROD114,CUST1952,REV21588
ORD11589,4,399,20/11/2022,Cancelled,PayPal,PROD107,CUST1636,REV21589
ORD11590,4,229,14/04/2024,Returned,Credit Card,PROD108,CUST5005,REV21590
ORD11591,4,120,20/10/2022,Cancelled,PayPal,PROD104,CUST3266,REV21591
ORD11592,5,899,28/12/2024,Pending,PayPal,PROD101,CUST2109,REV21592
ORD11593,1,149,5/05/2024,Cancelled,PayPal,PROD113,CUST2201,REV21593
ORD11594,3,80,30/04/2025,Shipped,PayPal,PROD110,CUST5983,REV21594
ORD11595,4,129,24/01/2025,Pending,Cash on Delivery,PROD109,CUST4342,REV21595
ORD11596,3,59,28/10/2024,Delivered,PayPal,PROD111,CUST1387,REV21596
ORD11597,2,99,20/08/2025,Shipped,PayPal,PROD106,CUST2254,REV21597
ORD11598,5,99,12/06/2023,Pending,Cash on Delivery,PROD106,CUST1292,REV21598
ORD11599,5,149,26/10/2024,Pending,Credit Card,PROD113,CUST5939,REV21599
ORD11600,1,899,7/07/2023,Pending,PayPal,PROD101,CUST5156,REV21600
ORD11601,4,199,31/10/2024,Cancelled,PayPal,PROD102,CUST1739,REV21601
ORD11602,3,199,12/01/2024,Returned,Cash on Delivery,PROD102,CUST3394,REV21602
ORD11603,2,199,12/12/2022,Pending,Cash on Delivery,PROD112,CUST3436,REV21603
ORD11604,2,120,16/04/2023,Pending,Credit Card,PROD104,CUST1628,REV21604
ORD11605,2,25,22/10/2022,Shipped,PayPal,PROD114,CUST2168,REV21605
ORD11606,5,229,23/05/2025,Cancelled,Cash on Delivery,PROD108,CUST1282,REV21606
ORD11607,3,80,20/07/2024,Delivered,Credit Card,PROD110,CUST1220,REV21607
ORD11608,5,120,9/10/2022,Pending,Credit Card,PROD104,CUST4485,REV21608
ORD11609,2,199,16/04/2025,Delivered,Credit Card,PROD102,CUST3609,REV21609
ORD11610,1,229,18/11/2024,Returned,Cash on Delivery,PROD108,CUST4780,REV21610
ORD11611,4,149,26/12/2023,Cancelled,Credit Card,PROD113,CUST3763,REV21611
ORD11612,5,999,11/06/2025,Pending,Cash on Delivery,PROD100,CUST4836,REV21612
ORD11613,5,80,3/10/2022,Returned,PayPal,PROD110,CUST4679,REV21613
ORD11614,4,80,3/04/2024,Cancelled,Credit Card,PROD110,CUST5302,REV21614
ORD11615,3,229,2/11/2024,Cancelled,PayPal,PROD108,CUST4568,REV21615
ORD11616,2,99,31/05/2025,Returned,PayPal,PROD106,CUST2723,REV21616
ORD11617,5,229,20/07/2024,Shipped,Credit Card,PROD108,CUST3305,REV21617
ORD11618,5,99,3/06/2024,Cancelled,Cash on Delivery,PROD106,CUST5185,REV21618
ORD11619,2,59,9/08/2024,Delivered,Credit Card,PROD103,CUST5726,REV21619
ORD11620,5,399,7/12/2024,Delivered,Credit Card,PROD107,CUST5498,REV21620
ORD11621,2,229,20/12/2023,Shipped,PayPal,PROD108,CUST2576,REV21621
ORD11622,3,199,14/02/2023,Cancelled,Cash on Delivery,PROD102,CUST2977,REV21622
ORD11623,2,120,22/05/2023,Returned,Credit Card,PROD104,CUST3029,REV21623
ORD11624,2,899,28/04/2023,Cancelled,Credit Card,PROD101,CUST3431,REV21624
ORD11625,4,120,6/01/2024,Returned,Cash on Delivery,PROD104,CUST4090,REV21625
ORD11626,1,120,12/08/2025,Returned,Cash on Delivery,PROD104,CUST5324,REV21626
ORD11627,1,229,9/06/2025,Cancelled,PayPal,PROD108,CUST4282,REV21627
ORD11628,4,59,23/03/2025,Pending,PayPal,PROD111,CUST5066,REV21628
ORD11629,2,59,6/01/2023,Returned,Credit Card,PROD111,CUST3295,REV21629
ORD11630,2,59,13/08/2025,Shipped,PayPal,PROD103,CUST3398,REV21630
ORD11631,3,229,17/05/2025,Cancelled,Cash on Delivery,PROD108,CUST3355,REV21631
ORD11632,5,999,8/05/2025,Cancelled,Credit Card,PROD100,CUST4526,REV21632
ORD11633,5,199,30/07/2023,Shipped,Cash on Delivery,PROD102,CUST2913,REV21633
ORD11634,3,25,30/01/2025,Cancelled,Credit Card,PROD114,CUST2209,REV21634
ORD11635,5,80,21/06/2025,Delivered,Cash on Delivery,PROD110,CUST2735,REV21635
ORD11636,1,129,28/06/2024,Pending,PayPal,PROD109,CUST1494,REV21636
ORD11637,5,899,15/11/2022,Delivered,Cash on Delivery,PROD101,CUST1425,REV21637
ORD11638,3,129,12/06/2023,Shipped,Cash on Delivery,PROD109,CUST2601,REV21638
ORD11639,4,25,7/04/2025,Shipped,Cash on Delivery,PROD114,CUST5764,REV21639
ORD11640,1,59,30/01/2024,Returned,PayPal,PROD103,CUST1029,REV21640
ORD11641,5,399,17/05/2023,Delivered,PayPal,PROD107,CUST5625,REV21641
ORD11642,2,80,5/11/2023,Returned,PayPal,PROD110,CUST5636,REV21642
ORD11643,2,399,5/04/2023,Pending,Cash on Delivery,PROD107,CUST5131,REV21643
ORD11644,2,129,22/03/2025,Shipped,Credit Card,PROD109,CUST3633,REV21644
ORD11645,1,149,3/12/2022,Pending,PayPal,PROD113,CUST2811,REV21645
ORD11646,5,129,31/01/2023,Pending,Credit Card,PROD109,CUST4206,REV21646
ORD11647,4,199,28/06/2024,Shipped,Credit Card,PROD102,CUST3442,REV21647
ORD11648,1,120,26/11/2024,Pending,Cash on Delivery,PROD104,CUST1141,REV21648
ORD11649,3,110,14/06/2023,Returned,PayPal,PROD105,CUST4688,REV21649
ORD11650,2,129,23/01/2024,Pending,Credit Card,PROD109,CUST2883,REV21650
ORD11651,3,99,31/07/2024,Returned,PayPal,PROD106,CUST2788,REV21651
ORD11652,4,59,9/11/2024,Returned,Cash on Delivery,PROD111,CUST4420,REV21652
ORD11653,4,59,9/03/2023,Returned,Cash on Delivery,PROD103,CUST1655,REV21653
ORD11654,2,899,11/07/2024,Delivered,Credit Card,PROD101,CUST1839,REV21654
ORD11655,4,999,23/05/2025,Delivered,PayPal,PROD100,CUST2112,REV21655
ORD11656,2,110,28/06/2025,Pending,Credit Card,PROD105,CUST3306,REV21656
ORD11657,4,149,1/09/2024,Shipped,Cash on Delivery,PROD113,CUST2129,REV21657
ORD11658,1,199,6/09/2024,Shipped,PayPal,PROD112,CUST4955,REV21658
ORD11659,2,229,25/10/2023,Cancelled,PayPal,PROD108,CUST4075,REV21659
ORD11660,2,199,14/09/2024,Shipped,PayPal,PROD102,CUST1182,REV21660
ORD11661,2,899,20/09/2023,Shipped,PayPal,PROD101,CUST4905,REV21661
ORD11662,5,110,15/09/2022,Cancelled,Cash on Delivery,PROD105,CUST4220,REV21662
ORD11663,5,229,7/04/2025,Delivered,PayPal,PROD108,CUST4241,REV21663
ORD11664,1,999,30/11/2022,Delivered,Credit Card,PROD100,CUST1895,REV21664
ORD11665,3,59,23/10/2024,Shipped,PayPal,PROD103,CUST4480,REV21665
ORD11666,4,59,26/03/2023,Shipped,Credit Card,PROD111,CUST3946,REV21666
ORD11667,3,199,30/11/2022,Cancelled,PayPal,PROD102,CUST3911,REV21667
ORD11668,2,80,22/04/2024,Cancelled,PayPal,PROD110,CUST5388,REV21668
ORD11669,5,110,26/03/2024,Delivered,Cash on Delivery,PROD105,CUST2445,REV21669
ORD11670,4,59,18/04/2023,Returned,Cash on Delivery,PROD111,CUST3352,REV21670
ORD11671,3,80,10/12/2022,Returned,Cash on Delivery,PROD110,CUST5046,REV21671
ORD11672,4,25,16/11/2022,Delivered,PayPal,PROD114,CUST1257,REV21672
ORD11673,1,110,12/06/2023,Pending,Cash on Delivery,PROD105,CUST4383,REV21673
ORD11674,1,59,4/02/2024,Cancelled,Credit Card,PROD111,CUST3377,REV21674
ORD11675,4,149,28/03/2023,Shipped,PayPal,PROD113,CUST1623,REV21675
ORD11676,5,899,22/06/2023,Delivered,Cash on Delivery,PROD101,CUST4240,REV21676
ORD11677,3,149,10/06/2024,Returned,PayPal,PROD113,CUST5395,REV21677
ORD11678,5,80,10/12/2022,Returned,PayPal,PROD110,CUST5827,REV21678
ORD11679,2,59,15/09/2022,Shipped,Cash on Delivery,PROD111,CUST5564,REV21679
ORD11680,3,999,3/11/2024,Delivered,Credit Card,PROD100,CUST3193,REV21680
ORD11681,4,399,11/12/2022,Cancelled,PayPal,PROD107,CUST5461,REV21681
ORD11682,4,25,28/01/2024,Cancelled,Cash on Delivery,PROD114,CUST1524,REV21682
ORD11683,5,25,17/03/2025,Shipped,Cash on Delivery,PROD114,CUST5650,REV21683
ORD11684,4,25,24/04/2025,Delivered,Credit Card,PROD114,CUST4827,REV21684
ORD11685,3,99,5/11/2024,Delivered,Credit Card,PROD106,CUST4272,REV21685
ORD11686,4,59,15/11/2023,Pending,Cash on Delivery,PROD111,CUST4117,REV21686
ORD11687,3,999,2/02/2023,Pending,PayPal,PROD100,CUST2352,REV21687
ORD11688,1,149,23/11/2023,Delivered,PayPal,PROD113,CUST3665,REV21688
ORD11689,4,99,28/01/2024,Pending,Credit Card,PROD106,CUST2919,REV21689
ORD11690,1,120,6/09/2024,Delivered,PayPal,PROD104,CUST4516,REV21690
ORD11691,1,199,18/03/2023,Shipped,PayPal,PROD112,CUST2060,REV21691
ORD11692,1,199,8/04/2024,Cancelled,PayPal,PROD112,CUST1697,REV21692
ORD11693,2,120,17/03/2023,Returned,Cash on Delivery,PROD104,CUST1063,REV21693
ORD11694,4,999,2/02/2024,Delivered,PayPal,PROD100,CUST1084,REV21694
ORD11695,3,199,7/04/2023,Cancelled,PayPal,PROD102,CUST3011,REV21695
ORD11696,1,80,18/11/2024,Returned,PayPal,PROD110,CUST1451,REV21696
ORD11697,4,59,4/06/2023,Delivered,Cash on Delivery,PROD103,CUST2585,REV21697
ORD11698,3,149,7/07/2023,Returned,Credit Card,PROD113,CUST2029,REV21698
ORD11699,2,120,10/06/2024,Returned,Credit Card,PROD104,CUST1991,REV21699
ORD11700,5,120,23/08/2025,Shipped,PayPal,PROD104,CUST2330,REV21700
ORD11701,1,59,24/11/2024,Shipped,PayPal,PROD103,CUST4164,REV21701
ORD11702,4,59,1/01/2023,Shipped,Cash on Delivery,PROD111,CUST5813,REV21702
ORD11703,4,199,15/02/2025,Shipped,Credit Card,PROD112,CUST5148,REV21703
ORD11704,3,199,15/03/2025,Delivered,Credit Card,PROD102,CUST1354,REV21704
ORD11705,3,899,19/01/2023,Pending,PayPal,PROD101,CUST4056,REV21705
ORD11706,3,59,29/01/2024,Returned,PayPal,PROD103,CUST4315,REV21706
ORD11707,3,120,30/06/2024,Pending,Cash on Delivery,PROD104,CUST4376,REV21707
ORD11708,1,25,20/08/2025,Delivered,Credit Card,PROD114,CUST1977,REV21708
ORD11709,4,59,20/07/2025,Shipped,PayPal,PROD103,CUST2269,REV21709
ORD11710,1,80,23/09/2022,Pending,PayPal,PROD110,CUST4872,REV21710
ORD11711,1,129,11/07/2025,Delivered,Cash on Delivery,PROD109,CUST5382,REV21711
ORD11712,3,899,26/04/2025,Pending,Credit Card,PROD101,CUST2716,REV21712
ORD11713,4,110,4/08/2024,Delivered,Credit Card,PROD105,CUST3420,REV21713
ORD11714,1,59,12/06/2025,Shipped,PayPal,PROD103,CUST1086,REV21714
ORD11715,3,120,14/06/2024,Pending,PayPal,PROD104,CUST5096,REV21715
ORD11716,1,999,31/10/2022,Delivered,Credit Card,PROD100,CUST4071,REV21716
ORD11717,3,120,3/12/2022,Returned,Cash on Delivery,PROD104,CUST2197,REV21717
ORD11718,2,59,24/01/2024,Delivered,Cash on Delivery,PROD103,CUST1166,REV21718
ORD11719,5,229,5/09/2023,Shipped,Cash on Delivery,PROD108,CUST1382,REV21719
ORD11720,3,120,24/07/2023,Delivered,Credit Card,PROD104,CUST4725,REV21720
ORD11721,4,110,22/05/2024,Pending,Cash on Delivery,PROD105,CUST2431,REV21721
ORD11722,2,110,27/07/2023,Returned,Credit Card,PROD105,CUST1717,REV21722
ORD11723,3,59,28/07/2024,Cancelled,Credit Card,PROD103,CUST3853,REV21723
ORD11724,1,399,22/09/2024,Shipped,Cash on Delivery,PROD107,CUST2179,REV21724
ORD11725,3,59,10/01/2024,Cancelled,Cash on Delivery,PROD103,CUST4730,REV21725
ORD11726,4,199,8/03/2025,Returned,Cash on Delivery,PROD102,CUST3554,REV21726
ORD11727,3,59,3/11/2024,Pending,Cash on Delivery,PROD103,CUST4742,REV21727
ORD11728,1,99,4/05/2025,Pending,Credit Card,PROD106,CUST2492,REV21728
ORD11729,4,120,10/02/2024,Returned,Cash on Delivery,PROD104,CUST3042,REV21729
ORD11730,3,199,22/10/2022,Shipped,PayPal,PROD112,CUST5054,REV21730
ORD11731,3,399,8/06/2023,Shipped,PayPal,PROD107,CUST1579,REV21731
ORD11732,3,149,29/09/2023,Shipped,Cash on Delivery,PROD113,CUST4657,REV21732
ORD11733,3,120,19/04/2025,Pending,PayPal,PROD104,CUST2507,REV21733
ORD11734,1,80,30/09/2022,Pending,PayPal,PROD110,CUST1826,REV21734
ORD11735,1,229,21/10/2024,Pending,PayPal,PROD108,CUST4208,REV21735
ORD11736,4,129,15/03/2025,Delivered,Credit Card,PROD109,CUST5065,REV21736
ORD11737,2,99,13/03/2023,Pending,Credit Card,PROD106,CUST5737,REV21737
ORD11738,1,399,23/12/2022,Pending,Credit Card,PROD107,CUST4079,REV21738
ORD11739,1,199,1/04/2024,Pending,Cash on Delivery,PROD112,CUST4594,REV21739
ORD11740,3,229,24/08/2025,Delivered,PayPal,PROD108,CUST5487,REV21740
ORD11741,4,199,30/12/2022,Cancelled,PayPal,PROD112,CUST5519,REV21741
ORD11742,5,80,3/12/2023,Pending,PayPal,PROD110,CUST3666,REV21742
ORD11743,4,899,3/08/2024,Delivered,PayPal,PROD101,CUST1702,REV21743
ORD11744,2,110,17/11/2022,Shipped,PayPal,PROD105,CUST5091,REV21744
ORD11745,2,399,9/11/2022,Cancelled,PayPal,PROD107,CUST1127,REV21745
ORD11746,4,149,20/01/2025,Delivered,Credit Card,PROD113,CUST1688,REV21746
ORD11747,5,25,17/02/2025,Returned,PayPal,PROD114,CUST2989,REV21747
ORD11748,5,25,28/06/2023,Returned,Credit Card,PROD114,CUST2061,REV21748
ORD11749,5,120,21/01/2024,Cancelled,PayPal,PROD104,CUST2477,REV21749
ORD11750,2,129,17/10/2023,Returned,Cash on Delivery,PROD109,CUST5291,REV21750
ORD11751,3,59,6/05/2025,Delivered,PayPal,PROD103,CUST2327,REV21751
ORD11752,5,120,14/04/2023,Returned,PayPal,PROD104,CUST5912,REV21752
ORD11753,3,229,13/01/2024,Pending,Cash on Delivery,PROD108,CUST2645,REV21753
ORD11754,2,229,23/09/2024,Returned,PayPal,PROD108,CUST3768,REV21754
ORD11755,2,199,4/04/2024,Delivered,Credit Card,PROD112,CUST3192,REV21755
ORD11756,3,229,29/04/2023,Delivered,Cash on Delivery,PROD108,CUST1013,REV21756
ORD11757,3,25,7/08/2025,Pending,PayPal,PROD114,CUST4956,REV21757
ORD11758,2,59,21/05/2025,Shipped,PayPal,PROD111,CUST1926,REV21758
ORD11759,2,59,20/02/2025,Pending,Cash on Delivery,PROD111,CUST2156,REV21759
ORD11760,5,399,9/05/2023,Shipped,PayPal,PROD107,CUST2557,REV21760
ORD11761,5,99,20/11/2022,Pending,Credit Card,PROD106,CUST1411,REV21761
ORD11762,2,149,28/07/2024,Delivered,Credit Card,PROD113,CUST3999,REV21762
ORD11763,4,229,30/05/2025,Shipped,Credit Card,PROD108,CUST4878,REV21763
ORD11764,5,399,23/03/2025,Shipped,Credit Card,PROD107,CUST2211,REV21764
ORD11765,2,399,19/12/2023,Returned,Cash on Delivery,PROD107,CUST2185,REV21765
ORD11766,4,25,19/10/2023,Shipped,Credit Card,PROD114,CUST2311,REV21766
ORD11767,2,399,1/09/2022,Pending,Credit Card,PROD107,CUST4941,REV21767
ORD11768,2,149,28/12/2023,Returned,Credit Card,PROD113,CUST2733,REV21768
ORD11769,1,199,6/09/2023,Pending,Cash on Delivery,PROD112,CUST3039,REV21769
ORD11770,3,59,22/01/2024,Delivered,PayPal,PROD103,CUST4797,REV21770
ORD11771,2,80,30/09/2022,Cancelled,Cash on Delivery,PROD110,CUST5373,REV21771
ORD11772,2,999,30/06/2023,Pending,PayPal,PROD100,CUST4696,REV21772
ORD11773,4,25,24/01/2024,Shipped,PayPal,PROD114,CUST1804,REV21773
ORD11774,4,80,9/08/2023,Delivered,Cash on Delivery,PROD110,CUST2580,REV21774
ORD11775,4,110,6/10/2024,Cancelled,Credit Card,PROD105,CUST3685,REV21775
ORD11776,2,25,16/05/2024,Cancelled,Cash on Delivery,PROD114,CUST5799,REV21776
ORD11777,1,199,23/02/2025,Returned,PayPal,PROD102,CUST3216,REV21777
ORD11778,1,899,30/11/2023,Cancelled,Cash on Delivery,PROD101,CUST5135,REV21778
ORD11779,2,199,18/11/2024,Returned,Cash on Delivery,PROD112,CUST2093,REV21779
ORD11780,3,999,10/03/2024,Shipped,PayPal,PROD100,CUST4626,REV21780
ORD11781,3,199,2/08/2025,Returned,Cash on Delivery,PROD112,CUST4337,REV21781
ORD11782,1,59,3/01/2024,Cancelled,PayPal,PROD111,CUST5781,REV21782
ORD11783,2,120,5/08/2025,Returned,Credit Card,PROD104,CUST4453,REV21783
ORD11784,5,149,25/03/2024,Pending,PayPal,PROD113,CUST4351,REV21784
ORD11785,3,899,26/06/2025,Cancelled,PayPal,PROD101,CUST3492,REV21785
ORD11786,1,59,14/10/2023,Returned,Credit Card,PROD103,CUST4424,REV21786
ORD11787,4,25,7/05/2024,Cancelled,PayPal,PROD114,CUST1809,REV21787
ORD11788,3,110,13/02/2024,Delivered,Credit Card,PROD105,CUST2258,REV21788
ORD11789,4,80,27/04/2023,Cancelled,Credit Card,PROD110,CUST2859,REV21789
ORD11790,2,129,22/03/2023,Cancelled,Credit Card,PROD109,CUST3991,REV21790
ORD11791,3,229,8/03/2024,Delivered,PayPal,PROD108,CUST5758,REV21791
ORD11792,3,25,14/02/2025,Shipped,Cash on Delivery,PROD114,CUST4130,REV21792
ORD11793,1,59,21/10/2024,Shipped,Cash on Delivery,PROD103,CUST2603,REV21793
ORD11794,1,149,13/05/2025,Shipped,Credit Card,PROD113,CUST5018,REV21794
ORD11795,1,199,13/07/2023,Cancelled,Credit Card,PROD112,CUST4016,REV21795
ORD11796,2,199,1/06/2024,Pending,PayPal,PROD112,CUST4817,REV21796
ORD11797,3,199,8/01/2024,Shipped,PayPal,PROD112,CUST3427,REV21797
ORD11798,1,199,16/10/2024,Returned,Credit Card,PROD112,CUST4290,REV21798
ORD11799,3,25,26/11/2023,Returned,Cash on Delivery,PROD114,CUST4006,REV21799
ORD11800,2,110,21/02/2025,Shipped,PayPal,PROD105,CUST4204,REV21800
ORD11801,3,59,27/05/2023,Pending,Cash on Delivery,PROD103,CUST1988,REV21801
ORD11802,3,59,19/05/2024,Shipped,PayPal,PROD103,CUST1804,REV21802
ORD11803,1,59,8/05/2025,Cancelled,PayPal,PROD103,CUST4714,REV21803
ORD11804,4,199,11/05/2025,Shipped,PayPal,PROD102,CUST1823,REV21804
ORD11805,1,149,5/10/2022,Cancelled,PayPal,PROD113,CUST4665,REV21805
ORD11806,1,199,26/05/2024,Returned,Credit Card,PROD112,CUST3429,REV21806
ORD11807,1,59,13/09/2024,Cancelled,Cash on Delivery,PROD111,CUST2079,REV21807
ORD11808,2,149,8/04/2024,Delivered,PayPal,PROD113,CUST1972,REV21808
ORD11809,3,25,11/11/2024,Delivered,PayPal,PROD114,CUST3206,REV21809
ORD11810,3,399,18/11/2024,Returned,Cash on Delivery,PROD107,CUST1369,REV21810
ORD11811,5,59,14/09/2024,Delivered,PayPal,PROD103,CUST1946,REV21811
ORD11812,5,59,19/07/2025,Returned,Credit Card,PROD103,CUST4691,REV21812
ORD11813,4,199,25/03/2024,Delivered,Credit Card,PROD112,CUST3718,REV21813
ORD11814,3,59,13/03/2024,Returned,PayPal,PROD103,CUST2000,REV21814
ORD11815,3,99,15/09/2022,Shipped,Cash on Delivery,PROD106,CUST3381,REV21815
ORD11816,2,199,16/04/2025,Delivered,Credit Card,PROD102,CUST4991,REV21816
ORD11817,4,129,28/12/2024,Cancelled,Credit Card,PROD109,CUST5719,REV21817
ORD11818,4,110,3/11/2022,Delivered,PayPal,PROD105,CUST2909,REV21818
ORD11819,1,80,13/06/2025,Delivered,Credit Card,PROD110,CUST5426,REV21819
ORD11820,2,59,27/07/2024,Delivered,Credit Card,PROD111,CUST2176,REV21820
ORD11821,1,149,31/10/2022,Shipped,PayPal,PROD113,CUST1324,REV21821
ORD11822,3,99,6/02/2024,Shipped,Credit Card,PROD106,CUST1101,REV21822
ORD11823,5,399,22/05/2023,Pending,Credit Card,PROD107,CUST1850,REV21823
ORD11824,2,59,16/07/2024,Returned,Cash on Delivery,PROD111,CUST3433,REV21824
ORD11825,2,99,16/12/2023,Returned,PayPal,PROD106,CUST2362,REV21825
ORD11826,5,59,16/02/2025,Pending,PayPal,PROD111,CUST4642,REV21826
ORD11827,3,149,29/07/2025,Shipped,PayPal,PROD113,CUST2505,REV21827
ORD11828,5,999,2/05/2025,Cancelled,Cash on Delivery,PROD100,CUST3401,REV21828
ORD11829,2,999,13/10/2024,Shipped,Cash on Delivery,PROD100,CUST3995,REV21829
ORD11830,5,999,27/10/2022,Cancelled,Credit Card,PROD100,CUST3860,REV21830
ORD11831,3,25,12/06/2025,Returned,Credit Card,PROD114,CUST4771,REV21831
ORD11832,3,199,1/12/2024,Cancelled,Cash on Delivery,PROD112,CUST1235,REV21832
ORD11833,4,399,11/07/2023,Returned,Credit Card,PROD107,CUST3778,REV21833
ORD11834,4,129,24/07/2023,Cancelled,Credit Card,PROD109,CUST3257,REV21834
ORD11835,3,149,12/02/2025,Shipped,Credit Card,PROD113,CUST5128,REV21835
ORD11836,3,129,29/09/2022,Cancelled,Credit Card,PROD109,CUST5463,REV21836
ORD11837,5,399,29/04/2023,Pending,Credit Card,PROD107,CUST4247,REV21837
ORD11838,2,199,21/02/2023,Shipped,PayPal,PROD112,CUST3943,REV21838
ORD11839,1,59,14/08/2024,Delivered,Cash on Delivery,PROD103,CUST1830,REV21839
ORD11840,2,199,6/02/2024,Shipped,PayPal,PROD112,CUST4871,REV21840
ORD11841,1,99,11/01/2024,Returned,Credit Card,PROD106,CUST3637,REV21841
ORD11842,3,120,1/07/2023,Pending,PayPal,PROD104,CUST5654,REV21842
ORD11843,4,229,11/03/2024,Cancelled,Cash on Delivery,PROD108,CUST2637,REV21843
ORD11844,1,129,15/05/2025,Cancelled,Credit Card,PROD109,CUST4921,REV21844
ORD11845,3,999,4/02/2024,Delivered,PayPal,PROD100,CUST5403,REV21845
ORD11846,4,899,24/08/2023,Shipped,PayPal,PROD101,CUST3043,REV21846
ORD11847,1,80,24/02/2024,Cancelled,Cash on Delivery,PROD110,CUST4989,REV21847
ORD11848,5,199,8/12/2022,Pending,Cash on Delivery,PROD112,CUST3476,REV21848
ORD11849,3,59,30/04/2023,Returned,PayPal,PROD111,CUST2660,REV21849
ORD11850,1,59,12/12/2022,Pending,Credit Card,PROD111,CUST1163,REV21850
ORD11851,4,899,6/02/2025,Shipped,PayPal,PROD101,CUST4682,REV21851
ORD11852,1,129,23/02/2024,Returned,PayPal,PROD109,CUST2940,REV21852
ORD11853,2,110,17/06/2023,Cancelled,Credit Card,PROD105,CUST1386,REV21853
ORD11854,2,80,7/10/2023,Returned,Cash on Delivery,PROD110,CUST4227,REV21854
ORD11855,4,999,17/11/2024,Returned,Credit Card,PROD100,CUST3159,REV21855
ORD11856,5,110,19/09/2024,Shipped,PayPal,PROD105,CUST4706,REV21856
ORD11857,2,129,12/12/2022,Cancelled,Cash on Delivery,PROD109,CUST2412,REV21857
ORD11858,3,899,8/09/2024,Delivered,PayPal,PROD101,CUST5026,REV21858
ORD11859,5,110,21/10/2024,Pending,Credit Card,PROD105,CUST4853,REV21859
ORD11860,3,999,20/05/2023,Returned,Credit Card,PROD100,CUST5010,REV21860
ORD11861,2,120,22/09/2024,Pending,Cash on Delivery,PROD104,CUST1144,REV21861
ORD11862,3,110,8/11/2024,Pending,Credit Card,PROD105,CUST1001,REV21862
ORD11863,2,99,30/08/2024,Cancelled,Credit Card,PROD106,CUST3401,REV21863
ORD11864,5,80,30/04/2024,Delivered,PayPal,PROD110,CUST4705,REV21864
ORD11865,3,899,15/06/2024,Cancelled,Cash on Delivery,PROD101,CUST3998,REV21865
ORD11866,2,229,13/10/2022,Delivered,PayPal,PROD108,CUST2678,REV21866
ORD11867,2,59,3/02/2023,Pending,Credit Card,PROD111,CUST3218,REV21867
ORD11868,4,25,17/09/2023,Delivered,Cash on Delivery,PROD114,CUST3863,REV21868
ORD11869,4,59,16/09/2023,Returned,PayPal,PROD103,CUST2100,REV21869
ORD11870,1,229,26/04/2025,Returned,PayPal,PROD108,CUST5347,REV21870
ORD11871,3,399,31/05/2025,Pending,PayPal,PROD107,CUST1510,REV21871
ORD11872,4,999,7/11/2023,Cancelled,Credit Card,PROD100,CUST4516,REV21872
ORD11873,4,899,5/03/2023,Shipped,PayPal,PROD101,CUST2296,REV21873
ORD11874,4,229,29/07/2025,Delivered,Credit Card,PROD108,CUST1517,REV21874
ORD11875,3,120,20/06/2025,Returned,Credit Card,PROD104,CUST3082,REV21875
ORD11876,1,199,17/04/2024,Returned,PayPal,PROD102,CUST4503,REV21876
ORD11877,1,229,8/04/2024,Shipped,Cash on Delivery,PROD108,CUST1821,REV21877
ORD11878,2,229,10/03/2023,Pending,Credit Card,PROD108,CUST1733,REV21878
ORD11879,1,999,29/06/2025,Delivered,PayPal,PROD100,CUST1070,REV21879
ORD11880,3,59,21/05/2025,Pending,Credit Card,PROD111,CUST2842,REV21880
ORD11881,4,199,18/05/2024,Delivered,Credit Card,PROD112,CUST5074,REV21881
ORD11882,2,399,20/06/2024,Pending,PayPal,PROD107,CUST1026,REV21882
ORD11883,1,110,21/04/2024,Delivered,Cash on Delivery,PROD105,CUST4317,REV21883
ORD11884,4,199,16/03/2025,Cancelled,Cash on Delivery,PROD102,CUST3739,REV21884
ORD11885,5,399,24/10/2022,Returned,Credit Card,PROD107,CUST2787,REV21885
ORD11886,4,99,25/04/2025,Returned,Credit Card,PROD106,CUST4327,REV21886
ORD11887,5,199,16/07/2023,Pending,Cash on Delivery,PROD112,CUST2526,REV21887
ORD11888,4,899,6/01/2023,Delivered,Credit Card,PROD101,CUST3926,REV21888
ORD11889,1,199,15/08/2025,Pending,Cash on Delivery,PROD102,CUST2454,REV21889
ORD11890,1,229,23/11/2023,Delivered,Cash on Delivery,PROD108,CUST1690,REV21890
ORD11891,5,110,6/12/2024,Cancelled,PayPal,PROD105,CUST5854,REV21891
ORD11892,4,129,28/12/2024,Pending,Cash on Delivery,PROD109,CUST5706,REV21892
ORD11893,5,399,31/01/2024,Pending,Cash on Delivery,PROD107,CUST4886,REV21893
ORD11894,4,199,9/09/2023,Cancelled,Cash on Delivery,PROD112,CUST2939,REV21894
ORD11895,4,199,21/12/2023,Shipped,PayPal,PROD102,CUST4204,REV21895
ORD11896,1,199,24/07/2025,Delivered,Cash on Delivery,PROD102,CUST2695,REV21896
ORD11897,3,129,23/05/2025,Cancelled,Credit Card,PROD109,CUST3456,REV21897
ORD11898,2,59,25/02/2024,Pending,Cash on Delivery,PROD103,CUST4329,REV21898
ORD11899,2,199,2/07/2024,Returned,Cash on Delivery,PROD102,CUST5005,REV21899
ORD11900,5,999,18/08/2024,Shipped,Cash on Delivery,PROD100,CUST4464,REV21900
ORD11901,4,399,20/06/2023,Cancelled,PayPal,PROD107,CUST3760,REV21901
ORD11902,4,199,19/01/2025,Pending,Credit Card,PROD112,CUST2989,REV21902
ORD11903,2,399,28/09/2022,Returned,PayPal,PROD107,CUST3577,REV21903
ORD11904,4,999,1/12/2023,Shipped,Cash on Delivery,PROD100,CUST4008,REV21904
ORD11905,4,999,13/01/2025,Delivered,Credit Card,PROD100,CUST3855,REV21905
ORD11906,1,110,2/01/2023,Delivered,PayPal,PROD105,CUST3126,REV21906
ORD11907,1,899,24/01/2024,Returned,Cash on Delivery,PROD101,CUST5406,REV21907
ORD11908,2,199,13/10/2022,Delivered,Credit Card,PROD112,CUST1671,REV21908
ORD11909,3,149,3/04/2025,Returned,PayPal,PROD113,CUST4581,REV21909
ORD11910,4,899,16/06/2024,Delivered,Credit Card,PROD101,CUST3669,REV21910
ORD11911,5,399,25/10/2023,Pending,Cash on Delivery,PROD107,CUST5918,REV21911
ORD11912,3,25,7/05/2023,Cancelled,Cash on Delivery,PROD114,CUST2182,REV21912
ORD11913,4,199,19/07/2024,Pending,PayPal,PROD102,CUST5850,REV21913
ORD11914,4,199,18/01/2023,Returned,Cash on Delivery,PROD102,CUST3105,REV21914
ORD11915,4,149,22/10/2023,Cancelled,PayPal,PROD113,CUST2080,REV21915
ORD11916,2,110,21/07/2024,Pending,Credit Card,PROD105,CUST2192,REV21916
ORD11917,3,149,18/05/2023,Pending,Cash on Delivery,PROD113,CUST3794,REV21917
ORD11918,1,110,16/02/2024,Cancelled,Credit Card,PROD105,CUST5265,REV21918
ORD11919,5,99,27/10/2024,Cancelled,Credit Card,PROD106,CUST4394,REV21919
ORD11920,4,80,11/10/2023,Delivered,PayPal,PROD110,CUST2457,REV21920
ORD11921,5,999,22/04/2024,Cancelled,Cash on Delivery,PROD100,CUST4004,REV21921
ORD11922,4,199,17/05/2023,Pending,PayPal,PROD102,CUST5869,REV21922
ORD11923,2,120,29/10/2022,Cancelled,PayPal,PROD104,CUST3528,REV21923
ORD11924,1,899,20/06/2025,Shipped,Cash on Delivery,PROD101,CUST2292,REV21924
ORD11925,1,129,7/12/2022,Pending,PayPal,PROD109,CUST5035,REV21925
ORD11926,2,99,21/12/2023,Returned,Cash on Delivery,PROD106,CUST1164,REV21926
ORD11927,5,25,13/05/2023,Delivered,PayPal,PROD114,CUST3673,REV21927
ORD11928,5,229,29/08/2023,Delivered,PayPal,PROD108,CUST4855,REV21928
ORD11929,1,25,14/10/2022,Returned,PayPal,PROD114,CUST2213,REV21929
ORD11930,1,120,13/09/2024,Pending,PayPal,PROD104,CUST5327,REV21930
ORD11931,1,229,3/11/2023,Shipped,PayPal,PROD108,CUST1189,REV21931
ORD11932,4,399,11/01/2025,Returned,Cash on Delivery,PROD107,CUST2946,REV21932
ORD11933,1,59,1/05/2024,Cancelled,Cash on Delivery,PROD103,CUST5910,REV21933
ORD11934,5,999,6/08/2024,Delivered,Credit Card,PROD100,CUST5639,REV21934
ORD11935,4,899,20/04/2025,Pending,Cash on Delivery,PROD101,CUST1992,REV21935
ORD11936,4,899,14/05/2025,Cancelled,Cash on Delivery,PROD101,CUST2018,REV21936
ORD11937,3,199,22/06/2024,Shipped,Credit Card,PROD102,CUST1609,REV21937
ORD11938,3,25,18/08/2023,Cancelled,Cash on Delivery,PROD114,CUST4445,REV21938
ORD11939,3,129,4/02/2024,Pending,PayPal,PROD109,CUST3150,REV21939
ORD11940,5,899,25/12/2023,Pending,PayPal,PROD101,CUST5904,REV21940
ORD11941,5,25,21/02/2025,Shipped,Cash on Delivery,PROD114,CUST5481,REV21941
ORD11942,1,110,14/10/2024,Cancelled,Credit Card,PROD105,CUST2525,REV21942
ORD11943,5,59,13/06/2023,Returned,PayPal,PROD103,CUST3247,REV21943
ORD11944,3,199,4/05/2025,Pending,Credit Card,PROD112,CUST5044,REV21944
ORD11945,2,199,9/06/2024,Returned,Cash on Delivery,PROD102,CUST1651,REV21945
ORD11946,1,199,27/08/2024,Shipped,Cash on Delivery,PROD102,CUST3027,REV21946
ORD11947,3,899,3/04/2024,Cancelled,Credit Card,PROD101,CUST2316,REV21947
ORD11948,1,80,5/11/2023,Shipped,Credit Card,PROD110,CUST2132,REV21948
ORD11949,5,899,16/04/2023,Returned,Credit Card,PROD101,CUST5905,REV21949
ORD11950,1,149,8/10/2024,Shipped,Credit Card,PROD113,CUST2965,REV21950
ORD11951,3,59,11/04/2024,Shipped,Cash on Delivery,PROD111,CUST5761,REV21951
ORD11952,4,129,27/09/2023,Cancelled,PayPal,PROD109,CUST3784,REV21952
ORD11953,2,899,22/10/2024,Shipped,Credit Card,PROD101,CUST5016,REV21953
ORD11954,5,229,11/03/2023,Pending,PayPal,PROD108,CUST1199,REV21954
ORD11955,4,399,29/07/2025,Shipped,PayPal,PROD107,CUST2549,REV21955
ORD11956,2,999,19/11/2023,Shipped,PayPal,PROD100,CUST5774,REV21956
ORD11957,4,110,19/10/2023,Returned,PayPal,PROD105,CUST1981,REV21957
ORD11958,1,999,22/03/2023,Returned,Credit Card,PROD100,CUST1026,REV21958
ORD11959,3,199,15/05/2023,Delivered,Credit Card,PROD112,CUST3710,REV21959
ORD11960,2,120,20/05/2024,Shipped,Credit Card,PROD104,CUST4828,REV21960
ORD11961,1,129,27/01/2023,Shipped,Cash on Delivery,PROD109,CUST3619,REV21961
ORD11962,5,59,29/03/2023,Shipped,PayPal,PROD111,CUST2765,REV21962
ORD11963,3,59,3/06/2023,Cancelled,Cash on Delivery,PROD111,CUST2495,REV21963
ORD11964,1,899,29/03/2023,Shipped,Credit Card,PROD101,CUST3521,REV21964
ORD11965,4,110,7/06/2023,Cancelled,Credit Card,PROD105,CUST5178,REV21965
ORD11966,3,399,31/10/2023,Cancelled,Cash on Delivery,PROD107,CUST4844,REV21966
ORD11967,4,399,7/09/2024,Pending,Cash on Delivery,PROD107,CUST2909,REV21967
ORD11968,4,99,30/10/2023,Returned,Credit Card,PROD106,CUST5550,REV21968
ORD11969,1,199,8/10/2022,Cancelled,PayPal,PROD112,CUST4924,REV21969
ORD11970,1,999,1/11/2024,Returned,PayPal,PROD100,CUST1914,REV21970
ORD11971,1,199,21/02/2023,Cancelled,PayPal,PROD102,CUST5506,REV21971
ORD11972,5,999,14/11/2023,Delivered,Credit Card,PROD100,CUST4255,REV21972
ORD11973,2,59,27/11/2023,Cancelled,PayPal,PROD111,CUST2736,REV21973
ORD11974,3,129,4/11/2022,Cancelled,Credit Card,PROD109,CUST2252,REV21974
ORD11975,4,120,14/12/2022,Cancelled,PayPal,PROD104,CUST3521,REV21975
ORD11976,5,110,29/09/2024,Returned,Cash on Delivery,PROD105,CUST1959,REV21976
ORD11977,2,149,29/04/2023,Returned,PayPal,PROD113,CUST1930,REV21977
ORD11978,1,99,13/06/2025,Shipped,Credit Card,PROD106,CUST1122,REV21978
ORD11979,3,199,8/12/2023,Shipped,Cash on Delivery,PROD112,CUST1830,REV21979
ORD11980,2,25,13/02/2025,Cancelled,Credit Card,PROD114,CUST1490,REV21980
ORD11981,2,399,9/09/2024,Shipped,Cash on Delivery,PROD107,CUST5563,REV21981
ORD11982,3,110,12/09/2024,Returned,Credit Card,PROD105,CUST1142,REV21982
ORD11983,1,399,10/07/2024,Shipped,Cash on Delivery,PROD107,CUST1980,REV21983
ORD11984,3,59,21/04/2025,Pending,Credit Card,PROD111,CUST4776,REV21984
ORD11985,4,199,5/11/2023,Cancelled,Credit Card,PROD102,CUST4061,REV21985
ORD11986,5,59,17/02/2023,Pending,PayPal,PROD111,CUST1021,REV21986
ORD11987,1,25,28/04/2023,Delivered,Credit Card,PROD114,CUST3978,REV21987
ORD11988,5,120,27/11/2023,Shipped,PayPal,PROD104,CUST3150,REV21988
ORD11989,5,199,14/05/2025,Returned,PayPal,PROD112,CUST1488,REV21989
ORD11990,3,25,27/06/2025,Cancelled,PayPal,PROD114,CUST4324,REV21990
ORD11991,3,129,11/08/2023,Cancelled,Cash on Delivery,PROD109,CUST4412,REV21991
ORD11992,4,999,28/03/2025,Cancelled,PayPal,PROD100,CUST4083,REV21992
ORD11993,1,149,6/08/2023,Shipped,Credit Card,PROD113,CUST1261,REV21993
ORD11994,1,149,25/08/2023,Shipped,Credit Card,PROD113,CUST4041,REV21994
ORD11995,1,99,24/02/2024,Delivered,Cash on Delivery,PROD106,CUST3402,REV21995
ORD11996,1,899,12/05/2023,Cancelled,PayPal,PROD101,CUST3186,REV21996
ORD11997,3,899,19/04/2025,Cancelled,Credit Card,PROD101,CUST3139,REV21997
ORD11998,2,399,13/09/2024,Cancelled,PayPal,PROD107,CUST2655,REV21998
ORD11999,2,399,19/11/2024,Shipped,Credit Card,PROD107,CUST3295,REV21999
ORD12000,3,120,25/08/2022,Returned,PayPal,PROD104,CUST1285,REV22000
ORD12001,1,199,19/09/2023,Delivered,Cash on Delivery,PROD112,CUST2415,REV22001
ORD12002,4,149,24/12/2024,Cancelled,Cash on Delivery,PROD113,CUST3012,REV22002
ORD12003,3,199,12/03/2023,Cancelled,Cash on Delivery,PROD112,CUST1729,REV22003
ORD12004,5,199,5/02/2025,Delivered,PayPal,PROD102,CUST4452,REV22004
ORD12005,4,999,9/06/2024,Shipped,Credit Card,PROD100,CUST4931,REV22005
ORD12006,1,399,14/05/2025,Shipped,PayPal,PROD107,CUST5445,REV22006
ORD12007,5,199,5/05/2025,Shipped,PayPal,PROD102,CUST5018,REV22007
ORD12008,1,199,21/08/2023,Pending,Cash on Delivery,PROD112,CUST4213,REV22008
ORD12009,2,129,22/12/2023,Pending,Credit Card,PROD109,CUST4454,REV22009
ORD12010,5,59,22/02/2025,Shipped,PayPal,PROD111,CUST4122,REV22010
ORD12011,3,129,21/06/2024,Returned,Credit Card,PROD109,CUST3866,REV22011
ORD12012,3,110,13/09/2024,Returned,Cash on Delivery,PROD105,CUST1862,REV22012
ORD12013,5,110,12/06/2025,Returned,Cash on Delivery,PROD105,CUST4820,REV22013
ORD12014,4,59,2/08/2023,Delivered,PayPal,PROD111,CUST2215,REV22014
ORD12015,2,25,3/04/2025,Delivered,Cash on Delivery,PROD114,CUST2344,REV22015
ORD12016,2,25,20/05/2025,Pending,Credit Card,PROD114,CUST4868,REV22016
ORD12017,1,149,19/08/2024,Pending,PayPal,PROD113,CUST2334,REV22017
ORD12018,2,59,22/12/2023,Shipped,Credit Card,PROD103,CUST1964,REV22018
ORD12019,4,199,29/09/2022,Delivered,Cash on Delivery,PROD112,CUST1959,REV22019
ORD12020,2,149,12/04/2024,Delivered,Credit Card,PROD113,CUST1594,REV22020
ORD12021,5,59,24/04/2023,Returned,Cash on Delivery,PROD111,CUST4479,REV22021
ORD12022,3,59,24/04/2025,Shipped,Credit Card,PROD111,CUST3082,REV22022
ORD12023,3,110,4/05/2025,Shipped,Credit Card,PROD105,CUST1763,REV22023
ORD12024,3,80,13/06/2024,Shipped,Credit Card,PROD110,CUST2977,REV22024
ORD12025,3,399,5/10/2023,Cancelled,PayPal,PROD107,CUST5391,REV22025
ORD12026,4,399,22/10/2023,Delivered,PayPal,PROD107,CUST2938,REV22026
ORD12027,1,80,10/07/2023,Shipped,Credit Card,PROD110,CUST3063,REV22027
ORD12028,5,25,13/04/2024,Pending,Credit Card,PROD114,CUST2202,REV22028
ORD12029,4,59,5/05/2024,Cancelled,Cash on Delivery,PROD111,CUST4494,REV22029
ORD12030,2,149,19/08/2023,Cancelled,PayPal,PROD113,CUST2304,REV22030
ORD12031,5,120,8/04/2025,Delivered,Cash on Delivery,PROD104,CUST4139,REV22031
ORD12032,4,229,1/04/2023,Shipped,Cash on Delivery,PROD108,CUST4447,REV22032
ORD12033,2,80,29/02/2024,Delivered,PayPal,PROD110,CUST1333,REV22033
ORD12034,5,99,6/08/2025,Cancelled,PayPal,PROD106,CUST5579,REV22034
ORD12035,2,149,21/04/2023,Shipped,Cash on Delivery,PROD113,CUST1116,REV22035
ORD12036,3,110,24/03/2024,Delivered,PayPal,PROD105,CUST3897,REV22036
ORD12037,1,25,4/09/2023,Pending,Credit Card,PROD114,CUST4234,REV22037
ORD12038,4,129,28/06/2023,Cancelled,Credit Card,PROD109,CUST1586,REV22038
ORD12039,4,199,1/03/2025,Pending,Credit Card,PROD112,CUST4607,REV22039
ORD12040,4,199,11/05/2024,Cancelled,PayPal,PROD112,CUST1203,REV22040
ORD12041,1,59,29/12/2022,Pending,PayPal,PROD111,CUST5756,REV22041
ORD12042,3,129,28/06/2023,Returned,Cash on Delivery,PROD109,CUST2278,REV22042
ORD12043,2,59,20/12/2023,Cancelled,Credit Card,PROD111,CUST4019,REV22043
ORD12044,4,80,6/04/2024,Delivered,PayPal,PROD110,CUST1879,REV22044
ORD12045,3,199,18/02/2024,Cancelled,Credit Card,PROD112,CUST1627,REV22045
ORD12046,1,999,12/10/2022,Returned,PayPal,PROD100,CUST2889,REV22046
ORD12047,5,149,15/02/2025,Shipped,PayPal,PROD113,CUST4375,REV22047
ORD12048,4,59,4/07/2024,Shipped,Cash on Delivery,PROD111,CUST5267,REV22048
ORD12049,1,25,10/03/2024,Cancelled,PayPal,PROD114,CUST5601,REV22049
ORD12050,4,399,5/12/2022,Pending,Credit Card,PROD107,CUST3310,REV22050
ORD12051,1,129,14/09/2024,Pending,Credit Card,PROD109,CUST4636,REV22051
ORD12052,5,120,9/10/2024,Delivered,Credit Card,PROD104,CUST1981,REV22052
ORD12053,4,59,26/08/2024,Pending,Credit Card,PROD103,CUST3668,REV22053
ORD12054,2,199,30/11/2023,Delivered,Cash on Delivery,PROD112,CUST1898,REV22054
ORD12055,3,149,27/12/2024,Returned,PayPal,PROD113,CUST3877,REV22055
ORD12056,2,149,11/06/2023,Shipped,Cash on Delivery,PROD113,CUST3985,REV22056
ORD12057,4,120,25/12/2022,Cancelled,Credit Card,PROD104,CUST4039,REV22057
ORD12058,5,899,25/08/2022,Delivered,Cash on Delivery,PROD101,CUST5661,REV22058
ORD12059,5,59,17/05/2024,Returned,PayPal,PROD111,CUST3462,REV22059
ORD12060,2,199,14/12/2024,Shipped,Credit Card,PROD102,CUST2187,REV22060
ORD12061,2,25,1/06/2024,Cancelled,Cash on Delivery,PROD114,CUST5697,REV22061
ORD12062,3,80,23/06/2023,Cancelled,PayPal,PROD110,CUST5981,REV22062
ORD12063,4,80,7/08/2024,Shipped,Credit Card,PROD110,CUST3790,REV22063
ORD12064,3,110,23/07/2025,Delivered,PayPal,PROD105,CUST2635,REV22064
ORD12065,1,149,6/02/2024,Returned,PayPal,PROD113,CUST4356,REV22065
ORD12066,1,999,4/02/2025,Delivered,Credit Card,PROD100,CUST3096,REV22066
ORD12067,4,59,29/05/2024,Delivered,Cash on Delivery,PROD103,CUST4588,REV22067
ORD12068,3,149,28/09/2022,Pending,Credit Card,PROD113,CUST5163,REV22068
ORD12069,1,110,5/08/2025,Delivered,Cash on Delivery,PROD105,CUST5694,REV22069
ORD12070,4,129,14/03/2025,Shipped,Credit Card,PROD109,CUST3393,REV22070
ORD12071,1,110,27/05/2023,Shipped,PayPal,PROD105,CUST1697,REV22071
ORD12072,2,110,21/11/2023,Shipped,PayPal,PROD105,CUST5819,REV22072
ORD12073,5,59,5/06/2024,Pending,Credit Card,PROD111,CUST2759,REV22073
ORD12074,1,59,30/06/2023,Delivered,Credit Card,PROD111,CUST2323,REV22074
ORD12075,2,129,7/05/2023,Delivered,Cash on Delivery,PROD109,CUST3990,REV22075
ORD12076,4,199,16/04/2025,Shipped,PayPal,PROD102,CUST2732,REV22076
ORD12077,5,110,4/07/2024,Cancelled,PayPal,PROD105,CUST4588,REV22077
ORD12078,4,229,5/08/2025,Cancelled,Credit Card,PROD108,CUST1500,REV22078
ORD12079,3,59,10/01/2025,Pending,Cash on Delivery,PROD103,CUST5696,REV22079
ORD12080,4,59,28/04/2025,Delivered,Credit Card,PROD111,CUST2648,REV22080
ORD12081,5,110,25/03/2023,Pending,Credit Card,PROD105,CUST4017,REV22081
ORD12082,2,59,10/10/2024,Pending,PayPal,PROD103,CUST5040,REV22082
ORD12083,5,199,2/05/2024,Delivered,Credit Card,PROD102,CUST1924,REV22083
ORD12084,5,399,8/04/2025,Delivered,Cash on Delivery,PROD107,CUST1667,REV22084
ORD12085,3,110,2/08/2023,Pending,Cash on Delivery,PROD105,CUST1198,REV22085
ORD12086,4,129,20/09/2022,Returned,Credit Card,PROD109,CUST2077,REV22086
ORD12087,1,129,7/07/2025,Returned,Cash on Delivery,PROD109,CUST2420,REV22087
ORD12088,4,199,5/11/2023,Pending,PayPal,PROD102,CUST5991,REV22088
ORD12089,1,129,27/06/2023,Delivered,Cash on Delivery,PROD109,CUST4074,REV22089
ORD12090,5,129,3/07/2025,Cancelled,Credit Card,PROD109,CUST1577,REV22090
ORD12091,3,59,18/06/2025,Cancelled,Cash on Delivery,PROD111,CUST4342,REV22091
ORD12092,2,149,1/01/2024,Shipped,Cash on Delivery,PROD113,CUST2475,REV22092
ORD12093,4,129,17/11/2023,Returned,Cash on Delivery,PROD109,CUST5328,REV22093
ORD12094,1,399,29/07/2024,Shipped,Cash on Delivery,PROD107,CUST2256,REV22094
ORD12095,4,80,27/09/2024,Delivered,Cash on Delivery,PROD110,CUST2243,REV22095
ORD12096,3,999,10/08/2025,Pending,Credit Card,PROD100,CUST1399,REV22096
ORD12097,2,149,5/02/2024,Cancelled,Cash on Delivery,PROD113,CUST2322,REV22097
ORD12098,2,399,3/10/2023,Delivered,Cash on Delivery,PROD107,CUST5125,REV22098
ORD12099,1,199,16/01/2024,Shipped,Credit Card,PROD102,CUST5082,REV22099
ORD12100,3,110,18/10/2022,Delivered,Credit Card,PROD105,CUST2378,REV22100
ORD12101,5,110,4/08/2025,Cancelled,Credit Card,PROD105,CUST2110,REV22101
ORD12102,3,25,12/02/2023,Returned,Cash on Delivery,PROD114,CUST3240,REV22102
ORD12103,3,149,2/02/2024,Delivered,Credit Card,PROD113,CUST5552,REV22103
ORD12104,4,999,4/01/2024,Shipped,PayPal,PROD100,CUST1200,REV22104
ORD12105,1,399,17/11/2023,Delivered,PayPal,PROD107,CUST4881,REV22105
ORD12106,3,229,6/02/2023,Pending,Cash on Delivery,PROD108,CUST3372,REV22106
ORD12107,4,25,6/05/2024,Shipped,Cash on Delivery,PROD114,CUST1248,REV22107
ORD12108,4,25,11/09/2023,Returned,Credit Card,PROD114,CUST1717,REV22108
ORD12109,4,899,14/12/2024,Pending,PayPal,PROD101,CUST5094,REV22109
ORD12110,1,99,5/02/2024,Returned,Credit Card,PROD106,CUST1319,REV22110
ORD12111,5,99,16/03/2024,Shipped,Cash on Delivery,PROD106,CUST1285,REV22111
ORD12112,2,129,7/02/2023,Shipped,Cash on Delivery,PROD109,CUST3592,REV22112
ORD12113,3,199,8/06/2025,Shipped,PayPal,PROD102,CUST4688,REV22113
ORD12114,2,59,5/11/2023,Cancelled,PayPal,PROD103,CUST2462,REV22114
ORD12115,5,999,11/05/2024,Delivered,Credit Card,PROD100,CUST5782,REV22115
ORD12116,2,899,30/07/2024,Cancelled,PayPal,PROD101,CUST5125,REV22116
ORD12117,4,110,28/04/2024,Cancelled,PayPal,PROD105,CUST2385,REV22117
ORD12118,1,899,24/04/2023,Cancelled,PayPal,PROD101,CUST4757,REV22118
ORD12119,3,149,24/06/2023,Shipped,PayPal,PROD113,CUST4643,REV22119
ORD12120,2,59,7/01/2023,Cancelled,Cash on Delivery,PROD111,CUST5045,REV22120
ORD12121,5,59,22/10/2023,Shipped,Cash on Delivery,PROD111,CUST2638,REV22121
ORD12122,2,120,5/08/2024,Delivered,PayPal,PROD104,CUST1458,REV22122
ORD12123,2,199,26/10/2023,Pending,PayPal,PROD112,CUST3286,REV22123
ORD12124,2,25,24/06/2024,Pending,PayPal,PROD114,CUST1741,REV22124
ORD12125,1,229,16/06/2024,Shipped,PayPal,PROD108,CUST1863,REV22125
ORD12126,2,899,7/02/2023,Cancelled,PayPal,PROD101,CUST3550,REV22126
ORD12127,1,59,12/02/2024,Returned,PayPal,PROD103,CUST1659,REV22127
ORD12128,1,149,4/09/2023,Delivered,PayPal,PROD113,CUST1357,REV22128
ORD12129,5,59,26/01/2023,Pending,Credit Card,PROD103,CUST4896,REV22129
ORD12130,2,59,12/06/2025,Cancelled,Cash on Delivery,PROD103,CUST3016,REV22130
ORD12131,2,199,20/10/2023,Delivered,Cash on Delivery,PROD102,CUST3660,REV22131
ORD12132,3,25,22/01/2023,Delivered,Credit Card,PROD114,CUST4520,REV22132
ORD12133,2,899,20/11/2023,Cancelled,Cash on Delivery,PROD101,CUST3841,REV22133
ORD12134,2,129,15/09/2024,Returned,PayPal,PROD109,CUST5743,REV22134
ORD12135,2,229,8/11/2022,Cancelled,Credit Card,PROD108,CUST2363,REV22135
ORD12136,2,129,28/12/2024,Cancelled,Cash on Delivery,PROD109,CUST2888,REV22136
ORD12137,1,120,11/06/2024,Delivered,PayPal,PROD104,CUST3174,REV22137
ORD12138,5,199,15/08/2024,Pending,PayPal,PROD102,CUST1438,REV22138
ORD12139,2,80,4/11/2023,Pending,PayPal,PROD110,CUST2429,REV22139
ORD12140,4,110,22/04/2023,Shipped,Credit Card,PROD105,CUST5398,REV22140
ORD12141,3,110,4/10/2022,Pending,Credit Card,PROD105,CUST2330,REV22141
ORD12142,4,399,9/05/2024,Delivered,Credit Card,PROD107,CUST4917,REV22142
ORD12143,4,149,25/05/2024,Shipped,Credit Card,PROD113,CUST3063,REV22143
ORD12144,3,229,27/10/2023,Returned,Credit Card,PROD108,CUST1982,REV22144
ORD12145,1,59,16/07/2025,Returned,Cash on Delivery,PROD111,CUST3696,REV22145
ORD12146,5,59,15/11/2022,Returned,Cash on Delivery,PROD103,CUST1990,REV22146
ORD12147,1,229,1/05/2023,Delivered,PayPal,PROD108,CUST1456,REV22147
ORD12148,3,25,3/06/2025,Cancelled,PayPal,PROD114,CUST4899,REV22148
ORD12149,2,149,15/09/2022,Delivered,Credit Card,PROD113,CUST1754,REV22149
ORD12150,1,149,16/07/2023,Cancelled,Cash on Delivery,PROD113,CUST3421,REV22150
ORD12151,1,59,27/11/2022,Returned,Cash on Delivery,PROD111,CUST2340,REV22151
ORD12152,4,25,3/12/2024,Delivered,PayPal,PROD114,CUST4977,REV22152
ORD12153,1,399,21/05/2023,Returned,Credit Card,PROD107,CUST5010,REV22153
ORD12154,4,80,30/11/2023,Returned,PayPal,PROD110,CUST1000,REV22154
ORD12155,3,129,4/04/2025,Pending,Cash on Delivery,PROD109,CUST5003,REV22155
ORD12156,1,59,6/06/2025,Cancelled,Cash on Delivery,PROD103,CUST3381,REV22156
ORD12157,5,399,12/12/2024,Delivered,Cash on Delivery,PROD107,CUST5811,REV22157
ORD12158,1,199,4/01/2023,Cancelled,Cash on Delivery,PROD102,CUST5165,REV22158
ORD12159,3,25,21/07/2025,Pending,Cash on Delivery,PROD114,CUST5206,REV22159
ORD12160,3,399,12/07/2024,Delivered,Credit Card,PROD107,CUST1243,REV22160
ORD12161,5,999,13/09/2023,Cancelled,Cash on Delivery,PROD100,CUST4837,REV22161
ORD12162,5,129,21/02/2025,Pending,PayPal,PROD109,CUST2424,REV22162
ORD12163,2,120,16/10/2024,Shipped,Credit Card,PROD104,CUST3135,REV22163
ORD12164,4,120,20/04/2024,Cancelled,PayPal,PROD104,CUST4229,REV22164
ORD12165,2,199,17/11/2024,Returned,Cash on Delivery,PROD102,CUST3621,REV22165
ORD12166,3,59,2/12/2022,Shipped,Credit Card,PROD103,CUST4024,REV22166
ORD12167,4,129,22/11/2022,Pending,PayPal,PROD109,CUST5361,REV22167
ORD12168,3,120,20/01/2024,Returned,Cash on Delivery,PROD104,CUST4744,REV22168
ORD12169,5,99,8/09/2022,Returned,PayPal,PROD106,CUST5529,REV22169
ORD12170,1,80,11/04/2023,Shipped,Cash on Delivery,PROD110,CUST1969,REV22170
ORD12171,3,199,21/02/2024,Shipped,Credit Card,PROD102,CUST5148,REV22171
ORD12172,5,110,11/08/2023,Shipped,Credit Card,PROD105,CUST1387,REV22172
ORD12173,2,120,26/01/2023,Returned,PayPal,PROD104,CUST3783,REV22173
ORD12174,5,99,13/02/2024,Shipped,PayPal,PROD106,CUST1103,REV22174
ORD12175,5,129,9/01/2025,Shipped,PayPal,PROD109,CUST3050,REV22175
ORD12176,4,59,18/12/2023,Delivered,Cash on Delivery,PROD111,CUST3242,REV22176
ORD12177,3,80,29/06/2024,Cancelled,Cash on Delivery,PROD110,CUST2633,REV22177
ORD12178,5,399,10/04/2024,Shipped,Cash on Delivery,PROD107,CUST1104,REV22178
ORD12179,2,399,19/01/2025,Shipped,Cash on Delivery,PROD107,CUST4723,REV22179
ORD12180,4,110,24/12/2022,Pending,Cash on Delivery,PROD105,CUST1446,REV22180
ORD12181,3,120,11/08/2024,Cancelled,PayPal,PROD104,CUST2342,REV22181
ORD12182,5,129,28/06/2024,Shipped,PayPal,PROD109,CUST4057,REV22182
ORD12183,3,99,27/04/2024,Delivered,Cash on Delivery,PROD106,CUST3886,REV22183
ORD12184,4,399,10/02/2023,Returned,Credit Card,PROD107,CUST3620,REV22184
ORD12185,3,59,2/10/2022,Cancelled,Credit Card,PROD111,CUST1053,REV22185
ORD12186,5,199,10/07/2025,Pending,Cash on Delivery,PROD102,CUST5520,REV22186
ORD12187,5,149,18/10/2022,Cancelled,PayPal,PROD113,CUST4552,REV22187
ORD12188,4,99,14/05/2023,Shipped,Credit Card,PROD106,CUST5050,REV22188
ORD12189,4,999,23/03/2023,Returned,PayPal,PROD100,CUST2438,REV22189
ORD12190,4,120,16/03/2025,Returned,PayPal,PROD104,CUST5519,REV22190
ORD12191,3,99,6/12/2022,Pending,Credit Card,PROD106,CUST1364,REV22191
ORD12192,4,149,9/09/2024,Shipped,Cash on Delivery,PROD113,CUST2797,REV22192
ORD12193,1,899,23/11/2024,Shipped,Credit Card,PROD101,CUST1478,REV22193
ORD12194,3,99,28/03/2023,Pending,PayPal,PROD106,CUST4753,REV22194
ORD12195,3,199,24/11/2023,Pending,PayPal,PROD112,CUST4177,REV22195
ORD12196,1,999,21/06/2023,Pending,Cash on Delivery,PROD100,CUST5415,REV22196
ORD12197,5,199,13/09/2023,Pending,PayPal,PROD102,CUST1195,REV22197
ORD12198,2,229,6/02/2023,Pending,PayPal,PROD108,CUST2109,REV22198
ORD12199,1,80,2/11/2022,Cancelled,PayPal,PROD110,CUST5763,REV22199
ORD12200,5,59,11/11/2024,Pending,PayPal,PROD103,CUST1392,REV22200
ORD12201,4,99,6/01/2023,Returned,Cash on Delivery,PROD106,CUST2851,REV22201
ORD12202,1,120,23/12/2024,Delivered,Cash on Delivery,PROD104,CUST4143,REV22202
ORD12203,2,199,12/12/2022,Delivered,PayPal,PROD102,CUST2368,REV22203
ORD12204,4,899,27/08/2023,Returned,PayPal,PROD101,CUST5532,REV22204
ORD12205,4,59,7/09/2024,Shipped,PayPal,PROD103,CUST1035,REV22205
ORD12206,4,120,4/01/2023,Pending,Cash on Delivery,PROD104,CUST4022,REV22206
ORD12207,1,199,11/06/2025,Returned,PayPal,PROD112,CUST3271,REV22207
ORD12208,4,199,12/01/2023,Pending,Credit Card,PROD112,CUST2792,REV22208
ORD12209,5,110,5/06/2024,Pending,PayPal,PROD105,CUST3076,REV22209
ORD12210,1,229,21/03/2023,Returned,Credit Card,PROD108,CUST4769,REV22210
ORD12211,4,199,9/12/2024,Pending,Credit Card,PROD102,CUST1232,REV22211
ORD12212,2,399,24/07/2023,Shipped,Credit Card,PROD107,CUST5780,REV22212
ORD12213,4,120,4/04/2025,Delivered,Cash on Delivery,PROD104,CUST4885,REV22213
ORD12214,2,80,21/05/2023,Pending,Cash on Delivery,PROD110,CUST1252,REV22214
ORD12215,1,99,29/03/2025,Cancelled,PayPal,PROD106,CUST4523,REV22215
ORD12216,4,999,27/01/2023,Delivered,Cash on Delivery,PROD100,CUST3801,REV22216
ORD12217,5,80,16/12/2022,Cancelled,PayPal,PROD110,CUST2325,REV22217
ORD12218,2,59,30/12/2024,Returned,Cash on Delivery,PROD103,CUST5316,REV22218
ORD12219,5,110,26/02/2023,Returned,PayPal,PROD105,CUST5114,REV22219
ORD12220,5,149,8/02/2025,Returned,Cash on Delivery,PROD113,CUST5966,REV22220
ORD12221,3,110,16/10/2023,Pending,Cash on Delivery,PROD105,CUST2945,REV22221
ORD12222,1,199,4/07/2024,Pending,PayPal,PROD112,CUST5783,REV22222
ORD12223,2,129,19/10/2023,Shipped,PayPal,PROD109,CUST4546,REV22223
ORD12224,2,120,26/05/2023,Returned,Cash on Delivery,PROD104,CUST3217,REV22224
ORD12225,2,129,9/09/2023,Delivered,Cash on Delivery,PROD109,CUST3120,REV22225
ORD12226,2,999,3/04/2023,Returned,Cash on Delivery,PROD100,CUST3198,REV22226
ORD12227,4,120,4/06/2025,Cancelled,Cash on Delivery,PROD104,CUST2928,REV22227
ORD12228,1,59,5/11/2023,Shipped,PayPal,PROD103,CUST1413,REV22228
ORD12229,2,80,27/06/2023,Shipped,PayPal,PROD110,CUST2595,REV22229
ORD12230,5,399,24/10/2023,Returned,Cash on Delivery,PROD107,CUST2754,REV22230
ORD12231,3,199,8/07/2023,Delivered,PayPal,PROD112,CUST1395,REV22231
ORD12232,2,199,25/11/2023,Shipped,Cash on Delivery,PROD112,CUST3900,REV22232
ORD12233,1,120,17/06/2025,Delivered,Cash on Delivery,PROD104,CUST5404,REV22233
ORD12234,5,399,3/10/2024,Cancelled,Cash on Delivery,PROD107,CUST5391,REV22234
ORD12235,1,899,15/01/2025,Returned,Cash on Delivery,PROD101,CUST1681,REV22235
ORD12236,2,229,25/05/2023,Pending,PayPal,PROD108,CUST1405,REV22236
ORD12237,1,110,30/06/2023,Shipped,Cash on Delivery,PROD105,CUST5681,REV22237
ORD12238,2,229,6/06/2023,Returned,PayPal,PROD108,CUST3407,REV22238
ORD12239,4,899,3/04/2024,Returned,PayPal,PROD101,CUST2434,REV22239
ORD12240,3,99,4/04/2024,Returned,PayPal,PROD106,CUST5485,REV22240
ORD12241,4,80,10/05/2023,Delivered,PayPal,PROD110,CUST4835,REV22241
ORD12242,4,59,6/11/2022,Cancelled,PayPal,PROD111,CUST3272,REV22242
ORD12243,1,110,15/07/2023,Pending,Cash on Delivery,PROD105,CUST2794,REV22243
ORD12244,3,59,6/12/2022,Shipped,Credit Card,PROD103,CUST2559,REV22244
ORD12245,1,899,4/01/2024,Shipped,Cash on Delivery,PROD101,CUST4859,REV22245
ORD12246,4,399,14/06/2024,Delivered,Credit Card,PROD107,CUST4410,REV22246
ORD12247,1,129,26/03/2023,Delivered,Cash on Delivery,PROD109,CUST5101,REV22247
ORD12248,2,110,28/02/2024,Shipped,Cash on Delivery,PROD105,CUST2483,REV22248
ORD12249,2,199,12/07/2025,Returned,Cash on Delivery,PROD102,CUST1538,REV22249
ORD12250,4,899,22/09/2023,Returned,Credit Card,PROD101,CUST3288,REV22250
ORD12251,2,120,6/02/2024,Pending,Cash on Delivery,PROD104,CUST5079,REV22251
ORD12252,5,59,13/07/2024,Returned,Cash on Delivery,PROD103,CUST5103,REV22252
ORD12253,5,80,20/01/2024,Pending,PayPal,PROD110,CUST4697,REV22253
ORD12254,2,899,6/09/2022,Shipped,PayPal,PROD101,CUST1242,REV22254
ORD12255,3,25,16/11/2024,Returned,PayPal,PROD114,CUST5384,REV22255
ORD12256,1,899,30/07/2025,Shipped,Cash on Delivery,PROD101,CUST1232,REV22256
ORD12257,4,59,29/10/2024,Returned,PayPal,PROD103,CUST2731,REV22257
ORD12258,2,199,29/10/2024,Cancelled,Credit Card,PROD112,CUST5445,REV22258
ORD12259,1,999,12/05/2023,Cancelled,Cash on Delivery,PROD100,CUST2286,REV22259
ORD12260,5,899,19/01/2024,Delivered,Credit Card,PROD101,CUST1428,REV22260
ORD12261,1,229,17/10/2024,Cancelled,Cash on Delivery,PROD108,CUST3755,REV22261
ORD12262,3,999,9/03/2025,Cancelled,Credit Card,PROD100,CUST4016,REV22262
ORD12263,1,999,3/09/2023,Shipped,PayPal,PROD100,CUST4122,REV22263
ORD12264,3,199,5/08/2024,Shipped,Cash on Delivery,PROD112,CUST4924,REV22264
ORD12265,1,59,25/11/2024,Delivered,Cash on Delivery,PROD103,CUST1416,REV22265
ORD12266,1,399,23/09/2022,Cancelled,Cash on Delivery,PROD107,CUST5060,REV22266
ORD12267,3,149,10/05/2023,Delivered,Credit Card,PROD113,CUST2383,REV22267
ORD12268,3,110,22/03/2025,Shipped,PayPal,PROD105,CUST1274,REV22268
ORD12269,4,120,13/02/2023,Shipped,Credit Card,PROD104,CUST3440,REV22269
ORD12270,4,59,4/07/2025,Shipped,Credit Card,PROD111,CUST1619,REV22270
ORD12271,3,120,4/01/2025,Delivered,PayPal,PROD104,CUST5028,REV22271
ORD12272,2,899,1/01/2024,Cancelled,Cash on Delivery,PROD101,CUST3937,REV22272
ORD12273,1,999,7/06/2024,Delivered,Credit Card,PROD100,CUST4997,REV22273
ORD12274,5,229,24/05/2023,Delivered,Cash on Delivery,PROD108,CUST4323,REV22274
ORD12275,3,99,1/05/2023,Pending,Credit Card,PROD106,CUST3166,REV22275
ORD12276,1,59,18/04/2023,Cancelled,Credit Card,PROD111,CUST2010,REV22276
ORD12277,1,149,15/05/2024,Shipped,Cash on Delivery,PROD113,CUST3331,REV22277
ORD12278,3,110,12/11/2024,Shipped,Credit Card,PROD105,CUST3135,REV22278
ORD12279,2,399,20/10/2023,Returned,PayPal,PROD107,CUST4765,REV22279
ORD12280,2,199,20/08/2025,Delivered,Credit Card,PROD102,CUST5744,REV22280
ORD12281,1,80,5/11/2023,Pending,Credit Card,PROD110,CUST2586,REV22281
ORD12282,4,899,24/08/2024,Pending,PayPal,PROD101,CUST2745,REV22282
ORD12283,1,199,21/10/2022,Pending,Credit Card,PROD102,CUST5091,REV22283
ORD12284,3,59,15/05/2024,Returned,PayPal,PROD103,CUST1376,REV22284
ORD12285,2,149,13/01/2023,Shipped,Cash on Delivery,PROD113,CUST5093,REV22285
ORD12286,4,899,20/09/2024,Returned,Credit Card,PROD101,CUST1512,REV22286
ORD12287,5,149,17/02/2025,Shipped,Credit Card,PROD113,CUST2403,REV22287
ORD12288,2,25,21/07/2025,Shipped,Credit Card,PROD114,CUST5999,REV22288
ORD12289,1,25,11/05/2023,Returned,Cash on Delivery,PROD114,CUST2290,REV22289
ORD12290,1,59,21/05/2023,Pending,PayPal,PROD103,CUST2112,REV22290
ORD12291,1,59,8/03/2025,Delivered,PayPal,PROD103,CUST1120,REV22291
ORD12292,2,80,2/12/2024,Delivered,Credit Card,PROD110,CUST5153,REV22292
ORD12293,5,59,24/05/2025,Cancelled,Cash on Delivery,PROD103,CUST5758,REV22293
ORD12294,1,999,3/08/2025,Delivered,Cash on Delivery,PROD100,CUST2933,REV22294
ORD12295,4,110,17/12/2024,Pending,Credit Card,PROD105,CUST1177,REV22295
ORD12296,4,25,15/02/2025,Cancelled,PayPal,PROD114,CUST2160,REV22296
ORD12297,4,149,12/07/2024,Returned,PayPal,PROD113,CUST3643,REV22297
ORD12298,1,25,28/10/2024,Delivered,Credit Card,PROD114,CUST1767,REV22298
ORD12299,1,80,26/05/2024,Cancelled,Credit Card,PROD110,CUST4243,REV22299
ORD12300,5,199,5/03/2024,Returned,PayPal,PROD102,CUST5842,REV22300
ORD12301,5,129,25/04/2023,Pending,Credit Card,PROD109,CUST4983,REV22301
ORD12302,3,149,7/05/2024,Returned,PayPal,PROD113,CUST2012,REV22302
ORD12303,1,80,21/09/2023,Shipped,Credit Card,PROD110,CUST1176,REV22303
ORD12304,3,99,11/10/2022,Shipped,Credit Card,PROD106,CUST1185,REV22304
ORD12305,1,59,3/09/2022,Pending,Credit Card,PROD103,CUST3303,REV22305
ORD12306,3,149,5/11/2023,Delivered,PayPal,PROD113,CUST5529,REV22306
ORD12307,4,399,1/04/2025,Shipped,PayPal,PROD107,CUST1618,REV22307
ORD12308,4,25,20/11/2023,Shipped,Cash on Delivery,PROD114,CUST4459,REV22308
ORD12309,3,999,7/05/2024,Shipped,PayPal,PROD100,CUST1240,REV22309
ORD12310,4,199,9/04/2024,Shipped,Cash on Delivery,PROD112,CUST5694,REV22310
ORD12311,1,129,14/09/2023,Delivered,Credit Card,PROD109,CUST1459,REV22311
ORD12312,5,199,20/09/2023,Shipped,Cash on Delivery,PROD112,CUST4924,REV22312
ORD12313,1,999,23/03/2025,Returned,Credit Card,PROD100,CUST1488,REV22313
ORD12314,3,999,7/02/2023,Cancelled,PayPal,PROD100,CUST5753,REV22314
ORD12315,1,120,10/11/2022,Returned,Credit Card,PROD104,CUST5445,REV22315
ORD12316,1,25,22/05/2023,Shipped,Cash on Delivery,PROD114,CUST1406,REV22316
ORD12317,3,199,17/05/2024,Cancelled,Cash on Delivery,PROD112,CUST1031,REV22317
ORD12318,2,229,9/12/2023,Delivered,PayPal,PROD108,CUST4383,REV22318
ORD12319,1,80,28/03/2025,Cancelled,PayPal,PROD110,CUST2532,REV22319
ORD12320,4,899,27/03/2025,Pending,PayPal,PROD101,CUST1938,REV22320
ORD12321,2,99,13/05/2024,Cancelled,Credit Card,PROD106,CUST1049,REV22321
ORD12322,2,899,11/10/2023,Pending,Credit Card,PROD101,CUST4303,REV22322
ORD12323,5,999,18/10/2022,Returned,PayPal,PROD100,CUST3589,REV22323
ORD12324,3,59,26/02/2023,Pending,Cash on Delivery,PROD111,CUST1178,REV22324
ORD12325,5,59,20/09/2023,Delivered,Credit Card,PROD111,CUST5448,REV22325
ORD12326,3,99,12/06/2025,Pending,Cash on Delivery,PROD106,CUST2572,REV22326
ORD12327,4,59,8/03/2023,Cancelled,Cash on Delivery,PROD103,CUST5176,REV22327
ORD12328,5,80,7/01/2024,Cancelled,Cash on Delivery,PROD110,CUST3625,REV22328
ORD12329,1,99,14/04/2024,Cancelled,Cash on Delivery,PROD106,CUST3916,REV22329
ORD12330,1,59,11/06/2023,Returned,PayPal,PROD111,CUST2789,REV22330
ORD12331,4,80,4/09/2024,Delivered,PayPal,PROD110,CUST3324,REV22331
ORD12332,2,80,12/08/2025,Returned,Credit Card,PROD110,CUST3331,REV22332
ORD12333,4,399,21/03/2023,Pending,PayPal,PROD107,CUST1651,REV22333
ORD12334,3,99,20/04/2025,Cancelled,Credit Card,PROD106,CUST5273,REV22334
ORD12335,1,129,21/03/2024,Shipped,PayPal,PROD109,CUST4986,REV22335
ORD12336,5,399,4/12/2022,Returned,Cash on Delivery,PROD107,CUST2835,REV22336
ORD12337,3,120,27/04/2023,Cancelled,Cash on Delivery,PROD104,CUST4209,REV22337
ORD12338,5,80,11/05/2025,Returned,PayPal,PROD110,CUST1156,REV22338
ORD12339,1,899,28/06/2024,Delivered,PayPal,PROD101,CUST5998,REV22339
ORD12340,4,129,2/08/2025,Pending,Cash on Delivery,PROD109,CUST1186,REV22340
ORD12341,1,80,1/05/2024,Shipped,PayPal,PROD110,CUST4353,REV22341
ORD12342,3,199,1/12/2023,Pending,Cash on Delivery,PROD102,CUST4118,REV22342
ORD12343,1,899,29/08/2023,Delivered,Cash on Delivery,PROD101,CUST3354,REV22343
ORD12344,1,399,3/09/2023,Cancelled,Cash on Delivery,PROD107,CUST5086,REV22344
ORD12345,5,120,2/09/2024,Pending,Cash on Delivery,PROD104,CUST4693,REV22345
ORD12346,1,199,25/09/2023,Delivered,Credit Card,PROD102,CUST5194,REV22346
ORD12347,2,149,6/05/2023,Returned,PayPal,PROD113,CUST2881,REV22347
ORD12348,4,59,25/04/2024,Pending,Credit Card,PROD103,CUST1085,REV22348
ORD12349,5,120,26/02/2023,Pending,PayPal,PROD104,CUST1332,REV22349
ORD12350,4,149,30/12/2024,Cancelled,Credit Card,PROD113,CUST3647,REV22350
ORD12351,2,129,30/09/2022,Returned,Credit Card,PROD109,CUST3465,REV22351
ORD12352,5,199,23/01/2025,Shipped,PayPal,PROD112,CUST2058,REV22352
ORD12353,3,120,18/09/2022,Cancelled,PayPal,PROD104,CUST3985,REV22353
ORD12354,5,199,29/12/2023,Shipped,PayPal,PROD102,CUST2326,REV22354
ORD12355,3,129,15/08/2024,Pending,Cash on Delivery,PROD109,CUST2991,REV22355
ORD12356,3,59,22/05/2023,Pending,Cash on Delivery,PROD103,CUST2767,REV22356
ORD12357,1,199,2/03/2023,Pending,Cash on Delivery,PROD112,CUST5051,REV22357
ORD12358,3,899,30/07/2023,Delivered,PayPal,PROD101,CUST2447,REV22358
ORD12359,1,25,16/05/2023,Cancelled,Cash on Delivery,PROD114,CUST1987,REV22359
ORD12360,3,110,20/12/2023,Cancelled,PayPal,PROD105,CUST1489,REV22360
ORD12361,3,59,20/08/2025,Cancelled,Credit Card,PROD103,CUST5464,REV22361
ORD12362,3,399,11/11/2022,Returned,PayPal,PROD107,CUST4026,REV22362
ORD12363,2,399,8/08/2025,Returned,Cash on Delivery,PROD107,CUST3702,REV22363
ORD12364,3,110,12/02/2024,Delivered,Cash on Delivery,PROD105,CUST1531,REV22364
ORD12365,3,59,28/10/2024,Delivered,PayPal,PROD111,CUST2457,REV22365
ORD12366,3,129,10/05/2025,Delivered,Cash on Delivery,PROD109,CUST2079,REV22366
ORD12367,5,110,14/11/2024,Delivered,Cash on Delivery,PROD105,CUST1208,REV22367
ORD12368,4,59,26/10/2023,Shipped,PayPal,PROD111,CUST2668,REV22368
ORD12369,4,59,10/11/2023,Shipped,Credit Card,PROD111,CUST2948,REV22369
ORD12370,3,199,20/11/2023,Pending,Cash on Delivery,PROD102,CUST5779,REV22370
ORD12371,3,129,31/10/2023,Delivered,PayPal,PROD109,CUST3438,REV22371
ORD12372,5,80,5/12/2024,Shipped,Cash on Delivery,PROD110,CUST3159,REV22372
ORD12373,1,149,9/05/2023,Cancelled,Credit Card,PROD113,CUST1333,REV22373
ORD12374,3,120,29/08/2023,Delivered,Credit Card,PROD104,CUST3759,REV22374
ORD12375,3,229,23/02/2023,Delivered,PayPal,PROD108,CUST1782,REV22375
ORD12376,1,99,29/12/2023,Cancelled,Cash on Delivery,PROD106,CUST4194,REV22376
ORD12377,3,59,24/10/2022,Delivered,PayPal,PROD103,CUST4428,REV22377
ORD12378,2,399,2/01/2024,Pending,PayPal,PROD107,CUST2824,REV22378
ORD12379,2,110,4/12/2024,Shipped,Credit Card,PROD105,CUST2540,REV22379
ORD12380,1,25,27/02/2025,Delivered,Cash on Delivery,PROD114,CUST5298,REV22380
ORD12381,3,99,4/09/2022,Cancelled,Credit Card,PROD106,CUST1576,REV22381
ORD12382,5,25,2/04/2025,Returned,Credit Card,PROD114,CUST2586,REV22382
ORD12383,1,129,1/08/2024,Cancelled,PayPal,PROD109,CUST4479,REV22383
ORD12384,2,399,12/04/2023,Shipped,PayPal,PROD107,CUST3006,REV22384
ORD12385,5,59,16/04/2024,Pending,PayPal,PROD103,CUST4635,REV22385
ORD12386,3,59,7/01/2024,Delivered,Cash on Delivery,PROD111,CUST5610,REV22386
ORD12387,5,59,11/02/2025,Delivered,Credit Card,PROD103,CUST5271,REV22387
ORD12388,3,149,5/09/2024,Cancelled,Credit Card,PROD113,CUST3006,REV22388
ORD12389,3,129,26/02/2023,Delivered,PayPal,PROD109,CUST1700,REV22389
ORD12390,4,149,29/10/2022,Cancelled,Credit Card,PROD113,CUST3490,REV22390
ORD12391,5,99,14/05/2023,Delivered,Cash on Delivery,PROD106,CUST1535,REV22391
ORD12392,4,149,26/08/2024,Cancelled,PayPal,PROD113,CUST3596,REV22392
ORD12393,1,229,4/06/2024,Cancelled,Cash on Delivery,PROD108,CUST4452,REV22393
ORD12394,5,149,22/10/2024,Delivered,Credit Card,PROD113,CUST5587,REV22394
ORD12395,3,399,8/02/2023,Shipped,PayPal,PROD107,CUST2916,REV22395
ORD12396,4,129,6/12/2024,Returned,Cash on Delivery,PROD109,CUST2843,REV22396
ORD12397,4,99,31/03/2024,Cancelled,PayPal,PROD106,CUST5135,REV22397
ORD12398,5,129,15/03/2024,Delivered,Credit Card,PROD109,CUST3079,REV22398
ORD12399,1,110,14/12/2024,Shipped,PayPal,PROD105,CUST1573,REV22399
ORD12400,3,59,27/06/2023,Cancelled,Cash on Delivery,PROD103,CUST1418,REV22400
ORD12401,1,120,1/06/2023,Returned,Cash on Delivery,PROD104,CUST2794,REV22401
ORD12402,1,899,19/09/2024,Returned,Credit Card,PROD101,CUST1622,REV22402
ORD12403,4,59,7/03/2024,Pending,Credit Card,PROD111,CUST2492,REV22403
ORD12404,1,99,9/04/2025,Returned,PayPal,PROD106,CUST5596,REV22404
ORD12405,1,59,14/04/2023,Shipped,Cash on Delivery,PROD111,CUST3398,REV22405
ORD12406,5,59,24/03/2025,Returned,PayPal,PROD111,CUST1354,REV22406
ORD12407,1,399,31/12/2022,Returned,Credit Card,PROD107,CUST3434,REV22407
ORD12408,3,149,30/03/2025,Cancelled,Credit Card,PROD113,CUST4760,REV22408
ORD12409,2,899,11/03/2025,Delivered,Credit Card,PROD101,CUST5514,REV22409
ORD12410,5,110,28/12/2024,Pending,PayPal,PROD105,CUST4144,REV22410
ORD12411,4,99,22/07/2025,Shipped,PayPal,PROD106,CUST2406,REV22411
ORD12412,5,120,11/02/2023,Shipped,Credit Card,PROD104,CUST3470,REV22412
ORD12413,4,129,25/08/2022,Shipped,PayPal,PROD109,CUST3387,REV22413
ORD12414,2,149,27/08/2022,Cancelled,Credit Card,PROD113,CUST1768,REV22414
ORD12415,1,129,12/10/2022,Returned,Credit Card,PROD109,CUST2983,REV22415
ORD12416,4,99,26/05/2025,Cancelled,Cash on Delivery,PROD106,CUST5364,REV22416
ORD12417,2,59,4/12/2022,Cancelled,PayPal,PROD103,CUST5086,REV22417
ORD12418,1,149,25/01/2025,Pending,Cash on Delivery,PROD113,CUST4533,REV22418
ORD12419,2,999,25/06/2024,Shipped,PayPal,PROD100,CUST4441,REV22419
ORD12420,3,120,8/04/2025,Pending,Cash on Delivery,PROD104,CUST1001,REV22420
ORD12421,3,80,15/12/2023,Shipped,PayPal,PROD110,CUST2951,REV22421
ORD12422,1,229,28/01/2025,Shipped,PayPal,PROD108,CUST3132,REV22422
ORD12423,2,59,22/11/2024,Shipped,Cash on Delivery,PROD103,CUST5472,REV22423
ORD12424,4,199,4/11/2024,Returned,Credit Card,PROD102,CUST2100,REV22424
ORD12425,1,199,21/04/2024,Pending,Cash on Delivery,PROD112,CUST2366,REV22425
ORD12426,4,59,23/04/2025,Delivered,PayPal,PROD103,CUST2047,REV22426
ORD12427,5,120,15/01/2025,Pending,Cash on Delivery,PROD104,CUST1085,REV22427
ORD12428,2,229,28/11/2023,Delivered,Cash on Delivery,PROD108,CUST4013,REV22428
ORD12429,4,149,4/07/2023,Shipped,Cash on Delivery,PROD113,CUST1232,REV22429
ORD12430,1,99,29/01/2024,Delivered,Credit Card,PROD106,CUST2217,REV22430
ORD12431,1,25,27/09/2024,Shipped,Cash on Delivery,PROD114,CUST3164,REV22431
ORD12432,4,199,14/03/2024,Delivered,Credit Card,PROD112,CUST3708,REV22432
ORD12433,3,199,15/07/2023,Delivered,PayPal,PROD102,CUST1769,REV22433
ORD12434,4,999,8/06/2025,Shipped,Cash on Delivery,PROD100,CUST5505,REV22434
ORD12435,5,59,29/06/2025,Cancelled,Credit Card,PROD103,CUST2533,REV22435
ORD12436,4,59,18/01/2025,Returned,PayPal,PROD103,CUST3063,REV22436
ORD12437,3,25,20/04/2023,Pending,Cash on Delivery,PROD114,CUST2293,REV22437
ORD12438,2,99,12/06/2023,Pending,Cash on Delivery,PROD106,CUST5408,REV22438
ORD12439,4,99,5/03/2025,Shipped,Credit Card,PROD106,CUST2401,REV22439
ORD12440,1,129,29/09/2023,Cancelled,PayPal,PROD109,CUST4507,REV22440
ORD12441,4,399,17/12/2024,Cancelled,Cash on Delivery,PROD107,CUST3909,REV22441
ORD12442,1,399,6/11/2024,Returned,Credit Card,PROD107,CUST5873,REV22442
ORD12443,1,59,19/06/2024,Delivered,Cash on Delivery,PROD103,CUST1180,REV22443
ORD12444,3,25,21/09/2022,Pending,Cash on Delivery,PROD114,CUST5097,REV22444
ORD12445,1,129,17/04/2024,Returned,PayPal,PROD109,CUST3330,REV22445
ORD12446,4,25,27/02/2025,Cancelled,Credit Card,PROD114,CUST2269,REV22446
ORD12447,3,199,24/10/2024,Cancelled,Credit Card,PROD112,CUST2176,REV22447
ORD12448,4,999,29/07/2025,Cancelled,Cash on Delivery,PROD100,CUST4765,REV22448
ORD12449,2,25,24/03/2025,Returned,PayPal,PROD114,CUST4083,REV22449
ORD12450,5,25,13/10/2024,Pending,Credit Card,PROD114,CUST4793,REV22450
ORD12451,3,199,1/11/2023,Cancelled,Cash on Delivery,PROD112,CUST3233,REV22451
ORD12452,3,229,18/03/2023,Pending,Credit Card,PROD108,CUST2231,REV22452
ORD12453,2,229,3/07/2024,Returned,Credit Card,PROD108,CUST2766,REV22453
ORD12454,3,25,13/02/2024,Pending,Credit Card,PROD114,CUST4834,REV22454
ORD12455,3,229,14/12/2022,Pending,PayPal,PROD108,CUST2065,REV22455
ORD12456,1,399,30/06/2025,Delivered,Cash on Delivery,PROD107,CUST2073,REV22456
ORD12457,1,99,23/04/2023,Shipped,PayPal,PROD106,CUST3288,REV22457
ORD12458,4,899,12/02/2024,Cancelled,Cash on Delivery,PROD101,CUST5612,REV22458
ORD12459,2,80,27/06/2023,Delivered,Credit Card,PROD110,CUST5050,REV22459
ORD12460,3,110,27/04/2024,Pending,Credit Card,PROD105,CUST5880,REV22460
ORD12461,5,129,3/01/2023,Cancelled,Credit Card,PROD109,CUST4525,REV22461
ORD12462,1,999,21/01/2024,Pending,PayPal,PROD100,CUST4053,REV22462
ORD12463,2,99,2/02/2024,Returned,Cash on Delivery,PROD106,CUST5298,REV22463
ORD12464,1,59,5/03/2024,Shipped,PayPal,PROD111,CUST4225,REV22464
ORD12465,2,399,10/12/2022,Shipped,PayPal,PROD107,CUST1701,REV22465
ORD12466,4,80,20/01/2024,Cancelled,PayPal,PROD110,CUST2684,REV22466
ORD12467,5,59,12/01/2024,Delivered,PayPal,PROD103,CUST3887,REV22467
ORD12468,3,59,26/10/2022,Delivered,Cash on Delivery,PROD103,CUST5342,REV22468
ORD12469,2,199,7/07/2024,Returned,Credit Card,PROD112,CUST4493,REV22469
ORD12470,5,80,23/12/2024,Returned,Credit Card,PROD110,CUST2699,REV22470
ORD12471,4,59,4/03/2024,Pending,PayPal,PROD103,CUST3350,REV22471
ORD12472,4,999,16/05/2025,Delivered,PayPal,PROD100,CUST4922,REV22472
ORD12473,5,999,31/07/2023,Cancelled,Cash on Delivery,PROD100,CUST2804,REV22473
ORD12474,3,149,14/05/2023,Shipped,Credit Card,PROD113,CUST2477,REV22474
ORD12475,3,110,2/09/2023,Shipped,Credit Card,PROD105,CUST5267,REV22475
ORD12476,1,149,10/06/2023,Returned,PayPal,PROD113,CUST4245,REV22476
ORD12477,5,59,5/12/2023,Delivered,Cash on Delivery,PROD111,CUST2981,REV22477
ORD12478,4,199,16/06/2023,Returned,Cash on Delivery,PROD112,CUST4573,REV22478
ORD12479,3,110,24/10/2022,Cancelled,Cash on Delivery,PROD105,CUST5902,REV22479
ORD12480,1,149,1/02/2025,Cancelled,PayPal,PROD113,CUST4903,REV22480
ORD12481,5,25,30/04/2023,Shipped,Credit Card,PROD114,CUST2417,REV22481
ORD12482,2,80,18/02/2025,Shipped,PayPal,PROD110,CUST5048,REV22482
ORD12483,2,99,5/09/2022,Cancelled,Cash on Delivery,PROD106,CUST5933,REV22483
ORD12484,2,120,6/04/2025,Returned,Cash on Delivery,PROD104,CUST5005,REV22484
ORD12485,4,110,4/10/2024,Cancelled,Credit Card,PROD105,CUST5234,REV22485
ORD12486,1,129,31/07/2023,Returned,Cash on Delivery,PROD109,CUST3863,REV22486
ORD12487,3,229,23/07/2023,Shipped,Credit Card,PROD108,CUST3756,REV22487
ORD12488,2,120,3/08/2025,Pending,Credit Card,PROD104,CUST2064,REV22488
ORD12489,2,399,2/07/2024,Shipped,Cash on Delivery,PROD107,CUST4539,REV22489
ORD12490,2,25,7/01/2023,Delivered,PayPal,PROD114,CUST2406,REV22490
ORD12491,3,149,18/02/2024,Cancelled,PayPal,PROD113,CUST3780,REV22491
ORD12492,2,25,8/05/2025,Shipped,Cash on Delivery,PROD114,CUST4789,REV22492
ORD12493,1,80,3/03/2025,Delivered,Cash on Delivery,PROD110,CUST1199,REV22493
ORD12494,2,80,2/12/2024,Returned,Credit Card,PROD110,CUST1401,REV22494
ORD12495,4,59,13/08/2023,Returned,PayPal,PROD111,CUST2909,REV22495
ORD12496,4,25,24/11/2024,Cancelled,Cash on Delivery,PROD114,CUST2588,REV22496
ORD12497,5,80,4/12/2024,Pending,Cash on Delivery,PROD110,CUST3383,REV22497
ORD12498,4,120,16/08/2023,Delivered,Cash on Delivery,PROD104,CUST2485,REV22498
ORD12499,4,399,20/04/2024,Shipped,Credit Card,PROD107,CUST2877,REV22499
ORD12500,2,229,28/04/2024,Pending,PayPal,PROD108,CUST3491,REV22500
ORD12501,4,149,16/01/2024,Returned,Credit Card,PROD113,CUST4296,REV22501
ORD12502,3,399,12/02/2023,Shipped,Cash on Delivery,PROD107,CUST3922,REV22502
ORD12503,2,199,3/03/2023,Pending,Credit Card,PROD112,CUST3876,REV22503
ORD12504,4,99,9/09/2023,Cancelled,PayPal,PROD106,CUST1881,REV22504
ORD12505,1,229,26/10/2022,Shipped,Credit Card,PROD108,CUST3497,REV22505
ORD12506,5,120,9/09/2023,Returned,PayPal,PROD104,CUST4389,REV22506
ORD12507,5,59,2/08/2023,Pending,Credit Card,PROD103,CUST5079,REV22507
ORD12508,4,80,4/09/2023,Pending,Credit Card,PROD110,CUST1761,REV22508
ORD12509,1,999,6/04/2023,Cancelled,Cash on Delivery,PROD100,CUST2595,REV22509
ORD12510,3,399,11/12/2022,Returned,Cash on Delivery,PROD107,CUST4352,REV22510
ORD12511,4,25,26/08/2024,Returned,Credit Card,PROD114,CUST3626,REV22511
ORD12512,5,999,18/06/2025,Cancelled,PayPal,PROD100,CUST1103,REV22512
ORD12513,5,120,2/01/2023,Shipped,PayPal,PROD104,CUST2859,REV22513
ORD12514,2,59,20/04/2023,Cancelled,Credit Card,PROD111,CUST4005,REV22514
ORD12515,1,80,31/03/2025,Returned,Credit Card,PROD110,CUST1837,REV22515
ORD12516,4,399,5/04/2024,Returned,Cash on Delivery,PROD107,CUST5314,REV22516
ORD12517,2,399,15/09/2023,Pending,Credit Card,PROD107,CUST5805,REV22517
ORD12518,1,80,23/02/2023,Delivered,Credit Card,PROD110,CUST2612,REV22518
ORD12519,4,129,23/08/2025,Delivered,Credit Card,PROD109,CUST5874,REV22519
ORD12520,3,80,14/07/2024,Pending,Credit Card,PROD110,CUST1478,REV22520
ORD12521,2,99,1/02/2025,Delivered,Credit Card,PROD106,CUST4223,REV22521
ORD12522,2,999,11/01/2024,Shipped,Cash on Delivery,PROD100,CUST1323,REV22522
ORD12523,2,199,1/02/2024,Returned,Cash on Delivery,PROD112,CUST2587,REV22523
ORD12524,4,229,28/07/2023,Delivered,Credit Card,PROD108,CUST4565,REV22524
ORD12525,3,229,2/03/2025,Delivered,Credit Card,PROD108,CUST4379,REV22525
ORD12526,4,99,30/11/2022,Returned,Cash on Delivery,PROD106,CUST1634,REV22526
ORD12527,1,229,14/06/2024,Shipped,Credit Card,PROD108,CUST4630,REV22527
ORD12528,3,199,27/01/2023,Delivered,PayPal,PROD102,CUST3827,REV22528
ORD12529,3,899,9/06/2024,Shipped,PayPal,PROD101,CUST1089,REV22529
ORD12530,4,59,13/09/2024,Shipped,PayPal,PROD111,CUST3483,REV22530
ORD12531,3,80,12/03/2024,Delivered,Cash on Delivery,PROD110,CUST2445,REV22531
ORD12532,4,229,2/06/2025,Pending,PayPal,PROD108,CUST2169,REV22532
ORD12533,1,120,2/09/2024,Returned,PayPal,PROD104,CUST5410,REV22533
ORD12534,1,199,13/12/2023,Pending,Cash on Delivery,PROD102,CUST2208,REV22534
ORD12535,5,99,27/01/2023,Cancelled,Credit Card,PROD106,CUST1239,REV22535
ORD12536,1,229,26/08/2023,Returned,PayPal,PROD108,CUST2901,REV22536
ORD12537,5,999,6/09/2024,Shipped,Credit Card,PROD100,CUST2597,REV22537
ORD12538,4,59,14/05/2025,Delivered,Cash on Delivery,PROD111,CUST2653,REV22538
ORD12539,1,110,26/11/2022,Returned,Cash on Delivery,PROD105,CUST3605,REV22539
ORD12540,2,59,19/08/2023,Cancelled,Credit Card,PROD111,CUST4514,REV22540
ORD12541,5,999,21/04/2024,Pending,Cash on Delivery,PROD100,CUST3945,REV22541
ORD12542,4,59,17/04/2023,Cancelled,PayPal,PROD111,CUST2389,REV22542
ORD12543,2,229,20/08/2024,Returned,Cash on Delivery,PROD108,CUST5856,REV22543
ORD12544,4,999,14/03/2024,Pending,Credit Card,PROD100,CUST4831,REV22544
ORD12545,1,899,14/08/2023,Cancelled,Credit Card,PROD101,CUST1612,REV22545
ORD12546,1,25,4/09/2024,Cancelled,Cash on Delivery,PROD114,CUST2670,REV22546
ORD12547,3,399,27/03/2023,Returned,Credit Card,PROD107,CUST2272,REV22547
ORD12548,3,120,31/10/2023,Shipped,Cash on Delivery,PROD104,CUST1686,REV22548
ORD12549,5,110,19/07/2023,Pending,Credit Card,PROD105,CUST5889,REV22549
ORD12550,3,80,29/05/2024,Shipped,Credit Card,PROD110,CUST2387,REV22550
ORD12551,4,899,20/09/2024,Delivered,Credit Card,PROD101,CUST2055,REV22551
ORD12552,1,59,12/10/2024,Shipped,Credit Card,PROD111,CUST3788,REV22552
ORD12553,1,399,21/02/2025,Returned,PayPal,PROD107,CUST2605,REV22553
ORD12554,1,59,13/01/2025,Returned,Credit Card,PROD111,CUST4320,REV22554
ORD12555,1,899,17/10/2022,Returned,PayPal,PROD101,CUST2391,REV22555
ORD12556,1,120,15/10/2023,Returned,Credit Card,PROD104,CUST1377,REV22556
ORD12557,4,899,26/07/2025,Shipped,Cash on Delivery,PROD101,CUST2312,REV22557
ORD12558,4,25,29/09/2023,Cancelled,Credit Card,PROD114,CUST2501,REV22558
ORD12559,5,199,31/03/2025,Returned,Cash on Delivery,PROD102,CUST5047,REV22559
ORD12560,1,199,14/01/2023,Pending,Cash on Delivery,PROD102,CUST3152,REV22560
ORD12561,5,999,14/08/2024,Delivered,Cash on Delivery,PROD100,CUST2302,REV22561
ORD12562,3,399,15/02/2024,Shipped,Cash on Delivery,PROD107,CUST2021,REV22562
ORD12563,5,59,2/05/2023,Cancelled,PayPal,PROD111,CUST5775,REV22563
ORD12564,2,229,13/03/2025,Cancelled,Credit Card,PROD108,CUST2372,REV22564
ORD12565,4,110,4/11/2022,Returned,Credit Card,PROD105,CUST2544,REV22565
ORD12566,2,80,12/03/2025,Shipped,Cash on Delivery,PROD110,CUST4930,REV22566
ORD12567,3,80,28/04/2024,Pending,Credit Card,PROD110,CUST1912,REV22567
ORD12568,2,120,28/10/2023,Cancelled,Credit Card,PROD104,CUST3895,REV22568
ORD12569,5,120,9/05/2025,Delivered,Credit Card,PROD104,CUST3090,REV22569
ORD12570,4,25,29/03/2024,Shipped,Cash on Delivery,PROD114,CUST3099,REV22570
ORD12571,2,99,18/07/2023,Delivered,PayPal,PROD106,CUST4027,REV22571
ORD12572,1,999,26/07/2024,Cancelled,PayPal,PROD100,CUST5916,REV22572
ORD12573,3,199,9/05/2024,Delivered,Cash on Delivery,PROD112,CUST4823,REV22573
ORD12574,4,899,9/02/2024,Cancelled,Credit Card,PROD101,CUST3747,REV22574
ORD12575,5,129,20/03/2024,Shipped,Credit Card,PROD109,CUST1105,REV22575
ORD12576,2,59,2/06/2025,Cancelled,Credit Card,PROD111,CUST1901,REV22576
ORD12577,2,149,29/05/2024,Shipped,Cash on Delivery,PROD113,CUST2664,REV22577
ORD12578,3,199,14/11/2024,Returned,Cash on Delivery,PROD102,CUST4909,REV22578
ORD12579,1,59,19/10/2023,Pending,Credit Card,PROD111,CUST4409,REV22579
ORD12580,3,229,5/12/2023,Cancelled,Credit Card,PROD108,CUST4786,REV22580
ORD12581,1,25,26/06/2025,Pending,Credit Card,PROD114,CUST2430,REV22581
ORD12582,1,59,18/11/2023,Pending,Credit Card,PROD103,CUST2968,REV22582
ORD12583,3,99,24/04/2024,Pending,Cash on Delivery,PROD106,CUST1357,REV22583
ORD12584,3,59,2/04/2023,Cancelled,Cash on Delivery,PROD111,CUST3904,REV22584
ORD12585,3,129,17/07/2024,Returned,Cash on Delivery,PROD109,CUST1439,REV22585
ORD12586,4,199,20/12/2023,Pending,PayPal,PROD102,CUST2689,REV22586
ORD12587,3,99,24/04/2025,Cancelled,Cash on Delivery,PROD106,CUST1862,REV22587
ORD12588,2,399,2/07/2024,Delivered,Credit Card,PROD107,CUST2165,REV22588
ORD12589,5,229,13/11/2024,Cancelled,Cash on Delivery,PROD108,CUST4763,REV22589
ORD12590,5,899,18/09/2023,Shipped,Cash on Delivery,PROD101,CUST3906,REV22590
ORD12591,2,999,19/03/2023,Shipped,PayPal,PROD100,CUST4366,REV22591
ORD12592,1,25,20/05/2025,Cancelled,PayPal,PROD114,CUST5808,REV22592
ORD12593,1,199,9/04/2023,Pending,Cash on Delivery,PROD112,CUST3894,REV22593
ORD12594,1,129,19/02/2023,Pending,Credit Card,PROD109,CUST2225,REV22594
ORD12595,5,999,31/07/2024,Delivered,Credit Card,PROD100,CUST4868,REV22595
ORD12596,3,99,2/10/2023,Shipped,Cash on Delivery,PROD106,CUST4872,REV22596
ORD12597,4,199,28/07/2023,Shipped,PayPal,PROD102,CUST3635,REV22597
ORD12598,3,25,29/02/2024,Delivered,Credit Card,PROD114,CUST5907,REV22598
ORD12599,1,899,6/09/2023,Pending,Cash on Delivery,PROD101,CUST1978,REV22599
ORD12600,4,59,23/05/2023,Shipped,Credit Card,PROD103,CUST4863,REV22600
ORD12601,4,999,7/04/2025,Returned,PayPal,PROD100,CUST2031,REV22601
ORD12602,1,59,5/05/2025,Returned,Credit Card,PROD103,CUST3247,REV22602
ORD12603,1,99,29/06/2025,Delivered,Cash on Delivery,PROD106,CUST4377,REV22603
ORD12604,1,59,7/09/2022,Delivered,Cash on Delivery,PROD103,CUST5324,REV22604
ORD12605,3,899,13/03/2024,Delivered,Credit Card,PROD101,CUST2600,REV22605
ORD12606,1,25,1/01/2024,Pending,PayPal,PROD114,CUST2329,REV22606
ORD12607,1,229,25/10/2023,Shipped,PayPal,PROD108,CUST2668,REV22607
ORD12608,2,999,22/03/2023,Shipped,Cash on Delivery,PROD100,CUST5771,REV22608
ORD12609,4,229,6/02/2024,Shipped,Cash on Delivery,PROD108,CUST4549,REV22609
ORD12610,1,149,11/09/2024,Cancelled,Cash on Delivery,PROD113,CUST3195,REV22610
ORD12611,2,59,18/12/2022,Shipped,PayPal,PROD103,CUST3837,REV22611
ORD12612,5,899,25/08/2022,Shipped,Credit Card,PROD101,CUST1060,REV22612
ORD12613,5,80,26/09/2023,Returned,PayPal,PROD110,CUST5909,REV22613
ORD12614,4,59,4/03/2023,Pending,Credit Card,PROD111,CUST4777,REV22614
ORD12615,5,59,1/11/2023,Delivered,Cash on Delivery,PROD103,CUST2771,REV22615
ORD12616,5,110,14/10/2023,Delivered,Cash on Delivery,PROD105,CUST1587,REV22616
ORD12617,1,129,9/01/2025,Delivered,PayPal,PROD109,CUST5377,REV22617
ORD12618,3,80,29/07/2023,Shipped,PayPal,PROD110,CUST4998,REV22618
ORD12619,2,399,21/10/2024,Shipped,Credit Card,PROD107,CUST5187,REV22619
ORD12620,1,999,7/05/2023,Shipped,Cash on Delivery,PROD100,CUST1163,REV22620
ORD12621,3,110,16/01/2025,Cancelled,Credit Card,PROD105,CUST2658,REV22621
ORD12622,1,59,10/01/2024,Returned,Cash on Delivery,PROD111,CUST5840,REV22622
ORD12623,2,149,19/07/2025,Cancelled,PayPal,PROD113,CUST2747,REV22623
ORD12624,5,199,16/07/2025,Cancelled,Cash on Delivery,PROD102,CUST1347,REV22624
ORD12625,2,229,16/05/2023,Returned,Credit Card,PROD108,CUST3333,REV22625
ORD12626,1,99,17/10/2023,Shipped,Cash on Delivery,PROD106,CUST1192,REV22626
ORD12627,1,120,25/08/2024,Shipped,Cash on Delivery,PROD104,CUST2370,REV22627
ORD12628,1,59,12/08/2025,Delivered,Cash on Delivery,PROD111,CUST1716,REV22628
ORD12629,1,149,24/02/2024,Returned,Cash on Delivery,PROD113,CUST5848,REV22629
ORD12630,4,59,8/08/2025,Returned,Cash on Delivery,PROD103,CUST4383,REV22630
ORD12631,3,110,16/07/2023,Delivered,Cash on Delivery,PROD105,CUST2137,REV22631
ORD12632,4,229,12/07/2024,Pending,PayPal,PROD108,CUST1209,REV22632
ORD12633,2,399,23/03/2024,Shipped,PayPal,PROD107,CUST5539,REV22633
ORD12634,4,899,1/05/2024,Pending,PayPal,PROD101,CUST4141,REV22634
ORD12635,1,399,29/03/2024,Cancelled,PayPal,PROD107,CUST1569,REV22635
ORD12636,3,99,26/04/2024,Cancelled,PayPal,PROD106,CUST1842,REV22636
ORD12637,5,229,30/12/2024,Cancelled,PayPal,PROD108,CUST1000,REV22637
ORD12638,2,129,18/07/2023,Shipped,Credit Card,PROD109,CUST1259,REV22638
ORD12639,2,149,26/12/2024,Delivered,PayPal,PROD113,CUST5282,REV22639
ORD12640,1,59,7/10/2022,Delivered,PayPal,PROD111,CUST1268,REV22640
ORD12641,4,110,26/04/2023,Pending,PayPal,PROD105,CUST3607,REV22641
ORD12642,1,59,13/02/2025,Cancelled,Credit Card,PROD111,CUST5656,REV22642
ORD12643,2,80,23/09/2023,Delivered,PayPal,PROD110,CUST1356,REV22643
ORD12644,2,129,25/04/2025,Delivered,Cash on Delivery,PROD109,CUST2843,REV22644
ORD12645,4,80,30/04/2025,Pending,Credit Card,PROD110,CUST2404,REV22645
ORD12646,4,399,9/05/2023,Delivered,Cash on Delivery,PROD107,CUST2868,REV22646
ORD12647,5,25,14/07/2025,Returned,Credit Card,PROD114,CUST2168,REV22647
ORD12648,3,25,8/10/2022,Pending,Credit Card,PROD114,CUST4305,REV22648
ORD12649,5,129,31/05/2023,Delivered,Cash on Delivery,PROD109,CUST1733,REV22649
ORD12650,1,129,26/08/2022,Shipped,PayPal,PROD109,CUST1080,REV22650
ORD12651,4,110,12/07/2024,Returned,Credit Card,PROD105,CUST1517,REV22651
ORD12652,5,25,7/03/2025,Returned,Cash on Delivery,PROD114,CUST1232,REV22652
ORD12653,5,59,21/06/2025,Returned,PayPal,PROD111,CUST4803,REV22653
ORD12654,2,120,9/02/2025,Returned,Credit Card,PROD104,CUST3365,REV22654
ORD12655,2,110,20/02/2023,Pending,PayPal,PROD105,CUST5530,REV22655
ORD12656,1,229,26/12/2022,Cancelled,Cash on Delivery,PROD108,CUST2628,REV22656
ORD12657,1,199,4/11/2022,Shipped,Cash on Delivery,PROD112,CUST4264,REV22657
ORD12658,5,399,12/10/2022,Shipped,Credit Card,PROD107,CUST3618,REV22658
ORD12659,2,199,13/03/2025,Shipped,PayPal,PROD112,CUST1847,REV22659
ORD12660,2,25,10/03/2024,Pending,Cash on Delivery,PROD114,CUST5852,REV22660
ORD12661,4,99,6/07/2023,Shipped,Cash on Delivery,PROD106,CUST5256,REV22661
ORD12662,4,59,20/02/2025,Delivered,Credit Card,PROD103,CUST5726,REV22662
ORD12663,3,199,2/02/2025,Delivered,Credit Card,PROD112,CUST2224,REV22663
ORD12664,1,99,12/03/2024,Returned,Cash on Delivery,PROD106,CUST2120,REV22664
ORD12665,2,399,10/01/2024,Returned,PayPal,PROD107,CUST4876,REV22665
ORD12666,2,129,13/12/2022,Pending,PayPal,PROD109,CUST2285,REV22666
ORD12667,3,399,15/07/2025,Returned,PayPal,PROD107,CUST4521,REV22667
ORD12668,1,25,16/03/2025,Returned,Cash on Delivery,PROD114,CUST4807,REV22668
ORD12669,2,149,14/09/2024,Returned,PayPal,PROD113,CUST5722,REV22669
ORD12670,1,399,16/05/2023,Delivered,Cash on Delivery,PROD107,CUST5001,REV22670
ORD12671,1,229,31/12/2023,Delivered,PayPal,PROD108,CUST2499,REV22671
ORD12672,3,59,4/11/2022,Delivered,Credit Card,PROD111,CUST4102,REV22672
ORD12673,4,149,18/12/2022,Shipped,PayPal,PROD113,CUST5104,REV22673
ORD12674,5,399,2/07/2024,Delivered,PayPal,PROD107,CUST4859,REV22674
ORD12675,4,899,1/06/2024,Shipped,PayPal,PROD101,CUST1779,REV22675
ORD12676,5,999,17/08/2024,Delivered,PayPal,PROD100,CUST1279,REV22676
ORD12677,4,110,9/12/2023,Cancelled,PayPal,PROD105,CUST1586,REV22677
ORD12678,4,25,8/12/2023,Cancelled,Cash on Delivery,PROD114,CUST5808,REV22678
ORD12679,3,999,24/07/2025,Delivered,Credit Card,PROD100,CUST3955,REV22679
ORD12680,3,99,16/04/2025,Returned,PayPal,PROD106,CUST1204,REV22680
ORD12681,3,399,27/10/2023,Returned,Cash on Delivery,PROD107,CUST3326,REV22681
ORD12682,4,80,20/10/2023,Returned,PayPal,PROD110,CUST1480,REV22682
ORD12683,5,229,12/01/2024,Delivered,Credit Card,PROD108,CUST3558,REV22683
ORD12684,5,59,4/12/2024,Cancelled,PayPal,PROD103,CUST1726,REV22684
ORD12685,5,80,1/10/2023,Shipped,PayPal,PROD110,CUST5020,REV22685
ORD12686,3,199,9/07/2023,Delivered,PayPal,PROD112,CUST2621,REV22686
ORD12687,1,149,12/07/2025,Delivered,Cash on Delivery,PROD113,CUST1819,REV22687
ORD12688,1,129,16/11/2024,Returned,Credit Card,PROD109,CUST5201,REV22688
ORD12689,5,120,9/04/2023,Shipped,Credit Card,PROD104,CUST5916,REV22689
ORD12690,4,99,2/04/2025,Pending,Cash on Delivery,PROD106,CUST3960,REV22690
ORD12691,3,399,29/11/2024,Returned,Credit Card,PROD107,CUST4236,REV22691
ORD12692,5,59,7/03/2024,Shipped,Cash on Delivery,PROD111,CUST1204,REV22692
ORD12693,4,110,6/07/2023,Cancelled,Cash on Delivery,PROD105,CUST1305,REV22693
ORD12694,1,120,8/09/2024,Shipped,PayPal,PROD104,CUST5116,REV22694
ORD12695,2,110,20/08/2023,Returned,Cash on Delivery,PROD105,CUST5792,REV22695
ORD12696,2,129,1/08/2024,Delivered,Cash on Delivery,PROD109,CUST3702,REV22696
ORD12697,2,229,1/03/2023,Shipped,Cash on Delivery,PROD108,CUST5701,REV22697
ORD12698,4,80,12/10/2024,Delivered,Cash on Delivery,PROD110,CUST3837,REV22698
ORD12699,4,110,25/11/2024,Delivered,PayPal,PROD105,CUST1095,REV22699
ORD12700,4,80,28/09/2023,Pending,Credit Card,PROD110,CUST2760,REV22700
ORD12701,1,120,23/12/2023,Shipped,Cash on Delivery,PROD104,CUST2922,REV22701
ORD12702,2,129,13/11/2024,Returned,Credit Card,PROD109,CUST3306,REV22702
ORD12703,1,129,12/05/2024,Returned,Cash on Delivery,PROD109,CUST4155,REV22703
ORD12704,1,129,26/03/2025,Pending,Cash on Delivery,PROD109,CUST5277,REV22704
ORD12705,1,149,23/11/2024,Cancelled,Credit Card,PROD113,CUST4921,REV22705
ORD12706,3,999,10/02/2024,Shipped,PayPal,PROD100,CUST3717,REV22706
ORD12707,3,80,3/12/2024,Returned,PayPal,PROD110,CUST1729,REV22707
ORD12708,5,199,23/07/2024,Shipped,Credit Card,PROD102,CUST1020,REV22708
ORD12709,1,99,13/10/2022,Shipped,Cash on Delivery,PROD106,CUST3089,REV22709
ORD12710,3,399,19/03/2025,Pending,Credit Card,PROD107,CUST5315,REV22710
ORD12711,2,149,10/04/2023,Delivered,PayPal,PROD113,CUST2759,REV22711
ORD12712,1,399,31/05/2025,Cancelled,Credit Card,PROD107,CUST5384,REV22712
ORD12713,5,110,2/08/2024,Cancelled,Credit Card,PROD105,CUST2067,REV22713
ORD12714,3,899,28/02/2025,Cancelled,Cash on Delivery,PROD101,CUST4347,REV22714
ORD12715,2,399,1/02/2024,Returned,Credit Card,PROD107,CUST1833,REV22715
ORD12716,5,129,9/10/2024,Delivered,Cash on Delivery,PROD109,CUST3274,REV22716
ORD12717,3,199,22/10/2024,Cancelled,Cash on Delivery,PROD102,CUST3049,REV22717
ORD12718,5,899,16/01/2024,Returned,Credit Card,PROD101,CUST4327,REV22718
ORD12719,1,129,8/09/2024,Shipped,Cash on Delivery,PROD109,CUST5422,REV22719
ORD12720,5,25,1/07/2025,Returned,Cash on Delivery,PROD114,CUST5173,REV22720
ORD12721,1,80,4/06/2024,Shipped,Credit Card,PROD110,CUST2868,REV22721
ORD12722,1,399,5/10/2023,Pending,Cash on Delivery,PROD107,CUST5972,REV22722
ORD12723,5,129,7/01/2023,Cancelled,PayPal,PROD109,CUST4382,REV22723
ORD12724,3,99,22/07/2024,Cancelled,Cash on Delivery,PROD106,CUST4017,REV22724
ORD12725,3,80,2/10/2022,Shipped,PayPal,PROD110,CUST2554,REV22725
ORD12726,2,120,20/05/2025,Cancelled,Cash on Delivery,PROD104,CUST5713,REV22726
ORD12727,4,59,26/07/2023,Cancelled,Cash on Delivery,PROD103,CUST4283,REV22727
ORD12728,5,199,9/03/2023,Pending,Credit Card,PROD102,CUST3939,REV22728
ORD12729,2,199,22/06/2023,Delivered,Credit Card,PROD102,CUST2846,REV22729
ORD12730,4,80,6/12/2023,Delivered,Cash on Delivery,PROD110,CUST4193,REV22730
ORD12731,1,99,15/12/2024,Delivered,PayPal,PROD106,CUST2948,REV22731
ORD12732,2,120,20/11/2023,Returned,Credit Card,PROD104,CUST2481,REV22732
ORD12733,3,899,27/02/2024,Delivered,PayPal,PROD101,CUST4398,REV22733
ORD12734,4,999,23/10/2022,Pending,Cash on Delivery,PROD100,CUST2080,REV22734
ORD12735,2,399,30/08/2022,Shipped,Cash on Delivery,PROD107,CUST2962,REV22735
ORD12736,4,399,24/04/2023,Pending,Credit Card,PROD107,CUST3022,REV22736
ORD12737,1,120,12/03/2025,Pending,PayPal,PROD104,CUST1712,REV22737
ORD12738,5,999,5/03/2024,Cancelled,PayPal,PROD100,CUST1348,REV22738
ORD12739,5,199,28/08/2023,Cancelled,PayPal,PROD102,CUST5418,REV22739
ORD12740,1,25,20/10/2024,Delivered,Cash on Delivery,PROD114,CUST3433,REV22740
ORD12741,1,129,9/07/2024,Cancelled,Cash on Delivery,PROD109,CUST5176,REV22741
ORD12742,5,59,9/04/2023,Returned,PayPal,PROD111,CUST5217,REV22742
ORD12743,4,999,23/01/2024,Cancelled,PayPal,PROD100,CUST2149,REV22743
ORD12744,1,149,3/06/2025,Shipped,Cash on Delivery,PROD113,CUST2677,REV22744
ORD12745,5,110,15/11/2024,Delivered,Cash on Delivery,PROD105,CUST2055,REV22745
ORD12746,4,25,4/07/2024,Delivered,Credit Card,PROD114,CUST1724,REV22746
ORD12747,5,59,25/12/2022,Pending,PayPal,PROD111,CUST5034,REV22747
ORD12748,1,199,8/02/2025,Returned,PayPal,PROD112,CUST1945,REV22748
ORD12749,4,25,7/08/2025,Delivered,PayPal,PROD114,CUST3052,REV22749
ORD12750,2,199,10/11/2023,Delivered,Cash on Delivery,PROD102,CUST2444,REV22750
ORD12751,3,80,9/08/2023,Pending,Cash on Delivery,PROD110,CUST5104,REV22751
ORD12752,2,129,15/07/2023,Returned,Cash on Delivery,PROD109,CUST5172,REV22752
ORD12753,4,80,1/08/2023,Delivered,Cash on Delivery,PROD110,CUST2897,REV22753
ORD12754,1,59,3/07/2023,Returned,Cash on Delivery,PROD103,CUST5009,REV22754
ORD12755,3,110,4/02/2024,Delivered,Credit Card,PROD105,CUST4757,REV22755
ORD12756,5,129,18/04/2023,Pending,PayPal,PROD109,CUST1342,REV22756
ORD12757,5,59,12/06/2024,Pending,Credit Card,PROD111,CUST4335,REV22757
ORD12758,2,25,20/08/2024,Cancelled,Credit Card,PROD114,CUST1048,REV22758
ORD12759,5,120,25/04/2023,Delivered,PayPal,PROD104,CUST2581,REV22759
ORD12760,2,229,5/07/2023,Cancelled,Credit Card,PROD108,CUST1953,REV22760
ORD12761,3,899,24/12/2022,Pending,PayPal,PROD101,CUST2485,REV22761
ORD12762,5,99,1/11/2022,Cancelled,Credit Card,PROD106,CUST4592,REV22762
ORD12763,4,110,8/03/2025,Returned,PayPal,PROD105,CUST1616,REV22763
ORD12764,4,99,15/05/2023,Delivered,Credit Card,PROD106,CUST1459,REV22764
ORD12765,2,59,6/04/2025,Returned,Cash on Delivery,PROD111,CUST3845,REV22765
ORD12766,2,149,30/06/2025,Pending,Cash on Delivery,PROD113,CUST1556,REV22766
ORD12767,3,399,5/05/2023,Shipped,Cash on Delivery,PROD107,CUST4033,REV22767
ORD12768,4,129,20/12/2022,Returned,Cash on Delivery,PROD109,CUST5362,REV22768
ORD12769,3,399,16/01/2024,Shipped,PayPal,PROD107,CUST4266,REV22769
ORD12770,2,80,12/11/2024,Returned,Credit Card,PROD110,CUST3260,REV22770
ORD12771,3,80,15/09/2022,Cancelled,Credit Card,PROD110,CUST5684,REV22771
ORD12772,2,399,13/01/2025,Returned,Credit Card,PROD107,CUST5262,REV22772
ORD12773,3,110,2/08/2025,Pending,PayPal,PROD105,CUST3721,REV22773
ORD12774,5,399,7/11/2024,Shipped,Cash on Delivery,PROD107,CUST1069,REV22774
ORD12775,3,399,23/12/2022,Pending,Cash on Delivery,PROD107,CUST4178,REV22775
ORD12776,5,120,21/02/2024,Pending,PayPal,PROD104,CUST1839,REV22776
ORD12777,1,899,24/12/2022,Delivered,Cash on Delivery,PROD101,CUST1846,REV22777
ORD12778,2,59,5/02/2023,Shipped,Credit Card,PROD111,CUST1444,REV22778
ORD12779,1,120,26/11/2024,Cancelled,Credit Card,PROD104,CUST3485,REV22779
ORD12780,4,229,16/05/2024,Cancelled,Credit Card,PROD108,CUST1024,REV22780
ORD12781,4,149,31/01/2023,Shipped,PayPal,PROD113,CUST5962,REV22781
ORD12782,3,59,24/04/2024,Delivered,PayPal,PROD111,CUST1753,REV22782
ORD12783,5,199,23/02/2024,Returned,Credit Card,PROD112,CUST3195,REV22783
ORD12784,5,399,9/01/2024,Cancelled,Cash on Delivery,PROD107,CUST1160,REV22784
ORD12785,2,110,21/01/2025,Shipped,Credit Card,PROD105,CUST3152,REV22785
ORD12786,3,110,17/12/2024,Returned,Cash on Delivery,PROD105,CUST3837,REV22786
ORD12787,1,199,25/10/2022,Shipped,PayPal,PROD112,CUST4535,REV22787
ORD12788,2,199,19/09/2023,Pending,Cash on Delivery,PROD102,CUST4561,REV22788
ORD12789,3,899,14/11/2023,Returned,Credit Card,PROD101,CUST2033,REV22789
ORD12790,3,199,17/04/2024,Delivered,Credit Card,PROD112,CUST4737,REV22790
ORD12791,3,199,29/08/2024,Pending,PayPal,PROD112,CUST2139,REV22791
ORD12792,3,229,12/07/2025,Shipped,Cash on Delivery,PROD108,CUST1465,REV22792
ORD12793,1,59,17/08/2024,Pending,PayPal,PROD103,CUST3325,REV22793
ORD12794,3,229,3/05/2023,Pending,PayPal,PROD108,CUST1133,REV22794
ORD12795,5,899,27/06/2025,Delivered,Cash on Delivery,PROD101,CUST3757,REV22795
ORD12796,2,149,10/12/2022,Pending,PayPal,PROD113,CUST4013,REV22796
ORD12797,3,899,5/03/2023,Shipped,Credit Card,PROD101,CUST3222,REV22797
ORD12798,3,129,25/09/2023,Shipped,Cash on Delivery,PROD109,CUST3993,REV22798
ORD12799,1,899,19/01/2024,Pending,PayPal,PROD101,CUST4789,REV22799
ORD12800,3,59,23/01/2024,Delivered,PayPal,PROD111,CUST4028,REV22800
ORD12801,2,999,20/10/2024,Cancelled,Credit Card,PROD100,CUST3582,REV22801
ORD12802,2,399,23/08/2023,Shipped,Cash on Delivery,PROD107,CUST5151,REV22802
ORD12803,3,110,30/07/2025,Delivered,Cash on Delivery,PROD105,CUST3688,REV22803
ORD12804,5,229,5/02/2023,Shipped,PayPal,PROD108,CUST3279,REV22804
ORD12805,5,399,24/12/2022,Delivered,PayPal,PROD107,CUST4996,REV22805
ORD12806,3,149,11/03/2023,Pending,PayPal,PROD113,CUST1053,REV22806
ORD12807,5,199,14/03/2025,Delivered,PayPal,PROD102,CUST3002,REV22807
ORD12808,5,120,22/10/2024,Delivered,Cash on Delivery,PROD104,CUST4732,REV22808
ORD12809,3,80,3/02/2025,Shipped,Cash on Delivery,PROD110,CUST3984,REV22809
ORD12810,1,399,4/09/2023,Delivered,Credit Card,PROD107,CUST2284,REV22810
ORD12811,5,80,5/04/2025,Returned,Credit Card,PROD110,CUST1107,REV22811
ORD12812,1,399,24/07/2023,Cancelled,Credit Card,PROD107,CUST1642,REV22812
ORD12813,2,80,10/12/2022,Delivered,PayPal,PROD110,CUST2632,REV22813
ORD12814,5,399,24/08/2024,Cancelled,PayPal,PROD107,CUST2268,REV22814
ORD12815,2,199,19/09/2022,Pending,Credit Card,PROD102,CUST1357,REV22815
ORD12816,5,999,13/07/2025,Pending,Credit Card,PROD100,CUST4425,REV22816
ORD12817,5,110,24/12/2023,Delivered,PayPal,PROD105,CUST2529,REV22817
ORD12818,1,110,21/08/2025,Delivered,Credit Card,PROD105,CUST3766,REV22818
ORD12819,1,899,16/10/2024,Shipped,Credit Card,PROD101,CUST4005,REV22819
ORD12820,2,59,29/04/2025,Pending,PayPal,PROD111,CUST1681,REV22820
ORD12821,4,149,30/12/2022,Cancelled,PayPal,PROD113,CUST3517,REV22821
ORD12822,2,399,25/05/2023,Delivered,PayPal,PROD107,CUST5817,REV22822
ORD12823,1,59,2/05/2023,Pending,Credit Card,PROD111,CUST2794,REV22823
ORD12824,5,199,6/05/2024,Returned,Credit Card,PROD102,CUST3172,REV22824
ORD12825,1,99,19/10/2024,Delivered,Cash on Delivery,PROD106,CUST5366,REV22825
ORD12826,4,59,7/12/2022,Cancelled,Credit Card,PROD103,CUST3238,REV22826
ORD12827,1,99,6/03/2025,Delivered,Cash on Delivery,PROD106,CUST3984,REV22827
ORD12828,5,999,24/03/2023,Cancelled,Credit Card,PROD100,CUST3051,REV22828
ORD12829,1,149,25/07/2024,Pending,PayPal,PROD113,CUST3696,REV22829
ORD12830,5,999,7/11/2023,Cancelled,PayPal,PROD100,CUST2112,REV22830
ORD12831,5,99,5/11/2022,Pending,Credit Card,PROD106,CUST4098,REV22831
ORD12832,3,99,2/10/2023,Cancelled,PayPal,PROD106,CUST4245,REV22832
ORD12833,5,229,13/04/2025,Shipped,PayPal,PROD108,CUST1471,REV22833
ORD12834,3,899,9/04/2024,Returned,Cash on Delivery,PROD101,CUST1096,REV22834
ORD12835,4,229,30/11/2023,Pending,Credit Card,PROD108,CUST1926,REV22835
ORD12836,5,120,14/11/2022,Returned,Credit Card,PROD104,CUST5183,REV22836
ORD12837,3,59,11/03/2023,Pending,PayPal,PROD111,CUST5542,REV22837
ORD12838,4,229,14/10/2024,Delivered,Cash on Delivery,PROD108,CUST2163,REV22838
ORD12839,4,59,6/06/2025,Shipped,PayPal,PROD103,CUST2053,REV22839
ORD12840,2,199,17/11/2024,Returned,PayPal,PROD112,CUST5772,REV22840
ORD12841,5,129,28/05/2025,Delivered,PayPal,PROD109,CUST1784,REV22841
ORD12842,4,999,11/02/2024,Returned,Cash on Delivery,PROD100,CUST5652,REV22842
ORD12843,2,80,11/09/2024,Pending,Cash on Delivery,PROD110,CUST3815,REV22843
ORD12844,3,899,13/10/2022,Delivered,Credit Card,PROD101,CUST3932,REV22844
ORD12845,1,999,16/03/2023,Pending,Credit Card,PROD100,CUST4964,REV22845
ORD12846,3,25,8/07/2025,Delivered,Credit Card,PROD114,CUST3751,REV22846
ORD12847,4,149,13/04/2024,Pending,Credit Card,PROD113,CUST5345,REV22847
ORD12848,4,80,26/06/2025,Delivered,Cash on Delivery,PROD110,CUST4130,REV22848
ORD12849,4,199,5/08/2025,Returned,Cash on Delivery,PROD112,CUST2270,REV22849
ORD12850,1,99,5/12/2023,Shipped,Cash on Delivery,PROD106,CUST1253,REV22850
ORD12851,1,25,3/07/2024,Shipped,Cash on Delivery,PROD114,CUST4660,REV22851
ORD12852,2,80,16/09/2022,Delivered,Cash on Delivery,PROD110,CUST1972,REV22852
ORD12853,1,129,8/12/2024,Shipped,Cash on Delivery,PROD109,CUST2501,REV22853
ORD12854,4,199,31/08/2023,Delivered,Cash on Delivery,PROD112,CUST5400,REV22854
ORD12855,5,25,9/01/2023,Delivered,PayPal,PROD114,CUST1520,REV22855
ORD12856,2,999,14/12/2023,Shipped,PayPal,PROD100,CUST1201,REV22856
ORD12857,4,199,2/01/2023,Delivered,PayPal,PROD102,CUST4467,REV22857
ORD12858,4,25,15/09/2022,Pending,Credit Card,PROD114,CUST5173,REV22858
ORD12859,5,899,29/06/2023,Shipped,PayPal,PROD101,CUST2794,REV22859
ORD12860,2,199,16/05/2023,Pending,Cash on Delivery,PROD112,CUST2866,REV22860
ORD12861,3,199,17/07/2025,Pending,PayPal,PROD102,CUST5884,REV22861
ORD12862,5,59,10/08/2025,Pending,PayPal,PROD103,CUST4639,REV22862
ORD12863,3,59,26/03/2023,Delivered,PayPal,PROD111,CUST5468,REV22863
ORD12864,3,120,17/04/2024,Delivered,Credit Card,PROD104,CUST1658,REV22864
ORD12865,3,899,19/01/2023,Returned,Cash on Delivery,PROD101,CUST1860,REV22865
ORD12866,5,229,12/08/2025,Shipped,Cash on Delivery,PROD108,CUST5263,REV22866
ORD12867,5,229,6/05/2023,Cancelled,Credit Card,PROD108,CUST3621,REV22867
ORD12868,2,999,16/09/2024,Cancelled,Cash on Delivery,PROD100,CUST4169,REV22868
ORD12869,4,199,23/01/2025,Returned,Cash on Delivery,PROD112,CUST1139,REV22869
ORD12870,5,199,15/01/2024,Shipped,PayPal,PROD112,CUST3798,REV22870
ORD12871,5,129,23/01/2025,Returned,PayPal,PROD109,CUST2854,REV22871
ORD12872,3,59,10/06/2023,Shipped,Credit Card,PROD103,CUST4307,REV22872
ORD12873,4,899,27/08/2024,Shipped,PayPal,PROD101,CUST5502,REV22873
ORD12874,2,199,29/06/2025,Shipped,Cash on Delivery,PROD102,CUST4593,REV22874
ORD12875,4,110,5/11/2023,Returned,PayPal,PROD105,CUST1920,REV22875
ORD12876,3,199,17/08/2024,Delivered,Credit Card,PROD102,CUST5500,REV22876
ORD12877,3,199,3/12/2022,Shipped,Credit Card,PROD102,CUST5066,REV22877
ORD12878,2,399,23/09/2024,Cancelled,PayPal,PROD107,CUST2310,REV22878
ORD12879,1,59,20/07/2023,Shipped,Cash on Delivery,PROD111,CUST3415,REV22879
ORD12880,4,129,14/04/2023,Returned,Cash on Delivery,PROD109,CUST4554,REV22880
ORD12881,1,99,8/11/2024,Pending,Cash on Delivery,PROD106,CUST4001,REV22881
ORD12882,1,399,3/04/2023,Cancelled,Credit Card,PROD107,CUST1898,REV22882
ORD12883,4,110,28/03/2023,Shipped,Cash on Delivery,PROD105,CUST1787,REV22883
ORD12884,1,399,9/04/2023,Cancelled,Cash on Delivery,PROD107,CUST3927,REV22884
ORD12885,2,149,4/01/2025,Pending,Cash on Delivery,PROD113,CUST2390,REV22885
ORD12886,1,399,18/11/2024,Cancelled,Cash on Delivery,PROD107,CUST4018,REV22886
ORD12887,1,129,30/09/2024,Cancelled,PayPal,PROD109,CUST4646,REV22887
ORD12888,4,899,15/07/2025,Cancelled,PayPal,PROD101,CUST2973,REV22888
ORD12889,2,199,31/03/2023,Returned,Cash on Delivery,PROD102,CUST1575,REV22889
ORD12890,5,399,13/04/2023,Returned,Credit Card,PROD107,CUST4538,REV22890
ORD12891,5,25,12/12/2023,Cancelled,Cash on Delivery,PROD114,CUST2781,REV22891
ORD12892,5,899,12/11/2024,Shipped,PayPal,PROD101,CUST4756,REV22892
ORD12893,4,199,2/06/2023,Pending,Cash on Delivery,PROD112,CUST2107,REV22893
ORD12894,5,59,25/09/2024,Pending,PayPal,PROD103,CUST3442,REV22894
ORD12895,5,149,19/12/2024,Returned,Cash on Delivery,PROD113,CUST4076,REV22895
ORD12896,3,229,23/09/2024,Pending,Credit Card,PROD108,CUST1716,REV22896
ORD12897,3,99,28/11/2023,Cancelled,PayPal,PROD106,CUST2857,REV22897
ORD12898,4,199,5/09/2024,Delivered,Cash on Delivery,PROD102,CUST4366,REV22898
ORD12899,1,120,3/06/2023,Returned,Cash on Delivery,PROD104,CUST5856,REV22899
ORD12900,1,59,22/08/2023,Pending,Credit Card,PROD111,CUST2965,REV22900
ORD12901,2,399,21/11/2024,Returned,Credit Card,PROD107,CUST3800,REV22901
ORD12902,5,999,24/12/2024,Shipped,Cash on Delivery,PROD100,CUST1385,REV22902
ORD12903,2,80,23/08/2023,Returned,Credit Card,PROD110,CUST4967,REV22903
ORD12904,3,399,2/05/2023,Cancelled,PayPal,PROD107,CUST4524,REV22904
ORD12905,5,59,18/12/2024,Pending,Cash on Delivery,PROD111,CUST1271,REV22905
ORD12906,5,149,7/05/2023,Shipped,Cash on Delivery,PROD113,CUST5881,REV22906
ORD12907,3,149,2/05/2023,Shipped,Credit Card,PROD113,CUST1038,REV22907
ORD12908,1,199,27/07/2024,Cancelled,PayPal,PROD112,CUST5516,REV22908
ORD12909,4,25,28/11/2022,Pending,PayPal,PROD114,CUST4739,REV22909
ORD12910,4,120,18/10/2022,Cancelled,PayPal,PROD104,CUST5734,REV22910
ORD12911,3,999,12/04/2023,Cancelled,Cash on Delivery,PROD100,CUST5601,REV22911
ORD12912,3,999,1/08/2023,Cancelled,Credit Card,PROD100,CUST1742,REV22912
ORD12913,5,199,19/12/2022,Cancelled,Cash on Delivery,PROD112,CUST4673,REV22913
ORD12914,1,199,20/09/2024,Returned,PayPal,PROD112,CUST3776,REV22914
ORD12915,5,999,7/06/2025,Shipped,PayPal,PROD100,CUST1630,REV22915
ORD12916,2,120,4/12/2022,Delivered,Credit Card,PROD104,CUST4073,REV22916
ORD12917,1,59,26/03/2023,Pending,PayPal,PROD103,CUST2456,REV22917
ORD12918,3,99,24/10/2022,Shipped,Cash on Delivery,PROD106,CUST4533,REV22918
ORD12919,3,80,31/05/2023,Pending,PayPal,PROD110,CUST3652,REV22919
ORD12920,5,59,15/05/2024,Delivered,Cash on Delivery,PROD111,CUST5039,REV22920
ORD12921,3,120,21/03/2023,Cancelled,Cash on Delivery,PROD104,CUST4953,REV22921
ORD12922,2,199,5/09/2022,Shipped,Credit Card,PROD112,CUST4574,REV22922
ORD12923,2,120,19/10/2022,Shipped,PayPal,PROD104,CUST2250,REV22923
ORD12924,3,199,21/10/2022,Returned,Cash on Delivery,PROD112,CUST2045,REV22924
ORD12925,2,99,28/12/2023,Returned,Cash on Delivery,PROD106,CUST2167,REV22925
ORD12926,5,110,25/10/2024,Delivered,Credit Card,PROD105,CUST4195,REV22926
ORD12927,5,120,3/02/2025,Returned,Credit Card,PROD104,CUST1084,REV22927
ORD12928,1,199,28/01/2024,Shipped,Credit Card,PROD102,CUST1454,REV22928
ORD12929,3,120,31/08/2023,Shipped,Cash on Delivery,PROD104,CUST4559,REV22929
ORD12930,2,199,26/07/2024,Cancelled,Credit Card,PROD102,CUST5147,REV22930
ORD12931,4,59,30/01/2024,Returned,Cash on Delivery,PROD103,CUST5194,REV22931
ORD12932,2,59,4/03/2025,Shipped,Credit Card,PROD111,CUST2206,REV22932
ORD12933,3,59,2/02/2025,Shipped,PayPal,PROD103,CUST3355,REV22933
ORD12934,3,59,27/08/2022,Cancelled,PayPal,PROD103,CUST4086,REV22934
ORD12935,3,229,20/08/2024,Cancelled,Cash on Delivery,PROD108,CUST4482,REV22935
ORD12936,1,199,12/08/2025,Delivered,Credit Card,PROD102,CUST2902,REV22936
ORD12937,2,999,20/06/2023,Delivered,Credit Card,PROD100,CUST2488,REV22937
ORD12938,5,129,26/08/2022,Delivered,Cash on Delivery,PROD109,CUST1315,REV22938
ORD12939,3,399,10/09/2022,Shipped,Cash on Delivery,PROD107,CUST4375,REV22939
ORD12940,5,80,27/11/2024,Returned,PayPal,PROD110,CUST4289,REV22940
ORD12941,4,25,13/02/2025,Pending,Cash on Delivery,PROD114,CUST2021,REV22941
ORD12942,2,399,30/06/2023,Cancelled,Credit Card,PROD107,CUST2470,REV22942
ORD12943,2,129,11/01/2024,Delivered,Cash on Delivery,PROD109,CUST4698,REV22943
ORD12944,3,199,1/07/2025,Returned,Credit Card,PROD102,CUST3482,REV22944
ORD12945,2,120,17/09/2023,Shipped,PayPal,PROD104,CUST3134,REV22945
ORD12946,2,899,7/06/2023,Delivered,Credit Card,PROD101,CUST2148,REV22946
ORD12947,2,399,10/04/2025,Delivered,PayPal,PROD107,CUST3411,REV22947
ORD12948,2,120,17/12/2023,Shipped,Credit Card,PROD104,CUST2427,REV22948
ORD12949,4,229,17/10/2024,Cancelled,Cash on Delivery,PROD108,CUST4559,REV22949
ORD12950,1,120,14/08/2024,Shipped,PayPal,PROD104,CUST1943,REV22950
ORD12951,5,149,24/04/2025,Cancelled,Cash on Delivery,PROD113,CUST3692,REV22951
ORD12952,1,999,8/11/2024,Shipped,Credit Card,PROD100,CUST4807,REV22952
ORD12953,4,129,14/04/2023,Pending,Cash on Delivery,PROD109,CUST2724,REV22953
ORD12954,4,80,15/09/2023,Returned,Cash on Delivery,PROD110,CUST3240,REV22954
ORD12955,1,399,11/12/2022,Pending,Credit Card,PROD107,CUST5424,REV22955
ORD12956,4,129,9/06/2023,Shipped,PayPal,PROD109,CUST1465,REV22956
ORD12957,5,149,21/03/2024,Shipped,Credit Card,PROD113,CUST3564,REV22957
ORD12958,5,229,22/04/2025,Shipped,Cash on Delivery,PROD108,CUST1919,REV22958
ORD12959,1,399,15/11/2023,Delivered,PayPal,PROD107,CUST2896,REV22959
ORD12960,1,59,19/06/2024,Delivered,Cash on Delivery,PROD111,CUST3102,REV22960
ORD12961,5,129,4/10/2022,Shipped,PayPal,PROD109,CUST1896,REV22961
ORD12962,1,120,1/03/2023,Returned,Cash on Delivery,PROD104,CUST1349,REV22962
ORD12963,4,199,18/11/2023,Delivered,PayPal,PROD112,CUST4830,REV22963
ORD12964,4,80,25/06/2024,Cancelled,Credit Card,PROD110,CUST2489,REV22964
ORD12965,2,99,8/11/2022,Shipped,Cash on Delivery,PROD106,CUST5084,REV22965
ORD12966,3,229,22/08/2023,Returned,Credit Card,PROD108,CUST3175,REV22966
ORD12967,5,199,12/09/2023,Pending,Cash on Delivery,PROD112,CUST5954,REV22967
ORD12968,4,199,8/12/2022,Returned,Credit Card,PROD102,CUST2742,REV22968
ORD12969,4,399,20/12/2022,Delivered,PayPal,PROD107,CUST1444,REV22969
ORD12970,1,80,13/07/2023,Pending,Credit Card,PROD110,CUST2853,REV22970
ORD12971,2,110,22/10/2022,Cancelled,Cash on Delivery,PROD105,CUST5730,REV22971
ORD12972,4,25,30/08/2023,Pending,Credit Card,PROD114,CUST5921,REV22972
ORD12973,3,120,18/05/2025,Delivered,Cash on Delivery,PROD104,CUST1359,REV22973
ORD12974,4,59,22/11/2022,Returned,Credit Card,PROD103,CUST3156,REV22974
ORD12975,3,120,18/01/2023,Shipped,Credit Card,PROD104,CUST3296,REV22975
ORD12976,1,25,25/02/2025,Returned,Cash on Delivery,PROD114,CUST3323,REV22976
ORD12977,1,999,31/10/2022,Shipped,Cash on Delivery,PROD100,CUST1725,REV22977
ORD12978,5,120,7/01/2023,Cancelled,PayPal,PROD104,CUST1849,REV22978
ORD12979,1,110,1/07/2023,Returned,Credit Card,PROD105,CUST3931,REV22979
ORD12980,2,199,25/04/2023,Cancelled,Credit Card,PROD102,CUST5630,REV22980
ORD12981,1,120,9/12/2022,Delivered,PayPal,PROD104,CUST5041,REV22981
ORD12982,1,399,13/12/2022,Pending,PayPal,PROD107,CUST1456,REV22982
ORD12983,1,229,17/06/2023,Cancelled,Credit Card,PROD108,CUST5449,REV22983
ORD12984,5,149,30/12/2022,Delivered,PayPal,PROD113,CUST2947,REV22984
ORD12985,2,80,11/09/2023,Pending,Credit Card,PROD110,CUST1193,REV22985
ORD12986,2,199,13/01/2024,Shipped,Credit Card,PROD102,CUST2501,REV22986
ORD12987,1,899,14/06/2025,Returned,PayPal,PROD101,CUST2098,REV22987
ORD12988,1,129,15/10/2023,Pending,Cash on Delivery,PROD109,CUST1328,REV22988
ORD12989,4,899,25/06/2024,Delivered,Credit Card,PROD101,CUST3418,REV22989
ORD12990,4,149,20/08/2023,Delivered,Cash on Delivery,PROD113,CUST3555,REV22990
ORD12991,3,80,27/05/2023,Shipped,Cash on Delivery,PROD110,CUST1055,REV22991
ORD12992,4,59,8/05/2025,Pending,Cash on Delivery,PROD103,CUST1079,REV22992
ORD12993,4,59,12/06/2023,Pending,Credit Card,PROD103,CUST2306,REV22993
ORD12994,2,229,13/03/2024,Shipped,Credit Card,PROD108,CUST2716,REV22994
ORD12995,1,80,3/11/2024,Returned,Cash on Delivery,PROD110,CUST1145,REV22995
ORD12996,4,59,10/02/2025,Delivered,PayPal,PROD111,CUST1730,REV22996
ORD12997,2,59,30/04/2025,Returned,PayPal,PROD111,CUST3438,REV22997
ORD12998,1,99,27/03/2025,Delivered,PayPal,PROD106,CUST4021,REV22998
ORD12999,3,80,25/05/2025,Delivered,Cash on Delivery,PROD110,CUST4217,REV22999
ORD13000,1,120,14/09/2022,Shipped,Credit Card,PROD104,CUST3647,REV23000
ORD13001,2,120,17/05/2024,Cancelled,PayPal,PROD104,CUST1095,REV23001
ORD13002,1,99,31/01/2025,Delivered,Cash on Delivery,PROD106,CUST2921,REV23002
ORD13003,5,99,31/05/2025,Cancelled,PayPal,PROD106,CUST2596,REV23003
ORD13004,2,149,11/04/2024,Returned,Cash on Delivery,PROD113,CUST3137,REV23004
ORD13005,5,999,9/12/2023,Shipped,Cash on Delivery,PROD100,CUST3431,REV23005
ORD13006,3,129,19/04/2023,Cancelled,Cash on Delivery,PROD109,CUST3065,REV23006
ORD13007,4,149,29/03/2024,Cancelled,PayPal,PROD113,CUST3003,REV23007
ORD13008,4,59,21/08/2023,Cancelled,Cash on Delivery,PROD103,CUST5242,REV23008
ORD13009,2,120,25/03/2025,Pending,Cash on Delivery,PROD104,CUST3174,REV23009
ORD13010,4,199,10/08/2024,Returned,Credit Card,PROD112,CUST1504,REV23010
ORD13011,4,80,25/05/2024,Pending,PayPal,PROD110,CUST2410,REV23011
ORD13012,1,25,25/11/2023,Shipped,PayPal,PROD114,CUST1698,REV23012
ORD13013,2,80,13/04/2025,Returned,Cash on Delivery,PROD110,CUST5435,REV23013
ORD13014,1,899,22/09/2023,Pending,Credit Card,PROD101,CUST2354,REV23014
ORD13015,3,999,14/05/2025,Cancelled,Cash on Delivery,PROD100,CUST4752,REV23015
ORD13016,1,229,5/07/2024,Returned,Credit Card,PROD108,CUST4086,REV23016
ORD13017,5,80,10/09/2023,Pending,Cash on Delivery,PROD110,CUST5411,REV23017
ORD13018,5,149,25/06/2025,Returned,Cash on Delivery,PROD113,CUST5930,REV23018
ORD13019,5,399,2/07/2025,Cancelled,Credit Card,PROD107,CUST4219,REV23019
ORD13020,3,229,24/06/2024,Shipped,PayPal,PROD108,CUST3505,REV23020
ORD13021,2,229,29/09/2024,Returned,Cash on Delivery,PROD108,CUST4606,REV23021
ORD13022,2,999,23/09/2022,Shipped,PayPal,PROD100,CUST1878,REV23022
ORD13023,2,59,29/08/2023,Shipped,Cash on Delivery,PROD111,CUST1961,REV23023
ORD13024,1,399,9/11/2022,Delivered,PayPal,PROD107,CUST1337,REV23024
ORD13025,1,99,17/05/2023,Shipped,PayPal,PROD106,CUST5446,REV23025
ORD13026,2,110,23/01/2024,Shipped,Cash on Delivery,PROD105,CUST4114,REV23026
ORD13027,1,80,3/02/2023,Cancelled,Credit Card,PROD110,CUST2460,REV23027
ORD13028,1,110,24/07/2023,Returned,Credit Card,PROD105,CUST4492,REV23028
ORD13029,3,199,28/01/2024,Returned,PayPal,PROD102,CUST5547,REV23029
ORD13030,4,999,23/04/2025,Delivered,Cash on Delivery,PROD100,CUST5371,REV23030
ORD13031,3,999,30/08/2024,Shipped,Cash on Delivery,PROD100,CUST2930,REV23031
ORD13032,4,59,2/12/2023,Pending,Credit Card,PROD111,CUST2540,REV23032
ORD13033,3,129,16/01/2025,Cancelled,PayPal,PROD109,CUST3083,REV23033
ORD13034,3,80,15/02/2025,Delivered,PayPal,PROD110,CUST4497,REV23034
ORD13035,4,110,24/06/2023,Cancelled,Credit Card,PROD105,CUST4636,REV23035
ORD13036,4,229,6/07/2024,Shipped,PayPal,PROD108,CUST4824,REV23036
ORD13037,3,149,26/09/2022,Delivered,Credit Card,PROD113,CUST5663,REV23037
ORD13038,4,99,7/08/2025,Delivered,PayPal,PROD106,CUST5956,REV23038
ORD13039,5,229,17/01/2025,Cancelled,PayPal,PROD108,CUST4928,REV23039
ORD13040,5,229,6/05/2023,Returned,Credit Card,PROD108,CUST3547,REV23040
ORD13041,3,199,5/01/2024,Delivered,Credit Card,PROD102,CUST4326,REV23041
ORD13042,5,99,8/04/2023,Pending,Credit Card,PROD106,CUST5928,REV23042
ORD13043,1,899,2/06/2025,Pending,PayPal,PROD101,CUST1647,REV23043
ORD13044,3,120,10/10/2024,Returned,Cash on Delivery,PROD104,CUST1015,REV23044
ORD13045,5,80,26/01/2025,Cancelled,Cash on Delivery,PROD110,CUST5457,REV23045
ORD13046,1,25,23/08/2024,Cancelled,Cash on Delivery,PROD114,CUST2622,REV23046
ORD13047,2,59,8/06/2023,Pending,PayPal,PROD103,CUST4387,REV23047
ORD13048,2,399,29/11/2024,Returned,Cash on Delivery,PROD107,CUST3727,REV23048
ORD13049,3,229,15/12/2024,Pending,PayPal,PROD108,CUST4678,REV23049
ORD13050,3,110,29/02/2024,Shipped,Cash on Delivery,PROD105,CUST3801,REV23050
ORD13051,3,229,10/02/2024,Cancelled,Credit Card,PROD108,CUST5523,REV23051
ORD13052,3,80,8/06/2023,Shipped,Credit Card,PROD110,CUST2687,REV23052
ORD13053,3,59,25/12/2023,Pending,Cash on Delivery,PROD103,CUST5001,REV23053
ORD13054,3,149,14/07/2025,Cancelled,Credit Card,PROD113,CUST4828,REV23054
ORD13055,2,399,14/04/2024,Returned,Credit Card,PROD107,CUST2524,REV23055
ORD13056,4,59,3/04/2023,Returned,PayPal,PROD111,CUST2713,REV23056
ORD13057,1,99,3/03/2024,Returned,Credit Card,PROD106,CUST4313,REV23057
ORD13058,1,399,18/02/2024,Returned,PayPal,PROD107,CUST3263,REV23058
ORD13059,1,199,10/06/2024,Cancelled,PayPal,PROD112,CUST2109,REV23059
ORD13060,4,999,11/11/2023,Cancelled,PayPal,PROD100,CUST3411,REV23060
ORD13061,1,110,27/01/2024,Pending,Cash on Delivery,PROD105,CUST3114,REV23061
ORD13062,5,99,8/01/2023,Shipped,Credit Card,PROD106,CUST1646,REV23062
ORD13063,3,199,22/11/2022,Delivered,Credit Card,PROD102,CUST4969,REV23063
ORD13064,5,999,20/10/2024,Cancelled,PayPal,PROD100,CUST1358,REV23064
ORD13065,1,80,6/11/2024,Shipped,Credit Card,PROD110,CUST5184,REV23065
ORD13066,5,229,21/11/2023,Returned,PayPal,PROD108,CUST5768,REV23066
ORD13067,5,199,20/03/2025,Returned,Credit Card,PROD102,CUST5217,REV23067
ORD13068,4,110,23/10/2022,Pending,PayPal,PROD105,CUST5785,REV23068
ORD13069,4,199,26/11/2023,Delivered,Cash on Delivery,PROD112,CUST4345,REV23069
ORD13070,1,199,14/09/2022,Delivered,Credit Card,PROD102,CUST4173,REV23070
ORD13071,2,99,28/02/2023,Pending,Credit Card,PROD106,CUST2716,REV23071
ORD13072,3,25,7/07/2025,Shipped,PayPal,PROD114,CUST4499,REV23072
ORD13073,1,229,5/05/2023,Cancelled,Credit Card,PROD108,CUST2653,REV23073
ORD13074,4,149,31/03/2023,Returned,Credit Card,PROD113,CUST2185,REV23074
ORD13075,3,149,8/05/2023,Returned,Credit Card,PROD113,CUST3961,REV23075
ORD13076,2,899,24/06/2023,Pending,Credit Card,PROD101,CUST2251,REV23076
ORD13077,2,129,26/10/2022,Delivered,PayPal,PROD109,CUST5299,REV23077
ORD13078,2,899,24/01/2023,Pending,Credit Card,PROD101,CUST4271,REV23078
ORD13079,4,80,24/10/2023,Delivered,Cash on Delivery,PROD110,CUST1850,REV23079
ORD13080,1,229,29/07/2024,Pending,Credit Card,PROD108,CUST1693,REV23080
ORD13081,4,149,12/09/2023,Cancelled,PayPal,PROD113,CUST3202,REV23081
ORD13082,3,110,19/08/2023,Returned,Cash on Delivery,PROD105,CUST5418,REV23082
ORD13083,3,399,10/10/2023,Pending,Cash on Delivery,PROD107,CUST1307,REV23083
ORD13084,5,59,3/01/2024,Pending,Cash on Delivery,PROD103,CUST3678,REV23084
ORD13085,5,120,2/09/2023,Pending,Cash on Delivery,PROD104,CUST2348,REV23085
ORD13086,2,229,11/01/2025,Shipped,Credit Card,PROD108,CUST5813,REV23086
ORD13087,1,129,5/06/2024,Cancelled,PayPal,PROD109,CUST2977,REV23087
ORD13088,1,229,6/07/2024,Delivered,PayPal,PROD108,CUST3551,REV23088
ORD13089,4,25,28/12/2023,Delivered,Cash on Delivery,PROD114,CUST1496,REV23089
ORD13090,4,59,1/07/2023,Cancelled,Cash on Delivery,PROD103,CUST4771,REV23090
ORD13091,4,99,6/04/2024,Delivered,Cash on Delivery,PROD106,CUST3453,REV23091
ORD13092,1,899,10/08/2023,Shipped,Credit Card,PROD101,CUST3904,REV23092
ORD13093,5,149,28/01/2023,Returned,PayPal,PROD113,CUST5775,REV23093
ORD13094,5,999,9/07/2024,Cancelled,PayPal,PROD100,CUST1664,REV23094
ORD13095,2,110,20/02/2023,Returned,Cash on Delivery,PROD105,CUST3792,REV23095
ORD13096,1,199,7/03/2023,Cancelled,Credit Card,PROD102,CUST5140,REV23096
ORD13097,3,399,1/05/2023,Pending,PayPal,PROD107,CUST2860,REV23097
ORD13098,3,999,29/10/2022,Pending,Cash on Delivery,PROD100,CUST4413,REV23098
ORD13099,1,25,26/12/2023,Cancelled,Credit Card,PROD114,CUST4948,REV23099
ORD13100,2,99,21/07/2023,Returned,Credit Card,PROD106,CUST4874,REV23100
ORD13101,5,110,30/03/2024,Returned,PayPal,PROD105,CUST3711,REV23101
ORD13102,1,129,8/12/2024,Returned,Cash on Delivery,PROD109,CUST1754,REV23102
ORD13103,5,999,3/11/2024,Returned,PayPal,PROD100,CUST1671,REV23103
ORD13104,3,199,24/01/2025,Delivered,Credit Card,PROD102,CUST1381,REV23104
ORD13105,4,110,21/07/2025,Cancelled,Cash on Delivery,PROD105,CUST2928,REV23105
ORD13106,4,229,23/06/2025,Delivered,Cash on Delivery,PROD108,CUST2294,REV23106
ORD13107,4,399,2/06/2024,Pending,Cash on Delivery,PROD107,CUST1179,REV23107
ORD13108,2,399,9/02/2023,Returned,Credit Card,PROD107,CUST2456,REV23108
ORD13109,4,110,15/09/2022,Returned,Credit Card,PROD105,CUST4418,REV23109
ORD13110,4,899,11/06/2025,Delivered,Cash on Delivery,PROD101,CUST3703,REV23110
ORD13111,2,120,9/04/2024,Shipped,PayPal,PROD104,CUST3302,REV23111
ORD13112,1,99,15/04/2023,Pending,PayPal,PROD106,CUST2827,REV23112
ORD13113,5,229,24/11/2022,Pending,Credit Card,PROD108,CUST5915,REV23113
ORD13114,5,99,22/12/2024,Delivered,PayPal,PROD106,CUST1612,REV23114
ORD13115,3,110,24/09/2022,Pending,PayPal,PROD105,CUST3533,REV23115
ORD13116,3,999,10/12/2022,Delivered,Credit Card,PROD100,CUST2158,REV23116
ORD13117,1,120,13/01/2025,Returned,Cash on Delivery,PROD104,CUST3421,REV23117
ORD13118,5,229,23/07/2025,Delivered,PayPal,PROD108,CUST1671,REV23118
ORD13119,5,80,16/05/2023,Delivered,Cash on Delivery,PROD110,CUST5639,REV23119
ORD13120,5,99,8/05/2025,Cancelled,Cash on Delivery,PROD106,CUST2270,REV23120
ORD13121,3,25,12/03/2024,Delivered,PayPal,PROD114,CUST1500,REV23121
ORD13122,4,999,11/07/2025,Cancelled,PayPal,PROD100,CUST1380,REV23122
ORD13123,5,229,1/07/2025,Shipped,PayPal,PROD108,CUST3675,REV23123
ORD13124,5,399,14/08/2024,Returned,PayPal,PROD107,CUST5429,REV23124
ORD13125,4,229,30/11/2024,Delivered,Credit Card,PROD108,CUST2656,REV23125
ORD13126,4,129,29/06/2025,Cancelled,Credit Card,PROD109,CUST5814,REV23126
ORD13127,2,129,23/03/2024,Pending,Credit Card,PROD109,CUST5905,REV23127
ORD13128,1,149,28/10/2024,Cancelled,Credit Card,PROD113,CUST5052,REV23128
ORD13129,1,149,10/04/2025,Delivered,Cash on Delivery,PROD113,CUST1652,REV23129
ORD13130,4,99,12/03/2023,Returned,Cash on Delivery,PROD106,CUST4000,REV23130
ORD13131,1,149,3/12/2024,Shipped,Cash on Delivery,PROD113,CUST2308,REV23131
ORD13132,4,199,10/01/2024,Delivered,Cash on Delivery,PROD112,CUST1180,REV23132
ORD13133,4,399,9/10/2022,Pending,Credit Card,PROD107,CUST3441,REV23133
ORD13134,3,999,14/06/2023,Returned,Cash on Delivery,PROD100,CUST1176,REV23134
ORD13135,2,399,6/11/2022,Cancelled,PayPal,PROD107,CUST3311,REV23135
ORD13136,4,80,31/07/2024,Cancelled,Cash on Delivery,PROD110,CUST5619,REV23136
ORD13137,3,25,1/05/2024,Delivered,PayPal,PROD114,CUST3487,REV23137
ORD13138,3,59,30/08/2023,Returned,PayPal,PROD111,CUST1875,REV23138
ORD13139,3,59,18/11/2022,Delivered,PayPal,PROD103,CUST4884,REV23139
ORD13140,3,59,19/11/2022,Pending,Cash on Delivery,PROD111,CUST5144,REV23140
ORD13141,2,199,10/11/2022,Pending,Credit Card,PROD102,CUST1309,REV23141
ORD13142,4,999,18/09/2024,Cancelled,Cash on Delivery,PROD100,CUST4603,REV23142
ORD13143,4,149,24/01/2024,Shipped,Credit Card,PROD113,CUST2484,REV23143
ORD13144,1,399,5/09/2024,Pending,Cash on Delivery,PROD107,CUST3652,REV23144
ORD13145,2,25,28/03/2023,Cancelled,Credit Card,PROD114,CUST1651,REV23145
ORD13146,3,129,12/06/2025,Delivered,Credit Card,PROD109,CUST1171,REV23146
ORD13147,3,199,16/09/2024,Pending,Cash on Delivery,PROD102,CUST5635,REV23147
ORD13148,2,59,27/04/2023,Pending,Cash on Delivery,PROD111,CUST3792,REV23148
ORD13149,1,120,31/08/2022,Returned,Credit Card,PROD104,CUST3211,REV23149
ORD13150,3,110,5/10/2023,Delivered,Credit Card,PROD105,CUST1150,REV23150
ORD13151,5,149,4/04/2025,Shipped,PayPal,PROD113,CUST1028,REV23151
ORD13152,5,129,13/11/2023,Returned,PayPal,PROD109,CUST5908,REV23152
ORD13153,4,399,14/03/2024,Returned,Cash on Delivery,PROD107,CUST2102,REV23153
ORD13154,1,59,8/12/2023,Cancelled,PayPal,PROD111,CUST5045,REV23154
ORD13155,1,149,17/11/2023,Returned,PayPal,PROD113,CUST3284,REV23155
ORD13156,4,120,7/11/2023,Returned,Credit Card,PROD104,CUST4716,REV23156
ORD13157,2,199,22/02/2025,Pending,PayPal,PROD112,CUST3694,REV23157
ORD13158,3,129,26/10/2022,Delivered,Cash on Delivery,PROD109,CUST4753,REV23158
ORD13159,3,199,21/09/2023,Delivered,Credit Card,PROD112,CUST2442,REV23159
ORD13160,2,899,28/04/2023,Cancelled,Cash on Delivery,PROD101,CUST5706,REV23160
ORD13161,4,80,27/08/2022,Returned,Credit Card,PROD110,CUST1377,REV23161
ORD13162,2,25,2/12/2022,Delivered,PayPal,PROD114,CUST2148,REV23162
ORD13163,3,899,5/08/2025,Delivered,PayPal,PROD101,CUST3909,REV23163
ORD13164,2,110,31/05/2023,Shipped,Credit Card,PROD105,CUST3842,REV23164
ORD13165,1,80,4/05/2024,Pending,PayPal,PROD110,CUST5865,REV23165
ORD13166,5,59,25/10/2023,Delivered,Cash on Delivery,PROD103,CUST2540,REV23166
ORD13167,2,229,20/01/2025,Cancelled,PayPal,PROD108,CUST1608,REV23167
ORD13168,2,59,22/11/2024,Returned,Credit Card,PROD103,CUST3072,REV23168
ORD13169,2,999,8/05/2023,Cancelled,Cash on Delivery,PROD100,CUST2657,REV23169
ORD13170,4,59,5/03/2024,Shipped,PayPal,PROD111,CUST1477,REV23170
ORD13171,5,59,31/03/2024,Returned,Cash on Delivery,PROD103,CUST4121,REV23171
ORD13172,1,199,25/06/2025,Pending,PayPal,PROD112,CUST5001,REV23172
ORD13173,2,129,8/02/2024,Cancelled,Cash on Delivery,PROD109,CUST3900,REV23173
ORD13174,3,99,16/08/2024,Pending,Cash on Delivery,PROD106,CUST4179,REV23174
ORD13175,5,229,8/09/2024,Shipped,Credit Card,PROD108,CUST1401,REV23175
ORD13176,4,59,6/01/2023,Pending,Credit Card,PROD103,CUST1977,REV23176
ORD13177,3,199,23/04/2025,Delivered,Credit Card,PROD112,CUST2965,REV23177
ORD13178,1,199,28/03/2025,Delivered,Credit Card,PROD112,CUST3992,REV23178
ORD13179,2,25,25/10/2022,Pending,Cash on Delivery,PROD114,CUST5689,REV23179
ORD13180,5,110,8/09/2022,Returned,Cash on Delivery,PROD105,CUST5006,REV23180
ORD13181,2,199,2/04/2023,Pending,Credit Card,PROD112,CUST4866,REV23181
ORD13182,2,229,22/09/2024,Pending,Credit Card,PROD108,CUST4047,REV23182
ORD13183,3,59,26/01/2023,Delivered,Credit Card,PROD103,CUST4192,REV23183
ORD13184,2,399,28/03/2025,Shipped,Credit Card,PROD107,CUST1712,REV23184
ORD13185,3,129,4/07/2024,Pending,Cash on Delivery,PROD109,CUST2830,REV23185
ORD13186,5,25,27/03/2024,Pending,PayPal,PROD114,CUST4693,REV23186
ORD13187,1,999,15/07/2023,Shipped,PayPal,PROD100,CUST4894,REV23187
ORD13188,5,59,22/08/2024,Delivered,Cash on Delivery,PROD111,CUST1412,REV23188
ORD13189,1,999,27/05/2025,Cancelled,Cash on Delivery,PROD100,CUST2261,REV23189
ORD13190,3,25,24/11/2023,Returned,Credit Card,PROD114,CUST1590,REV23190
ORD13191,4,229,26/04/2023,Returned,PayPal,PROD108,CUST4681,REV23191
ORD13192,1,25,16/09/2023,Delivered,Cash on Delivery,PROD114,CUST4045,REV23192
ORD13193,3,129,9/05/2024,Returned,Cash on Delivery,PROD109,CUST2274,REV23193
ORD13194,4,999,30/05/2023,Delivered,PayPal,PROD100,CUST2694,REV23194
ORD13195,1,129,21/09/2024,Pending,Cash on Delivery,PROD109,CUST4389,REV23195
ORD13196,4,110,25/10/2024,Returned,PayPal,PROD105,CUST5874,REV23196
ORD13197,1,59,20/01/2025,Cancelled,Cash on Delivery,PROD103,CUST2552,REV23197
ORD13198,2,120,22/11/2022,Returned,Credit Card,PROD104,CUST1825,REV23198
ORD13199,3,229,1/01/2025,Cancelled,PayPal,PROD108,CUST1560,REV23199
ORD13200,4,899,5/10/2024,Cancelled,Credit Card,PROD101,CUST2454,REV23200
ORD13201,3,899,10/06/2025,Delivered,Credit Card,PROD101,CUST4890,REV23201
ORD13202,4,110,21/08/2023,Pending,Credit Card,PROD105,CUST4819,REV23202
ORD13203,4,99,13/10/2022,Pending,PayPal,PROD106,CUST3585,REV23203
ORD13204,4,59,29/09/2024,Returned,PayPal,PROD103,CUST1724,REV23204
ORD13205,5,59,4/09/2024,Cancelled,Credit Card,PROD111,CUST5915,REV23205
ORD13206,3,120,26/11/2022,Cancelled,PayPal,PROD104,CUST1648,REV23206
ORD13207,1,25,14/11/2024,Returned,Credit Card,PROD114,CUST3260,REV23207
ORD13208,3,399,16/01/2024,Delivered,Cash on Delivery,PROD107,CUST5596,REV23208
ORD13209,5,899,24/11/2022,Returned,Cash on Delivery,PROD101,CUST2520,REV23209
ORD13210,1,25,2/03/2025,Pending,Cash on Delivery,PROD114,CUST2192,REV23210
ORD13211,2,99,10/03/2023,Returned,Cash on Delivery,PROD106,CUST2304,REV23211
ORD13212,1,899,31/05/2023,Pending,Cash on Delivery,PROD101,CUST2721,REV23212
ORD13213,1,59,6/12/2024,Pending,PayPal,PROD111,CUST3043,REV23213
ORD13214,3,229,16/02/2023,Pending,Cash on Delivery,PROD108,CUST1612,REV23214
ORD13215,1,80,3/10/2022,Delivered,PayPal,PROD110,CUST1241,REV23215
ORD13216,5,399,6/08/2023,Cancelled,Credit Card,PROD107,CUST2681,REV23216
ORD13217,3,80,13/07/2023,Shipped,Cash on Delivery,PROD110,CUST4173,REV23217
ORD13218,2,199,12/10/2024,Shipped,Cash on Delivery,PROD112,CUST1650,REV23218
ORD13219,5,59,20/07/2025,Pending,PayPal,PROD103,CUST1962,REV23219
ORD13220,3,199,23/08/2023,Returned,PayPal,PROD112,CUST1529,REV23220
ORD13221,1,999,21/02/2024,Returned,PayPal,PROD100,CUST2262,REV23221
ORD13222,1,120,18/08/2024,Delivered,PayPal,PROD104,CUST1061,REV23222
ORD13223,3,899,5/10/2024,Pending,Cash on Delivery,PROD101,CUST3360,REV23223
ORD13224,5,199,20/12/2024,Pending,Cash on Delivery,PROD102,CUST4994,REV23224
ORD13225,2,25,4/06/2025,Returned,Cash on Delivery,PROD114,CUST5378,REV23225
ORD13226,3,399,19/03/2024,Cancelled,PayPal,PROD107,CUST1285,REV23226
ORD13227,5,399,9/03/2023,Shipped,Credit Card,PROD107,CUST2693,REV23227
ORD13228,3,59,26/12/2022,Returned,Credit Card,PROD111,CUST5266,REV23228
ORD13229,1,999,19/10/2022,Returned,Credit Card,PROD100,CUST3960,REV23229
ORD13230,5,199,21/11/2022,Shipped,Cash on Delivery,PROD112,CUST5767,REV23230
ORD13231,4,199,2/12/2022,Pending,Cash on Delivery,PROD112,CUST3132,REV23231
ORD13232,1,199,19/03/2023,Cancelled,PayPal,PROD102,CUST5348,REV23232
ORD13233,3,199,15/06/2023,Pending,PayPal,PROD112,CUST2535,REV23233
ORD13234,3,129,24/06/2023,Pending,Cash on Delivery,PROD109,CUST3614,REV23234
ORD13235,4,110,11/10/2023,Shipped,Cash on Delivery,PROD105,CUST5264,REV23235
ORD13236,1,229,5/10/2022,Pending,Cash on Delivery,PROD108,CUST2459,REV23236
ORD13237,1,229,26/07/2025,Returned,PayPal,PROD108,CUST5467,REV23237
ORD13238,1,999,15/10/2023,Shipped,Credit Card,PROD100,CUST5135,REV23238
ORD13239,1,229,10/02/2024,Returned,PayPal,PROD108,CUST5408,REV23239
ORD13240,3,149,14/08/2025,Delivered,Credit Card,PROD113,CUST2730,REV23240
ORD13241,3,59,16/09/2023,Shipped,Cash on Delivery,PROD111,CUST1429,REV23241
ORD13242,4,80,24/03/2024,Returned,Cash on Delivery,PROD110,CUST5758,REV23242
ORD13243,3,999,23/01/2025,Returned,Credit Card,PROD100,CUST2443,REV23243
ORD13244,2,110,30/11/2022,Delivered,Credit Card,PROD105,CUST4968,REV23244
ORD13245,4,899,14/02/2025,Delivered,Credit Card,PROD101,CUST3435,REV23245
ORD13246,1,149,20/01/2025,Shipped,PayPal,PROD113,CUST5735,REV23246
ORD13247,4,899,16/11/2023,Delivered,Credit Card,PROD101,CUST5472,REV23247
ORD13248,2,120,5/02/2023,Returned,PayPal,PROD104,CUST2180,REV23248
ORD13249,4,110,7/05/2023,Returned,PayPal,PROD105,CUST2162,REV23249
ORD13250,1,229,16/12/2023,Cancelled,PayPal,PROD108,CUST2984,REV23250
ORD13251,3,59,9/01/2023,Cancelled,Credit Card,PROD103,CUST5282,REV23251
ORD13252,3,99,4/10/2023,Returned,Credit Card,PROD106,CUST1406,REV23252
ORD13253,1,899,13/12/2023,Cancelled,PayPal,PROD101,CUST4622,REV23253
ORD13254,3,199,5/01/2023,Delivered,Credit Card,PROD112,CUST2477,REV23254
ORD13255,5,229,5/03/2024,Returned,Credit Card,PROD108,CUST2146,REV23255
ORD13256,4,199,20/08/2023,Delivered,Credit Card,PROD112,CUST4846,REV23256
ORD13257,3,399,9/05/2023,Delivered,Credit Card,PROD107,CUST1880,REV23257
ORD13258,4,110,19/10/2024,Returned,Cash on Delivery,PROD105,CUST5795,REV23258
ORD13259,5,899,27/06/2023,Cancelled,PayPal,PROD101,CUST4881,REV23259
ORD13260,2,399,10/10/2023,Delivered,Cash on Delivery,PROD107,CUST4872,REV23260
ORD13261,4,80,22/09/2022,Pending,Credit Card,PROD110,CUST4168,REV23261
ORD13262,2,59,19/09/2023,Cancelled,Credit Card,PROD111,CUST5875,REV23262
ORD13263,2,899,29/01/2023,Delivered,Credit Card,PROD101,CUST2855,REV23263
ORD13264,3,199,23/12/2022,Delivered,Cash on Delivery,PROD112,CUST2432,REV23264
ORD13265,5,229,12/04/2023,Returned,PayPal,PROD108,CUST2249,REV23265
ORD13266,5,899,11/11/2022,Cancelled,PayPal,PROD101,CUST3761,REV23266
ORD13267,2,149,30/07/2023,Delivered,PayPal,PROD113,CUST2963,REV23267
ORD13268,2,80,16/06/2024,Cancelled,Cash on Delivery,PROD110,CUST5427,REV23268
ORD13269,4,199,25/08/2023,Cancelled,PayPal,PROD112,CUST2096,REV23269
ORD13270,1,120,30/11/2024,Delivered,PayPal,PROD104,CUST2986,REV23270
ORD13271,3,199,7/12/2023,Pending,PayPal,PROD102,CUST2389,REV23271
ORD13272,2,899,28/09/2024,Delivered,PayPal,PROD101,CUST4927,REV23272
ORD13273,2,120,5/06/2025,Pending,Cash on Delivery,PROD104,CUST5160,REV23273
ORD13274,5,59,26/12/2023,Delivered,Cash on Delivery,PROD111,CUST1334,REV23274
ORD13275,5,199,2/09/2024,Pending,Cash on Delivery,PROD112,CUST5922,REV23275
ORD13276,1,110,12/03/2025,Pending,PayPal,PROD105,CUST4138,REV23276
ORD13277,3,59,13/11/2024,Shipped,PayPal,PROD111,CUST4670,REV23277
ORD13278,5,999,18/03/2025,Delivered,Credit Card,PROD100,CUST3650,REV23278
ORD13279,3,999,10/11/2022,Pending,PayPal,PROD100,CUST1542,REV23279
ORD13280,3,899,16/10/2023,Shipped,Credit Card,PROD101,CUST3226,REV23280
ORD13281,2,399,11/05/2023,Returned,PayPal,PROD107,CUST3819,REV23281
ORD13282,5,399,21/01/2025,Shipped,Credit Card,PROD107,CUST4094,REV23282
ORD13283,3,80,10/12/2022,Returned,Cash on Delivery,PROD110,CUST2120,REV23283
ORD13284,1,129,9/10/2023,Delivered,PayPal,PROD109,CUST1123,REV23284
ORD13285,1,999,19/07/2023,Cancelled,Credit Card,PROD100,CUST4574,REV23285
ORD13286,4,120,6/06/2023,Cancelled,Cash on Delivery,PROD104,CUST5348,REV23286
ORD13287,5,110,25/06/2023,Shipped,Credit Card,PROD105,CUST3293,REV23287
ORD13288,4,999,12/04/2025,Shipped,Credit Card,PROD100,CUST2667,REV23288
ORD13289,3,399,21/06/2025,Returned,Credit Card,PROD107,CUST2133,REV23289
ORD13290,1,110,6/09/2023,Delivered,Credit Card,PROD105,CUST5494,REV23290
ORD13291,1,899,9/05/2024,Shipped,Cash on Delivery,PROD101,CUST4047,REV23291
ORD13292,1,110,22/03/2025,Pending,Credit Card,PROD105,CUST3643,REV23292
ORD13293,5,110,19/12/2023,Delivered,PayPal,PROD105,CUST5736,REV23293
ORD13294,2,25,14/06/2023,Pending,Cash on Delivery,PROD114,CUST5910,REV23294
ORD13295,3,80,29/03/2024,Delivered,Cash on Delivery,PROD110,CUST2270,REV23295
ORD13296,4,80,19/08/2024,Shipped,Credit Card,PROD110,CUST5683,REV23296
ORD13297,4,129,15/07/2023,Cancelled,Credit Card,PROD109,CUST1337,REV23297
ORD13298,5,99,25/03/2023,Delivered,Cash on Delivery,PROD106,CUST3516,REV23298
ORD13299,3,199,27/04/2025,Returned,Credit Card,PROD112,CUST2501,REV23299
ORD13300,2,120,3/05/2023,Cancelled,Cash on Delivery,PROD104,CUST2066,REV23300
ORD13301,3,899,8/06/2023,Delivered,Cash on Delivery,PROD101,CUST1299,REV23301
ORD13302,2,59,31/03/2025,Delivered,Cash on Delivery,PROD111,CUST4538,REV23302
ORD13303,4,199,15/05/2025,Shipped,Credit Card,PROD112,CUST1656,REV23303
ORD13304,1,999,8/03/2025,Returned,Cash on Delivery,PROD100,CUST4749,REV23304
ORD13305,4,25,24/11/2022,Delivered,Cash on Delivery,PROD114,CUST3416,REV23305
ORD13306,1,199,22/06/2024,Delivered,Credit Card,PROD102,CUST2741,REV23306
ORD13307,1,899,7/05/2023,Shipped,PayPal,PROD101,CUST4121,REV23307
ORD13308,1,110,20/10/2024,Shipped,Credit Card,PROD105,CUST3754,REV23308
ORD13309,1,199,12/04/2023,Delivered,Credit Card,PROD112,CUST4027,REV23309
ORD13310,4,129,27/11/2024,Cancelled,Cash on Delivery,PROD109,CUST5111,REV23310
ORD13311,1,899,14/10/2023,Cancelled,PayPal,PROD101,CUST1148,REV23311
ORD13312,1,80,26/01/2025,Shipped,Cash on Delivery,PROD110,CUST4850,REV23312
ORD13313,3,80,3/10/2024,Cancelled,Credit Card,PROD110,CUST3376,REV23313
ORD13314,2,129,14/10/2023,Delivered,Credit Card,PROD109,CUST2393,REV23314
ORD13315,1,59,26/09/2022,Pending,PayPal,PROD111,CUST5699,REV23315
ORD13316,5,59,14/01/2025,Cancelled,Cash on Delivery,PROD103,CUST5819,REV23316
ORD13317,5,899,24/07/2024,Returned,PayPal,PROD101,CUST4298,REV23317
ORD13318,1,110,13/07/2025,Cancelled,Cash on Delivery,PROD105,CUST3127,REV23318
ORD13319,3,80,28/12/2024,Shipped,Cash on Delivery,PROD110,CUST3246,REV23319
ORD13320,5,899,10/01/2025,Pending,PayPal,PROD101,CUST5417,REV23320
ORD13321,2,899,19/11/2024,Pending,Cash on Delivery,PROD101,CUST1187,REV23321
ORD13322,2,229,10/06/2024,Delivered,Cash on Delivery,PROD108,CUST2474,REV23322
ORD13323,1,59,17/05/2023,Shipped,PayPal,PROD103,CUST1823,REV23323
ORD13324,5,80,13/02/2024,Returned,Credit Card,PROD110,CUST2301,REV23324
ORD13325,2,399,2/08/2024,Pending,Credit Card,PROD107,CUST1325,REV23325
ORD13326,3,199,13/12/2023,Cancelled,PayPal,PROD102,CUST3515,REV23326
ORD13327,4,120,18/02/2025,Delivered,Credit Card,PROD104,CUST5061,REV23327
ORD13328,5,59,18/08/2023,Pending,Cash on Delivery,PROD103,CUST2196,REV23328
ORD13329,1,110,9/12/2023,Shipped,Credit Card,PROD105,CUST3856,REV23329
ORD13330,3,129,12/02/2023,Pending,Credit Card,PROD109,CUST3690,REV23330
ORD13331,1,149,6/01/2023,Returned,Credit Card,PROD113,CUST1643,REV23331
ORD13332,1,399,13/10/2023,Pending,Credit Card,PROD107,CUST5095,REV23332
ORD13333,5,99,29/10/2022,Returned,PayPal,PROD106,CUST4209,REV23333
ORD13334,3,999,29/12/2023,Shipped,Credit Card,PROD100,CUST4960,REV23334
ORD13335,3,59,8/10/2022,Shipped,Cash on Delivery,PROD111,CUST1284,REV23335
ORD13336,5,199,17/05/2023,Shipped,Cash on Delivery,PROD102,CUST3563,REV23336
ORD13337,2,110,7/12/2022,Pending,Credit Card,PROD105,CUST4846,REV23337
ORD13338,3,129,5/04/2025,Shipped,Credit Card,PROD109,CUST4469,REV23338
ORD13339,5,110,23/01/2025,Cancelled,Credit Card,PROD105,CUST4240,REV23339
ORD13340,2,129,30/09/2024,Shipped,PayPal,PROD109,CUST5576,REV23340
ORD13341,3,399,22/10/2022,Cancelled,PayPal,PROD107,CUST4761,REV23341
ORD13342,5,99,13/11/2023,Pending,Credit Card,PROD106,CUST1453,REV23342
ORD13343,1,110,27/01/2023,Cancelled,PayPal,PROD105,CUST1593,REV23343
ORD13344,2,999,8/02/2025,Shipped,Credit Card,PROD100,CUST4032,REV23344
ORD13345,2,59,13/07/2025,Delivered,PayPal,PROD111,CUST5838,REV23345
ORD13346,4,229,8/02/2023,Delivered,Cash on Delivery,PROD108,CUST4701,REV23346
ORD13347,1,25,22/08/2025,Cancelled,Cash on Delivery,PROD114,CUST1043,REV23347
ORD13348,5,80,9/04/2024,Cancelled,Credit Card,PROD110,CUST1988,REV23348
ORD13349,4,129,8/01/2023,Delivered,Cash on Delivery,PROD109,CUST3983,REV23349
ORD13350,3,25,2/08/2025,Delivered,PayPal,PROD114,CUST3095,REV23350
ORD13351,2,399,19/04/2025,Delivered,Credit Card,PROD107,CUST4402,REV23351
ORD13352,4,199,3/08/2024,Cancelled,Cash on Delivery,PROD102,CUST3345,REV23352
ORD13353,3,110,14/06/2023,Shipped,Credit Card,PROD105,CUST1311,REV23353
ORD13354,2,999,22/04/2023,Delivered,Credit Card,PROD100,CUST2497,REV23354
ORD13355,3,229,29/03/2024,Cancelled,Cash on Delivery,PROD108,CUST4516,REV23355
ORD13356,1,80,13/05/2025,Cancelled,PayPal,PROD110,CUST1970,REV23356
ORD13357,4,129,11/09/2022,Cancelled,Cash on Delivery,PROD109,CUST2943,REV23357
ORD13358,2,59,18/04/2025,Delivered,PayPal,PROD103,CUST3076,REV23358
ORD13359,2,899,27/02/2024,Returned,Cash on Delivery,PROD101,CUST3190,REV23359
ORD13360,5,199,22/04/2024,Cancelled,Credit Card,PROD102,CUST4950,REV23360
ORD13361,1,199,5/09/2023,Pending,PayPal,PROD102,CUST5047,REV23361
ORD13362,5,129,16/04/2023,Pending,Cash on Delivery,PROD109,CUST2212,REV23362
ORD13363,1,59,2/10/2022,Cancelled,Cash on Delivery,PROD103,CUST2724,REV23363
ORD13364,3,129,13/11/2022,Cancelled,Credit Card,PROD109,CUST5701,REV23364
ORD13365,4,899,31/03/2023,Pending,Credit Card,PROD101,CUST4814,REV23365
ORD13366,2,120,5/05/2025,Shipped,PayPal,PROD104,CUST2285,REV23366
ORD13367,3,399,1/05/2025,Cancelled,PayPal,PROD107,CUST2054,REV23367
ORD13368,3,120,6/08/2023,Cancelled,Cash on Delivery,PROD104,CUST3406,REV23368
ORD13369,5,59,26/07/2023,Returned,PayPal,PROD111,CUST5278,REV23369
ORD13370,5,899,9/01/2024,Cancelled,PayPal,PROD101,CUST2393,REV23370
ORD13371,2,110,2/06/2023,Returned,PayPal,PROD105,CUST4316,REV23371
ORD13372,1,99,9/12/2023,Shipped,Cash on Delivery,PROD106,CUST3746,REV23372
ORD13373,1,25,7/05/2024,Pending,Cash on Delivery,PROD114,CUST4040,REV23373
ORD13374,2,199,2/07/2025,Pending,PayPal,PROD112,CUST4800,REV23374
ORD13375,2,229,5/02/2025,Returned,Cash on Delivery,PROD108,CUST2729,REV23375
ORD13376,4,899,15/10/2024,Shipped,Credit Card,PROD101,CUST3200,REV23376
ORD13377,3,199,13/06/2024,Returned,Cash on Delivery,PROD102,CUST4320,REV23377
ORD13378,2,899,28/02/2023,Returned,Cash on Delivery,PROD101,CUST5548,REV23378
ORD13379,4,110,26/07/2024,Cancelled,Credit Card,PROD105,CUST1139,REV23379
ORD13380,2,59,17/04/2023,Returned,Cash on Delivery,PROD111,CUST4372,REV23380
ORD13381,5,399,28/05/2024,Delivered,Cash on Delivery,PROD107,CUST2192,REV23381
ORD13382,5,199,23/06/2024,Cancelled,Credit Card,PROD102,CUST4940,REV23382
ORD13383,5,899,29/10/2022,Pending,PayPal,PROD101,CUST3895,REV23383
ORD13384,2,99,2/08/2025,Delivered,Cash on Delivery,PROD106,CUST3479,REV23384
ORD13385,1,110,2/08/2023,Shipped,PayPal,PROD105,CUST3429,REV23385
ORD13386,2,110,1/11/2023,Pending,Cash on Delivery,PROD105,CUST3088,REV23386
ORD13387,2,120,20/01/2024,Returned,Credit Card,PROD104,CUST3931,REV23387
ORD13388,1,199,4/07/2023,Returned,Credit Card,PROD112,CUST4042,REV23388
ORD13389,4,149,29/12/2024,Returned,PayPal,PROD113,CUST3655,REV23389
ORD13390,1,80,26/09/2023,Returned,Cash on Delivery,PROD110,CUST3241,REV23390
ORD13391,5,110,20/08/2024,Shipped,Cash on Delivery,PROD105,CUST4897,REV23391
ORD13392,3,199,15/01/2023,Returned,Credit Card,PROD102,CUST4942,REV23392
ORD13393,2,399,9/12/2022,Cancelled,Cash on Delivery,PROD107,CUST1910,REV23393
ORD13394,5,999,27/10/2022,Delivered,PayPal,PROD100,CUST5800,REV23394
ORD13395,1,99,23/06/2024,Shipped,PayPal,PROD106,CUST2049,REV23395
ORD13396,1,199,20/08/2025,Delivered,Credit Card,PROD112,CUST5669,REV23396
ORD13397,3,399,12/01/2025,Shipped,PayPal,PROD107,CUST1676,REV23397
ORD13398,5,229,20/04/2025,Cancelled,Cash on Delivery,PROD108,CUST4100,REV23398
ORD13399,1,99,13/01/2023,Cancelled,PayPal,PROD106,CUST2210,REV23399
ORD13400,1,110,31/10/2022,Shipped,Cash on Delivery,PROD105,CUST4303,REV23400
ORD13401,4,399,16/12/2023,Cancelled,Cash on Delivery,PROD107,CUST4237,REV23401
ORD13402,1,120,6/12/2022,Shipped,PayPal,PROD104,CUST2516,REV23402
ORD13403,4,199,20/10/2023,Pending,Cash on Delivery,PROD112,CUST4525,REV23403
ORD13404,2,59,3/01/2024,Returned,PayPal,PROD103,CUST3011,REV23404
ORD13405,1,80,21/01/2023,Returned,PayPal,PROD110,CUST4841,REV23405
ORD13406,3,129,7/12/2023,Delivered,Credit Card,PROD109,CUST2646,REV23406
ORD13407,4,899,28/12/2023,Delivered,PayPal,PROD101,CUST3363,REV23407
ORD13408,1,899,4/12/2024,Returned,Credit Card,PROD101,CUST1059,REV23408
ORD13409,1,80,4/12/2023,Cancelled,Credit Card,PROD110,CUST3482,REV23409
ORD13410,1,99,9/02/2023,Shipped,Credit Card,PROD106,CUST5737,REV23410
ORD13411,5,199,19/02/2025,Delivered,PayPal,PROD102,CUST5978,REV23411
ORD13412,3,129,20/11/2022,Shipped,Cash on Delivery,PROD109,CUST1252,REV23412
ORD13413,1,110,7/02/2023,Shipped,Cash on Delivery,PROD105,CUST4850,REV23413
ORD13414,3,999,26/01/2024,Delivered,PayPal,PROD100,CUST4058,REV23414
ORD13415,2,59,7/08/2025,Shipped,Cash on Delivery,PROD111,CUST1163,REV23415
ORD13416,1,80,31/07/2025,Delivered,Cash on Delivery,PROD110,CUST5702,REV23416
ORD13417,5,199,18/02/2024,Pending,PayPal,PROD112,CUST4043,REV23417
ORD13418,3,110,7/02/2025,Pending,PayPal,PROD105,CUST3942,REV23418
ORD13419,1,149,2/12/2022,Returned,Credit Card,PROD113,CUST5124,REV23419
ORD13420,1,199,14/05/2024,Pending,Cash on Delivery,PROD112,CUST1641,REV23420
ORD13421,3,899,2/11/2024,Returned,PayPal,PROD101,CUST4097,REV23421
ORD13422,5,229,18/11/2024,Pending,Credit Card,PROD108,CUST2740,REV23422
ORD13423,3,59,12/11/2022,Pending,Credit Card,PROD111,CUST1340,REV23423
ORD13424,2,59,30/10/2022,Pending,Credit Card,PROD111,CUST2152,REV23424
ORD13425,1,399,19/11/2023,Returned,Cash on Delivery,PROD107,CUST2877,REV23425
ORD13426,5,899,7/04/2024,Cancelled,PayPal,PROD101,CUST2970,REV23426
ORD13427,1,399,6/08/2025,Cancelled,PayPal,PROD107,CUST4354,REV23427
ORD13428,3,199,31/10/2023,Delivered,PayPal,PROD102,CUST1632,REV23428
ORD13429,3,110,19/01/2025,Cancelled,PayPal,PROD105,CUST5929,REV23429
ORD13430,4,80,21/06/2024,Shipped,Credit Card,PROD110,CUST3518,REV23430
ORD13431,5,129,15/01/2023,Pending,Cash on Delivery,PROD109,CUST2354,REV23431
ORD13432,2,899,27/06/2023,Delivered,Cash on Delivery,PROD101,CUST3262,REV23432
ORD13433,1,110,9/06/2023,Delivered,Credit Card,PROD105,CUST1846,REV23433
ORD13434,5,129,21/03/2023,Returned,Cash on Delivery,PROD109,CUST4688,REV23434
ORD13435,2,199,22/07/2025,Cancelled,Cash on Delivery,PROD112,CUST3639,REV23435
ORD13436,5,129,19/05/2024,Cancelled,Cash on Delivery,PROD109,CUST5210,REV23436
ORD13437,5,80,27/03/2025,Pending,Cash on Delivery,PROD110,CUST5227,REV23437
ORD13438,5,25,26/04/2025,Pending,PayPal,PROD114,CUST5107,REV23438
ORD13439,3,129,25/11/2022,Returned,Cash on Delivery,PROD109,CUST5365,REV23439
ORD13440,3,110,22/09/2023,Returned,Credit Card,PROD105,CUST3425,REV23440
ORD13441,1,129,22/01/2023,Delivered,PayPal,PROD109,CUST5501,REV23441
ORD13442,1,110,12/07/2024,Pending,Cash on Delivery,PROD105,CUST3427,REV23442
ORD13443,2,80,6/07/2025,Cancelled,Credit Card,PROD110,CUST1363,REV23443
ORD13444,3,99,4/01/2025,Cancelled,Credit Card,PROD106,CUST3702,REV23444
ORD13445,1,80,1/02/2023,Delivered,Credit Card,PROD110,CUST5546,REV23445
ORD13446,5,120,20/08/2025,Cancelled,Credit Card,PROD104,CUST5428,REV23446
ORD13447,5,99,8/10/2024,Returned,Cash on Delivery,PROD106,CUST2365,REV23447
ORD13448,2,129,23/10/2023,Delivered,PayPal,PROD109,CUST2461,REV23448
ORD13449,4,149,4/05/2023,Shipped,Cash on Delivery,PROD113,CUST2459,REV23449
ORD13450,3,999,4/11/2022,Shipped,Cash on Delivery,PROD100,CUST5229,REV23450
ORD13451,4,399,15/09/2023,Returned,Cash on Delivery,PROD107,CUST3281,REV23451
ORD13452,5,120,22/12/2023,Shipped,Cash on Delivery,PROD104,CUST5818,REV23452
ORD13453,4,199,17/07/2024,Delivered,Cash on Delivery,PROD102,CUST1254,REV23453
ORD13454,3,129,9/05/2023,Delivered,Cash on Delivery,PROD109,CUST4911,REV23454
ORD13455,4,129,3/01/2024,Delivered,Credit Card,PROD109,CUST2843,REV23455
ORD13456,5,25,15/02/2024,Shipped,Credit Card,PROD114,CUST3394,REV23456
ORD13457,5,199,4/10/2022,Delivered,Cash on Delivery,PROD112,CUST5943,REV23457
ORD13458,4,229,18/09/2023,Cancelled,Cash on Delivery,PROD108,CUST2941,REV23458
ORD13459,4,59,23/09/2024,Returned,PayPal,PROD103,CUST4974,REV23459
ORD13460,3,149,16/11/2022,Pending,Cash on Delivery,PROD113,CUST4128,REV23460
ORD13461,3,120,17/04/2024,Pending,Credit Card,PROD104,CUST2614,REV23461
ORD13462,5,199,23/03/2023,Pending,Credit Card,PROD102,CUST2231,REV23462
ORD13463,3,99,21/11/2024,Cancelled,Credit Card,PROD106,CUST4803,REV23463
ORD13464,4,199,12/07/2025,Pending,Credit Card,PROD102,CUST5988,REV23464
ORD13465,5,99,2/03/2025,Delivered,PayPal,PROD106,CUST5000,REV23465
ORD13466,1,229,23/10/2024,Delivered,Cash on Delivery,PROD108,CUST1542,REV23466
ORD13467,4,129,12/11/2023,Shipped,PayPal,PROD109,CUST2524,REV23467
ORD13468,2,120,24/04/2023,Cancelled,PayPal,PROD104,CUST2372,REV23468
ORD13469,5,999,19/09/2022,Pending,Credit Card,PROD100,CUST1218,REV23469
ORD13470,5,899,11/07/2024,Delivered,Credit Card,PROD101,CUST5140,REV23470
ORD13471,5,120,29/12/2024,Shipped,Credit Card,PROD104,CUST3450,REV23471
ORD13472,3,110,4/12/2023,Delivered,PayPal,PROD105,CUST3585,REV23472
ORD13473,3,399,8/05/2025,Delivered,PayPal,PROD107,CUST4910,REV23473
ORD13474,3,899,28/07/2024,Delivered,Credit Card,PROD101,CUST3998,REV23474
ORD13475,2,229,28/04/2025,Pending,Credit Card,PROD108,CUST5592,REV23475
ORD13476,3,199,20/05/2023,Delivered,PayPal,PROD112,CUST4632,REV23476
ORD13477,5,199,18/08/2025,Cancelled,Cash on Delivery,PROD112,CUST5012,REV23477
ORD13478,5,999,4/11/2023,Pending,Credit Card,PROD100,CUST2730,REV23478
ORD13479,2,399,6/07/2024,Cancelled,Credit Card,PROD107,CUST3162,REV23479
ORD13480,2,199,1/05/2024,Delivered,Cash on Delivery,PROD102,CUST3124,REV23480
ORD13481,1,110,28/09/2024,Shipped,PayPal,PROD105,CUST3633,REV23481
ORD13482,1,110,8/08/2023,Cancelled,Cash on Delivery,PROD105,CUST2644,REV23482
ORD13483,4,129,15/11/2023,Pending,Credit Card,PROD109,CUST5722,REV23483
ORD13484,4,99,12/06/2024,Cancelled,Credit Card,PROD106,CUST3201,REV23484
ORD13485,3,59,7/02/2023,Returned,Cash on Delivery,PROD103,CUST5930,REV23485
ORD13486,5,59,1/04/2025,Cancelled,Credit Card,PROD103,CUST5600,REV23486
ORD13487,2,25,30/04/2025,Pending,PayPal,PROD114,CUST3540,REV23487
ORD13488,2,99,28/02/2024,Shipped,PayPal,PROD106,CUST5274,REV23488
ORD13489,4,99,17/06/2023,Shipped,Cash on Delivery,PROD106,CUST1902,REV23489
ORD13490,2,120,17/10/2024,Cancelled,PayPal,PROD104,CUST5086,REV23490
ORD13491,3,80,5/07/2023,Cancelled,Cash on Delivery,PROD110,CUST4158,REV23491
ORD13492,2,129,23/07/2024,Returned,PayPal,PROD109,CUST1551,REV23492
ORD13493,5,149,26/05/2023,Cancelled,Credit Card,PROD113,CUST1423,REV23493
ORD13494,4,899,20/03/2023,Shipped,PayPal,PROD101,CUST4859,REV23494
ORD13495,1,149,23/04/2025,Cancelled,PayPal,PROD113,CUST4577,REV23495
ORD13496,4,149,11/01/2024,Delivered,PayPal,PROD113,CUST4581,REV23496
ORD13497,5,899,21/06/2025,Returned,PayPal,PROD101,CUST3994,REV23497
ORD13498,3,149,14/09/2024,Shipped,Credit Card,PROD113,CUST1851,REV23498
ORD13499,1,399,31/01/2023,Shipped,Credit Card,PROD107,CUST2409,REV23499
ORD13500,5,25,16/01/2024,Shipped,PayPal,PROD114,CUST5493,REV23500
ORD13501,4,999,30/09/2022,Shipped,Credit Card,PROD100,CUST4284,REV23501
ORD13502,3,110,5/05/2025,Pending,Cash on Delivery,PROD105,CUST4784,REV23502
ORD13503,5,80,26/08/2023,Delivered,PayPal,PROD110,CUST4740,REV23503
ORD13504,5,80,10/03/2023,Delivered,Cash on Delivery,PROD110,CUST1989,REV23504
ORD13505,5,199,7/04/2023,Delivered,PayPal,PROD112,CUST4460,REV23505
ORD13506,3,999,3/01/2023,Pending,PayPal,PROD100,CUST5325,REV23506
ORD13507,4,229,17/01/2023,Shipped,Credit Card,PROD108,CUST5184,REV23507
ORD13508,1,99,5/02/2023,Returned,PayPal,PROD106,CUST5589,REV23508
ORD13509,4,899,18/07/2025,Cancelled,Credit Card,PROD101,CUST2701,REV23509
ORD13510,2,99,28/12/2023,Pending,Credit Card,PROD106,CUST3488,REV23510
ORD13511,5,59,25/03/2023,Pending,Credit Card,PROD103,CUST4428,REV23511
ORD13512,5,80,22/11/2024,Delivered,PayPal,PROD110,CUST4500,REV23512
ORD13513,5,99,19/09/2023,Cancelled,Cash on Delivery,PROD106,CUST3869,REV23513
ORD13514,4,899,13/05/2024,Delivered,Cash on Delivery,PROD101,CUST3811,REV23514
ORD13515,4,199,17/08/2023,Returned,Credit Card,PROD112,CUST3111,REV23515
ORD13516,5,149,20/10/2022,Returned,PayPal,PROD113,CUST5608,REV23516
ORD13517,1,25,20/08/2024,Delivered,Cash on Delivery,PROD114,CUST2838,REV23517
ORD13518,1,25,30/10/2022,Pending,Cash on Delivery,PROD114,CUST1608,REV23518
ORD13519,1,59,20/04/2023,Delivered,PayPal,PROD111,CUST5441,REV23519
ORD13520,5,110,23/08/2023,Delivered,Cash on Delivery,PROD105,CUST4668,REV23520
ORD13521,2,80,19/02/2025,Shipped,Credit Card,PROD110,CUST1840,REV23521
ORD13522,5,399,18/12/2024,Returned,Cash on Delivery,PROD107,CUST3280,REV23522
ORD13523,2,25,22/10/2022,Cancelled,Credit Card,PROD114,CUST2431,REV23523
ORD13524,2,149,21/04/2025,Returned,Credit Card,PROD113,CUST1549,REV23524
ORD13525,2,999,30/09/2022,Shipped,Cash on Delivery,PROD100,CUST1244,REV23525
ORD13526,5,99,21/07/2023,Cancelled,Cash on Delivery,PROD106,CUST3194,REV23526
ORD13527,3,229,23/11/2022,Cancelled,Cash on Delivery,PROD108,CUST4618,REV23527
ORD13528,5,199,2/12/2024,Delivered,Credit Card,PROD102,CUST1184,REV23528
ORD13529,4,59,17/07/2024,Delivered,Credit Card,PROD103,CUST3979,REV23529
ORD13530,3,129,7/04/2025,Pending,Credit Card,PROD109,CUST3032,REV23530
ORD13531,1,149,28/02/2024,Shipped,Cash on Delivery,PROD113,CUST4456,REV23531
ORD13532,2,199,23/11/2024,Cancelled,PayPal,PROD102,CUST3429,REV23532
ORD13533,2,149,15/12/2023,Pending,Credit Card,PROD113,CUST4451,REV23533
ORD13534,4,59,27/04/2023,Returned,Credit Card,PROD103,CUST5156,REV23534
ORD13535,3,80,9/05/2024,Pending,Credit Card,PROD110,CUST5601,REV23535
ORD13536,4,149,13/04/2023,Pending,PayPal,PROD113,CUST3635,REV23536
ORD13537,5,199,20/10/2022,Pending,Credit Card,PROD102,CUST1511,REV23537
ORD13538,5,59,27/03/2025,Returned,PayPal,PROD111,CUST5872,REV23538
ORD13539,1,899,20/03/2025,Pending,Credit Card,PROD101,CUST3967,REV23539
ORD13540,3,80,6/08/2025,Shipped,PayPal,PROD110,CUST3552,REV23540
ORD13541,2,110,22/07/2025,Returned,Cash on Delivery,PROD105,CUST2066,REV23541
ORD13542,5,120,3/04/2023,Shipped,PayPal,PROD104,CUST2182,REV23542
ORD13543,3,999,14/09/2023,Cancelled,Credit Card,PROD100,CUST4048,REV23543
ORD13544,4,899,11/06/2025,Delivered,Credit Card,PROD101,CUST2132,REV23544
ORD13545,5,999,21/11/2022,Pending,PayPal,PROD100,CUST2723,REV23545
ORD13546,2,199,14/04/2025,Shipped,Cash on Delivery,PROD112,CUST5494,REV23546
ORD13547,1,59,29/12/2024,Pending,Credit Card,PROD103,CUST3091,REV23547
ORD13548,4,110,21/02/2023,Delivered,Credit Card,PROD105,CUST5509,REV23548
ORD13549,1,59,18/08/2024,Shipped,Credit Card,PROD103,CUST4210,REV23549
ORD13550,5,229,4/12/2023,Returned,PayPal,PROD108,CUST4325,REV23550
ORD13551,2,149,27/10/2024,Returned,Cash on Delivery,PROD113,CUST5754,REV23551
ORD13552,2,999,9/10/2023,Shipped,Cash on Delivery,PROD100,CUST4509,REV23552
ORD13553,2,999,16/09/2022,Delivered,Cash on Delivery,PROD100,CUST1268,REV23553
ORD13554,2,59,25/08/2024,Cancelled,Credit Card,PROD103,CUST1528,REV23554
ORD13555,1,999,17/09/2024,Returned,PayPal,PROD100,CUST5167,REV23555
ORD13556,5,229,18/01/2025,Returned,PayPal,PROD108,CUST4856,REV23556
ORD13557,3,59,1/08/2023,Delivered,PayPal,PROD111,CUST4637,REV23557
ORD13558,5,899,27/02/2025,Cancelled,Credit Card,PROD101,CUST1466,REV23558
ORD13559,3,59,26/03/2023,Pending,PayPal,PROD103,CUST2940,REV23559
ORD13560,5,99,19/07/2025,Shipped,PayPal,PROD106,CUST4520,REV23560
ORD13561,2,59,15/12/2024,Returned,Cash on Delivery,PROD103,CUST5610,REV23561
ORD13562,5,59,3/11/2023,Returned,Credit Card,PROD111,CUST2781,REV23562
ORD13563,2,999,22/05/2023,Returned,PayPal,PROD100,CUST4840,REV23563
ORD13564,3,25,26/07/2023,Delivered,Credit Card,PROD114,CUST1680,REV23564
ORD13565,3,199,7/12/2022,Shipped,Cash on Delivery,PROD112,CUST3513,REV23565
ORD13566,1,199,29/12/2022,Returned,Credit Card,PROD102,CUST1000,REV23566
ORD13567,5,149,26/04/2023,Pending,Credit Card,PROD113,CUST5673,REV23567
ORD13568,1,129,8/11/2023,Shipped,Cash on Delivery,PROD109,CUST4223,REV23568
ORD13569,3,999,9/07/2024,Pending,PayPal,PROD100,CUST3078,REV23569
ORD13570,2,399,7/09/2024,Shipped,Credit Card,PROD107,CUST5864,REV23570
ORD13571,3,399,27/11/2024,Delivered,Cash on Delivery,PROD107,CUST5366,REV23571
ORD13572,4,99,29/09/2024,Cancelled,Cash on Delivery,PROD106,CUST1435,REV23572
ORD13573,2,399,3/07/2025,Cancelled,PayPal,PROD107,CUST1763,REV23573
ORD13574,3,229,6/11/2023,Delivered,Credit Card,PROD108,CUST1767,REV23574
ORD13575,1,149,21/07/2025,Shipped,PayPal,PROD113,CUST1692,REV23575
ORD13576,1,110,30/03/2024,Cancelled,Credit Card,PROD105,CUST3012,REV23576
ORD13577,3,120,3/02/2023,Shipped,Credit Card,PROD104,CUST4937,REV23577
ORD13578,5,899,15/04/2024,Delivered,PayPal,PROD101,CUST3666,REV23578
ORD13579,2,149,14/04/2024,Delivered,PayPal,PROD113,CUST2396,REV23579
ORD13580,2,199,19/10/2023,Shipped,Cash on Delivery,PROD112,CUST3738,REV23580
ORD13581,3,149,13/09/2022,Delivered,Credit Card,PROD113,CUST5209,REV23581
ORD13582,5,110,13/01/2023,Pending,PayPal,PROD105,CUST3446,REV23582
ORD13583,3,129,9/07/2024,Cancelled,Credit Card,PROD109,CUST3580,REV23583
ORD13584,4,80,16/10/2023,Pending,PayPal,PROD110,CUST3967,REV23584
ORD13585,1,999,10/08/2023,Cancelled,Credit Card,PROD100,CUST3883,REV23585
ORD13586,3,229,19/07/2023,Shipped,PayPal,PROD108,CUST3601,REV23586
ORD13587,5,59,24/11/2024,Cancelled,Cash on Delivery,PROD111,CUST3689,REV23587
ORD13588,2,110,9/08/2025,Shipped,PayPal,PROD105,CUST1324,REV23588
ORD13589,2,899,29/04/2024,Returned,Credit Card,PROD101,CUST5834,REV23589
ORD13590,2,110,4/10/2022,Pending,PayPal,PROD105,CUST2604,REV23590
ORD13591,2,199,26/03/2024,Pending,Cash on Delivery,PROD112,CUST1475,REV23591
ORD13592,4,120,1/07/2025,Returned,Cash on Delivery,PROD104,CUST4094,REV23592
ORD13593,2,120,5/03/2024,Returned,Credit Card,PROD104,CUST5122,REV23593
ORD13594,1,25,6/08/2024,Delivered,Cash on Delivery,PROD114,CUST4334,REV23594
ORD13595,1,25,6/09/2024,Shipped,PayPal,PROD114,CUST1321,REV23595
ORD13596,3,199,21/07/2025,Delivered,Credit Card,PROD102,CUST5852,REV23596
ORD13597,5,899,10/03/2023,Delivered,PayPal,PROD101,CUST2529,REV23597
ORD13598,5,149,11/06/2023,Cancelled,Cash on Delivery,PROD113,CUST2328,REV23598
ORD13599,4,199,30/05/2024,Cancelled,Cash on Delivery,PROD102,CUST1761,REV23599
ORD13600,1,80,22/03/2025,Delivered,Credit Card,PROD110,CUST3423,REV23600
ORD13601,1,120,20/09/2024,Delivered,PayPal,PROD104,CUST5851,REV23601
ORD13602,4,110,4/10/2022,Shipped,Cash on Delivery,PROD105,CUST1892,REV23602
ORD13603,3,25,27/09/2022,Delivered,Credit Card,PROD114,CUST3350,REV23603
ORD13604,1,399,14/02/2024,Delivered,PayPal,PROD107,CUST5466,REV23604
ORD13605,3,149,19/09/2024,Cancelled,Credit Card,PROD113,CUST5236,REV23605
ORD13606,1,229,11/07/2024,Pending,PayPal,PROD108,CUST2415,REV23606
ORD13607,3,199,5/09/2022,Delivered,Credit Card,PROD102,CUST2344,REV23607
ORD13608,1,199,26/12/2023,Delivered,Credit Card,PROD102,CUST5957,REV23608
ORD13609,1,199,16/10/2022,Delivered,Cash on Delivery,PROD112,CUST3499,REV23609
ORD13610,5,99,22/03/2025,Returned,PayPal,PROD106,CUST3457,REV23610
ORD13611,3,999,3/06/2023,Returned,Credit Card,PROD100,CUST1712,REV23611
ORD13612,4,25,26/09/2024,Cancelled,Cash on Delivery,PROD114,CUST5558,REV23612
ORD13613,5,199,7/03/2023,Pending,PayPal,PROD112,CUST1642,REV23613
ORD13614,2,80,15/07/2023,Cancelled,PayPal,PROD110,CUST4488,REV23614
ORD13615,5,129,25/06/2025,Shipped,PayPal,PROD109,CUST3435,REV23615
ORD13616,1,59,6/10/2022,Pending,Cash on Delivery,PROD111,CUST5094,REV23616
ORD13617,4,129,3/06/2023,Shipped,Cash on Delivery,PROD109,CUST5154,REV23617
ORD13618,5,80,13/09/2023,Shipped,PayPal,PROD110,CUST4544,REV23618
ORD13619,2,229,27/02/2024,Shipped,Credit Card,PROD108,CUST5427,REV23619
ORD13620,2,59,15/09/2024,Cancelled,Cash on Delivery,PROD103,CUST1248,REV23620
ORD13621,3,399,19/08/2023,Cancelled,Cash on Delivery,PROD107,CUST3639,REV23621
ORD13622,1,59,14/03/2024,Returned,PayPal,PROD111,CUST1510,REV23622
ORD13623,1,99,14/03/2024,Returned,PayPal,PROD106,CUST4978,REV23623
ORD13624,1,120,8/05/2025,Cancelled,Cash on Delivery,PROD104,CUST4616,REV23624
ORD13625,5,110,15/10/2023,Pending,Credit Card,PROD105,CUST5251,REV23625
ORD13626,5,899,4/06/2023,Returned,PayPal,PROD101,CUST5623,REV23626
ORD13627,4,199,1/08/2025,Cancelled,PayPal,PROD102,CUST2238,REV23627
ORD13628,1,899,10/09/2022,Pending,Cash on Delivery,PROD101,CUST3967,REV23628
ORD13629,3,80,10/11/2024,Delivered,PayPal,PROD110,CUST2259,REV23629
ORD13630,1,229,5/03/2024,Shipped,PayPal,PROD108,CUST1386,REV23630
ORD13631,1,199,2/04/2023,Delivered,PayPal,PROD102,CUST3992,REV23631
ORD13632,1,199,3/01/2025,Returned,Credit Card,PROD112,CUST2215,REV23632
ORD13633,1,120,8/04/2024,Shipped,Credit Card,PROD104,CUST3023,REV23633
ORD13634,2,199,21/09/2024,Cancelled,PayPal,PROD102,CUST5456,REV23634
ORD13635,3,199,6/08/2023,Delivered,Credit Card,PROD102,CUST2372,REV23635
ORD13636,1,80,19/11/2022,Cancelled,Cash on Delivery,PROD110,CUST1101,REV23636
ORD13637,4,59,3/09/2022,Delivered,PayPal,PROD111,CUST3673,REV23637
ORD13638,2,120,22/05/2023,Delivered,Cash on Delivery,PROD104,CUST2815,REV23638
ORD13639,1,80,25/06/2024,Pending,PayPal,PROD110,CUST4938,REV23639
ORD13640,3,899,12/06/2024,Cancelled,PayPal,PROD101,CUST3959,REV23640
ORD13641,5,129,2/07/2024,Returned,Cash on Delivery,PROD109,CUST5133,REV23641
ORD13642,2,59,4/03/2023,Shipped,PayPal,PROD103,CUST4862,REV23642
ORD13643,4,899,19/08/2023,Delivered,PayPal,PROD101,CUST2831,REV23643
ORD13644,3,59,21/01/2023,Cancelled,PayPal,PROD103,CUST3385,REV23644
ORD13645,5,59,18/11/2023,Returned,Cash on Delivery,PROD103,CUST3103,REV23645
ORD13646,3,399,24/07/2025,Returned,Cash on Delivery,PROD107,CUST1067,REV23646
ORD13647,1,99,31/05/2025,Cancelled,PayPal,PROD106,CUST2758,REV23647
ORD13648,2,229,6/03/2023,Returned,Credit Card,PROD108,CUST2358,REV23648
ORD13649,1,59,16/10/2023,Delivered,Cash on Delivery,PROD103,CUST4124,REV23649
ORD13650,3,99,28/05/2025,Cancelled,Credit Card,PROD106,CUST1237,REV23650
ORD13651,1,399,31/05/2025,Cancelled,PayPal,PROD107,CUST5640,REV23651
ORD13652,4,59,25/02/2025,Delivered,Credit Card,PROD111,CUST4057,REV23652
ORD13653,2,59,3/12/2022,Cancelled,Cash on Delivery,PROD103,CUST5214,REV23653
ORD13654,3,899,20/06/2025,Delivered,Credit Card,PROD101,CUST1414,REV23654
ORD13655,1,199,19/08/2025,Cancelled,Cash on Delivery,PROD102,CUST2911,REV23655
ORD13656,2,80,3/06/2024,Pending,Cash on Delivery,PROD110,CUST3344,REV23656
ORD13657,3,110,10/05/2025,Cancelled,Credit Card,PROD105,CUST2576,REV23657
ORD13658,4,120,15/10/2022,Pending,PayPal,PROD104,CUST2751,REV23658
ORD13659,1,229,21/01/2024,Pending,Cash on Delivery,PROD108,CUST4029,REV23659
ORD13660,4,999,28/08/2022,Cancelled,PayPal,PROD100,CUST5118,REV23660
ORD13661,2,199,9/11/2023,Cancelled,Cash on Delivery,PROD112,CUST2128,REV23661
ORD13662,3,25,2/01/2024,Shipped,Cash on Delivery,PROD114,CUST2399,REV23662
ORD13663,4,120,24/08/2025,Delivered,PayPal,PROD104,CUST4183,REV23663
ORD13664,4,399,5/04/2025,Delivered,PayPal,PROD107,CUST1272,REV23664
ORD13665,2,99,17/07/2023,Cancelled,PayPal,PROD106,CUST5819,REV23665
ORD13666,2,229,23/09/2022,Delivered,PayPal,PROD108,CUST1492,REV23666
ORD13667,5,80,16/03/2024,Shipped,Credit Card,PROD110,CUST2170,REV23667
ORD13668,3,59,7/02/2024,Delivered,Credit Card,PROD103,CUST2132,REV23668
ORD13669,3,110,12/12/2023,Delivered,PayPal,PROD105,CUST5342,REV23669
ORD13670,5,999,17/03/2023,Cancelled,Credit Card,PROD100,CUST3138,REV23670
ORD13671,1,120,8/08/2023,Cancelled,Credit Card,PROD104,CUST5226,REV23671
ORD13672,1,80,13/02/2025,Cancelled,PayPal,PROD110,CUST4529,REV23672
ORD13673,2,99,22/11/2023,Pending,Cash on Delivery,PROD106,CUST1481,REV23673
ORD13674,5,129,7/01/2025,Shipped,PayPal,PROD109,CUST4415,REV23674
ORD13675,2,199,23/11/2022,Returned,Cash on Delivery,PROD102,CUST5881,REV23675
ORD13676,5,199,30/07/2024,Returned,PayPal,PROD112,CUST4517,REV23676
ORD13677,5,110,11/08/2025,Delivered,Cash on Delivery,PROD105,CUST5939,REV23677
ORD13678,5,199,10/10/2024,Pending,PayPal,PROD112,CUST1279,REV23678
ORD13679,3,129,21/03/2024,Cancelled,Cash on Delivery,PROD109,CUST5200,REV23679
ORD13680,1,229,16/06/2024,Delivered,Credit Card,PROD108,CUST3286,REV23680
ORD13681,4,129,10/03/2025,Cancelled,Credit Card,PROD109,CUST2210,REV23681
ORD13682,2,110,20/05/2024,Cancelled,PayPal,PROD105,CUST3876,REV23682
ORD13683,4,149,14/05/2024,Returned,Cash on Delivery,PROD113,CUST1321,REV23683
ORD13684,1,229,15/03/2025,Delivered,Cash on Delivery,PROD108,CUST4481,REV23684
ORD13685,2,80,23/12/2024,Pending,PayPal,PROD110,CUST5727,REV23685
ORD13686,4,199,21/04/2025,Delivered,PayPal,PROD102,CUST4203,REV23686
ORD13687,5,229,5/11/2023,Shipped,Cash on Delivery,PROD108,CUST2942,REV23687
ORD13688,5,80,3/09/2022,Pending,Credit Card,PROD110,CUST4699,REV23688
ORD13689,4,229,8/06/2025,Returned,PayPal,PROD108,CUST1241,REV23689
ORD13690,4,229,17/05/2023,Shipped,PayPal,PROD108,CUST3713,REV23690
ORD13691,4,199,30/06/2023,Delivered,PayPal,PROD102,CUST1480,REV23691
ORD13692,3,59,18/06/2025,Cancelled,PayPal,PROD103,CUST4422,REV23692
ORD13693,5,399,31/07/2025,Cancelled,Cash on Delivery,PROD107,CUST3096,REV23693
ORD13694,5,99,27/07/2023,Delivered,Credit Card,PROD106,CUST3900,REV23694
ORD13695,3,80,11/10/2024,Returned,PayPal,PROD110,CUST1617,REV23695
ORD13696,2,59,4/08/2023,Pending,Credit Card,PROD103,CUST2400,REV23696
ORD13697,3,399,4/11/2022,Returned,Cash on Delivery,PROD107,CUST4245,REV23697
ORD13698,4,129,22/12/2023,Returned,PayPal,PROD109,CUST5378,REV23698
ORD13699,2,199,21/04/2023,Cancelled,PayPal,PROD102,CUST1116,REV23699
ORD13700,3,999,26/08/2022,Shipped,Cash on Delivery,PROD100,CUST1007,REV23700
ORD13701,4,25,13/01/2025,Cancelled,Credit Card,PROD114,CUST1862,REV23701
ORD13702,3,199,19/09/2024,Cancelled,Credit Card,PROD112,CUST1915,REV23702
ORD13703,1,59,1/08/2025,Shipped,PayPal,PROD111,CUST2699,REV23703
ORD13704,4,25,31/05/2025,Pending,Credit Card,PROD114,CUST4135,REV23704
ORD13705,2,25,9/11/2022,Pending,Credit Card,PROD114,CUST2832,REV23705
ORD13706,5,149,31/10/2022,Returned,Credit Card,PROD113,CUST2696,REV23706
ORD13707,3,110,31/07/2024,Pending,Cash on Delivery,PROD105,CUST5880,REV23707
ORD13708,5,399,30/08/2023,Delivered,PayPal,PROD107,CUST1641,REV23708
ORD13709,5,399,16/04/2023,Delivered,Credit Card,PROD107,CUST5481,REV23709
ORD13710,2,110,20/09/2022,Shipped,PayPal,PROD105,CUST5116,REV23710
ORD13711,1,399,19/11/2023,Shipped,PayPal,PROD107,CUST4557,REV23711
ORD13712,5,149,3/12/2023,Delivered,Credit Card,PROD113,CUST2150,REV23712
ORD13713,4,229,25/05/2024,Returned,PayPal,PROD108,CUST1992,REV23713
ORD13714,5,199,4/11/2023,Delivered,PayPal,PROD102,CUST5354,REV23714
ORD13715,2,129,28/01/2023,Cancelled,PayPal,PROD109,CUST3524,REV23715
ORD13716,1,899,1/04/2025,Delivered,PayPal,PROD101,CUST4494,REV23716
ORD13717,4,999,26/05/2025,Returned,Credit Card,PROD100,CUST5765,REV23717
ORD13718,2,120,9/07/2023,Pending,Cash on Delivery,PROD104,CUST5350,REV23718
ORD13719,2,199,17/04/2025,Shipped,Cash on Delivery,PROD102,CUST5649,REV23719
ORD13720,2,110,29/08/2024,Delivered,PayPal,PROD105,CUST3059,REV23720
ORD13721,2,149,29/01/2023,Shipped,PayPal,PROD113,CUST4606,REV23721
ORD13722,1,999,14/03/2025,Pending,Credit Card,PROD100,CUST4895,REV23722
ORD13723,2,99,22/10/2024,Pending,PayPal,PROD106,CUST1683,REV23723
ORD13724,4,199,22/05/2023,Delivered,PayPal,PROD112,CUST1027,REV23724
ORD13725,5,129,27/05/2024,Shipped,Credit Card,PROD109,CUST3727,REV23725
ORD13726,2,129,18/02/2024,Shipped,Cash on Delivery,PROD109,CUST3086,REV23726
ORD13727,4,129,12/11/2022,Cancelled,Credit Card,PROD109,CUST3704,REV23727
ORD13728,3,99,30/12/2022,Returned,Credit Card,PROD106,CUST2161,REV23728
ORD13729,5,110,18/05/2023,Pending,Cash on Delivery,PROD105,CUST4445,REV23729
ORD13730,1,229,17/07/2025,Delivered,Credit Card,PROD108,CUST4046,REV23730
ORD13731,5,120,4/02/2024,Cancelled,Cash on Delivery,PROD104,CUST2378,REV23731
ORD13732,4,59,29/11/2022,Delivered,Cash on Delivery,PROD111,CUST2596,REV23732
ORD13733,5,149,29/08/2024,Cancelled,Cash on Delivery,PROD113,CUST2977,REV23733
ORD13734,1,80,20/03/2024,Pending,Credit Card,PROD110,CUST1790,REV23734
ORD13735,3,999,30/07/2025,Shipped,Credit Card,PROD100,CUST2351,REV23735
ORD13736,3,59,30/05/2024,Cancelled,Cash on Delivery,PROD111,CUST1485,REV23736
ORD13737,5,59,8/05/2025,Shipped,PayPal,PROD103,CUST2444,REV23737
ORD13738,3,999,23/08/2025,Cancelled,Cash on Delivery,PROD100,CUST1164,REV23738
ORD13739,4,120,26/05/2025,Pending,Credit Card,PROD104,CUST4734,REV23739
ORD13740,5,199,13/12/2024,Returned,PayPal,PROD112,CUST2862,REV23740
ORD13741,5,199,27/04/2023,Pending,Cash on Delivery,PROD112,CUST4621,REV23741
ORD13742,1,110,20/11/2022,Delivered,Cash on Delivery,PROD105,CUST4244,REV23742
ORD13743,1,25,28/11/2024,Returned,Cash on Delivery,PROD114,CUST5892,REV23743
ORD13744,5,120,20/12/2024,Shipped,Credit Card,PROD104,CUST5089,REV23744
ORD13745,4,80,6/01/2023,Pending,Cash on Delivery,PROD110,CUST4065,REV23745
ORD13746,3,80,5/03/2023,Shipped,Cash on Delivery,PROD110,CUST1444,REV23746
ORD13747,3,59,6/12/2024,Delivered,PayPal,PROD111,CUST5182,REV23747
ORD13748,4,199,11/08/2024,Pending,PayPal,PROD102,CUST1829,REV23748
ORD13749,3,59,1/03/2024,Cancelled,Credit Card,PROD103,CUST3778,REV23749
ORD13750,5,199,4/10/2023,Shipped,PayPal,PROD102,CUST4525,REV23750
ORD13751,2,899,21/12/2024,Shipped,Credit Card,PROD101,CUST5661,REV23751
ORD13752,2,199,6/11/2022,Delivered,Cash on Delivery,PROD102,CUST1234,REV23752
ORD13753,4,999,5/10/2024,Shipped,Cash on Delivery,PROD100,CUST2752,REV23753
ORD13754,2,999,19/09/2023,Shipped,PayPal,PROD100,CUST4581,REV23754
ORD13755,3,399,19/11/2022,Returned,Credit Card,PROD107,CUST4664,REV23755
ORD13756,5,129,2/11/2023,Pending,Cash on Delivery,PROD109,CUST1464,REV23756
ORD13757,1,149,23/10/2024,Pending,PayPal,PROD113,CUST3842,REV23757
ORD13758,3,59,25/09/2024,Delivered,PayPal,PROD103,CUST1851,REV23758
ORD13759,2,80,3/10/2024,Returned,Credit Card,PROD110,CUST5887,REV23759
ORD13760,4,99,18/10/2022,Pending,Credit Card,PROD106,CUST4489,REV23760
ORD13761,3,110,10/07/2025,Shipped,Credit Card,PROD105,CUST2059,REV23761
ORD13762,2,99,31/08/2022,Delivered,Credit Card,PROD106,CUST3663,REV23762
ORD13763,4,59,14/05/2024,Pending,Credit Card,PROD103,CUST1805,REV23763
ORD13764,2,199,14/08/2023,Returned,Credit Card,PROD112,CUST5171,REV23764
ORD13765,3,80,15/01/2025,Pending,PayPal,PROD110,CUST1015,REV23765
ORD13766,3,199,29/12/2023,Cancelled,PayPal,PROD112,CUST3780,REV23766
ORD13767,4,999,26/08/2022,Delivered,Cash on Delivery,PROD100,CUST2782,REV23767
ORD13768,4,899,13/02/2024,Pending,Cash on Delivery,PROD101,CUST5590,REV23768
ORD13769,4,59,2/04/2024,Cancelled,PayPal,PROD111,CUST2068,REV23769
ORD13770,4,99,30/09/2024,Delivered,Credit Card,PROD106,CUST1072,REV23770
ORD13771,3,199,30/01/2024,Delivered,Cash on Delivery,PROD112,CUST5284,REV23771
ORD13772,3,129,26/09/2023,Returned,Credit Card,PROD109,CUST2448,REV23772
ORD13773,5,399,5/07/2025,Delivered,Credit Card,PROD107,CUST4920,REV23773
ORD13774,4,229,14/01/2023,Pending,Credit Card,PROD108,CUST3917,REV23774
ORD13775,4,999,10/09/2024,Cancelled,Credit Card,PROD100,CUST2287,REV23775
ORD13776,2,59,5/09/2024,Shipped,Cash on Delivery,PROD111,CUST2893,REV23776
ORD13777,2,399,31/03/2025,Shipped,Cash on Delivery,PROD107,CUST4761,REV23777
ORD13778,1,129,16/11/2022,Cancelled,PayPal,PROD109,CUST1892,REV23778
ORD13779,2,399,31/07/2025,Pending,PayPal,PROD107,CUST4431,REV23779
ORD13780,4,120,10/11/2024,Cancelled,Cash on Delivery,PROD104,CUST5724,REV23780
ORD13781,3,59,27/09/2024,Cancelled,Credit Card,PROD103,CUST1522,REV23781
ORD13782,2,59,4/08/2024,Returned,PayPal,PROD103,CUST2155,REV23782
ORD13783,1,199,20/08/2024,Returned,PayPal,PROD112,CUST1437,REV23783
ORD13784,3,149,14/04/2023,Delivered,PayPal,PROD113,CUST2396,REV23784
ORD13785,4,999,7/02/2024,Returned,PayPal,PROD100,CUST1996,REV23785
ORD13786,5,199,6/01/2023,Cancelled,PayPal,PROD102,CUST2744,REV23786
ORD13787,2,25,14/06/2025,Delivered,Cash on Delivery,PROD114,CUST4483,REV23787
ORD13788,1,129,29/11/2022,Cancelled,Credit Card,PROD109,CUST3334,REV23788
ORD13789,3,129,30/12/2023,Pending,PayPal,PROD109,CUST1158,REV23789
ORD13790,1,120,5/11/2022,Pending,PayPal,PROD104,CUST4894,REV23790
ORD13791,3,229,29/11/2024,Delivered,Cash on Delivery,PROD108,CUST1186,REV23791
ORD13792,3,80,20/07/2024,Cancelled,PayPal,PROD110,CUST5492,REV23792
ORD13793,5,199,27/10/2024,Returned,PayPal,PROD102,CUST2861,REV23793
ORD13794,5,99,26/03/2023,Shipped,Cash on Delivery,PROD106,CUST3237,REV23794
ORD13795,5,120,3/08/2024,Delivered,PayPal,PROD104,CUST5468,REV23795
ORD13796,2,149,27/07/2024,Pending,Cash on Delivery,PROD113,CUST4583,REV23796
ORD13797,1,99,11/09/2022,Delivered,Credit Card,PROD106,CUST4500,REV23797
ORD13798,3,59,16/11/2022,Shipped,Credit Card,PROD111,CUST1474,REV23798
ORD13799,5,129,18/08/2024,Returned,Credit Card,PROD109,CUST5485,REV23799
ORD13800,2,99,7/08/2023,Cancelled,PayPal,PROD106,CUST1263,REV23800
ORD13801,2,110,30/10/2022,Shipped,Credit Card,PROD105,CUST1969,REV23801
ORD13802,4,999,22/07/2024,Pending,PayPal,PROD100,CUST3378,REV23802
ORD13803,5,59,9/05/2023,Cancelled,PayPal,PROD111,CUST3752,REV23803
ORD13804,1,59,29/01/2023,Shipped,Credit Card,PROD103,CUST5391,REV23804
ORD13805,4,199,6/01/2025,Pending,Cash on Delivery,PROD102,CUST4075,REV23805
ORD13806,2,149,25/08/2024,Delivered,Cash on Delivery,PROD113,CUST1667,REV23806
ORD13807,5,399,23/06/2025,Shipped,Cash on Delivery,PROD107,CUST2011,REV23807
ORD13808,3,59,14/10/2023,Pending,PayPal,PROD103,CUST3934,REV23808
ORD13809,3,120,26/12/2022,Returned,PayPal,PROD104,CUST4218,REV23809
ORD13810,2,999,23/07/2023,Returned,Cash on Delivery,PROD100,CUST2954,REV23810
ORD13811,4,59,5/11/2023,Returned,PayPal,PROD111,CUST1620,REV23811
ORD13812,5,399,5/09/2024,Returned,Credit Card,PROD107,CUST1838,REV23812
ORD13813,5,120,16/07/2023,Pending,Cash on Delivery,PROD104,CUST1558,REV23813
ORD13814,4,120,13/03/2023,Pending,Cash on Delivery,PROD104,CUST3520,REV23814
ORD13815,2,120,8/01/2025,Delivered,Cash on Delivery,PROD104,CUST4201,REV23815
ORD13816,1,59,3/10/2024,Pending,PayPal,PROD111,CUST3836,REV23816
ORD13817,3,229,22/08/2023,Shipped,Cash on Delivery,PROD108,CUST4252,REV23817
ORD13818,3,149,28/08/2023,Shipped,Cash on Delivery,PROD113,CUST1244,REV23818
ORD13819,3,110,22/01/2024,Cancelled,Cash on Delivery,PROD105,CUST1486,REV23819
ORD13820,5,120,13/09/2024,Cancelled,Credit Card,PROD104,CUST1175,REV23820
ORD13821,2,59,29/10/2023,Pending,Cash on Delivery,PROD103,CUST5164,REV23821
ORD13822,2,120,19/08/2024,Pending,Credit Card,PROD104,CUST1073,REV23822
ORD13823,5,99,24/08/2024,Returned,Credit Card,PROD106,CUST1249,REV23823
ORD13824,1,80,28/01/2023,Shipped,Cash on Delivery,PROD110,CUST3499,REV23824
ORD13825,5,999,10/11/2024,Returned,PayPal,PROD100,CUST2630,REV23825
ORD13826,4,80,19/05/2023,Cancelled,Cash on Delivery,PROD110,CUST3756,REV23826
ORD13827,1,120,23/07/2025,Delivered,PayPal,PROD104,CUST4470,REV23827
ORD13828,2,899,31/03/2023,Shipped,Credit Card,PROD101,CUST2773,REV23828
ORD13829,3,999,15/11/2022,Pending,PayPal,PROD100,CUST4703,REV23829
ORD13830,1,59,14/04/2023,Returned,PayPal,PROD111,CUST2775,REV23830
ORD13831,4,149,19/12/2023,Pending,Cash on Delivery,PROD113,CUST2495,REV23831
ORD13832,4,59,3/09/2024,Cancelled,PayPal,PROD111,CUST3868,REV23832
ORD13833,2,99,20/05/2024,Cancelled,Cash on Delivery,PROD106,CUST1097,REV23833
ORD13834,1,899,6/03/2023,Returned,PayPal,PROD101,CUST5604,REV23834
ORD13835,5,80,30/06/2025,Delivered,PayPal,PROD110,CUST1194,REV23835
ORD13836,3,99,31/10/2024,Delivered,Credit Card,PROD106,CUST2397,REV23836
ORD13837,1,110,20/11/2022,Pending,Credit Card,PROD105,CUST4900,REV23837
ORD13838,4,399,13/12/2024,Returned,PayPal,PROD107,CUST4925,REV23838
ORD13839,3,80,24/05/2023,Cancelled,Cash on Delivery,PROD110,CUST2624,REV23839
ORD13840,1,129,27/04/2023,Shipped,Cash on Delivery,PROD109,CUST3447,REV23840
ORD13841,4,899,5/09/2024,Cancelled,Cash on Delivery,PROD101,CUST2097,REV23841
ORD13842,5,229,10/02/2025,Returned,Cash on Delivery,PROD108,CUST3462,REV23842
ORD13843,5,899,14/10/2024,Pending,Cash on Delivery,PROD101,CUST3151,REV23843
ORD13844,1,99,1/04/2025,Returned,Cash on Delivery,PROD106,CUST3999,REV23844
ORD13845,1,59,1/02/2024,Cancelled,PayPal,PROD103,CUST5707,REV23845
ORD13846,3,229,17/11/2024,Pending,PayPal,PROD108,CUST3041,REV23846
ORD13847,4,199,17/08/2025,Returned,Cash on Delivery,PROD102,CUST2541,REV23847
ORD13848,2,129,6/05/2025,Delivered,Cash on Delivery,PROD109,CUST2152,REV23848
ORD13849,1,199,10/06/2023,Pending,Cash on Delivery,PROD112,CUST4646,REV23849
ORD13850,3,80,17/07/2023,Delivered,Credit Card,PROD110,CUST5410,REV23850
ORD13851,4,199,31/12/2024,Pending,PayPal,PROD102,CUST1547,REV23851
ORD13852,4,199,14/03/2024,Delivered,Cash on Delivery,PROD102,CUST5197,REV23852
ORD13853,2,59,9/01/2023,Delivered,PayPal,PROD103,CUST4021,REV23853
ORD13854,5,399,24/04/2023,Returned,Cash on Delivery,PROD107,CUST3600,REV23854
ORD13855,1,399,2/05/2024,Delivered,Credit Card,PROD107,CUST1533,REV23855
ORD13856,1,999,1/08/2024,Shipped,PayPal,PROD100,CUST3838,REV23856
ORD13857,2,110,25/01/2023,Shipped,Cash on Delivery,PROD105,CUST3328,REV23857
ORD13858,1,120,19/11/2023,Shipped,PayPal,PROD104,CUST3813,REV23858
ORD13859,4,999,8/08/2023,Returned,PayPal,PROD100,CUST1969,REV23859
ORD13860,3,25,24/10/2023,Shipped,Cash on Delivery,PROD114,CUST4116,REV23860
ORD13861,1,25,22/02/2023,Pending,Cash on Delivery,PROD114,CUST3258,REV23861
ORD13862,5,149,26/02/2023,Pending,Cash on Delivery,PROD113,CUST1917,REV23862
ORD13863,5,80,8/03/2023,Pending,Credit Card,PROD110,CUST4076,REV23863
ORD13864,1,120,3/11/2023,Delivered,Cash on Delivery,PROD104,CUST3511,REV23864
ORD13865,1,120,19/07/2024,Cancelled,Cash on Delivery,PROD104,CUST1279,REV23865
ORD13866,1,99,13/07/2023,Returned,PayPal,PROD106,CUST4080,REV23866
ORD13867,5,59,14/11/2024,Shipped,Cash on Delivery,PROD111,CUST2877,REV23867
ORD13868,5,229,22/11/2024,Shipped,Cash on Delivery,PROD108,CUST1455,REV23868
ORD13869,4,99,3/12/2023,Returned,PayPal,PROD106,CUST5714,REV23869
ORD13870,4,999,12/05/2023,Returned,PayPal,PROD100,CUST2014,REV23870
ORD13871,4,25,30/09/2024,Pending,PayPal,PROD114,CUST3085,REV23871
ORD13872,4,899,5/12/2022,Pending,Cash on Delivery,PROD101,CUST3415,REV23872
ORD13873,2,199,22/08/2023,Pending,Cash on Delivery,PROD102,CUST2316,REV23873
ORD13874,5,59,16/08/2025,Returned,Cash on Delivery,PROD103,CUST4923,REV23874
ORD13875,4,199,8/01/2025,Returned,PayPal,PROD102,CUST1798,REV23875
ORD13876,3,199,4/04/2024,Shipped,PayPal,PROD102,CUST2393,REV23876
ORD13877,4,59,19/05/2023,Shipped,Credit Card,PROD111,CUST2865,REV23877
ORD13878,2,999,9/06/2024,Delivered,Cash on Delivery,PROD100,CUST2620,REV23878
ORD13879,4,80,25/02/2025,Delivered,Cash on Delivery,PROD110,CUST3409,REV23879
ORD13880,1,899,14/04/2025,Cancelled,Cash on Delivery,PROD101,CUST4837,REV23880
ORD13881,5,80,14/12/2022,Cancelled,Credit Card,PROD110,CUST4413,REV23881
ORD13882,2,199,29/08/2023,Delivered,Cash on Delivery,PROD112,CUST3072,REV23882
ORD13883,1,59,17/09/2022,Shipped,Cash on Delivery,PROD111,CUST5514,REV23883
ORD13884,4,899,1/09/2022,Cancelled,Cash on Delivery,PROD101,CUST5324,REV23884
ORD13885,4,59,4/01/2025,Delivered,PayPal,PROD103,CUST5568,REV23885
ORD13886,5,129,9/12/2024,Shipped,Cash on Delivery,PROD109,CUST5393,REV23886
ORD13887,3,149,5/10/2024,Pending,Cash on Delivery,PROD113,CUST1914,REV23887
ORD13888,1,59,12/03/2023,Delivered,Cash on Delivery,PROD111,CUST5603,REV23888
ORD13889,1,80,3/03/2023,Shipped,Cash on Delivery,PROD110,CUST3598,REV23889
ORD13890,3,59,18/10/2024,Returned,PayPal,PROD103,CUST2960,REV23890
ORD13891,3,399,29/01/2024,Delivered,Credit Card,PROD107,CUST2447,REV23891
ORD13892,3,999,23/12/2023,Shipped,Credit Card,PROD100,CUST2281,REV23892
ORD13893,3,149,27/06/2023,Returned,Credit Card,PROD113,CUST3202,REV23893
ORD13894,5,999,27/12/2022,Pending,Credit Card,PROD100,CUST3835,REV23894
ORD13895,3,229,7/05/2025,Delivered,Cash on Delivery,PROD108,CUST1157,REV23895
ORD13896,4,110,13/05/2024,Pending,Credit Card,PROD105,CUST4627,REV23896
ORD13897,5,25,31/08/2023,Delivered,Credit Card,PROD114,CUST4079,REV23897
ORD13898,5,99,8/08/2025,Returned,Credit Card,PROD106,CUST3631,REV23898
ORD13899,4,149,31/01/2025,Delivered,Credit Card,PROD113,CUST5023,REV23899
ORD13900,5,99,25/05/2024,Pending,PayPal,PROD106,CUST5119,REV23900
ORD13901,1,110,27/01/2024,Cancelled,Cash on Delivery,PROD105,CUST5203,REV23901
ORD13902,1,199,7/01/2025,Delivered,Credit Card,PROD102,CUST1932,REV23902
ORD13903,4,80,13/04/2024,Shipped,Credit Card,PROD110,CUST3859,REV23903
ORD13904,4,199,10/09/2024,Pending,Cash on Delivery,PROD102,CUST1458,REV23904
ORD13905,3,59,15/06/2025,Shipped,PayPal,PROD111,CUST3375,REV23905
ORD13906,5,25,28/11/2024,Returned,PayPal,PROD114,CUST2827,REV23906
ORD13907,1,899,11/02/2023,Pending,Cash on Delivery,PROD101,CUST1628,REV23907
ORD13908,4,129,22/07/2025,Pending,Credit Card,PROD109,CUST3870,REV23908
ORD13909,5,80,5/02/2024,Delivered,PayPal,PROD110,CUST4341,REV23909
ORD13910,1,399,11/12/2023,Pending,PayPal,PROD107,CUST1103,REV23910
ORD13911,1,399,28/05/2024,Pending,PayPal,PROD107,CUST5512,REV23911
ORD13912,2,199,10/04/2024,Pending,Credit Card,PROD112,CUST1421,REV23912
ORD13913,3,229,4/06/2025,Returned,Cash on Delivery,PROD108,CUST2691,REV23913
ORD13914,4,199,10/06/2025,Pending,Credit Card,PROD112,CUST1076,REV23914
ORD13915,5,59,4/07/2025,Delivered,Credit Card,PROD103,CUST1208,REV23915
ORD13916,1,899,20/09/2023,Delivered,Credit Card,PROD101,CUST1717,REV23916
ORD13917,1,99,7/03/2024,Returned,Credit Card,PROD106,CUST1054,REV23917
ORD13918,1,129,4/10/2024,Cancelled,Credit Card,PROD109,CUST1533,REV23918
ORD13919,3,229,21/01/2024,Pending,Cash on Delivery,PROD108,CUST4861,REV23919
ORD13920,4,110,25/02/2023,Returned,Credit Card,PROD105,CUST3371,REV23920
ORD13921,5,59,13/01/2024,Pending,Cash on Delivery,PROD111,CUST5625,REV23921
ORD13922,2,149,14/11/2023,Returned,PayPal,PROD113,CUST1127,REV23922
ORD13923,2,59,27/10/2024,Cancelled,PayPal,PROD103,CUST4098,REV23923
ORD13924,3,199,4/02/2023,Delivered,Credit Card,PROD102,CUST1874,REV23924
ORD13925,1,399,16/09/2023,Delivered,PayPal,PROD107,CUST5906,REV23925
ORD13926,2,59,14/10/2022,Returned,Credit Card,PROD111,CUST1884,REV23926
ORD13927,2,149,26/02/2023,Delivered,PayPal,PROD113,CUST4958,REV23927
ORD13928,3,399,23/01/2023,Pending,PayPal,PROD107,CUST3122,REV23928
ORD13929,5,59,26/10/2023,Shipped,Credit Card,PROD111,CUST4771,REV23929
ORD13930,1,99,24/11/2023,Returned,PayPal,PROD106,CUST3806,REV23930
ORD13931,3,120,7/06/2025,Cancelled,Credit Card,PROD104,CUST1933,REV23931
ORD13932,4,110,17/02/2023,Pending,PayPal,PROD105,CUST2729,REV23932
ORD13933,1,110,17/04/2025,Delivered,PayPal,PROD105,CUST1909,REV23933
ORD13934,4,59,3/11/2023,Cancelled,PayPal,PROD111,CUST3391,REV23934
ORD13935,5,199,19/05/2023,Cancelled,Cash on Delivery,PROD102,CUST1657,REV23935
ORD13936,2,199,24/08/2024,Shipped,Credit Card,PROD112,CUST4338,REV23936
ORD13937,1,59,18/01/2025,Delivered,PayPal,PROD111,CUST5078,REV23937
ORD13938,1,199,8/02/2023,Delivered,Credit Card,PROD112,CUST3948,REV23938
ORD13939,4,199,17/07/2023,Shipped,Cash on Delivery,PROD112,CUST3993,REV23939
ORD13940,5,120,3/01/2024,Returned,PayPal,PROD104,CUST3672,REV23940
ORD13941,1,59,27/11/2023,Cancelled,PayPal,PROD103,CUST1622,REV23941
ORD13942,4,25,12/09/2024,Shipped,Cash on Delivery,PROD114,CUST1222,REV23942
ORD13943,2,199,10/10/2023,Returned,Cash on Delivery,PROD112,CUST3289,REV23943
ORD13944,3,99,1/06/2023,Returned,Cash on Delivery,PROD106,CUST4246,REV23944
ORD13945,2,129,27/11/2023,Shipped,Cash on Delivery,PROD109,CUST4895,REV23945
ORD13946,2,129,3/01/2023,Pending,PayPal,PROD109,CUST3462,REV23946
ORD13947,1,110,21/03/2025,Shipped,Cash on Delivery,PROD105,CUST2455,REV23947
ORD13948,1,80,30/05/2025,Shipped,Credit Card,PROD110,CUST3611,REV23948
ORD13949,4,120,12/01/2024,Cancelled,Credit Card,PROD104,CUST3073,REV23949
ORD13950,5,59,8/09/2023,Delivered,Cash on Delivery,PROD111,CUST2676,REV23950
ORD13951,1,899,6/03/2023,Returned,Credit Card,PROD101,CUST1360,REV23951
ORD13952,1,59,15/12/2024,Pending,PayPal,PROD103,CUST2189,REV23952
ORD13953,2,149,17/12/2022,Shipped,Credit Card,PROD113,CUST4216,REV23953
ORD13954,5,199,11/11/2022,Returned,Cash on Delivery,PROD112,CUST4377,REV23954
ORD13955,5,229,6/07/2023,Cancelled,Cash on Delivery,PROD108,CUST3165,REV23955
ORD13956,3,899,2/03/2023,Delivered,PayPal,PROD101,CUST4941,REV23956
ORD13957,4,129,26/03/2024,Shipped,PayPal,PROD109,CUST3327,REV23957
ORD13958,5,59,26/11/2024,Shipped,Credit Card,PROD103,CUST1968,REV23958
ORD13959,3,229,17/07/2025,Delivered,Cash on Delivery,PROD108,CUST3565,REV23959
ORD13960,2,999,23/01/2024,Shipped,Cash on Delivery,PROD100,CUST5704,REV23960
ORD13961,3,59,16/08/2025,Shipped,Credit Card,PROD103,CUST4450,REV23961
ORD13962,3,229,6/10/2024,Delivered,Credit Card,PROD108,CUST3542,REV23962
ORD13963,2,399,21/08/2024,Delivered,Cash on Delivery,PROD107,CUST1084,REV23963
ORD13964,4,399,9/10/2024,Delivered,Credit Card,PROD107,CUST1412,REV23964
ORD13965,1,99,26/03/2024,Shipped,Cash on Delivery,PROD106,CUST1877,REV23965
ORD13966,5,129,9/02/2023,Cancelled,Cash on Delivery,PROD109,CUST4468,REV23966
ORD13967,1,59,13/10/2023,Shipped,Credit Card,PROD103,CUST5006,REV23967
ORD13968,4,59,1/09/2023,Delivered,PayPal,PROD111,CUST2203,REV23968
ORD13969,5,999,25/09/2023,Pending,Credit Card,PROD100,CUST2490,REV23969
ORD13970,4,229,6/09/2024,Cancelled,Credit Card,PROD108,CUST4611,REV23970
ORD13971,4,120,1/06/2025,Cancelled,PayPal,PROD104,CUST1539,REV23971
ORD13972,4,110,14/12/2024,Pending,Cash on Delivery,PROD105,CUST1535,REV23972
ORD13973,1,229,5/01/2024,Pending,Credit Card,PROD108,CUST4160,REV23973
ORD13974,4,110,24/12/2023,Returned,Cash on Delivery,PROD105,CUST1530,REV23974
ORD13975,3,999,1/04/2023,Pending,Cash on Delivery,PROD100,CUST4526,REV23975
ORD13976,3,99,6/08/2024,Cancelled,Cash on Delivery,PROD106,CUST1967,REV23976
ORD13977,4,59,26/07/2024,Returned,Credit Card,PROD111,CUST1260,REV23977
ORD13978,1,129,28/01/2025,Shipped,PayPal,PROD109,CUST1916,REV23978
ORD13979,2,149,7/08/2025,Cancelled,Cash on Delivery,PROD113,CUST2317,REV23979
ORD13980,1,229,15/08/2024,Shipped,Cash on Delivery,PROD108,CUST2125,REV23980
ORD13981,1,149,20/12/2024,Returned,Credit Card,PROD113,CUST3051,REV23981
ORD13982,2,199,22/11/2022,Pending,PayPal,PROD112,CUST1082,REV23982
ORD13983,3,199,15/09/2023,Pending,PayPal,PROD102,CUST4899,REV23983
ORD13984,3,229,13/01/2023,Returned,PayPal,PROD108,CUST2456,REV23984
ORD13985,1,59,10/09/2022,Shipped,Credit Card,PROD103,CUST2253,REV23985
ORD13986,3,25,13/08/2023,Cancelled,Cash on Delivery,PROD114,CUST5620,REV23986
ORD13987,5,199,12/10/2024,Shipped,PayPal,PROD112,CUST5727,REV23987
ORD13988,3,59,1/04/2025,Returned,Credit Card,PROD111,CUST4713,REV23988
ORD13989,5,120,20/10/2022,Pending,Credit Card,PROD104,CUST2003,REV23989
ORD13990,5,80,1/12/2022,Returned,Cash on Delivery,PROD110,CUST4063,REV23990
ORD13991,5,149,2/05/2023,Shipped,Credit Card,PROD113,CUST4873,REV23991
ORD13992,4,120,25/01/2025,Shipped,Credit Card,PROD104,CUST1430,REV23992
ORD13993,5,129,4/02/2024,Returned,PayPal,PROD109,CUST2400,REV23993
ORD13994,5,199,17/10/2024,Delivered,Cash on Delivery,PROD112,CUST1969,REV23994
ORD13995,1,59,17/03/2023,Cancelled,Cash on Delivery,PROD111,CUST3759,REV23995
ORD13996,1,199,20/01/2025,Pending,Cash on Delivery,PROD102,CUST4688,REV23996
ORD13997,2,149,8/03/2025,Returned,Cash on Delivery,PROD113,CUST3623,REV23997
ORD13998,2,99,12/11/2022,Returned,PayPal,PROD106,CUST1980,REV23998
ORD13999,1,149,5/01/2024,Cancelled,Credit Card,PROD113,CUST2328,REV23999
ORD14000,2,59,25/11/2023,Returned,Cash on Delivery,PROD111,CUST4623,REV24000
ORD14001,4,25,27/07/2024,Shipped,Credit Card,PROD114,CUST3053,REV24001
ORD14002,2,229,20/09/2022,Cancelled,PayPal,PROD108,CUST1340,REV24002
ORD14003,3,229,28/05/2024,Returned,PayPal,PROD108,CUST3342,REV24003
ORD14004,2,899,30/03/2025,Cancelled,Credit Card,PROD101,CUST2891,REV24004
ORD14005,4,129,1/10/2023,Returned,PayPal,PROD109,CUST2608,REV24005
ORD14006,2,899,24/01/2025,Delivered,Cash on Delivery,PROD101,CUST2055,REV24006
ORD14007,5,110,20/09/2023,Returned,PayPal,PROD105,CUST4247,REV24007
ORD14008,1,999,24/08/2025,Delivered,Cash on Delivery,PROD100,CUST1179,REV24008
ORD14009,1,199,30/08/2024,Cancelled,Credit Card,PROD102,CUST4234,REV24009
ORD14010,5,110,19/03/2025,Shipped,PayPal,PROD105,CUST3012,REV24010
ORD14011,2,99,19/09/2022,Delivered,PayPal,PROD106,CUST2786,REV24011
ORD14012,1,59,4/04/2025,Shipped,PayPal,PROD103,CUST5313,REV24012
ORD14013,5,99,6/01/2025,Returned,Credit Card,PROD106,CUST4683,REV24013
ORD14014,3,399,17/07/2024,Delivered,PayPal,PROD107,CUST3789,REV24014
ORD14015,3,399,28/11/2023,Pending,Cash on Delivery,PROD107,CUST1072,REV24015
ORD14016,2,199,10/08/2024,Delivered,Credit Card,PROD102,CUST2910,REV24016
ORD14017,4,59,6/01/2024,Delivered,PayPal,PROD111,CUST1602,REV24017
ORD14018,3,129,29/09/2024,Pending,Credit Card,PROD109,CUST4689,REV24018
ORD14019,4,25,28/07/2024,Cancelled,Credit Card,PROD114,CUST1603,REV24019
ORD14020,5,80,7/04/2025,Pending,Credit Card,PROD110,CUST1711,REV24020
ORD14021,2,899,23/01/2023,Cancelled,Credit Card,PROD101,CUST4092,REV24021
ORD14022,1,149,16/09/2023,Pending,Credit Card,PROD113,CUST4549,REV24022
ORD14023,4,199,2/01/2025,Shipped,PayPal,PROD112,CUST5902,REV24023
ORD14024,2,149,24/01/2024,Pending,PayPal,PROD113,CUST2092,REV24024
ORD14025,1,110,7/01/2023,Cancelled,PayPal,PROD105,CUST2875,REV24025
ORD14026,3,399,24/06/2025,Cancelled,Cash on Delivery,PROD107,CUST2385,REV24026
ORD14027,2,120,5/09/2024,Delivered,Cash on Delivery,PROD104,CUST1867,REV24027
ORD14028,2,99,21/12/2024,Cancelled,PayPal,PROD106,CUST3550,REV24028
ORD14029,4,99,13/01/2024,Cancelled,Credit Card,PROD106,CUST2716,REV24029
ORD14030,3,199,3/07/2024,Delivered,Credit Card,PROD102,CUST3019,REV24030
ORD14031,4,199,9/06/2024,Returned,Credit Card,PROD112,CUST4259,REV24031
ORD14032,1,199,14/09/2024,Returned,PayPal,PROD112,CUST5825,REV24032
ORD14033,4,110,21/06/2023,Delivered,PayPal,PROD105,CUST1375,REV24033
ORD14034,5,199,4/12/2022,Returned,Cash on Delivery,PROD102,CUST2810,REV24034
ORD14035,3,199,28/11/2022,Pending,PayPal,PROD102,CUST4618,REV24035
ORD14036,1,99,2/04/2023,Cancelled,PayPal,PROD106,CUST4577,REV24036
ORD14037,2,99,8/03/2024,Delivered,Cash on Delivery,PROD106,CUST3233,REV24037
ORD14038,3,199,30/12/2024,Shipped,Credit Card,PROD102,CUST5021,REV24038
ORD14039,4,999,13/10/2023,Cancelled,Cash on Delivery,PROD100,CUST3551,REV24039
ORD14040,5,199,5/09/2024,Shipped,Cash on Delivery,PROD112,CUST5394,REV24040
ORD14041,2,110,19/11/2022,Returned,PayPal,PROD105,CUST5418,REV24041
ORD14042,5,199,17/08/2023,Delivered,Credit Card,PROD102,CUST2665,REV24042
ORD14043,5,129,5/07/2025,Cancelled,Cash on Delivery,PROD109,CUST5023,REV24043
ORD14044,4,59,15/05/2024,Cancelled,Credit Card,PROD111,CUST1389,REV24044
ORD14045,5,120,23/10/2022,Shipped,Cash on Delivery,PROD104,CUST2130,REV24045
ORD14046,1,25,22/01/2025,Shipped,PayPal,PROD114,CUST3703,REV24046
ORD14047,4,149,5/08/2025,Pending,Credit Card,PROD113,CUST2225,REV24047
ORD14048,2,59,24/10/2023,Returned,PayPal,PROD103,CUST4523,REV24048
ORD14049,2,59,17/09/2024,Delivered,Credit Card,PROD103,CUST5155,REV24049
ORD14050,2,199,11/08/2024,Delivered,PayPal,PROD102,CUST5238,REV24050
ORD14051,2,149,28/10/2024,Cancelled,Credit Card,PROD113,CUST4384,REV24051
ORD14052,3,129,31/03/2024,Returned,Credit Card,PROD109,CUST2886,REV24052
ORD14053,3,199,28/09/2024,Shipped,Cash on Delivery,PROD102,CUST5126,REV24053
ORD14054,4,129,9/11/2024,Shipped,Credit Card,PROD109,CUST3252,REV24054
ORD14055,1,99,4/09/2024,Pending,PayPal,PROD106,CUST3125,REV24055
ORD14056,4,59,7/11/2022,Shipped,Cash on Delivery,PROD103,CUST2995,REV24056
ORD14057,3,199,3/05/2025,Cancelled,Credit Card,PROD102,CUST2109,REV24057
ORD14058,1,199,17/09/2023,Cancelled,Credit Card,PROD112,CUST5600,REV24058
ORD14059,4,110,1/06/2025,Pending,PayPal,PROD105,CUST3455,REV24059
ORD14060,2,149,5/02/2024,Cancelled,Cash on Delivery,PROD113,CUST4497,REV24060
ORD14061,2,999,26/10/2023,Pending,Credit Card,PROD100,CUST4254,REV24061
ORD14062,5,99,5/01/2023,Pending,PayPal,PROD106,CUST3278,REV24062
ORD14063,4,99,17/07/2023,Delivered,PayPal,PROD106,CUST5116,REV24063
ORD14064,1,59,13/02/2023,Pending,PayPal,PROD111,CUST1130,REV24064
ORD14065,1,59,24/02/2023,Delivered,PayPal,PROD103,CUST2533,REV24065
ORD14066,2,59,1/04/2024,Delivered,PayPal,PROD111,CUST2558,REV24066
ORD14067,3,25,21/01/2024,Shipped,PayPal,PROD114,CUST5990,REV24067
ORD14068,2,899,6/04/2023,Returned,Credit Card,PROD101,CUST3072,REV24068
ORD14069,5,149,26/01/2024,Shipped,Cash on Delivery,PROD113,CUST1304,REV24069
ORD14070,1,25,6/01/2023,Shipped,Credit Card,PROD114,CUST2681,REV24070
ORD14071,2,899,10/03/2023,Pending,PayPal,PROD101,CUST1441,REV24071
ORD14072,5,120,9/09/2022,Shipped,PayPal,PROD104,CUST5018,REV24072
ORD14073,1,229,31/12/2023,Delivered,Cash on Delivery,PROD108,CUST5623,REV24073
ORD14074,3,199,26/09/2024,Pending,PayPal,PROD112,CUST3712,REV24074
ORD14075,1,399,24/09/2022,Cancelled,PayPal,PROD107,CUST1289,REV24075
ORD14076,2,399,2/01/2024,Delivered,Cash on Delivery,PROD107,CUST2260,REV24076
ORD14077,5,80,14/06/2025,Shipped,Cash on Delivery,PROD110,CUST1598,REV24077
ORD14078,5,999,19/03/2025,Shipped,Cash on Delivery,PROD100,CUST1407,REV24078
ORD14079,4,199,30/12/2024,Pending,Credit Card,PROD112,CUST1132,REV24079
ORD14080,3,129,22/11/2022,Shipped,PayPal,PROD109,CUST3908,REV24080
ORD14081,5,199,20/10/2022,Pending,Cash on Delivery,PROD102,CUST5440,REV24081
ORD14082,1,25,5/12/2024,Shipped,PayPal,PROD114,CUST5338,REV24082
ORD14083,1,149,3/04/2025,Shipped,PayPal,PROD113,CUST3182,REV24083
ORD14084,2,229,27/01/2025,Returned,Cash on Delivery,PROD108,CUST3310,REV24084
ORD14085,5,399,24/03/2023,Shipped,Credit Card,PROD107,CUST3192,REV24085
ORD14086,5,59,4/12/2022,Shipped,Credit Card,PROD111,CUST5352,REV24086
ORD14087,2,149,5/11/2024,Cancelled,Cash on Delivery,PROD113,CUST5803,REV24087
ORD14088,3,59,28/12/2024,Returned,Cash on Delivery,PROD111,CUST4025,REV24088
ORD14089,2,120,13/03/2024,Delivered,Credit Card,PROD104,CUST2139,REV24089
ORD14090,4,110,9/12/2024,Delivered,PayPal,PROD105,CUST1908,REV24090
ORD14091,2,25,27/05/2023,Cancelled,Credit Card,PROD114,CUST1612,REV24091
ORD14092,2,899,28/06/2025,Delivered,PayPal,PROD101,CUST1193,REV24092
ORD14093,5,899,14/08/2024,Shipped,Cash on Delivery,PROD101,CUST4156,REV24093
ORD14094,5,149,5/04/2024,Returned,Cash on Delivery,PROD113,CUST5990,REV24094
ORD14095,4,25,28/05/2023,Shipped,Cash on Delivery,PROD114,CUST2386,REV24095
ORD14096,4,149,7/05/2025,Returned,PayPal,PROD113,CUST2489,REV24096
ORD14097,2,120,25/07/2024,Cancelled,Cash on Delivery,PROD104,CUST4984,REV24097
ORD14098,2,149,2/03/2024,Cancelled,Cash on Delivery,PROD113,CUST3208,REV24098
ORD14099,5,899,24/02/2024,Cancelled,Credit Card,PROD101,CUST3298,REV24099
ORD14100,1,59,8/10/2023,Delivered,PayPal,PROD103,CUST3798,REV24100
ORD14101,5,399,30/05/2024,Shipped,Credit Card,PROD107,CUST5428,REV24101
ORD14102,3,59,5/08/2025,Pending,Credit Card,PROD103,CUST5975,REV24102
ORD14103,5,199,28/02/2025,Pending,Credit Card,PROD112,CUST4085,REV24103
ORD14104,2,120,5/07/2023,Shipped,PayPal,PROD104,CUST2481,REV24104
ORD14105,2,120,29/12/2023,Cancelled,Credit Card,PROD104,CUST1910,REV24105
ORD14106,5,110,28/11/2023,Pending,Cash on Delivery,PROD105,CUST1447,REV24106
ORD14107,5,899,4/04/2023,Pending,Cash on Delivery,PROD101,CUST5898,REV24107
ORD14108,2,149,12/10/2022,Shipped,Credit Card,PROD113,CUST2583,REV24108
ORD14109,2,199,12/09/2024,Returned,PayPal,PROD112,CUST4537,REV24109
ORD14110,1,110,8/11/2024,Returned,Credit Card,PROD105,CUST3776,REV24110
ORD14111,4,199,17/10/2023,Pending,Cash on Delivery,PROD102,CUST1340,REV24111
ORD14112,2,199,31/07/2023,Shipped,Cash on Delivery,PROD102,CUST4064,REV24112
ORD14113,5,999,25/02/2025,Shipped,Credit Card,PROD100,CUST5299,REV24113
ORD14114,2,899,19/08/2025,Cancelled,Cash on Delivery,PROD101,CUST3200,REV24114
ORD14115,4,229,27/09/2023,Pending,PayPal,PROD108,CUST4272,REV24115
ORD14116,2,110,18/03/2025,Returned,Cash on Delivery,PROD105,CUST2800,REV24116
ORD14117,1,80,2/01/2023,Delivered,PayPal,PROD110,CUST5668,REV24117
ORD14118,4,99,10/06/2025,Cancelled,Cash on Delivery,PROD106,CUST4585,REV24118
ORD14119,5,199,23/05/2025,Delivered,Credit Card,PROD112,CUST4824,REV24119
ORD14120,1,59,11/02/2025,Cancelled,PayPal,PROD111,CUST4149,REV24120
ORD14121,5,129,5/11/2022,Pending,PayPal,PROD109,CUST1150,REV24121
ORD14122,2,120,6/05/2024,Cancelled,Cash on Delivery,PROD104,CUST1863,REV24122
ORD14123,4,25,27/05/2025,Pending,Credit Card,PROD114,CUST3921,REV24123
ORD14124,2,199,11/08/2024,Delivered,Credit Card,PROD102,CUST4005,REV24124
ORD14125,3,999,19/01/2023,Cancelled,Credit Card,PROD100,CUST5338,REV24125
ORD14126,4,110,28/07/2023,Pending,PayPal,PROD105,CUST4633,REV24126
ORD14127,5,99,2/06/2024,Returned,PayPal,PROD106,CUST5353,REV24127
ORD14128,3,25,29/09/2023,Pending,Cash on Delivery,PROD114,CUST2884,REV24128
ORD14129,1,99,11/04/2024,Returned,PayPal,PROD106,CUST3456,REV24129
ORD14130,5,899,27/05/2023,Delivered,Cash on Delivery,PROD101,CUST4066,REV24130
ORD14131,2,199,7/06/2023,Delivered,Credit Card,PROD102,CUST2702,REV24131
ORD14132,5,149,20/06/2023,Cancelled,Cash on Delivery,PROD113,CUST2038,REV24132
ORD14133,3,110,24/06/2025,Pending,PayPal,PROD105,CUST3633,REV24133
ORD14134,3,80,16/11/2023,Delivered,Cash on Delivery,PROD110,CUST5162,REV24134
ORD14135,2,229,13/03/2025,Returned,PayPal,PROD108,CUST4606,REV24135
ORD14136,1,59,18/10/2022,Pending,Cash on Delivery,PROD103,CUST2373,REV24136
ORD14137,1,229,18/12/2023,Cancelled,PayPal,PROD108,CUST1952,REV24137
ORD14138,2,80,1/08/2023,Returned,Cash on Delivery,PROD110,CUST2669,REV24138
ORD14139,1,229,16/02/2025,Delivered,Cash on Delivery,PROD108,CUST4975,REV24139
ORD14140,3,129,28/09/2022,Returned,Cash on Delivery,PROD109,CUST1074,REV24140
ORD14141,3,999,23/09/2023,Cancelled,PayPal,PROD100,CUST2722,REV24141
ORD14142,5,110,16/08/2025,Shipped,Cash on Delivery,PROD105,CUST1121,REV24142
ORD14143,4,59,27/08/2022,Shipped,Cash on Delivery,PROD111,CUST5417,REV24143
ORD14144,2,129,30/03/2025,Returned,Credit Card,PROD109,CUST2716,REV24144
ORD14145,5,110,7/09/2024,Cancelled,Cash on Delivery,PROD105,CUST5823,REV24145
ORD14146,3,120,29/01/2024,Delivered,Credit Card,PROD104,CUST2206,REV24146
ORD14147,5,59,11/07/2025,Delivered,Cash on Delivery,PROD103,CUST1322,REV24147
ORD14148,3,999,6/12/2024,Pending,Cash on Delivery,PROD100,CUST4618,REV24148
ORD14149,1,999,24/10/2022,Pending,Cash on Delivery,PROD100,CUST1606,REV24149
ORD14150,4,199,17/03/2023,Shipped,Cash on Delivery,PROD112,CUST5410,REV24150
ORD14151,2,129,19/12/2024,Delivered,PayPal,PROD109,CUST3857,REV24151
ORD14152,3,229,4/12/2023,Returned,PayPal,PROD108,CUST2981,REV24152
ORD14153,5,199,26/05/2024,Returned,Cash on Delivery,PROD102,CUST2562,REV24153
ORD14154,1,129,23/06/2023,Cancelled,Cash on Delivery,PROD109,CUST5985,REV24154
ORD14155,3,129,3/05/2025,Pending,Cash on Delivery,PROD109,CUST4130,REV24155
ORD14156,3,110,9/11/2022,Cancelled,Credit Card,PROD105,CUST1616,REV24156
ORD14157,1,149,16/06/2025,Shipped,Cash on Delivery,PROD113,CUST1590,REV24157
ORD14158,3,199,30/04/2024,Returned,Credit Card,PROD102,CUST5308,REV24158
ORD14159,5,229,8/08/2025,Pending,Credit Card,PROD108,CUST1282,REV24159
ORD14160,2,149,7/06/2024,Cancelled,Cash on Delivery,PROD113,CUST4884,REV24160
ORD14161,4,229,31/05/2023,Returned,Cash on Delivery,PROD108,CUST1695,REV24161
ORD14162,3,199,3/07/2025,Shipped,Credit Card,PROD102,CUST5356,REV24162
ORD14163,5,25,28/09/2023,Returned,Credit Card,PROD114,CUST1311,REV24163
ORD14164,2,149,18/10/2023,Returned,Credit Card,PROD113,CUST3005,REV24164
ORD14165,4,110,16/10/2024,Delivered,Credit Card,PROD105,CUST5805,REV24165
ORD14166,2,80,14/04/2024,Shipped,Cash on Delivery,PROD110,CUST2068,REV24166
ORD14167,3,110,3/06/2025,Shipped,PayPal,PROD105,CUST3632,REV24167
ORD14168,3,129,23/05/2025,Cancelled,PayPal,PROD109,CUST1737,REV24168
ORD14169,1,99,16/08/2023,Delivered,Cash on Delivery,PROD106,CUST5032,REV24169
ORD14170,5,110,12/06/2023,Returned,Credit Card,PROD105,CUST4054,REV24170
ORD14171,3,129,11/05/2025,Returned,Cash on Delivery,PROD109,CUST4923,REV24171
ORD14172,2,59,31/12/2022,Delivered,Cash on Delivery,PROD111,CUST2920,REV24172
ORD14173,3,59,21/02/2025,Pending,Credit Card,PROD103,CUST5388,REV24173
ORD14174,5,59,25/07/2024,Delivered,Cash on Delivery,PROD103,CUST4202,REV24174
ORD14175,3,129,22/04/2025,Cancelled,Cash on Delivery,PROD109,CUST2795,REV24175
ORD14176,1,120,22/07/2023,Cancelled,PayPal,PROD104,CUST2526,REV24176
ORD14177,1,110,12/04/2023,Cancelled,Credit Card,PROD105,CUST3786,REV24177
ORD14178,4,110,24/07/2024,Returned,Credit Card,PROD105,CUST4253,REV24178
ORD14179,1,399,16/07/2024,Pending,PayPal,PROD107,CUST3904,REV24179
ORD14180,2,399,13/05/2025,Pending,PayPal,PROD107,CUST4234,REV24180
ORD14181,4,80,26/12/2023,Delivered,PayPal,PROD110,CUST2066,REV24181
ORD14182,2,149,29/05/2025,Shipped,Cash on Delivery,PROD113,CUST4006,REV24182
ORD14183,2,229,3/11/2024,Pending,Credit Card,PROD108,CUST5965,REV24183
ORD14184,3,199,10/01/2025,Shipped,Cash on Delivery,PROD102,CUST1404,REV24184
ORD14185,1,199,2/09/2024,Returned,Cash on Delivery,PROD112,CUST4678,REV24185
ORD14186,3,199,10/10/2023,Pending,PayPal,PROD102,CUST5268,REV24186
ORD14187,4,229,17/05/2024,Shipped,PayPal,PROD108,CUST5156,REV24187
ORD14188,3,229,17/06/2025,Delivered,Cash on Delivery,PROD108,CUST3701,REV24188
ORD14189,1,59,17/12/2024,Cancelled,Cash on Delivery,PROD111,CUST1767,REV24189
ORD14190,4,110,23/04/2024,Delivered,Credit Card,PROD105,CUST1806,REV24190
ORD14191,1,110,22/11/2024,Delivered,Cash on Delivery,PROD105,CUST1151,REV24191
ORD14192,2,229,27/03/2024,Shipped,PayPal,PROD108,CUST4181,REV24192
ORD14193,3,199,5/01/2025,Returned,Cash on Delivery,PROD102,CUST2716,REV24193
ORD14194,4,80,20/08/2024,Delivered,PayPal,PROD110,CUST5766,REV24194
ORD14195,1,59,28/09/2023,Returned,PayPal,PROD103,CUST1817,REV24195
ORD14196,4,129,22/01/2024,Cancelled,Credit Card,PROD109,CUST4578,REV24196
ORD14197,1,149,9/06/2023,Returned,Credit Card,PROD113,CUST4386,REV24197
ORD14198,4,25,28/12/2023,Cancelled,Cash on Delivery,PROD114,CUST5990,REV24198
ORD14199,5,59,24/06/2023,Delivered,Cash on Delivery,PROD103,CUST5974,REV24199
ORD14200,1,899,20/12/2023,Returned,Credit Card,PROD101,CUST4544,REV24200
ORD14201,1,129,4/03/2023,Cancelled,Credit Card,PROD109,CUST2232,REV24201
ORD14202,2,899,3/10/2023,Delivered,PayPal,PROD101,CUST4645,REV24202
ORD14203,5,999,12/08/2025,Pending,PayPal,PROD100,CUST2824,REV24203
ORD14204,4,80,15/01/2025,Returned,Cash on Delivery,PROD110,CUST5710,REV24204
ORD14205,1,229,7/02/2024,Delivered,PayPal,PROD108,CUST5113,REV24205
ORD14206,3,80,24/05/2025,Delivered,PayPal,PROD110,CUST1586,REV24206
ORD14207,4,80,11/07/2025,Pending,Cash on Delivery,PROD110,CUST4429,REV24207
ORD14208,4,899,22/12/2023,Delivered,PayPal,PROD101,CUST1259,REV24208
ORD14209,2,25,29/06/2023,Returned,PayPal,PROD114,CUST3909,REV24209
ORD14210,2,80,16/01/2025,Cancelled,PayPal,PROD110,CUST4142,REV24210
ORD14211,3,229,14/10/2023,Delivered,PayPal,PROD108,CUST1782,REV24211
ORD14212,2,80,15/05/2025,Shipped,Credit Card,PROD110,CUST4861,REV24212
ORD14213,2,59,8/01/2025,Cancelled,Cash on Delivery,PROD111,CUST1541,REV24213
ORD14214,1,199,19/02/2023,Shipped,Credit Card,PROD112,CUST1871,REV24214
ORD14215,2,110,9/05/2025,Cancelled,PayPal,PROD105,CUST4228,REV24215
ORD14216,2,59,17/11/2022,Cancelled,PayPal,PROD111,CUST4752,REV24216
ORD14217,3,199,6/07/2024,Returned,Cash on Delivery,PROD112,CUST3714,REV24217
ORD14218,4,149,21/07/2025,Delivered,PayPal,PROD113,CUST3893,REV24218
ORD14219,1,999,24/10/2022,Returned,Cash on Delivery,PROD100,CUST3346,REV24219
ORD14220,2,229,9/12/2024,Shipped,Cash on Delivery,PROD108,CUST4794,REV24220
ORD14221,2,110,16/03/2025,Shipped,PayPal,PROD105,CUST1849,REV24221
ORD14222,4,80,29/10/2023,Shipped,Cash on Delivery,PROD110,CUST2491,REV24222
ORD14223,3,120,13/12/2022,Pending,Cash on Delivery,PROD104,CUST1973,REV24223
ORD14224,1,25,4/06/2023,Pending,Credit Card,PROD114,CUST1280,REV24224
ORD14225,5,129,27/09/2022,Cancelled,PayPal,PROD109,CUST1193,REV24225
ORD14226,2,399,4/12/2022,Shipped,Credit Card,PROD107,CUST3049,REV24226
ORD14227,1,199,15/05/2025,Delivered,Credit Card,PROD102,CUST1116,REV24227
ORD14228,1,59,9/11/2024,Returned,PayPal,PROD103,CUST5813,REV24228
ORD14229,2,59,31/03/2023,Cancelled,Cash on Delivery,PROD111,CUST1371,REV24229
ORD14230,2,899,1/07/2024,Delivered,Credit Card,PROD101,CUST2866,REV24230
ORD14231,5,59,2/11/2022,Cancelled,Credit Card,PROD103,CUST3777,REV24231
ORD14232,4,399,17/11/2022,Delivered,Credit Card,PROD107,CUST4096,REV24232
ORD14233,2,110,15/02/2024,Shipped,Credit Card,PROD105,CUST4107,REV24233
ORD14234,2,110,17/02/2023,Shipped,PayPal,PROD105,CUST1645,REV24234
ORD14235,3,129,24/10/2022,Pending,Credit Card,PROD109,CUST2186,REV24235
ORD14236,4,120,1/07/2023,Pending,Cash on Delivery,PROD104,CUST5647,REV24236
ORD14237,2,199,27/12/2024,Cancelled,PayPal,PROD112,CUST2798,REV24237
ORD14238,4,25,23/01/2023,Shipped,Credit Card,PROD114,CUST1611,REV24238
ORD14239,3,129,17/03/2024,Shipped,Credit Card,PROD109,CUST3940,REV24239
ORD14240,5,399,26/04/2025,Delivered,Credit Card,PROD107,CUST5041,REV24240
ORD14241,4,59,12/04/2023,Returned,Credit Card,PROD103,CUST4401,REV24241
ORD14242,2,129,4/11/2022,Pending,Credit Card,PROD109,CUST2990,REV24242
ORD14243,1,99,28/06/2024,Cancelled,Credit Card,PROD106,CUST1471,REV24243
ORD14244,3,59,9/12/2022,Shipped,PayPal,PROD111,CUST4483,REV24244
ORD14245,4,899,24/12/2024,Delivered,PayPal,PROD101,CUST3640,REV24245
ORD14246,1,25,8/05/2023,Cancelled,Credit Card,PROD114,CUST2409,REV24246
ORD14247,3,99,4/11/2022,Cancelled,PayPal,PROD106,CUST3416,REV24247
ORD14248,4,129,3/03/2025,Delivered,Credit Card,PROD109,CUST4344,REV24248
ORD14249,3,149,9/10/2022,Delivered,Cash on Delivery,PROD113,CUST2868,REV24249
ORD14250,1,99,21/05/2025,Pending,Credit Card,PROD106,CUST2146,REV24250
ORD14251,3,199,29/03/2025,Cancelled,Cash on Delivery,PROD102,CUST3854,REV24251
ORD14252,5,149,27/04/2025,Shipped,Credit Card,PROD113,CUST4092,REV24252
ORD14253,5,199,31/03/2025,Delivered,PayPal,PROD102,CUST1840,REV24253
ORD14254,1,129,5/12/2023,Returned,Cash on Delivery,PROD109,CUST5004,REV24254
ORD14255,4,99,29/05/2023,Shipped,Credit Card,PROD106,CUST3649,REV24255
ORD14256,4,99,15/08/2024,Pending,Credit Card,PROD106,CUST5490,REV24256
ORD14257,4,899,25/10/2022,Cancelled,Cash on Delivery,PROD101,CUST1914,REV24257
ORD14258,4,899,22/05/2024,Delivered,Cash on Delivery,PROD101,CUST3226,REV24258
ORD14259,1,25,15/08/2024,Returned,Credit Card,PROD114,CUST3210,REV24259
ORD14260,1,110,1/09/2023,Returned,Credit Card,PROD105,CUST4361,REV24260
ORD14261,3,110,12/01/2024,Returned,PayPal,PROD105,CUST2306,REV24261
ORD14262,4,229,8/12/2023,Pending,PayPal,PROD108,CUST1046,REV24262
ORD14263,2,399,21/02/2024,Shipped,PayPal,PROD107,CUST5684,REV24263
ORD14264,5,25,3/01/2025,Returned,PayPal,PROD114,CUST4666,REV24264
ORD14265,2,99,21/11/2023,Returned,Credit Card,PROD106,CUST5662,REV24265
ORD14266,1,99,2/05/2025,Returned,PayPal,PROD106,CUST4133,REV24266
ORD14267,4,999,8/05/2023,Pending,Credit Card,PROD100,CUST3893,REV24267
ORD14268,2,129,12/09/2023,Cancelled,Credit Card,PROD109,CUST4563,REV24268
ORD14269,2,149,7/11/2022,Shipped,Credit Card,PROD113,CUST4399,REV24269
ORD14270,1,199,18/11/2023,Returned,Cash on Delivery,PROD112,CUST5822,REV24270
ORD14271,4,999,7/06/2024,Shipped,PayPal,PROD100,CUST2049,REV24271
ORD14272,1,25,14/10/2024,Delivered,PayPal,PROD114,CUST1632,REV24272
ORD14273,5,25,14/07/2025,Delivered,Credit Card,PROD114,CUST3710,REV24273
ORD14274,5,199,10/07/2023,Returned,PayPal,PROD112,CUST5436,REV24274
ORD14275,1,999,18/02/2024,Pending,Credit Card,PROD100,CUST1646,REV24275
ORD14276,2,99,13/07/2025,Shipped,Cash on Delivery,PROD106,CUST1758,REV24276
ORD14277,3,899,12/01/2025,Delivered,Credit Card,PROD101,CUST3205,REV24277
ORD14278,3,199,29/10/2023,Delivered,PayPal,PROD112,CUST1667,REV24278
ORD14279,1,110,15/12/2024,Cancelled,Credit Card,PROD105,CUST2647,REV24279
ORD14280,5,59,20/08/2024,Cancelled,Credit Card,PROD103,CUST5500,REV24280
ORD14281,1,399,10/02/2023,Returned,Credit Card,PROD107,CUST2792,REV24281
ORD14282,5,899,2/08/2025,Cancelled,Cash on Delivery,PROD101,CUST4589,REV24282
ORD14283,2,25,2/07/2025,Pending,Cash on Delivery,PROD114,CUST2097,REV24283
ORD14284,2,229,28/02/2025,Returned,PayPal,PROD108,CUST3051,REV24284
ORD14285,2,99,15/04/2024,Pending,Cash on Delivery,PROD106,CUST3473,REV24285
ORD14286,3,120,26/10/2023,Pending,PayPal,PROD104,CUST4307,REV24286
ORD14287,4,25,9/09/2023,Shipped,Cash on Delivery,PROD114,CUST2364,REV24287
ORD14288,2,25,28/11/2024,Delivered,PayPal,PROD114,CUST2163,REV24288
ORD14289,3,59,10/03/2024,Returned,Cash on Delivery,PROD111,CUST1486,REV24289
ORD14290,1,120,28/02/2024,Pending,PayPal,PROD104,CUST3436,REV24290
ORD14291,3,99,2/06/2024,Shipped,Credit Card,PROD106,CUST5611,REV24291
ORD14292,3,229,12/02/2025,Cancelled,Credit Card,PROD108,CUST3327,REV24292
ORD14293,1,899,4/07/2025,Returned,Credit Card,PROD101,CUST1341,REV24293
ORD14294,1,899,28/09/2024,Shipped,Credit Card,PROD101,CUST1359,REV24294
ORD14295,1,99,28/09/2023,Returned,Cash on Delivery,PROD106,CUST4237,REV24295
ORD14296,2,229,15/09/2022,Pending,Cash on Delivery,PROD108,CUST3191,REV24296
ORD14297,1,80,8/11/2024,Shipped,Cash on Delivery,PROD110,CUST4282,REV24297
ORD14298,5,59,30/12/2023,Delivered,Credit Card,PROD103,CUST1003,REV24298
ORD14299,3,199,15/01/2023,Shipped,PayPal,PROD102,CUST3318,REV24299
ORD14300,1,199,10/12/2023,Delivered,Credit Card,PROD102,CUST4888,REV24300
ORD14301,2,199,22/02/2024,Pending,Credit Card,PROD112,CUST1716,REV24301
ORD14302,5,229,3/07/2023,Returned,Credit Card,PROD108,CUST5148,REV24302
ORD14303,1,59,9/12/2022,Shipped,Cash on Delivery,PROD103,CUST5886,REV24303
ORD14304,5,80,3/04/2025,Shipped,Cash on Delivery,PROD110,CUST1496,REV24304
ORD14305,1,199,12/05/2024,Cancelled,PayPal,PROD112,CUST1178,REV24305
ORD14306,2,199,15/04/2025,Returned,Credit Card,PROD112,CUST4343,REV24306
ORD14307,1,999,12/12/2022,Cancelled,PayPal,PROD100,CUST2594,REV24307
ORD14308,4,229,20/11/2022,Delivered,PayPal,PROD108,CUST1277,REV24308
ORD14309,5,199,10/07/2025,Delivered,Cash on Delivery,PROD102,CUST2810,REV24309
ORD14310,1,199,26/09/2023,Returned,Cash on Delivery,PROD112,CUST1253,REV24310
ORD14311,4,25,29/10/2024,Shipped,PayPal,PROD114,CUST5992,REV24311
ORD14312,1,199,15/12/2024,Pending,Credit Card,PROD102,CUST1928,REV24312
ORD14313,3,110,21/09/2022,Returned,PayPal,PROD105,CUST5521,REV24313
ORD14314,1,80,25/05/2023,Cancelled,Credit Card,PROD110,CUST4448,REV24314
ORD14315,3,199,26/07/2023,Cancelled,Cash on Delivery,PROD102,CUST3640,REV24315
ORD14316,5,899,24/03/2025,Cancelled,Credit Card,PROD101,CUST2243,REV24316
ORD14317,1,59,9/10/2023,Returned,Cash on Delivery,PROD103,CUST2786,REV24317
ORD14318,1,199,5/04/2024,Pending,Cash on Delivery,PROD102,CUST1654,REV24318
ORD14319,1,25,27/12/2024,Returned,PayPal,PROD114,CUST3719,REV24319
ORD14320,2,399,16/05/2024,Shipped,PayPal,PROD107,CUST5467,REV24320
ORD14321,1,25,11/06/2025,Delivered,Credit Card,PROD114,CUST2379,REV24321
ORD14322,1,899,23/01/2025,Delivered,Cash on Delivery,PROD101,CUST2842,REV24322
ORD14323,4,110,8/03/2025,Cancelled,PayPal,PROD105,CUST1244,REV24323
ORD14324,4,129,19/04/2025,Returned,Cash on Delivery,PROD109,CUST4794,REV24324
ORD14325,1,99,16/09/2023,Cancelled,Credit Card,PROD106,CUST4914,REV24325
ORD14326,5,229,6/06/2023,Shipped,Credit Card,PROD108,CUST5583,REV24326
ORD14327,1,25,4/01/2024,Returned,Cash on Delivery,PROD114,CUST1426,REV24327
ORD14328,4,199,30/09/2022,Shipped,Cash on Delivery,PROD112,CUST1546,REV24328
ORD14329,5,59,28/06/2025,Pending,PayPal,PROD111,CUST2578,REV24329
ORD14330,3,999,10/11/2023,Shipped,PayPal,PROD100,CUST2522,REV24330
ORD14331,5,129,6/07/2025,Shipped,PayPal,PROD109,CUST1344,REV24331
ORD14332,1,199,5/03/2025,Cancelled,Cash on Delivery,PROD102,CUST5765,REV24332
ORD14333,2,25,22/01/2024,Cancelled,PayPal,PROD114,CUST1814,REV24333
ORD14334,3,99,12/03/2023,Shipped,PayPal,PROD106,CUST1160,REV24334
ORD14335,2,59,24/04/2025,Returned,Credit Card,PROD111,CUST3652,REV24335
ORD14336,5,199,27/10/2022,Pending,PayPal,PROD102,CUST4743,REV24336
ORD14337,2,999,21/03/2023,Returned,Credit Card,PROD100,CUST4206,REV24337
ORD14338,1,59,17/05/2023,Pending,Cash on Delivery,PROD111,CUST3684,REV24338
ORD14339,5,229,6/05/2023,Cancelled,Cash on Delivery,PROD108,CUST1044,REV24339
ORD14340,4,25,11/07/2023,Returned,Credit Card,PROD114,CUST4968,REV24340
ORD14341,5,110,23/12/2022,Cancelled,PayPal,PROD105,CUST5670,REV24341
ORD14342,3,80,16/02/2023,Shipped,Credit Card,PROD110,CUST4286,REV24342
ORD14343,3,399,11/10/2022,Pending,Credit Card,PROD107,CUST2829,REV24343
ORD14344,1,110,25/05/2024,Pending,Credit Card,PROD105,CUST2145,REV24344
ORD14345,1,399,17/04/2023,Returned,Cash on Delivery,PROD107,CUST2427,REV24345
ORD14346,1,110,13/11/2022,Pending,PayPal,PROD105,CUST5544,REV24346
ORD14347,4,120,7/07/2025,Returned,Credit Card,PROD104,CUST1032,REV24347
ORD14348,4,999,3/06/2024,Delivered,Credit Card,PROD100,CUST5272,REV24348
ORD14349,2,59,23/05/2024,Returned,PayPal,PROD103,CUST3738,REV24349
ORD14350,4,110,7/07/2025,Delivered,Credit Card,PROD105,CUST2279,REV24350
ORD14351,1,99,22/09/2024,Delivered,PayPal,PROD106,CUST4092,REV24351
ORD14352,5,149,14/06/2023,Cancelled,Credit Card,PROD113,CUST5636,REV24352
ORD14353,3,229,1/12/2022,Delivered,PayPal,PROD108,CUST4926,REV24353
ORD14354,5,59,11/07/2025,Cancelled,PayPal,PROD103,CUST1513,REV24354
ORD14355,2,999,11/04/2023,Returned,Credit Card,PROD100,CUST3913,REV24355
ORD14356,4,999,8/09/2023,Delivered,PayPal,PROD100,CUST4469,REV24356
ORD14357,4,25,3/09/2023,Cancelled,PayPal,PROD114,CUST2459,REV24357
ORD14358,5,199,21/05/2023,Cancelled,Cash on Delivery,PROD102,CUST5512,REV24358
ORD14359,1,199,29/10/2022,Returned,Credit Card,PROD102,CUST1744,REV24359
ORD14360,3,999,28/09/2024,Returned,Credit Card,PROD100,CUST4626,REV24360
ORD14361,2,149,29/05/2023,Pending,PayPal,PROD113,CUST5944,REV24361
ORD14362,4,59,11/02/2023,Shipped,Cash on Delivery,PROD111,CUST3788,REV24362
ORD14363,4,110,23/03/2025,Shipped,Cash on Delivery,PROD105,CUST2501,REV24363
ORD14364,4,110,1/07/2024,Shipped,Credit Card,PROD105,CUST2816,REV24364
ORD14365,3,80,2/06/2025,Cancelled,PayPal,PROD110,CUST2896,REV24365
ORD14366,3,199,14/10/2022,Cancelled,Credit Card,PROD102,CUST4491,REV24366
ORD14367,1,59,4/08/2024,Pending,Cash on Delivery,PROD103,CUST3985,REV24367
ORD14368,5,129,27/06/2024,Shipped,PayPal,PROD109,CUST1722,REV24368
ORD14369,3,80,22/03/2024,Cancelled,PayPal,PROD110,CUST3135,REV24369
ORD14370,4,120,4/03/2025,Returned,Credit Card,PROD104,CUST3550,REV24370
ORD14371,4,80,25/08/2023,Cancelled,Credit Card,PROD110,CUST1969,REV24371
ORD14372,3,199,24/10/2022,Returned,Credit Card,PROD112,CUST2178,REV24372
ORD14373,3,229,26/02/2025,Delivered,PayPal,PROD108,CUST1373,REV24373
ORD14374,4,149,27/05/2023,Pending,Cash on Delivery,PROD113,CUST1493,REV24374
ORD14375,5,899,2/11/2023,Cancelled,Cash on Delivery,PROD101,CUST2917,REV24375
ORD14376,3,399,8/03/2024,Shipped,Cash on Delivery,PROD107,CUST3304,REV24376
ORD14377,1,59,13/04/2024,Delivered,PayPal,PROD111,CUST4512,REV24377
ORD14378,2,399,13/12/2024,Delivered,Credit Card,PROD107,CUST3772,REV24378
ORD14379,2,999,4/08/2024,Returned,Cash on Delivery,PROD100,CUST4309,REV24379
ORD14380,5,120,24/08/2024,Shipped,Cash on Delivery,PROD104,CUST1619,REV24380
ORD14381,4,899,12/01/2024,Shipped,Credit Card,PROD101,CUST2180,REV24381
ORD14382,2,99,18/03/2024,Shipped,Credit Card,PROD106,CUST4334,REV24382
ORD14383,2,999,24/01/2024,Cancelled,Credit Card,PROD100,CUST3340,REV24383
ORD14384,5,199,13/09/2023,Pending,Cash on Delivery,PROD112,CUST2318,REV24384
ORD14385,1,59,6/02/2024,Returned,PayPal,PROD111,CUST5328,REV24385
ORD14386,5,229,9/08/2025,Delivered,Credit Card,PROD108,CUST5476,REV24386
ORD14387,2,80,2/02/2023,Returned,Credit Card,PROD110,CUST5983,REV24387
ORD14388,5,999,13/08/2024,Returned,Credit Card,PROD100,CUST2953,REV24388
ORD14389,1,149,6/02/2024,Returned,Cash on Delivery,PROD113,CUST1548,REV24389
ORD14390,2,899,28/09/2023,Pending,Cash on Delivery,PROD101,CUST1174,REV24390
ORD14391,5,199,25/08/2024,Pending,PayPal,PROD102,CUST1997,REV24391
ORD14392,3,80,24/03/2025,Cancelled,Cash on Delivery,PROD110,CUST2644,REV24392
ORD14393,2,899,12/03/2024,Shipped,Credit Card,PROD101,CUST3912,REV24393
ORD14394,5,399,4/11/2022,Cancelled,Cash on Delivery,PROD107,CUST4007,REV24394
ORD14395,5,199,29/02/2024,Shipped,Cash on Delivery,PROD102,CUST2938,REV24395
ORD14396,4,80,21/03/2025,Delivered,Cash on Delivery,PROD110,CUST2971,REV24396
ORD14397,2,399,16/06/2025,Pending,Credit Card,PROD107,CUST5977,REV24397
ORD14398,4,399,12/02/2024,Delivered,Cash on Delivery,PROD107,CUST2880,REV24398
ORD14399,5,25,4/12/2024,Delivered,Credit Card,PROD114,CUST2164,REV24399
ORD14400,4,199,2/03/2025,Shipped,Credit Card,PROD112,CUST1101,REV24400
ORD14401,4,229,4/04/2025,Pending,PayPal,PROD108,CUST1952,REV24401
ORD14402,2,999,1/11/2023,Delivered,Cash on Delivery,PROD100,CUST3305,REV24402
ORD14403,2,80,21/08/2023,Cancelled,PayPal,PROD110,CUST3768,REV24403
ORD14404,1,199,20/02/2023,Cancelled,Credit Card,PROD102,CUST5135,REV24404
ORD14405,1,899,16/03/2025,Delivered,PayPal,PROD101,CUST2541,REV24405
ORD14406,4,149,22/01/2025,Pending,PayPal,PROD113,CUST3445,REV24406
ORD14407,3,99,22/05/2024,Pending,Credit Card,PROD106,CUST5586,REV24407
ORD14408,3,59,23/08/2024,Shipped,PayPal,PROD103,CUST1000,REV24408
ORD14409,2,59,8/05/2023,Pending,PayPal,PROD103,CUST4697,REV24409
ORD14410,1,999,18/05/2024,Returned,Cash on Delivery,PROD100,CUST5417,REV24410
ORD14411,3,229,4/01/2025,Returned,PayPal,PROD108,CUST5896,REV24411
ORD14412,2,999,20/09/2023,Shipped,PayPal,PROD100,CUST1943,REV24412
ORD14413,2,149,6/12/2024,Cancelled,PayPal,PROD113,CUST5354,REV24413
ORD14414,3,120,19/06/2024,Shipped,Credit Card,PROD104,CUST5324,REV24414
ORD14415,4,59,24/07/2023,Returned,Cash on Delivery,PROD103,CUST1640,REV24415
ORD14416,5,999,29/06/2025,Shipped,PayPal,PROD100,CUST2527,REV24416
ORD14417,5,99,14/03/2024,Shipped,Credit Card,PROD106,CUST3748,REV24417
ORD14418,4,999,15/10/2024,Returned,Cash on Delivery,PROD100,CUST1005,REV24418
ORD14419,3,149,20/12/2023,Delivered,PayPal,PROD113,CUST1244,REV24419
ORD14420,2,149,1/12/2022,Cancelled,Credit Card,PROD113,CUST2064,REV24420
ORD14421,4,120,16/02/2024,Returned,Credit Card,PROD104,CUST1272,REV24421
ORD14422,2,59,12/05/2025,Delivered,Cash on Delivery,PROD103,CUST3418,REV24422
ORD14423,4,99,23/02/2023,Cancelled,PayPal,PROD106,CUST4540,REV24423
ORD14424,1,120,5/02/2024,Shipped,Cash on Delivery,PROD104,CUST2605,REV24424
ORD14425,5,899,11/03/2024,Pending,Credit Card,PROD101,CUST3323,REV24425
ORD14426,2,149,1/09/2022,Pending,PayPal,PROD113,CUST4185,REV24426
ORD14427,3,120,8/09/2024,Returned,Credit Card,PROD104,CUST5963,REV24427
ORD14428,5,129,4/05/2023,Pending,Cash on Delivery,PROD109,CUST2419,REV24428
ORD14429,3,229,23/03/2024,Returned,Credit Card,PROD108,CUST3076,REV24429
ORD14430,4,80,10/10/2023,Cancelled,Cash on Delivery,PROD110,CUST3056,REV24430
ORD14431,2,399,28/01/2023,Pending,Cash on Delivery,PROD107,CUST2014,REV24431
ORD14432,3,59,28/11/2022,Pending,PayPal,PROD111,CUST4513,REV24432
ORD14433,4,149,7/03/2025,Pending,Cash on Delivery,PROD113,CUST4458,REV24433
ORD14434,3,129,25/02/2024,Returned,PayPal,PROD109,CUST1276,REV24434
ORD14435,1,229,9/01/2024,Pending,Cash on Delivery,PROD108,CUST1288,REV24435
ORD14436,2,110,28/02/2025,Returned,Credit Card,PROD105,CUST2764,REV24436
ORD14437,4,899,16/01/2024,Cancelled,Cash on Delivery,PROD101,CUST3693,REV24437
ORD14438,5,149,14/02/2023,Pending,Cash on Delivery,PROD113,CUST4569,REV24438
ORD14439,2,99,21/02/2023,Cancelled,Credit Card,PROD106,CUST2256,REV24439
ORD14440,5,120,6/10/2022,Returned,Cash on Delivery,PROD104,CUST5269,REV24440
ORD14441,5,399,16/01/2025,Shipped,PayPal,PROD107,CUST2781,REV24441
ORD14442,3,110,26/04/2023,Pending,PayPal,PROD105,CUST1294,REV24442
ORD14443,4,59,28/10/2022,Shipped,Cash on Delivery,PROD111,CUST4741,REV24443
ORD14444,4,229,4/11/2023,Returned,PayPal,PROD108,CUST4003,REV24444
ORD14445,5,399,1/08/2024,Shipped,PayPal,PROD107,CUST4456,REV24445
ORD14446,3,149,14/10/2024,Pending,PayPal,PROD113,CUST5819,REV24446
ORD14447,5,899,25/10/2024,Delivered,Cash on Delivery,PROD101,CUST1000,REV24447
ORD14448,4,899,23/10/2023,Shipped,Cash on Delivery,PROD101,CUST5493,REV24448
ORD14449,4,199,20/10/2023,Cancelled,Credit Card,PROD112,CUST4989,REV24449
ORD14450,3,80,29/01/2025,Returned,PayPal,PROD110,CUST3327,REV24450
ORD14451,3,399,31/01/2024,Delivered,Credit Card,PROD107,CUST3071,REV24451
ORD14452,1,199,1/08/2025,Pending,Credit Card,PROD112,CUST4624,REV24452
ORD14453,2,199,14/02/2025,Returned,Cash on Delivery,PROD102,CUST5684,REV24453
ORD14454,1,110,19/04/2024,Cancelled,PayPal,PROD105,CUST5554,REV24454
ORD14455,5,99,25/03/2025,Delivered,Credit Card,PROD106,CUST5798,REV24455
ORD14456,2,899,5/02/2025,Delivered,Cash on Delivery,PROD101,CUST3077,REV24456
ORD14457,2,25,18/03/2025,Returned,Credit Card,PROD114,CUST1122,REV24457
ORD14458,5,59,5/10/2024,Delivered,Credit Card,PROD111,CUST5058,REV24458
ORD14459,2,80,1/07/2024,Returned,Cash on Delivery,PROD110,CUST4764,REV24459
ORD14460,5,199,26/08/2022,Returned,PayPal,PROD112,CUST4479,REV24460
ORD14461,4,110,4/09/2023,Delivered,Credit Card,PROD105,CUST5385,REV24461
ORD14462,2,25,30/06/2024,Cancelled,Cash on Delivery,PROD114,CUST2560,REV24462
ORD14463,3,99,20/06/2023,Cancelled,PayPal,PROD106,CUST3602,REV24463
ORD14464,5,129,29/03/2024,Cancelled,Credit Card,PROD109,CUST1600,REV24464
ORD14465,3,199,13/02/2023,Pending,PayPal,PROD102,CUST4913,REV24465
ORD14466,4,229,4/04/2025,Pending,Credit Card,PROD108,CUST1103,REV24466
ORD14467,4,229,6/06/2024,Cancelled,PayPal,PROD108,CUST5737,REV24467
ORD14468,2,899,6/07/2025,Delivered,PayPal,PROD101,CUST2488,REV24468
ORD14469,3,129,8/06/2024,Pending,Cash on Delivery,PROD109,CUST1571,REV24469
ORD14470,3,229,14/02/2025,Pending,Credit Card,PROD108,CUST1455,REV24470
ORD14471,1,59,23/09/2022,Delivered,PayPal,PROD103,CUST3838,REV24471
ORD14472,5,59,1/11/2023,Pending,Cash on Delivery,PROD103,CUST1451,REV24472
ORD14473,4,59,5/02/2025,Cancelled,Credit Card,PROD103,CUST3105,REV24473
ORD14474,4,999,12/04/2025,Shipped,Cash on Delivery,PROD100,CUST3366,REV24474
ORD14475,2,899,18/12/2022,Pending,Cash on Delivery,PROD101,CUST4505,REV24475
ORD14476,3,80,21/06/2023,Shipped,PayPal,PROD110,CUST1862,REV24476
ORD14477,5,59,1/09/2024,Pending,Cash on Delivery,PROD103,CUST5798,REV24477
ORD14478,5,120,31/08/2023,Returned,Cash on Delivery,PROD104,CUST1772,REV24478
ORD14479,2,899,20/05/2023,Delivered,PayPal,PROD101,CUST2857,REV24479
ORD14480,4,199,30/04/2024,Returned,Credit Card,PROD102,CUST3003,REV24480
ORD14481,2,199,24/01/2024,Delivered,PayPal,PROD102,CUST3030,REV24481
ORD14482,5,25,12/07/2023,Shipped,PayPal,PROD114,CUST1837,REV24482
ORD14483,2,99,2/05/2023,Cancelled,PayPal,PROD106,CUST3352,REV24483
ORD14484,3,59,11/02/2025,Pending,PayPal,PROD103,CUST1035,REV24484
ORD14485,1,110,4/02/2023,Pending,Cash on Delivery,PROD105,CUST4103,REV24485
ORD14486,1,899,26/04/2025,Pending,Cash on Delivery,PROD101,CUST4311,REV24486
ORD14487,3,120,21/12/2024,Shipped,PayPal,PROD104,CUST4563,REV24487
ORD14488,2,59,9/07/2025,Returned,Cash on Delivery,PROD103,CUST3897,REV24488
ORD14489,1,229,23/04/2024,Pending,PayPal,PROD108,CUST2357,REV24489
ORD14490,5,399,26/04/2025,Shipped,PayPal,PROD107,CUST4181,REV24490
ORD14491,1,199,27/04/2023,Cancelled,PayPal,PROD112,CUST3170,REV24491
ORD14492,2,59,6/01/2024,Pending,PayPal,PROD111,CUST1227,REV24492
ORD14493,2,899,29/05/2025,Pending,PayPal,PROD101,CUST2923,REV24493
ORD14494,5,129,8/10/2023,Returned,Credit Card,PROD109,CUST1530,REV24494
ORD14495,1,129,17/06/2025,Shipped,PayPal,PROD109,CUST2838,REV24495
ORD14496,3,199,26/01/2024,Shipped,Cash on Delivery,PROD112,CUST3609,REV24496
ORD14497,4,399,12/06/2024,Returned,Credit Card,PROD107,CUST1521,REV24497
ORD14498,5,80,6/07/2024,Pending,PayPal,PROD110,CUST2543,REV24498
ORD14499,5,120,14/01/2024,Delivered,Cash on Delivery,PROD104,CUST3759,REV24499
ORD14500,1,199,28/02/2023,Cancelled,Credit Card,PROD112,CUST2225,REV24500
ORD14501,2,229,18/08/2024,Shipped,Credit Card,PROD108,CUST4351,REV24501
ORD14502,1,59,24/11/2023,Pending,Cash on Delivery,PROD103,CUST1172,REV24502
ORD14503,4,80,24/03/2024,Delivered,Credit Card,PROD110,CUST2450,REV24503
ORD14504,3,110,26/04/2024,Shipped,Credit Card,PROD105,CUST1543,REV24504
ORD14505,4,199,3/02/2024,Shipped,Cash on Delivery,PROD112,CUST2932,REV24505
ORD14506,1,80,12/09/2024,Pending,Credit Card,PROD110,CUST5368,REV24506
ORD14507,4,110,31/05/2024,Delivered,Cash on Delivery,PROD105,CUST3347,REV24507
ORD14508,4,229,20/02/2023,Shipped,Credit Card,PROD108,CUST4802,REV24508
ORD14509,2,110,24/01/2024,Pending,Cash on Delivery,PROD105,CUST2157,REV24509
ORD14510,1,399,20/11/2023,Shipped,Cash on Delivery,PROD107,CUST4669,REV24510
ORD14511,5,110,6/05/2024,Shipped,Credit Card,PROD105,CUST2225,REV24511
ORD14512,1,399,2/10/2024,Cancelled,PayPal,PROD107,CUST1940,REV24512
ORD14513,3,120,20/08/2025,Delivered,Credit Card,PROD104,CUST5430,REV24513
ORD14514,5,999,9/08/2023,Pending,Cash on Delivery,PROD100,CUST5165,REV24514
ORD14515,5,199,28/07/2025,Cancelled,PayPal,PROD112,CUST5140,REV24515
ORD14516,3,59,22/05/2023,Delivered,PayPal,PROD103,CUST2191,REV24516
ORD14517,4,110,22/06/2023,Cancelled,Credit Card,PROD105,CUST2792,REV24517
ORD14518,4,80,7/05/2023,Delivered,Cash on Delivery,PROD110,CUST4141,REV24518
ORD14519,3,199,20/10/2022,Cancelled,Cash on Delivery,PROD112,CUST5042,REV24519
ORD14520,2,149,29/06/2025,Pending,Cash on Delivery,PROD113,CUST3329,REV24520
ORD14521,1,59,21/01/2024,Returned,PayPal,PROD111,CUST3867,REV24521
ORD14522,3,59,15/11/2024,Delivered,Credit Card,PROD111,CUST1231,REV24522
ORD14523,5,59,7/05/2024,Delivered,Credit Card,PROD103,CUST3572,REV24523
ORD14524,3,229,28/06/2024,Cancelled,PayPal,PROD108,CUST2442,REV24524
ORD14525,1,120,17/02/2024,Returned,Cash on Delivery,PROD104,CUST5160,REV24525
ORD14526,4,899,13/04/2023,Returned,Cash on Delivery,PROD101,CUST2716,REV24526
ORD14527,4,899,24/10/2023,Cancelled,Cash on Delivery,PROD101,CUST1753,REV24527
ORD14528,3,199,26/10/2023,Returned,Credit Card,PROD112,CUST5103,REV24528
ORD14529,3,899,20/02/2024,Pending,Cash on Delivery,PROD101,CUST2797,REV24529
ORD14530,2,199,29/04/2024,Delivered,Credit Card,PROD112,CUST1141,REV24530
ORD14531,1,129,29/05/2023,Returned,Credit Card,PROD109,CUST5877,REV24531
ORD14532,4,199,8/01/2023,Cancelled,Cash on Delivery,PROD112,CUST5907,REV24532
ORD14533,3,59,26/05/2023,Delivered,Credit Card,PROD103,CUST2020,REV24533
ORD14534,3,199,23/06/2024,Returned,Cash on Delivery,PROD102,CUST3617,REV24534
ORD14535,3,25,9/06/2023,Delivered,PayPal,PROD114,CUST2805,REV24535
ORD14536,5,120,28/10/2023,Delivered,PayPal,PROD104,CUST4324,REV24536
ORD14537,1,229,5/07/2025,Pending,PayPal,PROD108,CUST3238,REV24537
ORD14538,4,129,8/10/2023,Pending,Credit Card,PROD109,CUST3109,REV24538
ORD14539,1,59,14/09/2023,Cancelled,PayPal,PROD103,CUST1895,REV24539
ORD14540,5,80,22/02/2024,Pending,Credit Card,PROD110,CUST3333,REV24540
ORD14541,4,59,10/09/2023,Cancelled,Cash on Delivery,PROD111,CUST4373,REV24541
ORD14542,1,110,14/11/2023,Cancelled,Cash on Delivery,PROD105,CUST1272,REV24542
ORD14543,5,899,23/09/2022,Cancelled,Credit Card,PROD101,CUST4385,REV24543
ORD14544,3,229,27/07/2024,Pending,PayPal,PROD108,CUST2730,REV24544
ORD14545,5,149,23/10/2022,Delivered,Credit Card,PROD113,CUST5028,REV24545
ORD14546,3,229,24/08/2024,Shipped,Credit Card,PROD108,CUST3048,REV24546
ORD14547,2,199,6/09/2022,Returned,Credit Card,PROD112,CUST1512,REV24547
ORD14548,3,59,29/01/2024,Delivered,PayPal,PROD111,CUST3344,REV24548
ORD14549,1,999,15/04/2023,Shipped,Credit Card,PROD100,CUST3556,REV24549
ORD14550,5,25,31/10/2023,Delivered,PayPal,PROD114,CUST5611,REV24550
ORD14551,5,199,2/09/2022,Delivered,Credit Card,PROD102,CUST5726,REV24551
ORD14552,1,199,16/10/2022,Delivered,Credit Card,PROD112,CUST2561,REV24552
ORD14553,5,120,4/06/2024,Pending,Cash on Delivery,PROD104,CUST2548,REV24553
ORD14554,2,229,5/08/2024,Cancelled,Credit Card,PROD108,CUST3679,REV24554
ORD14555,4,199,13/11/2024,Shipped,PayPal,PROD112,CUST5075,REV24555
ORD14556,3,149,1/06/2025,Shipped,Credit Card,PROD113,CUST5641,REV24556
ORD14557,2,999,2/05/2023,Returned,Credit Card,PROD100,CUST5498,REV24557
ORD14558,5,110,1/09/2023,Shipped,Cash on Delivery,PROD105,CUST1879,REV24558
ORD14559,5,399,13/09/2022,Shipped,PayPal,PROD107,CUST2034,REV24559
ORD14560,1,25,16/05/2023,Returned,Cash on Delivery,PROD114,CUST4366,REV24560
ORD14561,2,80,20/08/2024,Pending,Credit Card,PROD110,CUST2022,REV24561
ORD14562,5,120,7/10/2024,Shipped,PayPal,PROD104,CUST2741,REV24562
ORD14563,1,99,9/05/2023,Cancelled,Credit Card,PROD106,CUST1615,REV24563
ORD14564,2,199,24/09/2023,Pending,Cash on Delivery,PROD102,CUST5535,REV24564
ORD14565,3,129,4/03/2024,Delivered,Credit Card,PROD109,CUST4397,REV24565
ORD14566,4,25,12/07/2023,Delivered,Credit Card,PROD114,CUST3948,REV24566
ORD14567,3,199,2/04/2024,Pending,PayPal,PROD102,CUST5844,REV24567
ORD14568,5,199,9/02/2024,Returned,PayPal,PROD112,CUST5502,REV24568
ORD14569,5,399,25/04/2025,Returned,PayPal,PROD107,CUST3960,REV24569
ORD14570,3,149,19/06/2025,Returned,PayPal,PROD113,CUST3573,REV24570
ORD14571,4,999,18/01/2024,Cancelled,Credit Card,PROD100,CUST2922,REV24571
ORD14572,1,399,2/12/2023,Pending,Cash on Delivery,PROD107,CUST1554,REV24572
ORD14573,3,80,25/02/2025,Shipped,PayPal,PROD110,CUST4986,REV24573
ORD14574,1,80,1/08/2025,Pending,Cash on Delivery,PROD110,CUST3412,REV24574
ORD14575,2,59,21/03/2025,Shipped,PayPal,PROD111,CUST1929,REV24575
ORD14576,1,899,18/09/2024,Cancelled,Credit Card,PROD101,CUST2354,REV24576
ORD14577,1,229,30/06/2023,Cancelled,Credit Card,PROD108,CUST4402,REV24577
ORD14578,1,399,7/10/2023,Shipped,Cash on Delivery,PROD107,CUST1320,REV24578
ORD14579,5,129,16/09/2024,Shipped,PayPal,PROD109,CUST2572,REV24579
ORD14580,2,110,10/05/2024,Shipped,Credit Card,PROD105,CUST4309,REV24580
ORD14581,4,149,26/05/2024,Shipped,Cash on Delivery,PROD113,CUST2728,REV24581
ORD14582,4,120,30/10/2022,Delivered,Credit Card,PROD104,CUST3932,REV24582
ORD14583,5,80,6/09/2022,Delivered,Cash on Delivery,PROD110,CUST1873,REV24583
ORD14584,2,199,3/09/2023,Cancelled,Cash on Delivery,PROD112,CUST2583,REV24584
ORD14585,2,149,10/10/2024,Cancelled,Credit Card,PROD113,CUST2731,REV24585
ORD14586,3,80,31/08/2024,Cancelled,PayPal,PROD110,CUST4963,REV24586
ORD14587,4,999,20/03/2023,Pending,Cash on Delivery,PROD100,CUST3267,REV24587
ORD14588,2,59,18/06/2024,Cancelled,Credit Card,PROD111,CUST2232,REV24588
ORD14589,5,59,18/12/2023,Shipped,Credit Card,PROD111,CUST1099,REV24589
ORD14590,5,149,18/05/2024,Delivered,PayPal,PROD113,CUST4008,REV24590
ORD14591,3,99,21/05/2024,Cancelled,Credit Card,PROD106,CUST2883,REV24591
ORD14592,4,899,23/09/2022,Cancelled,Cash on Delivery,PROD101,CUST2352,REV24592
ORD14593,2,149,10/01/2023,Shipped,PayPal,PROD113,CUST2353,REV24593
ORD14594,4,25,5/10/2022,Delivered,Cash on Delivery,PROD114,CUST1673,REV24594
ORD14595,3,149,24/04/2023,Cancelled,PayPal,PROD113,CUST2013,REV24595
ORD14596,1,110,3/05/2023,Returned,PayPal,PROD105,CUST3902,REV24596
ORD14597,1,149,20/07/2023,Delivered,Cash on Delivery,PROD113,CUST2674,REV24597
ORD14598,4,129,22/12/2023,Cancelled,Credit Card,PROD109,CUST1850,REV24598
ORD14599,1,110,9/08/2023,Cancelled,Credit Card,PROD105,CUST2841,REV24599
ORD14600,4,80,9/03/2023,Shipped,PayPal,PROD110,CUST3595,REV24600
ORD14601,2,110,27/03/2023,Pending,Credit Card,PROD105,CUST5078,REV24601
ORD14602,2,59,6/09/2023,Shipped,Cash on Delivery,PROD103,CUST2828,REV24602
ORD14603,3,120,13/11/2022,Returned,Credit Card,PROD104,CUST2489,REV24603
ORD14604,5,149,2/03/2023,Shipped,Credit Card,PROD113,CUST3204,REV24604
ORD14605,5,999,21/08/2023,Shipped,PayPal,PROD100,CUST1441,REV24605
ORD14606,1,129,22/02/2025,Cancelled,Credit Card,PROD109,CUST4739,REV24606
ORD14607,5,59,28/03/2024,Returned,Credit Card,PROD111,CUST4341,REV24607
ORD14608,1,80,2/10/2022,Pending,Cash on Delivery,PROD110,CUST2256,REV24608
ORD14609,4,129,16/12/2024,Shipped,Credit Card,PROD109,CUST4950,REV24609
ORD14610,2,899,16/08/2023,Shipped,Credit Card,PROD101,CUST3012,REV24610
ORD14611,4,80,21/06/2023,Cancelled,PayPal,PROD110,CUST2289,REV24611
ORD14612,3,149,30/09/2024,Returned,PayPal,PROD113,CUST2723,REV24612
ORD14613,2,399,7/03/2023,Cancelled,Credit Card,PROD107,CUST3887,REV24613
ORD14614,4,899,1/08/2024,Cancelled,PayPal,PROD101,CUST1188,REV24614
ORD14615,5,80,5/03/2023,Shipped,PayPal,PROD110,CUST5188,REV24615
ORD14616,4,80,12/09/2023,Shipped,Cash on Delivery,PROD110,CUST5033,REV24616
ORD14617,1,25,2/07/2025,Cancelled,Credit Card,PROD114,CUST1305,REV24617
ORD14618,2,25,4/02/2025,Delivered,Credit Card,PROD114,CUST2203,REV24618
ORD14619,2,129,15/06/2025,Cancelled,Cash on Delivery,PROD109,CUST4742,REV24619
ORD14620,3,99,27/02/2025,Returned,PayPal,PROD106,CUST3666,REV24620
ORD14621,2,25,6/03/2025,Cancelled,PayPal,PROD114,CUST4018,REV24621
ORD14622,2,999,1/10/2023,Delivered,Credit Card,PROD100,CUST1372,REV24622
ORD14623,1,199,18/04/2024,Pending,Credit Card,PROD112,CUST3118,REV24623
ORD14624,1,999,12/06/2024,Cancelled,Credit Card,PROD100,CUST3686,REV24624
ORD14625,4,199,15/09/2022,Shipped,Cash on Delivery,PROD112,CUST1900,REV24625
ORD14626,4,25,18/02/2024,Pending,PayPal,PROD114,CUST3661,REV24626
ORD14627,1,199,10/02/2023,Shipped,PayPal,PROD112,CUST2778,REV24627
ORD14628,2,120,23/01/2025,Cancelled,Credit Card,PROD104,CUST4950,REV24628
ORD14629,2,199,1/11/2022,Cancelled,Credit Card,PROD112,CUST2879,REV24629
ORD14630,5,149,10/06/2024,Returned,Credit Card,PROD113,CUST5703,REV24630
ORD14631,1,80,14/04/2024,Returned,Credit Card,PROD110,CUST4086,REV24631
ORD14632,2,149,21/01/2025,Shipped,Cash on Delivery,PROD113,CUST2118,REV24632
ORD14633,4,99,24/10/2024,Pending,Cash on Delivery,PROD106,CUST4925,REV24633
ORD14634,4,999,17/07/2023,Cancelled,Cash on Delivery,PROD100,CUST4980,REV24634
ORD14635,5,899,26/01/2024,Shipped,Cash on Delivery,PROD101,CUST4552,REV24635
ORD14636,2,199,4/08/2025,Cancelled,PayPal,PROD112,CUST5213,REV24636
ORD14637,1,59,15/11/2024,Cancelled,Cash on Delivery,PROD111,CUST1974,REV24637
ORD14638,4,80,11/04/2024,Shipped,PayPal,PROD110,CUST2054,REV24638
ORD14639,1,999,26/06/2025,Cancelled,PayPal,PROD100,CUST3759,REV24639
ORD14640,5,129,17/03/2023,Returned,Cash on Delivery,PROD109,CUST1920,REV24640
ORD14641,4,110,11/08/2024,Shipped,Cash on Delivery,PROD105,CUST3102,REV24641
ORD14642,1,25,26/10/2024,Delivered,Credit Card,PROD114,CUST3989,REV24642
ORD14643,1,110,29/11/2023,Returned,PayPal,PROD105,CUST1975,REV24643
ORD14644,1,110,31/07/2025,Shipped,Cash on Delivery,PROD105,CUST4529,REV24644
ORD14645,2,199,15/02/2023,Returned,Cash on Delivery,PROD102,CUST4224,REV24645
ORD14646,4,399,13/11/2024,Cancelled,Cash on Delivery,PROD107,CUST1551,REV24646
ORD14647,5,110,28/06/2024,Returned,Credit Card,PROD105,CUST2237,REV24647
ORD14648,2,25,30/03/2024,Pending,Credit Card,PROD114,CUST4863,REV24648
ORD14649,1,399,13/12/2023,Returned,PayPal,PROD107,CUST1861,REV24649
ORD14650,5,199,28/02/2023,Delivered,Cash on Delivery,PROD102,CUST3605,REV24650
ORD14651,3,80,13/06/2024,Shipped,Credit Card,PROD110,CUST5320,REV24651
ORD14652,1,199,28/09/2023,Returned,Cash on Delivery,PROD112,CUST3861,REV24652
ORD14653,4,129,14/03/2024,Delivered,Cash on Delivery,PROD109,CUST2597,REV24653
ORD14654,2,229,17/06/2024,Shipped,Cash on Delivery,PROD108,CUST2468,REV24654
ORD14655,2,199,2/08/2025,Delivered,Credit Card,PROD102,CUST3903,REV24655
ORD14656,2,999,19/06/2023,Delivered,Cash on Delivery,PROD100,CUST4761,REV24656
ORD14657,1,199,11/05/2023,Cancelled,Credit Card,PROD112,CUST4731,REV24657
ORD14658,4,399,14/08/2024,Pending,Credit Card,PROD107,CUST1765,REV24658
ORD14659,1,120,13/05/2024,Returned,PayPal,PROD104,CUST4079,REV24659
ORD14660,1,25,20/03/2023,Shipped,Credit Card,PROD114,CUST2298,REV24660
ORD14661,3,59,15/08/2025,Shipped,Cash on Delivery,PROD103,CUST1843,REV24661
ORD14662,5,120,27/08/2023,Cancelled,Cash on Delivery,PROD104,CUST4885,REV24662
ORD14663,1,199,22/10/2023,Returned,Credit Card,PROD112,CUST1859,REV24663
ORD14664,3,59,17/02/2025,Delivered,PayPal,PROD103,CUST4231,REV24664
ORD14665,2,99,10/11/2024,Pending,Cash on Delivery,PROD106,CUST4589,REV24665
ORD14666,5,120,13/09/2023,Cancelled,Credit Card,PROD104,CUST4120,REV24666
ORD14667,3,149,15/11/2023,Shipped,Cash on Delivery,PROD113,CUST3921,REV24667
ORD14668,2,999,26/02/2025,Cancelled,Cash on Delivery,PROD100,CUST4185,REV24668
ORD14669,3,229,22/05/2023,Shipped,Cash on Delivery,PROD108,CUST3799,REV24669
ORD14670,5,25,17/06/2024,Delivered,Cash on Delivery,PROD114,CUST1094,REV24670
ORD14671,5,99,8/06/2023,Delivered,Credit Card,PROD106,CUST2598,REV24671
ORD14672,3,999,12/12/2022,Shipped,Credit Card,PROD100,CUST5221,REV24672
ORD14673,2,899,6/03/2025,Delivered,PayPal,PROD101,CUST3265,REV24673
ORD14674,4,149,25/12/2023,Delivered,Credit Card,PROD113,CUST2481,REV24674
ORD14675,1,199,4/03/2023,Delivered,Cash on Delivery,PROD112,CUST3745,REV24675
ORD14676,5,25,4/02/2024,Returned,PayPal,PROD114,CUST1290,REV24676
ORD14677,3,149,8/01/2023,Returned,PayPal,PROD113,CUST3676,REV24677
ORD14678,3,199,20/08/2025,Delivered,Cash on Delivery,PROD112,CUST4288,REV24678
ORD14679,2,229,30/06/2025,Returned,Cash on Delivery,PROD108,CUST5726,REV24679
ORD14680,2,129,2/07/2024,Shipped,Cash on Delivery,PROD109,CUST4288,REV24680
ORD14681,3,59,9/06/2025,Delivered,Credit Card,PROD103,CUST1047,REV24681
ORD14682,5,80,28/09/2023,Cancelled,Credit Card,PROD110,CUST1707,REV24682
ORD14683,5,199,26/11/2023,Shipped,PayPal,PROD102,CUST3184,REV24683
ORD14684,2,399,6/10/2024,Cancelled,PayPal,PROD107,CUST4418,REV24684
ORD14685,3,229,8/05/2023,Cancelled,Cash on Delivery,PROD108,CUST1952,REV24685
ORD14686,4,149,9/08/2023,Shipped,Cash on Delivery,PROD113,CUST2294,REV24686
ORD14687,3,999,30/08/2023,Shipped,Cash on Delivery,PROD100,CUST1259,REV24687
ORD14688,3,129,20/07/2024,Shipped,Cash on Delivery,PROD109,CUST4740,REV24688
ORD14689,2,59,12/11/2023,Pending,PayPal,PROD111,CUST5129,REV24689
ORD14690,4,110,27/04/2024,Delivered,Credit Card,PROD105,CUST2193,REV24690
ORD14691,3,899,5/12/2022,Cancelled,Credit Card,PROD101,CUST4126,REV24691
ORD14692,5,99,4/05/2024,Cancelled,Cash on Delivery,PROD106,CUST5094,REV24692
ORD14693,4,899,24/07/2024,Shipped,PayPal,PROD101,CUST3018,REV24693
ORD14694,1,999,12/09/2024,Returned,Cash on Delivery,PROD100,CUST1145,REV24694
ORD14695,2,129,23/01/2024,Returned,PayPal,PROD109,CUST4144,REV24695
ORD14696,1,59,12/09/2022,Shipped,Cash on Delivery,PROD103,CUST4986,REV24696
ORD14697,1,25,3/08/2024,Returned,Cash on Delivery,PROD114,CUST1368,REV24697
ORD14698,5,59,11/10/2023,Shipped,Credit Card,PROD111,CUST3597,REV24698
ORD14699,4,129,3/01/2024,Pending,PayPal,PROD109,CUST5340,REV24699
ORD14700,1,120,3/11/2023,Delivered,Cash on Delivery,PROD104,CUST3140,REV24700
ORD14701,5,25,11/02/2025,Delivered,Cash on Delivery,PROD114,CUST1276,REV24701
ORD14702,3,149,28/07/2023,Delivered,PayPal,PROD113,CUST3487,REV24702
ORD14703,3,59,24/01/2024,Pending,PayPal,PROD111,CUST2761,REV24703
ORD14704,3,120,24/02/2023,Shipped,Cash on Delivery,PROD104,CUST5911,REV24704
ORD14705,4,110,26/05/2025,Delivered,Credit Card,PROD105,CUST5965,REV24705
ORD14706,1,59,9/09/2023,Delivered,Cash on Delivery,PROD103,CUST1190,REV24706
ORD14707,4,80,3/03/2023,Delivered,PayPal,PROD110,CUST4074,REV24707
ORD14708,5,229,4/10/2024,Cancelled,PayPal,PROD108,CUST2308,REV24708
ORD14709,1,199,20/12/2024,Shipped,PayPal,PROD102,CUST5846,REV24709
ORD14710,5,129,3/05/2023,Delivered,Cash on Delivery,PROD109,CUST4461,REV24710
ORD14711,3,59,18/12/2024,Cancelled,Credit Card,PROD103,CUST2819,REV24711
ORD14712,4,199,29/06/2023,Shipped,Credit Card,PROD102,CUST5138,REV24712
ORD14713,2,899,23/01/2023,Delivered,PayPal,PROD101,CUST4387,REV24713
ORD14714,1,999,14/04/2023,Returned,Cash on Delivery,PROD100,CUST3947,REV24714
ORD14715,1,129,27/08/2022,Cancelled,PayPal,PROD109,CUST5175,REV24715
ORD14716,4,149,18/06/2024,Returned,Credit Card,PROD113,CUST5699,REV24716
ORD14717,5,110,11/07/2023,Returned,Cash on Delivery,PROD105,CUST5289,REV24717
ORD14718,3,110,22/11/2022,Shipped,Cash on Delivery,PROD105,CUST1924,REV24718
ORD14719,2,999,23/07/2025,Pending,PayPal,PROD100,CUST3736,REV24719
ORD14720,5,59,20/05/2024,Shipped,Credit Card,PROD103,CUST5370,REV24720
ORD14721,1,59,28/11/2024,Returned,Credit Card,PROD103,CUST5409,REV24721
ORD14722,2,120,19/01/2025,Pending,PayPal,PROD104,CUST3037,REV24722
ORD14723,4,80,27/03/2024,Returned,Cash on Delivery,PROD110,CUST3010,REV24723
ORD14724,3,110,23/02/2024,Returned,Credit Card,PROD105,CUST3916,REV24724
ORD14725,2,59,27/09/2022,Pending,PayPal,PROD103,CUST3186,REV24725
ORD14726,1,25,1/04/2023,Cancelled,PayPal,PROD114,CUST5744,REV24726
ORD14727,4,199,25/08/2022,Pending,Credit Card,PROD112,CUST4863,REV24727
ORD14728,5,129,13/05/2025,Returned,Credit Card,PROD109,CUST4315,REV24728
ORD14729,4,25,5/11/2024,Pending,PayPal,PROD114,CUST5729,REV24729
ORD14730,4,59,1/09/2022,Shipped,Cash on Delivery,PROD103,CUST5373,REV24730
ORD14731,1,120,14/09/2023,Returned,PayPal,PROD104,CUST5041,REV24731
ORD14732,4,59,21/10/2022,Cancelled,Cash on Delivery,PROD111,CUST2536,REV24732
ORD14733,5,110,10/07/2025,Pending,Cash on Delivery,PROD105,CUST4200,REV24733
ORD14734,2,149,14/09/2022,Cancelled,Cash on Delivery,PROD113,CUST4781,REV24734
ORD14735,5,120,30/12/2024,Shipped,Cash on Delivery,PROD104,CUST4578,REV24735
ORD14736,1,999,14/03/2024,Pending,PayPal,PROD100,CUST2692,REV24736
ORD14737,5,999,12/01/2023,Returned,Cash on Delivery,PROD100,CUST2574,REV24737
ORD14738,5,199,9/05/2024,Pending,Cash on Delivery,PROD102,CUST5212,REV24738
ORD14739,1,399,13/05/2024,Returned,PayPal,PROD107,CUST2858,REV24739
ORD14740,4,199,4/05/2024,Delivered,PayPal,PROD102,CUST5930,REV24740
ORD14741,2,59,25/08/2023,Returned,Credit Card,PROD103,CUST3505,REV24741
ORD14742,3,229,10/05/2025,Pending,Cash on Delivery,PROD108,CUST2470,REV24742
ORD14743,3,110,13/12/2022,Pending,Credit Card,PROD105,CUST4263,REV24743
ORD14744,4,199,17/01/2025,Delivered,Credit Card,PROD102,CUST1844,REV24744
ORD14745,4,25,18/10/2024,Pending,PayPal,PROD114,CUST2205,REV24745
ORD14746,4,25,20/03/2023,Cancelled,PayPal,PROD114,CUST4353,REV24746
ORD14747,4,399,1/11/2022,Returned,Credit Card,PROD107,CUST4487,REV24747
ORD14748,5,99,15/09/2024,Cancelled,Credit Card,PROD106,CUST5184,REV24748
ORD14749,4,229,28/09/2024,Pending,Cash on Delivery,PROD108,CUST1653,REV24749
ORD14750,4,59,2/06/2024,Delivered,PayPal,PROD111,CUST4096,REV24750
ORD14751,1,399,12/05/2024,Cancelled,Cash on Delivery,PROD107,CUST2600,REV24751
ORD14752,4,899,2/09/2022,Delivered,PayPal,PROD101,CUST2234,REV24752
ORD14753,2,399,29/04/2024,Pending,Cash on Delivery,PROD107,CUST4416,REV24753
ORD14754,5,149,3/01/2025,Returned,Credit Card,PROD113,CUST2766,REV24754
ORD14755,1,80,2/11/2024,Pending,PayPal,PROD110,CUST5168,REV24755
ORD14756,3,110,10/10/2022,Delivered,Cash on Delivery,PROD105,CUST1639,REV24756
ORD14757,3,199,29/06/2024,Cancelled,Credit Card,PROD112,CUST3738,REV24757
ORD14758,1,149,21/08/2024,Pending,Cash on Delivery,PROD113,CUST1407,REV24758
ORD14759,2,399,18/10/2022,Shipped,Cash on Delivery,PROD107,CUST4936,REV24759
ORD14760,4,129,27/10/2024,Delivered,Cash on Delivery,PROD109,CUST1333,REV24760
ORD14761,5,399,24/04/2025,Returned,PayPal,PROD107,CUST3489,REV24761
ORD14762,5,199,16/05/2024,Cancelled,Cash on Delivery,PROD112,CUST4444,REV24762
ORD14763,4,199,26/03/2024,Delivered,PayPal,PROD102,CUST5527,REV24763
ORD14764,2,99,20/07/2025,Shipped,Cash on Delivery,PROD106,CUST3076,REV24764
ORD14765,2,25,19/02/2025,Shipped,Credit Card,PROD114,CUST4309,REV24765
ORD14766,3,25,21/06/2025,Shipped,Cash on Delivery,PROD114,CUST1105,REV24766
ORD14767,1,99,1/11/2024,Shipped,PayPal,PROD106,CUST4461,REV24767
ORD14768,4,99,25/07/2024,Pending,Credit Card,PROD106,CUST3509,REV24768
ORD14769,4,59,5/04/2025,Pending,Credit Card,PROD111,CUST2571,REV24769
ORD14770,3,25,29/10/2023,Delivered,Credit Card,PROD114,CUST1956,REV24770
ORD14771,5,99,26/03/2025,Cancelled,PayPal,PROD106,CUST1779,REV24771
ORD14772,2,399,29/04/2023,Returned,Cash on Delivery,PROD107,CUST5517,REV24772
ORD14773,3,149,10/04/2023,Cancelled,Credit Card,PROD113,CUST3954,REV24773
ORD14774,4,120,25/12/2022,Returned,Credit Card,PROD104,CUST3103,REV24774
ORD14775,5,25,23/04/2025,Returned,Cash on Delivery,PROD114,CUST3293,REV24775
ORD14776,4,229,27/09/2023,Pending,Cash on Delivery,PROD108,CUST2877,REV24776
ORD14777,5,149,8/05/2023,Returned,Credit Card,PROD113,CUST2444,REV24777
ORD14778,3,999,2/05/2024,Returned,Credit Card,PROD100,CUST1440,REV24778
ORD14779,3,199,31/10/2022,Cancelled,Credit Card,PROD102,CUST4058,REV24779
ORD14780,5,59,28/10/2023,Cancelled,Cash on Delivery,PROD103,CUST1097,REV24780
ORD14781,1,129,29/09/2022,Pending,PayPal,PROD109,CUST4884,REV24781
ORD14782,4,229,12/10/2023,Returned,PayPal,PROD108,CUST2757,REV24782
ORD14783,1,120,7/10/2022,Cancelled,Cash on Delivery,PROD104,CUST1639,REV24783
ORD14784,1,25,27/05/2024,Returned,PayPal,PROD114,CUST3447,REV24784
ORD14785,1,199,19/09/2024,Shipped,PayPal,PROD102,CUST2164,REV24785
ORD14786,4,99,6/02/2025,Delivered,Credit Card,PROD106,CUST3505,REV24786
ORD14787,3,399,9/12/2022,Cancelled,Cash on Delivery,PROD107,CUST3910,REV24787
ORD14788,4,199,11/01/2025,Cancelled,PayPal,PROD102,CUST5477,REV24788
ORD14789,4,229,30/04/2025,Cancelled,Cash on Delivery,PROD108,CUST1225,REV24789
ORD14790,3,399,8/01/2023,Returned,Credit Card,PROD107,CUST3297,REV24790
ORD14791,2,99,3/06/2024,Delivered,Cash on Delivery,PROD106,CUST2128,REV24791
ORD14792,3,899,12/05/2025,Cancelled,PayPal,PROD101,CUST3287,REV24792
ORD14793,4,59,2/09/2022,Pending,PayPal,PROD103,CUST5644,REV24793
ORD14794,5,899,4/06/2025,Cancelled,Cash on Delivery,PROD101,CUST3413,REV24794
ORD14795,1,99,30/01/2024,Delivered,Credit Card,PROD106,CUST3654,REV24795
ORD14796,3,59,15/03/2023,Shipped,Credit Card,PROD103,CUST3396,REV24796
ORD14797,1,229,8/03/2025,Pending,Credit Card,PROD108,CUST1447,REV24797
ORD14798,4,199,10/06/2023,Pending,Cash on Delivery,PROD112,CUST5887,REV24798
ORD14799,2,110,20/04/2023,Pending,Credit Card,PROD105,CUST5288,REV24799
ORD14800,2,120,6/04/2024,Cancelled,Credit Card,PROD104,CUST4232,REV24800
ORD14801,4,25,11/03/2024,Shipped,PayPal,PROD114,CUST1842,REV24801
ORD14802,3,199,11/06/2025,Delivered,Cash on Delivery,PROD112,CUST1854,REV24802
ORD14803,4,149,1/04/2023,Returned,Cash on Delivery,PROD113,CUST3409,REV24803
ORD14804,2,99,23/11/2022,Cancelled,Credit Card,PROD106,CUST3041,REV24804
ORD14805,3,129,23/01/2024,Cancelled,PayPal,PROD109,CUST3244,REV24805
ORD14806,4,199,13/12/2023,Returned,Credit Card,PROD102,CUST3435,REV24806
ORD14807,3,110,25/05/2025,Shipped,Credit Card,PROD105,CUST3472,REV24807
ORD14808,4,110,10/09/2022,Delivered,PayPal,PROD105,CUST3271,REV24808
ORD14809,5,149,24/03/2024,Shipped,Cash on Delivery,PROD113,CUST5789,REV24809
ORD14810,1,999,5/10/2024,Cancelled,PayPal,PROD100,CUST4521,REV24810
ORD14811,2,129,25/05/2025,Returned,Cash on Delivery,PROD109,CUST4123,REV24811
ORD14812,4,25,19/09/2022,Pending,Credit Card,PROD114,CUST1939,REV24812
ORD14813,5,59,25/10/2024,Shipped,Credit Card,PROD103,CUST5505,REV24813
ORD14814,4,59,2/07/2023,Pending,Cash on Delivery,PROD111,CUST3383,REV24814
ORD14815,2,110,29/12/2024,Pending,Credit Card,PROD105,CUST2078,REV24815
ORD14816,3,59,23/08/2024,Delivered,Credit Card,PROD103,CUST1374,REV24816
ORD14817,5,110,8/05/2023,Delivered,PayPal,PROD105,CUST1547,REV24817
ORD14818,3,25,13/09/2024,Cancelled,Cash on Delivery,PROD114,CUST3137,REV24818
ORD14819,1,899,1/04/2025,Shipped,PayPal,PROD101,CUST5010,REV24819
ORD14820,1,59,2/09/2023,Delivered,Credit Card,PROD111,CUST1319,REV24820
ORD14821,4,59,16/03/2024,Delivered,PayPal,PROD103,CUST4303,REV24821
ORD14822,5,80,28/07/2024,Cancelled,Cash on Delivery,PROD110,CUST1670,REV24822
ORD14823,5,229,3/06/2025,Shipped,Cash on Delivery,PROD108,CUST4884,REV24823
ORD14824,3,80,28/01/2025,Returned,Credit Card,PROD110,CUST4516,REV24824
ORD14825,4,25,7/09/2022,Cancelled,Cash on Delivery,PROD114,CUST2783,REV24825
ORD14826,5,110,21/07/2023,Cancelled,Cash on Delivery,PROD105,CUST3586,REV24826
ORD14827,5,110,31/05/2024,Shipped,Credit Card,PROD105,CUST4716,REV24827
ORD14828,5,129,9/01/2023,Shipped,PayPal,PROD109,CUST2957,REV24828
ORD14829,1,59,24/09/2022,Delivered,Cash on Delivery,PROD111,CUST4129,REV24829
ORD14830,1,25,9/11/2023,Pending,PayPal,PROD114,CUST3093,REV24830
ORD14831,5,59,28/11/2022,Shipped,PayPal,PROD103,CUST3912,REV24831
ORD14832,1,229,20/01/2025,Cancelled,Cash on Delivery,PROD108,CUST2607,REV24832
ORD14833,5,229,16/11/2023,Returned,PayPal,PROD108,CUST4710,REV24833
ORD14834,4,99,12/06/2025,Delivered,Credit Card,PROD106,CUST1357,REV24834
ORD14835,3,149,25/10/2022,Shipped,Credit Card,PROD113,CUST4372,REV24835
ORD14836,3,120,15/11/2022,Delivered,PayPal,PROD104,CUST2663,REV24836
ORD14837,4,25,23/06/2025,Pending,Credit Card,PROD114,CUST5663,REV24837
ORD14838,1,199,12/10/2022,Pending,Cash on Delivery,PROD112,CUST4222,REV24838
ORD14839,5,399,9/10/2022,Delivered,Cash on Delivery,PROD107,CUST1886,REV24839
ORD14840,4,59,8/06/2023,Delivered,Cash on Delivery,PROD103,CUST1028,REV24840
ORD14841,5,199,6/11/2023,Cancelled,PayPal,PROD102,CUST4920,REV24841
ORD14842,4,899,23/06/2024,Cancelled,PayPal,PROD101,CUST1316,REV24842
ORD14843,1,199,17/02/2025,Shipped,Credit Card,PROD102,CUST4136,REV24843
ORD14844,1,59,29/06/2024,Delivered,Credit Card,PROD111,CUST2298,REV24844
ORD14845,5,80,14/01/2023,Shipped,PayPal,PROD110,CUST5488,REV24845
ORD14846,5,229,3/07/2025,Delivered,Cash on Delivery,PROD108,CUST5076,REV24846
ORD14847,1,99,20/12/2024,Shipped,Credit Card,PROD106,CUST1463,REV24847
ORD14848,5,80,24/04/2023,Returned,PayPal,PROD110,CUST4358,REV24848
ORD14849,5,80,2/06/2024,Cancelled,Credit Card,PROD110,CUST3273,REV24849
ORD14850,3,59,5/08/2023,Returned,Cash on Delivery,PROD103,CUST2766,REV24850
ORD14851,2,59,31/10/2022,Pending,Cash on Delivery,PROD103,CUST3458,REV24851
ORD14852,5,99,24/01/2024,Returned,Cash on Delivery,PROD106,CUST5043,REV24852
ORD14853,3,149,14/07/2025,Returned,Credit Card,PROD113,CUST5876,REV24853
ORD14854,4,999,18/09/2023,Cancelled,PayPal,PROD100,CUST2893,REV24854
ORD14855,2,80,2/01/2025,Cancelled,Cash on Delivery,PROD110,CUST2545,REV24855
ORD14856,1,99,15/05/2023,Delivered,Cash on Delivery,PROD106,CUST4536,REV24856
ORD14857,2,120,19/02/2023,Delivered,PayPal,PROD104,CUST3989,REV24857
ORD14858,5,149,7/04/2024,Delivered,Credit Card,PROD113,CUST4449,REV24858
ORD14859,5,110,5/05/2025,Returned,PayPal,PROD105,CUST5665,REV24859
ORD14860,3,25,4/06/2025,Cancelled,Cash on Delivery,PROD114,CUST1785,REV24860
ORD14861,1,99,10/11/2024,Returned,Cash on Delivery,PROD106,CUST4939,REV24861
ORD14862,4,229,1/07/2024,Shipped,Credit Card,PROD108,CUST2813,REV24862
ORD14863,2,110,3/03/2023,Cancelled,Cash on Delivery,PROD105,CUST5019,REV24863
ORD14864,2,99,4/12/2023,Pending,Credit Card,PROD106,CUST2579,REV24864
ORD14865,3,229,19/10/2023,Pending,Cash on Delivery,PROD108,CUST1188,REV24865
ORD14866,5,899,2/01/2023,Cancelled,PayPal,PROD101,CUST3883,REV24866
ORD14867,5,149,10/11/2024,Shipped,Cash on Delivery,PROD113,CUST2566,REV24867
ORD14868,1,59,10/05/2023,Cancelled,PayPal,PROD103,CUST1898,REV24868
ORD14869,4,59,4/09/2022,Cancelled,Credit Card,PROD111,CUST3241,REV24869
ORD14870,2,229,8/11/2024,Shipped,Cash on Delivery,PROD108,CUST5556,REV24870
ORD14871,4,229,15/04/2024,Shipped,PayPal,PROD108,CUST5707,REV24871
ORD14872,3,899,23/11/2022,Delivered,PayPal,PROD101,CUST1920,REV24872
ORD14873,2,25,13/06/2023,Cancelled,PayPal,PROD114,CUST2941,REV24873
ORD14874,2,99,26/03/2024,Returned,Cash on Delivery,PROD106,CUST3932,REV24874
ORD14875,5,59,11/09/2023,Shipped,PayPal,PROD103,CUST4205,REV24875
ORD14876,5,199,10/06/2023,Shipped,Credit Card,PROD102,CUST3349,REV24876
ORD14877,3,59,30/10/2023,Delivered,Cash on Delivery,PROD111,CUST5500,REV24877
ORD14878,1,199,18/09/2024,Returned,Cash on Delivery,PROD102,CUST4094,REV24878
ORD14879,1,120,24/04/2024,Shipped,PayPal,PROD104,CUST5699,REV24879
ORD14880,1,199,27/01/2023,Shipped,PayPal,PROD112,CUST1975,REV24880
ORD14881,5,199,30/12/2023,Shipped,Credit Card,PROD112,CUST5169,REV24881
ORD14882,2,25,24/12/2024,Pending,Cash on Delivery,PROD114,CUST5347,REV24882
ORD14883,4,229,18/04/2024,Pending,Credit Card,PROD108,CUST1849,REV24883
ORD14884,1,59,23/09/2022,Cancelled,Cash on Delivery,PROD111,CUST2365,REV24884
ORD14885,3,80,31/12/2024,Returned,Credit Card,PROD110,CUST3039,REV24885
ORD14886,5,59,26/08/2023,Delivered,Credit Card,PROD111,CUST4676,REV24886
ORD14887,5,120,13/09/2024,Cancelled,Cash on Delivery,PROD104,CUST4163,REV24887
ORD14888,5,899,23/02/2025,Pending,Credit Card,PROD101,CUST2314,REV24888
ORD14889,5,199,10/12/2023,Pending,Cash on Delivery,PROD112,CUST1775,REV24889
ORD14890,4,999,8/11/2023,Shipped,Cash on Delivery,PROD100,CUST5565,REV24890
ORD14891,1,99,5/12/2022,Delivered,Cash on Delivery,PROD106,CUST4598,REV24891
ORD14892,1,80,6/02/2025,Delivered,PayPal,PROD110,CUST5670,REV24892
ORD14893,1,80,30/06/2025,Cancelled,PayPal,PROD110,CUST1140,REV24893
ORD14894,1,120,23/10/2023,Pending,Credit Card,PROD104,CUST2885,REV24894
ORD14895,1,110,8/07/2025,Shipped,Cash on Delivery,PROD105,CUST4056,REV24895
ORD14896,3,199,20/10/2022,Shipped,PayPal,PROD102,CUST5001,REV24896
ORD14897,5,129,13/11/2024,Pending,PayPal,PROD109,CUST1359,REV24897
ORD14898,2,25,28/12/2022,Cancelled,Credit Card,PROD114,CUST5363,REV24898
ORD14899,1,25,22/09/2022,Delivered,PayPal,PROD114,CUST3111,REV24899
ORD14900,3,999,18/11/2022,Shipped,PayPal,PROD100,CUST5317,REV24900
ORD14901,2,120,17/12/2023,Cancelled,PayPal,PROD104,CUST2143,REV24901
ORD14902,5,229,19/08/2025,Cancelled,PayPal,PROD108,CUST3728,REV24902
ORD14903,1,899,4/04/2024,Shipped,PayPal,PROD101,CUST4000,REV24903
ORD14904,2,199,3/08/2024,Shipped,Credit Card,PROD102,CUST5692,REV24904
ORD14905,2,149,23/09/2024,Returned,PayPal,PROD113,CUST5373,REV24905
ORD14906,2,59,22/09/2024,Cancelled,Cash on Delivery,PROD111,CUST1255,REV24906
ORD14907,3,129,24/02/2025,Cancelled,Cash on Delivery,PROD109,CUST1763,REV24907
ORD14908,1,199,4/07/2024,Cancelled,PayPal,PROD102,CUST2973,REV24908
ORD14909,3,80,8/04/2025,Pending,Cash on Delivery,PROD110,CUST2534,REV24909
ORD14910,3,59,1/06/2025,Returned,Cash on Delivery,PROD103,CUST1842,REV24910
ORD14911,3,229,14/06/2023,Pending,PayPal,PROD108,CUST1257,REV24911
ORD14912,5,229,27/05/2025,Cancelled,PayPal,PROD108,CUST3685,REV24912
ORD14913,1,59,28/06/2023,Returned,PayPal,PROD103,CUST4439,REV24913
ORD14914,2,110,16/06/2024,Shipped,Cash on Delivery,PROD105,CUST4320,REV24914
ORD14915,2,399,12/10/2023,Delivered,Cash on Delivery,PROD107,CUST5069,REV24915
ORD14916,3,59,11/06/2025,Pending,Credit Card,PROD111,CUST1533,REV24916
ORD14917,4,229,6/11/2024,Delivered,PayPal,PROD108,CUST2633,REV24917
ORD14918,2,59,11/04/2024,Delivered,Credit Card,PROD103,CUST1402,REV24918
ORD14919,5,999,9/11/2024,Delivered,PayPal,PROD100,CUST2795,REV24919
ORD14920,1,129,17/08/2024,Cancelled,Cash on Delivery,PROD109,CUST3379,REV24920
ORD14921,3,80,20/10/2023,Returned,Cash on Delivery,PROD110,CUST4896,REV24921
ORD14922,5,149,6/08/2025,Returned,Credit Card,PROD113,CUST4807,REV24922
ORD14923,2,129,28/11/2023,Delivered,Cash on Delivery,PROD109,CUST3157,REV24923
ORD14924,2,399,31/01/2023,Returned,PayPal,PROD107,CUST4574,REV24924
ORD14925,2,80,1/12/2024,Shipped,PayPal,PROD110,CUST2285,REV24925
ORD14926,2,999,15/03/2025,Cancelled,Credit Card,PROD100,CUST2921,REV24926
ORD14927,2,399,12/06/2023,Pending,PayPal,PROD107,CUST1788,REV24927
ORD14928,4,999,22/08/2025,Shipped,Cash on Delivery,PROD100,CUST4988,REV24928
ORD14929,3,99,24/11/2022,Cancelled,Cash on Delivery,PROD106,CUST2343,REV24929
ORD14930,4,110,2/01/2025,Pending,PayPal,PROD105,CUST5074,REV24930
ORD14931,4,399,27/01/2023,Shipped,Credit Card,PROD107,CUST2905,REV24931
ORD14932,2,59,2/05/2023,Pending,Cash on Delivery,PROD103,CUST4475,REV24932
ORD14933,4,399,31/07/2024,Returned,PayPal,PROD107,CUST4071,REV24933
ORD14934,1,229,18/02/2023,Cancelled,Cash on Delivery,PROD108,CUST5272,REV24934
ORD14935,4,120,17/08/2025,Returned,PayPal,PROD104,CUST4094,REV24935
ORD14936,4,899,10/11/2022,Shipped,Credit Card,PROD101,CUST1773,REV24936
ORD14937,5,149,19/06/2025,Cancelled,PayPal,PROD113,CUST2833,REV24937
ORD14938,3,899,23/07/2023,Shipped,Cash on Delivery,PROD101,CUST4554,REV24938
ORD14939,5,120,11/03/2025,Shipped,PayPal,PROD104,CUST3580,REV24939
ORD14940,3,59,13/07/2025,Delivered,PayPal,PROD111,CUST4170,REV24940
ORD14941,5,110,20/01/2023,Pending,PayPal,PROD105,CUST2050,REV24941
ORD14942,1,110,15/02/2024,Delivered,PayPal,PROD105,CUST1149,REV24942
ORD14943,3,129,23/02/2023,Returned,PayPal,PROD109,CUST1446,REV24943
ORD14944,3,149,31/08/2023,Returned,Credit Card,PROD113,CUST5615,REV24944
ORD14945,3,899,13/08/2025,Shipped,PayPal,PROD101,CUST1164,REV24945
ORD14946,1,999,2/04/2023,Shipped,Credit Card,PROD100,CUST4952,REV24946
ORD14947,1,80,2/01/2025,Shipped,Credit Card,PROD110,CUST4860,REV24947
ORD14948,2,199,12/08/2025,Shipped,Cash on Delivery,PROD102,CUST2113,REV24948
ORD14949,5,199,28/06/2025,Cancelled,PayPal,PROD102,CUST1160,REV24949
ORD14950,4,129,2/04/2023,Pending,PayPal,PROD109,CUST4525,REV24950
ORD14951,2,199,30/01/2025,Returned,PayPal,PROD112,CUST2810,REV24951
ORD14952,4,80,26/03/2024,Returned,PayPal,PROD110,CUST1919,REV24952
ORD14953,5,999,17/10/2022,Returned,Credit Card,PROD100,CUST1872,REV24953
ORD14954,5,149,8/08/2023,Delivered,Cash on Delivery,PROD113,CUST2726,REV24954
ORD14955,5,999,8/09/2023,Returned,Cash on Delivery,PROD100,CUST1703,REV24955
ORD14956,2,80,11/07/2025,Shipped,Credit Card,PROD110,CUST2562,REV24956
ORD14957,1,110,28/01/2025,Pending,PayPal,PROD105,CUST3791,REV24957
ORD14958,2,25,14/09/2023,Cancelled,Credit Card,PROD114,CUST2341,REV24958
ORD14959,5,149,29/11/2024,Cancelled,PayPal,PROD113,CUST4833,REV24959
ORD14960,4,59,8/11/2022,Returned,Cash on Delivery,PROD111,CUST5552,REV24960
ORD14961,5,199,2/04/2023,Pending,Cash on Delivery,PROD102,CUST2045,REV24961
ORD14962,1,59,16/05/2023,Pending,PayPal,PROD111,CUST5291,REV24962
ORD14963,1,129,4/05/2023,Delivered,Cash on Delivery,PROD109,CUST4212,REV24963
ORD14964,1,110,21/04/2024,Shipped,Cash on Delivery,PROD105,CUST4707,REV24964
ORD14965,5,399,19/02/2025,Returned,Cash on Delivery,PROD107,CUST3620,REV24965
ORD14966,4,80,25/06/2025,Delivered,Cash on Delivery,PROD110,CUST3941,REV24966
ORD14967,4,80,19/02/2023,Pending,Credit Card,PROD110,CUST2413,REV24967
ORD14968,1,80,6/02/2023,Returned,Cash on Delivery,PROD110,CUST1229,REV24968
ORD14969,2,149,6/10/2022,Returned,PayPal,PROD113,CUST4243,REV24969
ORD14970,5,229,17/11/2023,Delivered,Cash on Delivery,PROD108,CUST4847,REV24970
ORD14971,3,199,19/08/2025,Delivered,Cash on Delivery,PROD112,CUST5861,REV24971
ORD14972,4,129,1/10/2023,Returned,Credit Card,PROD109,CUST3808,REV24972
ORD14973,2,80,11/03/2023,Pending,PayPal,PROD110,CUST3536,REV24973
ORD14974,5,59,28/08/2024,Delivered,Cash on Delivery,PROD103,CUST3007,REV24974
ORD14975,2,99,21/08/2023,Cancelled,Cash on Delivery,PROD106,CUST4452,REV24975
ORD14976,5,899,8/08/2023,Pending,Credit Card,PROD101,CUST1613,REV24976
ORD14977,5,899,22/04/2024,Returned,Cash on Delivery,PROD101,CUST3633,REV24977
ORD14978,3,129,5/01/2025,Shipped,Cash on Delivery,PROD109,CUST2804,REV24978
ORD14979,1,999,3/09/2022,Cancelled,Cash on Delivery,PROD100,CUST1838,REV24979
ORD14980,5,120,18/07/2023,Cancelled,PayPal,PROD104,CUST2199,REV24980
ORD14981,5,120,20/05/2023,Returned,PayPal,PROD104,CUST2626,REV24981
ORD14982,1,120,3/08/2023,Pending,Credit Card,PROD104,CUST1076,REV24982
ORD14983,3,80,26/02/2023,Shipped,PayPal,PROD110,CUST2944,REV24983
ORD14984,2,120,26/10/2024,Delivered,Cash on Delivery,PROD104,CUST1457,REV24984
ORD14985,4,120,10/09/2022,Cancelled,Credit Card,PROD104,CUST1339,REV24985
ORD14986,1,999,22/04/2024,Shipped,Credit Card,PROD100,CUST4696,REV24986
ORD14987,4,59,18/12/2024,Delivered,PayPal,PROD111,CUST2743,REV24987
ORD14988,5,59,20/06/2025,Returned,Credit Card,PROD103,CUST1607,REV24988
ORD14989,1,59,29/08/2024,Delivered,Cash on Delivery,PROD103,CUST5408,REV24989
ORD14990,2,129,26/11/2023,Cancelled,Credit Card,PROD109,CUST3838,REV24990
ORD14991,3,399,30/09/2023,Pending,PayPal,PROD107,CUST4965,REV24991
ORD14992,3,149,6/03/2024,Delivered,PayPal,PROD113,CUST1366,REV24992
ORD14993,5,120,20/10/2024,Shipped,Cash on Delivery,PROD104,CUST3924,REV24993
ORD14994,5,25,26/12/2023,Pending,Cash on Delivery,PROD114,CUST2196,REV24994
ORD14995,3,129,27/11/2022,Pending,PayPal,PROD109,CUST3650,REV24995
ORD14996,2,59,4/07/2025,Returned,PayPal,PROD103,CUST5213,REV24996
ORD14997,1,999,1/05/2023,Cancelled,Cash on Delivery,PROD100,CUST1396,REV24997
ORD14998,5,129,4/06/2025,Returned,Credit Card,PROD109,CUST5465,REV24998
ORD14999,2,120,7/06/2023,Delivered,Credit Card,PROD104,CUST5222,REV24999
ORD15000,4,229,31/01/2024,Shipped,Credit Card,PROD108,CUST3165,REV25000
ORD15001,2,99,29/06/2024,Returned,Cash on Delivery,PROD106,CUST1458,REV25001
ORD15002,5,899,22/04/2025,Cancelled,PayPal,PROD101,CUST1650,REV25002
ORD15003,4,120,24/06/2024,Shipped,Credit Card,PROD104,CUST2855,REV25003
ORD15004,4,59,25/11/2023,Shipped,Cash on Delivery,PROD111,CUST3013,REV25004
ORD15005,3,199,8/01/2025,Returned,Cash on Delivery,PROD102,CUST3486,REV25005
ORD15006,2,399,29/03/2024,Shipped,Cash on Delivery,PROD107,CUST5967,REV25006
ORD15007,5,80,17/01/2025,Returned,Credit Card,PROD110,CUST2446,REV25007
ORD15008,4,120,13/05/2025,Delivered,Credit Card,PROD104,CUST4890,REV25008
ORD15009,2,99,16/03/2024,Cancelled,PayPal,PROD106,CUST4105,REV25009
ORD15010,5,80,6/07/2024,Shipped,Credit Card,PROD110,CUST5116,REV25010
ORD15011,3,229,27/08/2024,Delivered,PayPal,PROD108,CUST5392,REV25011
ORD15012,4,59,13/04/2025,Cancelled,Credit Card,PROD103,CUST4685,REV25012
ORD15013,1,80,7/10/2023,Shipped,PayPal,PROD110,CUST2186,REV25013
ORD15014,2,399,18/02/2023,Shipped,PayPal,PROD107,CUST2637,REV25014
ORD15015,3,229,14/12/2024,Cancelled,Credit Card,PROD108,CUST3810,REV25015
ORD15016,5,25,3/04/2023,Returned,Credit Card,PROD114,CUST4999,REV25016
ORD15017,2,99,6/01/2025,Delivered,Credit Card,PROD106,CUST1265,REV25017
ORD15018,1,999,25/06/2023,Cancelled,PayPal,PROD100,CUST2365,REV25018
ORD15019,3,59,24/11/2022,Delivered,PayPal,PROD103,CUST4283,REV25019
ORD15020,1,99,6/08/2025,Delivered,PayPal,PROD106,CUST5523,REV25020
ORD15021,1,120,6/09/2022,Shipped,PayPal,PROD104,CUST4008,REV25021
ORD15022,1,399,12/09/2024,Delivered,Credit Card,PROD107,CUST4207,REV25022
ORD15023,1,120,18/05/2023,Cancelled,Credit Card,PROD104,CUST1105,REV25023
ORD15024,5,899,2/01/2025,Delivered,Cash on Delivery,PROD101,CUST4299,REV25024
ORD15025,4,25,31/10/2023,Cancelled,PayPal,PROD114,CUST4334,REV25025
ORD15026,1,129,4/10/2023,Shipped,PayPal,PROD109,CUST4172,REV25026
ORD15027,3,999,10/10/2022,Pending,PayPal,PROD100,CUST2612,REV25027
ORD15028,4,59,20/11/2022,Delivered,PayPal,PROD103,CUST3421,REV25028
ORD15029,1,59,16/02/2024,Pending,Credit Card,PROD103,CUST1159,REV25029
ORD15030,2,899,16/01/2023,Shipped,Cash on Delivery,PROD101,CUST1362,REV25030
ORD15031,5,25,2/03/2024,Delivered,Cash on Delivery,PROD114,CUST4250,REV25031
ORD15032,1,80,4/12/2023,Delivered,PayPal,PROD110,CUST3202,REV25032
ORD15033,1,129,10/02/2023,Delivered,Cash on Delivery,PROD109,CUST4192,REV25033
ORD15034,4,999,3/01/2025,Delivered,Cash on Delivery,PROD100,CUST5972,REV25034
ORD15035,1,25,4/03/2025,Shipped,PayPal,PROD114,CUST3355,REV25035
ORD15036,2,199,21/02/2024,Returned,PayPal,PROD102,CUST1731,REV25036
ORD15037,4,99,4/06/2024,Shipped,PayPal,PROD106,CUST2356,REV25037
ORD15038,5,899,14/04/2025,Returned,PayPal,PROD101,CUST4778,REV25038
ORD15039,4,110,3/12/2022,Delivered,Cash on Delivery,PROD105,CUST3224,REV25039
ORD15040,2,999,1/03/2025,Returned,Credit Card,PROD100,CUST1744,REV25040
ORD15041,5,149,7/12/2022,Returned,Cash on Delivery,PROD113,CUST1660,REV25041
ORD15042,1,899,6/01/2024,Cancelled,Credit Card,PROD101,CUST5594,REV25042
ORD15043,1,199,30/05/2024,Pending,Credit Card,PROD102,CUST4253,REV25043
ORD15044,2,199,3/03/2025,Returned,Cash on Delivery,PROD102,CUST2608,REV25044
ORD15045,4,149,15/01/2023,Delivered,Cash on Delivery,PROD113,CUST4911,REV25045
ORD15046,1,129,27/08/2023,Pending,Cash on Delivery,PROD109,CUST4851,REV25046
ORD15047,2,80,8/04/2025,Pending,Credit Card,PROD110,CUST5801,REV25047
ORD15048,3,110,22/03/2025,Returned,PayPal,PROD105,CUST4160,REV25048
ORD15049,1,25,10/10/2024,Pending,Credit Card,PROD114,CUST5563,REV25049
ORD15050,2,199,25/01/2023,Delivered,Cash on Delivery,PROD112,CUST3947,REV25050
ORD15051,2,120,14/07/2024,Returned,Cash on Delivery,PROD104,CUST2001,REV25051
ORD15052,5,120,26/04/2025,Shipped,Cash on Delivery,PROD104,CUST5933,REV25052
ORD15053,2,129,9/09/2024,Cancelled,PayPal,PROD109,CUST5128,REV25053
ORD15054,3,80,6/09/2022,Pending,Cash on Delivery,PROD110,CUST5607,REV25054
ORD15055,1,229,3/02/2023,Returned,Credit Card,PROD108,CUST2699,REV25055
ORD15056,1,110,5/05/2023,Delivered,Credit Card,PROD105,CUST3613,REV25056
ORD15057,5,149,8/05/2025,Shipped,PayPal,PROD113,CUST3554,REV25057
ORD15058,4,59,22/02/2025,Cancelled,PayPal,PROD103,CUST4190,REV25058
ORD15059,4,199,23/10/2023,Returned,PayPal,PROD102,CUST1800,REV25059
ORD15060,3,199,24/09/2024,Shipped,PayPal,PROD102,CUST3608,REV25060
ORD15061,5,59,21/04/2024,Pending,PayPal,PROD111,CUST2003,REV25061
ORD15062,3,199,15/12/2022,Returned,Credit Card,PROD112,CUST1794,REV25062
ORD15063,2,99,20/08/2025,Delivered,Cash on Delivery,PROD106,CUST5533,REV25063
ORD15064,3,80,16/08/2025,Returned,PayPal,PROD110,CUST5324,REV25064
ORD15065,4,149,28/03/2024,Delivered,Credit Card,PROD113,CUST3607,REV25065
ORD15066,1,59,16/09/2022,Returned,Cash on Delivery,PROD103,CUST4903,REV25066
ORD15067,1,149,28/02/2025,Returned,Cash on Delivery,PROD113,CUST3570,REV25067
ORD15068,1,199,17/05/2024,Shipped,PayPal,PROD102,CUST5859,REV25068
ORD15069,2,59,12/12/2024,Returned,Credit Card,PROD111,CUST5710,REV25069
ORD15070,4,25,11/04/2024,Delivered,Credit Card,PROD114,CUST2644,REV25070
ORD15071,4,199,10/10/2024,Shipped,Cash on Delivery,PROD112,CUST1998,REV25071
ORD15072,2,120,17/10/2022,Delivered,Credit Card,PROD104,CUST5249,REV25072
ORD15073,2,99,12/02/2025,Shipped,Credit Card,PROD106,CUST3470,REV25073
ORD15074,3,999,9/12/2024,Shipped,Cash on Delivery,PROD100,CUST3067,REV25074
ORD15075,4,59,28/03/2023,Delivered,Cash on Delivery,PROD103,CUST1160,REV25075
ORD15076,5,399,20/06/2024,Shipped,Credit Card,PROD107,CUST3877,REV25076
ORD15077,5,399,20/03/2025,Returned,PayPal,PROD107,CUST5913,REV25077
ORD15078,1,110,25/11/2024,Delivered,PayPal,PROD105,CUST5962,REV25078
ORD15079,4,999,23/03/2025,Pending,Credit Card,PROD100,CUST4964,REV25079
ORD15080,1,25,25/07/2023,Cancelled,PayPal,PROD114,CUST1827,REV25080
ORD15081,3,59,8/02/2025,Cancelled,Cash on Delivery,PROD111,CUST5900,REV25081
ORD15082,4,999,8/09/2022,Delivered,PayPal,PROD100,CUST3335,REV25082
ORD15083,4,59,31/10/2024,Pending,PayPal,PROD103,CUST5034,REV25083
ORD15084,2,399,21/12/2023,Returned,PayPal,PROD107,CUST2783,REV25084
ORD15085,1,129,16/02/2025,Delivered,PayPal,PROD109,CUST5272,REV25085
ORD15086,4,899,31/12/2024,Shipped,Cash on Delivery,PROD101,CUST3109,REV25086
ORD15087,1,199,24/11/2024,Shipped,Credit Card,PROD102,CUST5962,REV25087
ORD15088,3,229,5/12/2023,Shipped,PayPal,PROD108,CUST3350,REV25088
ORD15089,4,110,16/06/2025,Shipped,Credit Card,PROD105,CUST5496,REV25089
ORD15090,3,99,13/02/2023,Delivered,Credit Card,PROD106,CUST2017,REV25090
ORD15091,4,80,30/12/2024,Cancelled,Cash on Delivery,PROD110,CUST3735,REV25091
ORD15092,4,999,31/10/2023,Returned,Cash on Delivery,PROD100,CUST2944,REV25092
ORD15093,4,99,13/11/2023,Returned,Cash on Delivery,PROD106,CUST1218,REV25093
ORD15094,4,149,14/08/2024,Returned,PayPal,PROD113,CUST4273,REV25094
ORD15095,2,229,17/04/2025,Cancelled,Credit Card,PROD108,CUST5931,REV25095
ORD15096,4,399,18/03/2024,Delivered,PayPal,PROD107,CUST2597,REV25096
ORD15097,3,25,1/01/2023,Shipped,PayPal,PROD114,CUST3381,REV25097
ORD15098,1,399,16/10/2024,Cancelled,Credit Card,PROD107,CUST3365,REV25098
ORD15099,4,399,22/10/2024,Returned,Credit Card,PROD107,CUST5801,REV25099
ORD15100,5,129,14/02/2024,Pending,Cash on Delivery,PROD109,CUST1349,REV25100
ORD15101,3,399,25/12/2023,Shipped,Credit Card,PROD107,CUST2590,REV25101
ORD15102,5,59,10/03/2023,Shipped,PayPal,PROD111,CUST1154,REV25102
ORD15103,4,120,16/04/2025,Delivered,Cash on Delivery,PROD104,CUST1733,REV25103
ORD15104,3,199,15/07/2025,Delivered,PayPal,PROD102,CUST3769,REV25104
ORD15105,1,110,8/07/2023,Delivered,PayPal,PROD105,CUST1580,REV25105
ORD15106,1,59,3/05/2024,Shipped,Credit Card,PROD103,CUST5756,REV25106
ORD15107,4,59,4/05/2024,Delivered,Cash on Delivery,PROD103,CUST4665,REV25107
ORD15108,2,59,10/02/2025,Returned,Credit Card,PROD111,CUST1140,REV25108
ORD15109,3,110,8/12/2024,Shipped,PayPal,PROD105,CUST4328,REV25109
ORD15110,4,80,31/05/2024,Delivered,Cash on Delivery,PROD110,CUST5265,REV25110
ORD15111,3,199,18/11/2023,Pending,PayPal,PROD102,CUST2131,REV25111
ORD15112,4,229,14/03/2023,Shipped,Cash on Delivery,PROD108,CUST2044,REV25112
ORD15113,4,99,26/07/2025,Cancelled,Cash on Delivery,PROD106,CUST3982,REV25113
ORD15114,3,99,27/02/2024,Returned,Credit Card,PROD106,CUST4534,REV25114
ORD15115,3,129,21/08/2024,Cancelled,Cash on Delivery,PROD109,CUST3878,REV25115
ORD15116,4,129,18/04/2025,Cancelled,PayPal,PROD109,CUST4392,REV25116
ORD15117,5,199,16/09/2024,Delivered,Cash on Delivery,PROD112,CUST5117,REV25117
ORD15118,4,199,24/05/2023,Pending,PayPal,PROD102,CUST2856,REV25118
ORD15119,5,80,10/11/2024,Delivered,Credit Card,PROD110,CUST1804,REV25119
ORD15120,3,25,20/02/2024,Returned,PayPal,PROD114,CUST4003,REV25120
ORD15121,5,59,11/10/2022,Delivered,Credit Card,PROD103,CUST1776,REV25121
ORD15122,2,399,4/11/2024,Shipped,PayPal,PROD107,CUST4827,REV25122
ORD15123,5,129,12/11/2022,Cancelled,Credit Card,PROD109,CUST4932,REV25123
ORD15124,1,110,23/05/2023,Pending,Cash on Delivery,PROD105,CUST5077,REV25124
ORD15125,5,899,4/09/2024,Shipped,Cash on Delivery,PROD101,CUST2565,REV25125
ORD15126,1,59,31/05/2024,Pending,Cash on Delivery,PROD111,CUST5898,REV25126
ORD15127,2,199,16/10/2023,Shipped,PayPal,PROD112,CUST2854,REV25127
ORD15128,4,199,13/08/2023,Shipped,Cash on Delivery,PROD112,CUST5842,REV25128
ORD15129,4,399,16/10/2023,Delivered,PayPal,PROD107,CUST3708,REV25129
ORD15130,1,99,8/04/2025,Shipped,Cash on Delivery,PROD106,CUST3615,REV25130
ORD15131,2,25,20/01/2023,Delivered,Credit Card,PROD114,CUST3917,REV25131
ORD15132,1,25,13/12/2022,Cancelled,Cash on Delivery,PROD114,CUST3654,REV25132
ORD15133,1,120,31/07/2023,Shipped,PayPal,PROD104,CUST1008,REV25133
ORD15134,1,999,22/09/2024,Returned,Cash on Delivery,PROD100,CUST3335,REV25134
ORD15135,4,110,7/12/2024,Pending,Credit Card,PROD105,CUST2531,REV25135
ORD15136,4,199,23/09/2023,Cancelled,Credit Card,PROD102,CUST1638,REV25136
ORD15137,3,399,5/07/2024,Shipped,Cash on Delivery,PROD107,CUST3762,REV25137
ORD15138,3,199,18/04/2025,Cancelled,Credit Card,PROD112,CUST5251,REV25138
ORD15139,5,399,20/08/2025,Returned,Cash on Delivery,PROD107,CUST1091,REV25139
ORD15140,1,149,10/02/2025,Delivered,Credit Card,PROD113,CUST1223,REV25140
ORD15141,2,229,15/07/2024,Delivered,Cash on Delivery,PROD108,CUST5234,REV25141
ORD15142,3,149,9/02/2025,Returned,Credit Card,PROD113,CUST2524,REV25142
ORD15143,1,120,20/06/2023,Cancelled,Credit Card,PROD104,CUST3270,REV25143
ORD15144,5,99,12/04/2024,Cancelled,PayPal,PROD106,CUST2914,REV25144
ORD15145,1,25,20/05/2025,Cancelled,Credit Card,PROD114,CUST2952,REV25145
ORD15146,1,899,20/01/2024,Cancelled,Credit Card,PROD101,CUST2383,REV25146
ORD15147,5,149,29/11/2023,Shipped,Cash on Delivery,PROD113,CUST3239,REV25147
ORD15148,3,59,8/09/2022,Returned,PayPal,PROD111,CUST1702,REV25148
ORD15149,4,399,6/07/2023,Shipped,Cash on Delivery,PROD107,CUST4439,REV25149
ORD15150,4,899,2/06/2023,Shipped,Cash on Delivery,PROD101,CUST5313,REV25150
ORD15151,5,149,3/04/2025,Returned,PayPal,PROD113,CUST2789,REV25151
ORD15152,4,110,13/07/2024,Shipped,Credit Card,PROD105,CUST4562,REV25152
ORD15153,2,59,10/08/2024,Cancelled,Cash on Delivery,PROD103,CUST2797,REV25153
ORD15154,4,399,20/02/2024,Delivered,Cash on Delivery,PROD107,CUST2009,REV25154
ORD15155,5,25,23/09/2023,Pending,Credit Card,PROD114,CUST1807,REV25155
ORD15156,2,229,27/06/2023,Pending,Credit Card,PROD108,CUST4283,REV25156
ORD15157,1,25,19/07/2025,Shipped,PayPal,PROD114,CUST2318,REV25157
ORD15158,5,399,28/04/2024,Returned,Credit Card,PROD107,CUST5289,REV25158
ORD15159,1,199,22/04/2025,Delivered,PayPal,PROD102,CUST3562,REV25159
ORD15160,1,999,1/09/2024,Delivered,PayPal,PROD100,CUST5219,REV25160
ORD15161,5,399,1/06/2025,Shipped,Credit Card,PROD107,CUST1930,REV25161
ORD15162,5,229,23/11/2024,Returned,PayPal,PROD108,CUST1698,REV25162
ORD15163,1,399,24/09/2024,Pending,PayPal,PROD107,CUST4826,REV25163
ORD15164,1,120,10/09/2023,Cancelled,Cash on Delivery,PROD104,CUST2379,REV25164
ORD15165,1,199,21/04/2025,Returned,Cash on Delivery,PROD102,CUST3436,REV25165
ORD15166,1,229,12/03/2024,Delivered,Credit Card,PROD108,CUST3358,REV25166
ORD15167,1,59,22/05/2025,Shipped,PayPal,PROD103,CUST3591,REV25167
ORD15168,3,399,23/11/2023,Delivered,PayPal,PROD107,CUST3531,REV25168
ORD15169,4,99,26/12/2023,Pending,Cash on Delivery,PROD106,CUST4223,REV25169
ORD15170,5,59,13/06/2024,Pending,PayPal,PROD111,CUST3216,REV25170
ORD15171,1,120,27/07/2023,Delivered,Credit Card,PROD104,CUST1069,REV25171
ORD15172,3,199,11/05/2023,Shipped,PayPal,PROD112,CUST2809,REV25172
ORD15173,5,25,7/11/2024,Delivered,PayPal,PROD114,CUST2031,REV25173
ORD15174,2,199,27/09/2024,Returned,PayPal,PROD112,CUST3119,REV25174
ORD15175,5,25,25/06/2023,Shipped,Credit Card,PROD114,CUST3097,REV25175
ORD15176,1,399,12/06/2025,Returned,PayPal,PROD107,CUST2205,REV25176
ORD15177,2,59,15/12/2023,Shipped,Credit Card,PROD103,CUST1603,REV25177
ORD15178,5,25,23/10/2022,Pending,Credit Card,PROD114,CUST5166,REV25178
ORD15179,1,59,17/04/2025,Shipped,Cash on Delivery,PROD111,CUST5924,REV25179
ORD15180,1,199,25/02/2023,Cancelled,PayPal,PROD112,CUST3569,REV25180
ORD15181,4,59,24/03/2023,Shipped,PayPal,PROD111,CUST3508,REV25181
ORD15182,2,99,3/03/2024,Delivered,PayPal,PROD106,CUST4154,REV25182
ORD15183,1,149,21/09/2023,Pending,Cash on Delivery,PROD113,CUST4602,REV25183
ORD15184,1,899,25/08/2023,Shipped,Cash on Delivery,PROD101,CUST5061,REV25184
ORD15185,1,25,22/01/2024,Cancelled,PayPal,PROD114,CUST1410,REV25185
ORD15186,5,110,20/12/2023,Returned,Credit Card,PROD105,CUST1106,REV25186
ORD15187,1,899,20/10/2024,Shipped,PayPal,PROD101,CUST4793,REV25187
ORD15188,5,120,2/10/2022,Delivered,PayPal,PROD104,CUST1932,REV25188
ORD15189,4,59,2/02/2025,Returned,Cash on Delivery,PROD111,CUST3247,REV25189
ORD15190,1,99,3/03/2024,Shipped,Cash on Delivery,PROD106,CUST2955,REV25190
ORD15191,5,120,31/03/2025,Pending,Cash on Delivery,PROD104,CUST1802,REV25191
ORD15192,4,99,24/01/2023,Returned,Credit Card,PROD106,CUST5460,REV25192
ORD15193,5,120,21/02/2023,Returned,PayPal,PROD104,CUST3027,REV25193
ORD15194,2,59,15/03/2023,Shipped,PayPal,PROD111,CUST4907,REV25194
ORD15195,5,110,24/01/2025,Pending,Credit Card,PROD105,CUST4611,REV25195
ORD15196,3,120,8/07/2025,Shipped,PayPal,PROD104,CUST4484,REV25196
ORD15197,1,110,12/09/2024,Pending,PayPal,PROD105,CUST3696,REV25197
ORD15198,2,80,7/08/2023,Shipped,PayPal,PROD110,CUST2122,REV25198
ORD15199,2,120,3/08/2024,Shipped,PayPal,PROD104,CUST1009,REV25199
ORD15200,2,80,2/03/2024,Returned,Cash on Delivery,PROD110,CUST4011,REV25200
ORD15201,1,59,26/11/2022,Pending,Cash on Delivery,PROD111,CUST4118,REV25201
ORD15202,3,129,11/11/2024,Pending,Cash on Delivery,PROD109,CUST5446,REV25202
ORD15203,3,899,6/01/2023,Pending,Cash on Delivery,PROD101,CUST4410,REV25203
ORD15204,4,129,25/10/2022,Cancelled,Cash on Delivery,PROD109,CUST1807,REV25204
ORD15205,3,110,6/05/2024,Returned,PayPal,PROD105,CUST5046,REV25205
ORD15206,5,149,20/12/2022,Cancelled,PayPal,PROD113,CUST3946,REV25206
ORD15207,3,59,5/09/2023,Returned,Credit Card,PROD103,CUST1514,REV25207
ORD15208,3,59,13/09/2024,Returned,Cash on Delivery,PROD111,CUST5246,REV25208
ORD15209,3,59,1/07/2025,Shipped,Credit Card,PROD103,CUST2872,REV25209
ORD15210,5,120,21/01/2025,Shipped,PayPal,PROD104,CUST5515,REV25210
ORD15211,4,999,27/11/2023,Cancelled,Cash on Delivery,PROD100,CUST5241,REV25211
ORD15212,2,399,4/09/2024,Shipped,PayPal,PROD107,CUST3656,REV25212
ORD15213,2,199,4/12/2022,Pending,Credit Card,PROD112,CUST4593,REV25213
ORD15214,3,25,30/01/2024,Pending,PayPal,PROD114,CUST4370,REV25214
ORD15215,2,99,14/12/2022,Delivered,Credit Card,PROD106,CUST1637,REV25215
ORD15216,3,59,12/01/2025,Cancelled,PayPal,PROD103,CUST5665,REV25216
ORD15217,2,399,3/02/2024,Delivered,Credit Card,PROD107,CUST3902,REV25217
ORD15218,5,25,11/05/2023,Delivered,PayPal,PROD114,CUST1240,REV25218
ORD15219,2,59,25/08/2023,Returned,Cash on Delivery,PROD111,CUST4683,REV25219
ORD15220,1,59,8/03/2023,Shipped,Credit Card,PROD111,CUST3802,REV25220
ORD15221,4,199,12/04/2025,Pending,Credit Card,PROD102,CUST1680,REV25221
ORD15222,3,149,18/02/2024,Cancelled,Cash on Delivery,PROD113,CUST1261,REV25222
ORD15223,2,899,13/03/2025,Cancelled,Credit Card,PROD101,CUST2611,REV25223
ORD15224,2,110,17/03/2023,Returned,PayPal,PROD105,CUST4003,REV25224
ORD15225,1,129,26/07/2025,Delivered,Cash on Delivery,PROD109,CUST4251,REV25225
ORD15226,2,129,26/05/2025,Cancelled,PayPal,PROD109,CUST5299,REV25226
ORD15227,4,199,7/08/2025,Delivered,Credit Card,PROD112,CUST2191,REV25227
ORD15228,1,899,23/11/2024,Pending,Credit Card,PROD101,CUST2097,REV25228
ORD15229,1,399,27/03/2025,Shipped,PayPal,PROD107,CUST4739,REV25229
ORD15230,3,199,5/02/2024,Pending,Cash on Delivery,PROD102,CUST1676,REV25230
ORD15231,1,80,8/04/2025,Returned,PayPal,PROD110,CUST3729,REV25231
ORD15232,1,129,18/02/2024,Pending,PayPal,PROD109,CUST2050,REV25232
ORD15233,3,199,20/01/2023,Shipped,Credit Card,PROD102,CUST4788,REV25233
ORD15234,1,149,7/09/2024,Returned,PayPal,PROD113,CUST5617,REV25234
ORD15235,3,59,21/11/2024,Delivered,Cash on Delivery,PROD103,CUST3078,REV25235
ORD15236,2,59,9/01/2025,Returned,PayPal,PROD103,CUST4980,REV25236
ORD15237,5,399,23/11/2022,Shipped,PayPal,PROD107,CUST3213,REV25237
ORD15238,5,199,27/09/2023,Delivered,Cash on Delivery,PROD102,CUST4193,REV25238
ORD15239,2,99,28/07/2023,Cancelled,PayPal,PROD106,CUST5491,REV25239
ORD15240,3,999,16/04/2023,Delivered,Credit Card,PROD100,CUST3858,REV25240
ORD15241,4,25,1/10/2022,Pending,PayPal,PROD114,CUST1992,REV25241
ORD15242,4,199,3/05/2025,Pending,Credit Card,PROD102,CUST5600,REV25242
ORD15243,1,99,19/04/2025,Delivered,Credit Card,PROD106,CUST5514,REV25243
ORD15244,4,120,10/05/2024,Delivered,Cash on Delivery,PROD104,CUST1555,REV25244
ORD15245,4,120,14/12/2023,Shipped,Cash on Delivery,PROD104,CUST1716,REV25245
ORD15246,1,99,26/11/2024,Delivered,Cash on Delivery,PROD106,CUST2811,REV25246
ORD15247,5,59,14/06/2024,Shipped,PayPal,PROD103,CUST1848,REV25247
ORD15248,3,120,26/10/2024,Delivered,Credit Card,PROD104,CUST2017,REV25248
ORD15249,1,120,13/09/2024,Returned,Cash on Delivery,PROD104,CUST1402,REV25249
ORD15250,3,99,2/05/2025,Delivered,Credit Card,PROD106,CUST2200,REV25250
ORD15251,3,99,16/03/2025,Pending,PayPal,PROD106,CUST5055,REV25251
ORD15252,2,899,4/02/2023,Shipped,Credit Card,PROD101,CUST5984,REV25252
ORD15253,2,399,13/01/2024,Pending,Cash on Delivery,PROD107,CUST4630,REV25253
ORD15254,3,110,15/08/2023,Cancelled,Cash on Delivery,PROD105,CUST5841,REV25254
ORD15255,1,59,18/10/2024,Pending,Credit Card,PROD111,CUST2720,REV25255
ORD15256,3,59,28/08/2022,Cancelled,Credit Card,PROD103,CUST5809,REV25256
ORD15257,2,149,1/08/2023,Pending,PayPal,PROD113,CUST4583,REV25257
ORD15258,4,59,20/07/2025,Returned,Cash on Delivery,PROD103,CUST5450,REV25258
ORD15259,2,149,26/06/2024,Shipped,Cash on Delivery,PROD113,CUST1954,REV25259
ORD15260,2,899,11/06/2024,Pending,Cash on Delivery,PROD101,CUST2987,REV25260
ORD15261,5,999,18/01/2023,Cancelled,Cash on Delivery,PROD100,CUST3369,REV25261
ORD15262,2,199,17/06/2024,Shipped,PayPal,PROD112,CUST3399,REV25262
ORD15263,4,80,22/11/2022,Shipped,Cash on Delivery,PROD110,CUST3585,REV25263
ORD15264,2,149,24/02/2024,Delivered,Credit Card,PROD113,CUST1334,REV25264
ORD15265,3,59,9/06/2025,Cancelled,Credit Card,PROD111,CUST3873,REV25265
ORD15266,4,129,22/12/2023,Delivered,PayPal,PROD109,CUST5186,REV25266
ORD15267,5,999,26/03/2025,Returned,Credit Card,PROD100,CUST1450,REV25267
ORD15268,3,120,21/12/2024,Delivered,PayPal,PROD104,CUST4030,REV25268
ORD15269,2,25,12/10/2023,Cancelled,Credit Card,PROD114,CUST4312,REV25269
ORD15270,5,199,4/08/2025,Returned,Cash on Delivery,PROD112,CUST4600,REV25270
ORD15271,2,199,22/08/2024,Shipped,Credit Card,PROD102,CUST2345,REV25271
ORD15272,5,999,15/03/2024,Pending,PayPal,PROD100,CUST1664,REV25272
ORD15273,4,110,31/10/2024,Cancelled,Credit Card,PROD105,CUST2664,REV25273
ORD15274,3,80,3/08/2023,Delivered,PayPal,PROD110,CUST3870,REV25274
ORD15275,5,149,12/08/2025,Cancelled,PayPal,PROD113,CUST1852,REV25275
ORD15276,3,129,16/08/2025,Cancelled,Credit Card,PROD109,CUST4204,REV25276
ORD15277,4,110,13/11/2023,Returned,Cash on Delivery,PROD105,CUST4327,REV25277
ORD15278,4,25,26/04/2023,Returned,Credit Card,PROD114,CUST1810,REV25278
ORD15279,3,199,29/04/2023,Shipped,Cash on Delivery,PROD102,CUST3519,REV25279
ORD15280,2,399,20/02/2024,Pending,Credit Card,PROD107,CUST2219,REV25280
ORD15281,1,99,4/08/2025,Cancelled,Cash on Delivery,PROD106,CUST5652,REV25281
ORD15282,2,120,30/08/2023,Delivered,Cash on Delivery,PROD104,CUST2174,REV25282
ORD15283,3,229,25/06/2025,Pending,Cash on Delivery,PROD108,CUST5513,REV25283
ORD15284,4,25,13/03/2023,Cancelled,PayPal,PROD114,CUST2090,REV25284
ORD15285,3,149,6/03/2024,Cancelled,Cash on Delivery,PROD113,CUST1055,REV25285
ORD15286,2,129,19/04/2025,Cancelled,Cash on Delivery,PROD109,CUST4126,REV25286
ORD15287,5,110,25/08/2023,Delivered,PayPal,PROD105,CUST4277,REV25287
ORD15288,4,229,21/09/2024,Cancelled,PayPal,PROD108,CUST5082,REV25288
ORD15289,2,199,4/03/2023,Returned,Credit Card,PROD102,CUST5371,REV25289
ORD15290,2,99,15/02/2023,Pending,Cash on Delivery,PROD106,CUST5859,REV25290
ORD15291,4,129,25/08/2023,Pending,Credit Card,PROD109,CUST4772,REV25291
ORD15292,3,149,9/07/2024,Returned,Cash on Delivery,PROD113,CUST2531,REV25292
ORD15293,3,120,24/07/2025,Delivered,Credit Card,PROD104,CUST3015,REV25293
ORD15294,5,199,13/02/2025,Delivered,Cash on Delivery,PROD102,CUST5909,REV25294
ORD15295,4,999,22/01/2023,Returned,Credit Card,PROD100,CUST1134,REV25295
ORD15296,2,149,20/12/2022,Returned,PayPal,PROD113,CUST4439,REV25296
ORD15297,5,149,27/12/2022,Returned,Credit Card,PROD113,CUST5103,REV25297
ORD15298,2,399,21/12/2023,Returned,Credit Card,PROD107,CUST5899,REV25298
ORD15299,4,59,11/05/2024,Returned,PayPal,PROD103,CUST2818,REV25299
ORD15300,1,899,29/08/2024,Cancelled,PayPal,PROD101,CUST2668,REV25300
ORD15301,4,149,13/05/2023,Delivered,PayPal,PROD113,CUST4515,REV25301
ORD15302,3,59,6/05/2024,Returned,Credit Card,PROD103,CUST2965,REV25302
ORD15303,1,229,3/04/2024,Shipped,PayPal,PROD108,CUST2774,REV25303
ORD15304,5,120,19/03/2025,Returned,Cash on Delivery,PROD104,CUST2512,REV25304
ORD15305,3,129,19/11/2023,Delivered,Credit Card,PROD109,CUST1234,REV25305
ORD15306,5,199,2/10/2023,Pending,Credit Card,PROD112,CUST3215,REV25306
ORD15307,4,59,6/11/2023,Cancelled,Cash on Delivery,PROD111,CUST4050,REV25307
ORD15308,1,129,27/03/2024,Shipped,PayPal,PROD109,CUST1118,REV25308
ORD15309,5,129,25/01/2025,Shipped,Credit Card,PROD109,CUST5038,REV25309
ORD15310,5,199,29/08/2024,Cancelled,Cash on Delivery,PROD112,CUST5905,REV25310
ORD15311,3,899,20/09/2023,Delivered,PayPal,PROD101,CUST1944,REV25311
ORD15312,5,59,15/08/2024,Pending,PayPal,PROD111,CUST2249,REV25312
ORD15313,3,199,8/07/2023,Delivered,PayPal,PROD112,CUST1505,REV25313
ORD15314,5,99,10/02/2025,Shipped,Credit Card,PROD106,CUST3870,REV25314
ORD15315,1,199,28/12/2024,Pending,Credit Card,PROD102,CUST2707,REV25315
ORD15316,1,999,7/01/2024,Shipped,Cash on Delivery,PROD100,CUST2639,REV25316
ORD15317,4,25,9/11/2024,Pending,Credit Card,PROD114,CUST2649,REV25317
ORD15318,1,59,19/02/2024,Pending,Credit Card,PROD103,CUST3287,REV25318
ORD15319,5,59,2/04/2023,Cancelled,Cash on Delivery,PROD111,CUST3491,REV25319
ORD15320,2,25,24/03/2024,Shipped,Credit Card,PROD114,CUST2872,REV25320
ORD15321,3,99,19/03/2025,Delivered,PayPal,PROD106,CUST1685,REV25321
ORD15322,2,25,16/02/2025,Delivered,Credit Card,PROD114,CUST5503,REV25322
ORD15323,5,25,14/02/2023,Delivered,PayPal,PROD114,CUST3052,REV25323
ORD15324,3,399,18/09/2024,Returned,Cash on Delivery,PROD107,CUST3722,REV25324
ORD15325,1,80,18/09/2022,Delivered,Cash on Delivery,PROD110,CUST2038,REV25325
ORD15326,4,199,12/10/2024,Delivered,Credit Card,PROD102,CUST1010,REV25326
ORD15327,5,80,4/12/2024,Shipped,Cash on Delivery,PROD110,CUST3015,REV25327
ORD15328,3,80,11/05/2025,Cancelled,Credit Card,PROD110,CUST3149,REV25328
ORD15329,4,229,14/02/2024,Delivered,Credit Card,PROD108,CUST4938,REV25329
ORD15330,2,99,3/06/2023,Pending,PayPal,PROD106,CUST1758,REV25330
ORD15331,1,999,8/09/2024,Cancelled,Credit Card,PROD100,CUST5376,REV25331
ORD15332,4,99,5/08/2023,Delivered,Credit Card,PROD106,CUST3354,REV25332
ORD15333,4,59,22/05/2025,Returned,Cash on Delivery,PROD111,CUST2682,REV25333
ORD15334,2,110,13/10/2023,Shipped,Credit Card,PROD105,CUST3533,REV25334
ORD15335,2,25,2/06/2025,Pending,Credit Card,PROD114,CUST5782,REV25335
ORD15336,4,80,22/05/2024,Pending,Cash on Delivery,PROD110,CUST1447,REV25336
ORD15337,5,59,29/11/2022,Cancelled,Cash on Delivery,PROD103,CUST4885,REV25337
ORD15338,5,229,17/05/2025,Pending,Credit Card,PROD108,CUST1470,REV25338
ORD15339,1,80,12/08/2025,Returned,PayPal,PROD110,CUST1997,REV25339
ORD15340,3,999,28/06/2024,Pending,Cash on Delivery,PROD100,CUST4900,REV25340
ORD15341,3,80,24/01/2023,Shipped,PayPal,PROD110,CUST5687,REV25341
ORD15342,3,399,6/02/2024,Delivered,Credit Card,PROD107,CUST3270,REV25342
ORD15343,1,80,24/05/2023,Returned,PayPal,PROD110,CUST1628,REV25343
ORD15344,3,99,21/05/2025,Returned,PayPal,PROD106,CUST2861,REV25344
ORD15345,4,129,25/10/2024,Returned,Cash on Delivery,PROD109,CUST2538,REV25345
ORD15346,5,199,30/05/2024,Returned,Cash on Delivery,PROD112,CUST4053,REV25346
ORD15347,1,199,17/01/2025,Shipped,Credit Card,PROD112,CUST5726,REV25347
ORD15348,1,99,21/04/2024,Pending,PayPal,PROD106,CUST5322,REV25348
ORD15349,4,399,18/07/2024,Delivered,PayPal,PROD107,CUST3941,REV25349
ORD15350,2,80,24/03/2023,Pending,PayPal,PROD110,CUST2774,REV25350
ORD15351,4,199,17/04/2023,Shipped,Cash on Delivery,PROD112,CUST5557,REV25351
ORD15352,4,59,13/12/2023,Shipped,Credit Card,PROD103,CUST3143,REV25352
ORD15353,3,80,15/05/2024,Delivered,Credit Card,PROD110,CUST5924,REV25353
ORD15354,5,59,8/11/2023,Returned,Credit Card,PROD103,CUST1730,REV25354
ORD15355,4,59,2/11/2023,Shipped,Cash on Delivery,PROD111,CUST5067,REV25355
ORD15356,3,199,15/10/2024,Delivered,Cash on Delivery,PROD112,CUST2104,REV25356
ORD15357,5,110,4/09/2022,Shipped,PayPal,PROD105,CUST4199,REV25357
ORD15358,3,110,22/10/2024,Returned,Cash on Delivery,PROD105,CUST5036,REV25358
ORD15359,1,129,29/12/2024,Shipped,Cash on Delivery,PROD109,CUST5644,REV25359
ORD15360,4,59,29/05/2024,Pending,PayPal,PROD111,CUST1388,REV25360
ORD15361,1,199,15/08/2024,Cancelled,Credit Card,PROD102,CUST4301,REV25361
ORD15362,5,59,15/08/2024,Returned,Credit Card,PROD111,CUST4124,REV25362
ORD15363,3,59,26/11/2023,Pending,Cash on Delivery,PROD103,CUST3058,REV25363
ORD15364,5,25,28/10/2024,Returned,Cash on Delivery,PROD114,CUST3582,REV25364
ORD15365,3,999,3/01/2023,Cancelled,PayPal,PROD100,CUST5933,REV25365
ORD15366,3,25,6/04/2023,Delivered,PayPal,PROD114,CUST5910,REV25366
ORD15367,2,999,9/12/2022,Returned,Credit Card,PROD100,CUST2912,REV25367
ORD15368,5,99,13/01/2023,Delivered,Cash on Delivery,PROD106,CUST4163,REV25368
ORD15369,5,899,4/03/2023,Shipped,Credit Card,PROD101,CUST1762,REV25369
ORD15370,3,110,3/12/2023,Delivered,Cash on Delivery,PROD105,CUST4325,REV25370
ORD15371,2,199,12/06/2024,Cancelled,Cash on Delivery,PROD112,CUST3131,REV25371
ORD15372,5,80,7/08/2023,Pending,Credit Card,PROD110,CUST4273,REV25372
ORD15373,2,129,19/12/2022,Returned,PayPal,PROD109,CUST3495,REV25373
ORD15374,5,199,5/05/2025,Shipped,PayPal,PROD102,CUST4148,REV25374
ORD15375,4,199,7/03/2023,Pending,Cash on Delivery,PROD102,CUST5082,REV25375
ORD15376,4,25,14/05/2024,Shipped,Credit Card,PROD114,CUST1903,REV25376
ORD15377,5,80,16/04/2023,Pending,Credit Card,PROD110,CUST5057,REV25377
ORD15378,2,199,18/01/2024,Shipped,Cash on Delivery,PROD102,CUST3324,REV25378
ORD15379,3,199,11/03/2025,Cancelled,Credit Card,PROD112,CUST1084,REV25379
ORD15380,3,149,14/01/2023,Shipped,Credit Card,PROD113,CUST4239,REV25380
ORD15381,5,59,4/07/2025,Cancelled,PayPal,PROD103,CUST3653,REV25381
ORD15382,5,25,17/09/2023,Shipped,PayPal,PROD114,CUST3786,REV25382
ORD15383,4,80,21/08/2024,Pending,Cash on Delivery,PROD110,CUST4885,REV25383
ORD15384,3,129,20/04/2023,Cancelled,Cash on Delivery,PROD109,CUST5158,REV25384
ORD15385,2,129,25/10/2024,Shipped,Cash on Delivery,PROD109,CUST1295,REV25385
ORD15386,3,999,9/09/2024,Delivered,Cash on Delivery,PROD100,CUST5506,REV25386
ORD15387,3,120,13/10/2024,Shipped,Cash on Delivery,PROD104,CUST5028,REV25387
ORD15388,2,59,3/10/2023,Shipped,Cash on Delivery,PROD103,CUST5195,REV25388
ORD15389,5,229,3/02/2025,Shipped,Cash on Delivery,PROD108,CUST5777,REV25389
ORD15390,5,199,14/07/2023,Cancelled,Credit Card,PROD112,CUST3446,REV25390
ORD15391,3,149,7/02/2024,Returned,Credit Card,PROD113,CUST1822,REV25391
ORD15392,2,149,7/03/2025,Delivered,PayPal,PROD113,CUST3483,REV25392
ORD15393,4,229,9/03/2024,Pending,Credit Card,PROD108,CUST2132,REV25393
ORD15394,3,399,11/01/2023,Pending,PayPal,PROD107,CUST4381,REV25394
ORD15395,2,199,11/10/2023,Delivered,PayPal,PROD102,CUST3607,REV25395
ORD15396,3,59,26/04/2025,Cancelled,PayPal,PROD111,CUST4104,REV25396
ORD15397,2,59,17/08/2025,Cancelled,Cash on Delivery,PROD111,CUST4947,REV25397
ORD15398,1,999,27/07/2023,Returned,Credit Card,PROD100,CUST1303,REV25398
ORD15399,3,25,6/08/2025,Delivered,Credit Card,PROD114,CUST2826,REV25399
ORD15400,1,999,18/11/2022,Delivered,PayPal,PROD100,CUST5899,REV25400
ORD15401,1,229,8/03/2025,Delivered,Credit Card,PROD108,CUST4515,REV25401
ORD15402,4,99,26/02/2025,Pending,Cash on Delivery,PROD106,CUST3659,REV25402
ORD15403,1,59,24/08/2025,Cancelled,PayPal,PROD103,CUST3620,REV25403
ORD15404,5,99,12/04/2024,Cancelled,Credit Card,PROD106,CUST1840,REV25404
ORD15405,5,149,1/03/2024,Returned,Credit Card,PROD113,CUST4657,REV25405
ORD15406,4,199,26/10/2023,Returned,Cash on Delivery,PROD112,CUST4897,REV25406
ORD15407,4,129,23/06/2023,Cancelled,Credit Card,PROD109,CUST1815,REV25407
ORD15408,4,899,6/05/2023,Cancelled,Credit Card,PROD101,CUST3933,REV25408
ORD15409,3,59,23/06/2025,Returned,Cash on Delivery,PROD103,CUST3409,REV25409
ORD15410,5,999,27/10/2022,Returned,Cash on Delivery,PROD100,CUST1884,REV25410
ORD15411,3,80,26/06/2024,Pending,Credit Card,PROD110,CUST4249,REV25411
ORD15412,3,199,12/11/2022,Shipped,PayPal,PROD112,CUST5413,REV25412
ORD15413,4,59,26/02/2024,Returned,PayPal,PROD103,CUST5866,REV25413
ORD15414,3,899,23/09/2024,Cancelled,Cash on Delivery,PROD101,CUST1691,REV25414
ORD15415,3,80,5/09/2023,Returned,Cash on Delivery,PROD110,CUST1301,REV25415
ORD15416,5,99,14/06/2024,Pending,Cash on Delivery,PROD106,CUST5060,REV25416
ORD15417,3,99,8/11/2024,Pending,PayPal,PROD106,CUST1470,REV25417
ORD15418,4,199,21/11/2023,Returned,Cash on Delivery,PROD102,CUST4127,REV25418
ORD15419,1,110,1/08/2023,Cancelled,Credit Card,PROD105,CUST5410,REV25419
ORD15420,1,80,16/05/2025,Cancelled,PayPal,PROD110,CUST1628,REV25420
ORD15421,4,99,7/12/2024,Returned,Credit Card,PROD106,CUST1208,REV25421
ORD15422,1,129,3/02/2023,Delivered,Credit Card,PROD109,CUST4733,REV25422
ORD15423,5,25,25/06/2025,Returned,Cash on Delivery,PROD114,CUST4081,REV25423
ORD15424,1,229,27/04/2023,Shipped,Cash on Delivery,PROD108,CUST1537,REV25424
ORD15425,4,80,9/08/2024,Shipped,Credit Card,PROD110,CUST3525,REV25425
ORD15426,1,199,20/03/2025,Cancelled,Credit Card,PROD112,CUST1534,REV25426
ORD15427,5,149,21/09/2022,Delivered,PayPal,PROD113,CUST2321,REV25427
ORD15428,2,899,25/06/2024,Delivered,PayPal,PROD101,CUST4494,REV25428
ORD15429,1,129,7/07/2025,Cancelled,Credit Card,PROD109,CUST1346,REV25429
ORD15430,5,59,29/01/2025,Pending,PayPal,PROD103,CUST3117,REV25430
ORD15431,3,25,7/07/2023,Cancelled,Credit Card,PROD114,CUST5023,REV25431
ORD15432,4,399,15/12/2023,Shipped,Cash on Delivery,PROD107,CUST3046,REV25432
ORD15433,2,110,24/03/2024,Shipped,Cash on Delivery,PROD105,CUST4755,REV25433
ORD15434,5,199,19/05/2025,Pending,PayPal,PROD112,CUST3379,REV25434
ORD15435,2,129,28/06/2024,Cancelled,Cash on Delivery,PROD109,CUST2541,REV25435
ORD15436,3,149,4/08/2025,Shipped,Credit Card,PROD113,CUST1559,REV25436
ORD15437,4,99,5/06/2025,Shipped,Credit Card,PROD106,CUST4244,REV25437
ORD15438,1,110,9/09/2023,Pending,Credit Card,PROD105,CUST3097,REV25438
ORD15439,4,199,28/05/2025,Returned,Credit Card,PROD112,CUST2358,REV25439
ORD15440,2,199,9/02/2023,Cancelled,Cash on Delivery,PROD112,CUST3628,REV25440
ORD15441,5,110,21/11/2024,Delivered,PayPal,PROD105,CUST1189,REV25441
ORD15442,1,199,26/08/2024,Cancelled,PayPal,PROD112,CUST2221,REV25442
ORD15443,1,199,2/09/2022,Returned,Credit Card,PROD102,CUST3037,REV25443
ORD15444,3,99,2/09/2024,Pending,Cash on Delivery,PROD106,CUST4287,REV25444
ORD15445,5,999,5/05/2025,Cancelled,Cash on Delivery,PROD100,CUST5128,REV25445
ORD15446,4,199,26/03/2025,Pending,Cash on Delivery,PROD112,CUST1667,REV25446
ORD15447,3,399,14/07/2024,Shipped,Credit Card,PROD107,CUST2522,REV25447
ORD15448,2,899,2/03/2025,Delivered,Credit Card,PROD101,CUST5470,REV25448
ORD15449,4,59,8/06/2023,Shipped,Cash on Delivery,PROD103,CUST4990,REV25449
ORD15450,5,899,18/12/2023,Shipped,Credit Card,PROD101,CUST2234,REV25450
ORD15451,3,59,7/01/2023,Shipped,Credit Card,PROD103,CUST1539,REV25451
ORD15452,2,399,20/07/2025,Shipped,Cash on Delivery,PROD107,CUST5997,REV25452
ORD15453,5,399,1/02/2024,Cancelled,PayPal,PROD107,CUST1620,REV25453
ORD15454,1,99,9/03/2025,Pending,Cash on Delivery,PROD106,CUST2372,REV25454
ORD15455,2,149,22/03/2025,Pending,Credit Card,PROD113,CUST2127,REV25455
ORD15456,3,59,22/10/2024,Cancelled,Cash on Delivery,PROD111,CUST1971,REV25456
ORD15457,4,999,30/11/2024,Delivered,Credit Card,PROD100,CUST1722,REV25457
ORD15458,5,199,13/05/2023,Shipped,Cash on Delivery,PROD102,CUST4321,REV25458
ORD15459,5,59,13/02/2023,Shipped,PayPal,PROD103,CUST4725,REV25459
ORD15460,4,25,31/08/2022,Shipped,Credit Card,PROD114,CUST3170,REV25460
ORD15461,3,80,15/11/2023,Pending,PayPal,PROD110,CUST3948,REV25461
ORD15462,3,999,30/04/2025,Delivered,Credit Card,PROD100,CUST2446,REV25462
ORD15463,4,229,29/04/2025,Cancelled,Cash on Delivery,PROD108,CUST5031,REV25463
ORD15464,5,229,28/01/2025,Cancelled,Credit Card,PROD108,CUST3469,REV25464
ORD15465,1,120,12/09/2024,Delivered,Credit Card,PROD104,CUST3594,REV25465
ORD15466,3,110,10/02/2023,Shipped,Credit Card,PROD105,CUST1602,REV25466
ORD15467,1,120,11/04/2024,Pending,PayPal,PROD104,CUST4448,REV25467
ORD15468,3,199,15/06/2023,Cancelled,PayPal,PROD112,CUST3678,REV25468
ORD15469,2,229,22/11/2024,Delivered,PayPal,PROD108,CUST5139,REV25469
ORD15470,4,899,12/12/2023,Shipped,PayPal,PROD101,CUST5015,REV25470
ORD15471,3,59,29/05/2025,Pending,Cash on Delivery,PROD111,CUST1927,REV25471
ORD15472,5,80,21/07/2023,Returned,Cash on Delivery,PROD110,CUST1301,REV25472
ORD15473,4,59,18/06/2023,Returned,PayPal,PROD111,CUST2214,REV25473
ORD15474,3,25,30/09/2023,Cancelled,Credit Card,PROD114,CUST1829,REV25474
ORD15475,4,129,22/09/2023,Pending,PayPal,PROD109,CUST2425,REV25475
ORD15476,5,120,6/09/2022,Pending,Cash on Delivery,PROD104,CUST5415,REV25476
ORD15477,3,80,21/06/2025,Cancelled,Credit Card,PROD110,CUST3187,REV25477
ORD15478,4,199,26/10/2023,Delivered,Cash on Delivery,PROD112,CUST5893,REV25478
ORD15479,5,110,23/07/2025,Shipped,Cash on Delivery,PROD105,CUST1511,REV25479
ORD15480,4,199,12/10/2022,Pending,Credit Card,PROD102,CUST5866,REV25480
ORD15481,4,399,25/03/2023,Cancelled,Cash on Delivery,PROD107,CUST5590,REV25481
ORD15482,4,199,24/02/2023,Delivered,PayPal,PROD102,CUST2414,REV25482
ORD15483,5,80,12/05/2023,Delivered,PayPal,PROD110,CUST5173,REV25483
ORD15484,2,899,8/12/2024,Shipped,PayPal,PROD101,CUST2738,REV25484
ORD15485,5,149,26/03/2024,Delivered,Cash on Delivery,PROD113,CUST3050,REV25485
ORD15486,4,120,10/02/2024,Cancelled,Cash on Delivery,PROD104,CUST1874,REV25486
ORD15487,2,129,28/09/2023,Returned,PayPal,PROD109,CUST4132,REV25487
ORD15488,4,229,19/06/2024,Cancelled,Credit Card,PROD108,CUST3253,REV25488
ORD15489,2,199,2/08/2024,Shipped,Credit Card,PROD102,CUST1882,REV25489
ORD15490,1,120,28/01/2024,Returned,Credit Card,PROD104,CUST1275,REV25490
ORD15491,3,199,4/09/2024,Shipped,Cash on Delivery,PROD102,CUST4693,REV25491
ORD15492,2,229,2/01/2024,Delivered,PayPal,PROD108,CUST2602,REV25492
ORD15493,3,199,5/09/2024,Cancelled,Cash on Delivery,PROD112,CUST3390,REV25493
ORD15494,5,80,19/12/2024,Cancelled,PayPal,PROD110,CUST5549,REV25494
ORD15495,1,129,23/08/2024,Pending,PayPal,PROD109,CUST5307,REV25495
ORD15496,5,129,5/09/2023,Returned,PayPal,PROD109,CUST2419,REV25496
ORD15497,3,120,30/08/2022,Pending,Credit Card,PROD104,CUST5887,REV25497
ORD15498,5,149,12/04/2025,Pending,Cash on Delivery,PROD113,CUST3554,REV25498
ORD15499,1,129,5/03/2024,Pending,Cash on Delivery,PROD109,CUST3656,REV25499
ORD15500,1,59,4/11/2024,Cancelled,PayPal,PROD103,CUST3125,REV25500
ORD15501,5,129,3/07/2025,Shipped,PayPal,PROD109,CUST3872,REV25501
ORD15502,5,80,2/11/2024,Delivered,Cash on Delivery,PROD110,CUST1180,REV25502
ORD15503,5,149,31/03/2023,Delivered,Cash on Delivery,PROD113,CUST2280,REV25503
ORD15504,5,59,12/10/2022,Delivered,Cash on Delivery,PROD103,CUST5046,REV25504
ORD15505,2,149,5/11/2022,Shipped,Cash on Delivery,PROD113,CUST3909,REV25505
ORD15506,3,199,1/05/2024,Shipped,Cash on Delivery,PROD102,CUST3873,REV25506
ORD15507,3,229,12/06/2024,Cancelled,Cash on Delivery,PROD108,CUST1091,REV25507
ORD15508,4,59,26/11/2024,Shipped,PayPal,PROD103,CUST3253,REV25508
ORD15509,2,199,25/09/2023,Pending,Credit Card,PROD112,CUST1244,REV25509
ORD15510,5,59,18/01/2025,Cancelled,Credit Card,PROD111,CUST1869,REV25510
ORD15511,5,199,13/10/2024,Cancelled,PayPal,PROD112,CUST1044,REV25511
ORD15512,4,59,16/03/2024,Shipped,Cash on Delivery,PROD111,CUST2106,REV25512
ORD15513,4,399,28/02/2023,Cancelled,Cash on Delivery,PROD107,CUST5379,REV25513
ORD15514,1,120,8/09/2022,Cancelled,Cash on Delivery,PROD104,CUST3390,REV25514
ORD15515,3,110,15/09/2023,Pending,PayPal,PROD105,CUST1021,REV25515
ORD15516,2,99,4/12/2022,Cancelled,Credit Card,PROD106,CUST3110,REV25516
ORD15517,4,99,3/06/2024,Shipped,Credit Card,PROD106,CUST3916,REV25517
ORD15518,2,149,8/06/2025,Delivered,Cash on Delivery,PROD113,CUST1608,REV25518
ORD15519,2,399,11/02/2023,Shipped,Credit Card,PROD107,CUST4073,REV25519
ORD15520,5,149,16/12/2022,Cancelled,Cash on Delivery,PROD113,CUST5722,REV25520
ORD15521,5,59,3/12/2022,Shipped,Cash on Delivery,PROD103,CUST5306,REV25521
ORD15522,5,999,4/01/2025,Shipped,PayPal,PROD100,CUST2348,REV25522
ORD15523,1,59,4/03/2024,Shipped,Credit Card,PROD111,CUST4164,REV25523
ORD15524,4,110,10/02/2025,Shipped,Credit Card,PROD105,CUST4619,REV25524
ORD15525,2,120,18/11/2023,Cancelled,PayPal,PROD104,CUST5320,REV25525
ORD15526,2,59,17/05/2024,Delivered,Credit Card,PROD103,CUST3350,REV25526
ORD15527,5,399,27/05/2023,Shipped,PayPal,PROD107,CUST3706,REV25527
ORD15528,5,25,9/06/2024,Cancelled,Credit Card,PROD114,CUST4316,REV25528
ORD15529,4,229,15/09/2024,Delivered,PayPal,PROD108,CUST1246,REV25529
ORD15530,5,229,30/07/2023,Pending,Cash on Delivery,PROD108,CUST1672,REV25530
ORD15531,1,149,4/04/2025,Delivered,Cash on Delivery,PROD113,CUST5928,REV25531
ORD15532,3,229,9/11/2022,Returned,Cash on Delivery,PROD108,CUST1892,REV25532
ORD15533,3,110,28/02/2025,Shipped,PayPal,PROD105,CUST5556,REV25533
ORD15534,5,99,26/05/2024,Delivered,Cash on Delivery,PROD106,CUST2981,REV25534
ORD15535,4,99,2/09/2024,Pending,Cash on Delivery,PROD106,CUST5200,REV25535
ORD15536,2,59,26/06/2023,Pending,Cash on Delivery,PROD111,CUST3393,REV25536
ORD15537,1,149,9/03/2024,Shipped,Credit Card,PROD113,CUST1624,REV25537
ORD15538,1,149,7/11/2022,Pending,PayPal,PROD113,CUST5607,REV25538
ORD15539,4,129,17/03/2024,Delivered,Cash on Delivery,PROD109,CUST2525,REV25539
ORD15540,3,59,8/05/2023,Delivered,Credit Card,PROD111,CUST4688,REV25540
ORD15541,1,80,31/03/2023,Pending,Credit Card,PROD110,CUST1186,REV25541
ORD15542,4,80,20/12/2022,Shipped,PayPal,PROD110,CUST3423,REV25542
ORD15543,1,59,12/10/2023,Shipped,Cash on Delivery,PROD111,CUST3945,REV25543
ORD15544,3,199,23/08/2024,Cancelled,PayPal,PROD102,CUST2967,REV25544
ORD15545,4,59,14/04/2025,Pending,PayPal,PROD111,CUST2939,REV25545
ORD15546,1,149,5/09/2024,Cancelled,Credit Card,PROD113,CUST2625,REV25546
ORD15547,5,999,10/03/2023,Pending,Credit Card,PROD100,CUST5841,REV25547
ORD15548,3,80,2/09/2024,Delivered,PayPal,PROD110,CUST4529,REV25548
ORD15549,2,149,23/04/2023,Cancelled,Credit Card,PROD113,CUST1867,REV25549
ORD15550,2,120,12/01/2023,Returned,Credit Card,PROD104,CUST5486,REV25550
ORD15551,2,59,9/01/2025,Pending,Cash on Delivery,PROD103,CUST4641,REV25551
ORD15552,5,59,13/09/2023,Shipped,PayPal,PROD111,CUST5106,REV25552
ORD15553,1,99,12/01/2025,Cancelled,PayPal,PROD106,CUST3159,REV25553
ORD15554,3,199,24/08/2025,Returned,Credit Card,PROD112,CUST2698,REV25554
ORD15555,4,120,21/01/2024,Pending,PayPal,PROD104,CUST2079,REV25555
ORD15556,3,59,28/07/2025,Shipped,Credit Card,PROD111,CUST2814,REV25556
ORD15557,4,199,21/06/2023,Pending,Credit Card,PROD102,CUST4754,REV25557
ORD15558,2,99,23/07/2023,Pending,PayPal,PROD106,CUST5827,REV25558
ORD15559,5,199,25/11/2024,Cancelled,Credit Card,PROD112,CUST2138,REV25559
ORD15560,1,80,25/01/2024,Cancelled,PayPal,PROD110,CUST5231,REV25560
ORD15561,5,59,29/09/2023,Pending,Credit Card,PROD103,CUST3271,REV25561
ORD15562,2,229,5/12/2022,Shipped,Credit Card,PROD108,CUST5724,REV25562
ORD15563,1,59,22/01/2025,Delivered,Credit Card,PROD111,CUST4702,REV25563
ORD15564,3,25,24/10/2023,Delivered,Credit Card,PROD114,CUST1846,REV25564
ORD15565,3,129,4/12/2022,Returned,Cash on Delivery,PROD109,CUST5714,REV25565
ORD15566,4,59,17/02/2025,Cancelled,Cash on Delivery,PROD103,CUST5908,REV25566
ORD15567,5,80,19/01/2024,Pending,PayPal,PROD110,CUST3466,REV25567
ORD15568,4,59,30/07/2024,Pending,Cash on Delivery,PROD111,CUST2964,REV25568
ORD15569,3,59,14/02/2025,Returned,Credit Card,PROD103,CUST2906,REV25569
ORD15570,4,149,28/03/2024,Pending,PayPal,PROD113,CUST1354,REV25570
ORD15571,1,229,28/01/2023,Delivered,PayPal,PROD108,CUST1972,REV25571
ORD15572,4,110,31/12/2023,Returned,Credit Card,PROD105,CUST3295,REV25572
ORD15573,2,229,24/03/2024,Pending,Cash on Delivery,PROD108,CUST2212,REV25573
ORD15574,5,199,5/06/2025,Pending,PayPal,PROD102,CUST3527,REV25574
ORD15575,5,149,12/06/2025,Shipped,PayPal,PROD113,CUST2180,REV25575
ORD15576,3,899,15/01/2023,Cancelled,Credit Card,PROD101,CUST5647,REV25576
ORD15577,4,149,1/08/2025,Pending,Credit Card,PROD113,CUST4217,REV25577
ORD15578,2,899,31/03/2024,Pending,Cash on Delivery,PROD101,CUST2820,REV25578
ORD15579,3,229,13/12/2023,Shipped,Credit Card,PROD108,CUST3457,REV25579
ORD15580,5,59,13/04/2023,Delivered,PayPal,PROD111,CUST2027,REV25580
ORD15581,5,99,19/08/2023,Returned,PayPal,PROD106,CUST3429,REV25581
ORD15582,5,110,3/03/2024,Shipped,Cash on Delivery,PROD105,CUST2289,REV25582
ORD15583,3,59,31/03/2024,Delivered,PayPal,PROD111,CUST5035,REV25583
ORD15584,4,59,8/12/2022,Shipped,Cash on Delivery,PROD103,CUST5698,REV25584
ORD15585,2,149,16/09/2023,Shipped,PayPal,PROD113,CUST5024,REV25585
ORD15586,3,999,27/01/2023,Returned,Cash on Delivery,PROD100,CUST5628,REV25586
ORD15587,2,120,9/02/2023,Delivered,PayPal,PROD104,CUST2693,REV25587
ORD15588,5,999,2/06/2024,Shipped,Cash on Delivery,PROD100,CUST3545,REV25588
ORD15589,1,110,13/10/2022,Shipped,Credit Card,PROD105,CUST5903,REV25589
ORD15590,3,120,20/03/2024,Returned,Credit Card,PROD104,CUST4313,REV25590
ORD15591,5,199,15/11/2024,Delivered,Cash on Delivery,PROD112,CUST2292,REV25591
ORD15592,1,59,21/03/2023,Returned,PayPal,PROD111,CUST5233,REV25592
ORD15593,2,999,27/07/2025,Cancelled,Cash on Delivery,PROD100,CUST4252,REV25593
ORD15594,5,129,16/05/2025,Pending,Cash on Delivery,PROD109,CUST1267,REV25594
ORD15595,5,59,13/07/2024,Cancelled,Credit Card,PROD103,CUST2198,REV25595
ORD15596,5,199,3/10/2024,Shipped,PayPal,PROD112,CUST4417,REV25596
ORD15597,1,199,18/12/2022,Returned,PayPal,PROD102,CUST2124,REV25597
ORD15598,3,229,23/02/2025,Cancelled,PayPal,PROD108,CUST3599,REV25598
ORD15599,1,80,30/12/2024,Returned,Credit Card,PROD110,CUST3012,REV25599
ORD15600,2,399,26/06/2024,Returned,PayPal,PROD107,CUST2317,REV25600
ORD15601,2,199,2/05/2024,Delivered,PayPal,PROD112,CUST3743,REV25601
ORD15602,3,229,4/02/2024,Delivered,Cash on Delivery,PROD108,CUST1022,REV25602
ORD15603,3,59,26/11/2023,Returned,Cash on Delivery,PROD103,CUST4384,REV25603
ORD15604,5,120,23/09/2023,Returned,Cash on Delivery,PROD104,CUST5940,REV25604
ORD15605,2,199,7/06/2024,Returned,PayPal,PROD102,CUST4348,REV25605
ORD15606,2,59,16/01/2025,Delivered,PayPal,PROD103,CUST2733,REV25606
ORD15607,4,80,28/05/2024,Delivered,Credit Card,PROD110,CUST1706,REV25607
ORD15608,3,899,14/02/2024,Delivered,PayPal,PROD101,CUST2935,REV25608
ORD15609,5,80,22/04/2024,Returned,PayPal,PROD110,CUST3862,REV25609
ORD15610,4,110,11/11/2022,Delivered,Cash on Delivery,PROD105,CUST2198,REV25610
ORD15611,1,59,23/04/2024,Delivered,Cash on Delivery,PROD111,CUST4954,REV25611
ORD15612,2,120,24/04/2024,Pending,Credit Card,PROD104,CUST1635,REV25612
ORD15613,1,999,20/06/2024,Cancelled,PayPal,PROD100,CUST5751,REV25613
ORD15614,4,899,24/02/2025,Shipped,PayPal,PROD101,CUST2945,REV25614
ORD15615,5,59,9/10/2024,Returned,Credit Card,PROD111,CUST5293,REV25615
ORD15616,1,899,22/08/2023,Delivered,PayPal,PROD101,CUST5146,REV25616
ORD15617,3,99,17/02/2024,Pending,PayPal,PROD106,CUST4394,REV25617
ORD15618,1,110,7/07/2025,Shipped,Cash on Delivery,PROD105,CUST5895,REV25618
ORD15619,5,59,7/10/2022,Pending,Credit Card,PROD103,CUST4855,REV25619
ORD15620,3,25,14/10/2022,Pending,Credit Card,PROD114,CUST2006,REV25620
ORD15621,2,80,28/02/2023,Shipped,Credit Card,PROD110,CUST2950,REV25621
ORD15622,5,59,19/04/2025,Returned,Credit Card,PROD103,CUST5871,REV25622
ORD15623,2,110,4/07/2024,Delivered,PayPal,PROD105,CUST1144,REV25623
ORD15624,4,99,15/04/2025,Delivered,PayPal,PROD106,CUST2130,REV25624
ORD15625,4,120,11/11/2022,Shipped,Cash on Delivery,PROD104,CUST3413,REV25625
ORD15626,3,149,11/12/2022,Cancelled,Cash on Delivery,PROD113,CUST4044,REV25626
ORD15627,5,399,23/10/2022,Returned,PayPal,PROD107,CUST3986,REV25627
ORD15628,1,129,16/05/2024,Pending,PayPal,PROD109,CUST2610,REV25628
ORD15629,5,99,22/06/2023,Returned,Cash on Delivery,PROD106,CUST2117,REV25629
ORD15630,3,59,24/08/2025,Shipped,Cash on Delivery,PROD103,CUST1607,REV25630
ORD15631,1,59,31/03/2023,Pending,Credit Card,PROD111,CUST2499,REV25631
ORD15632,1,229,11/04/2023,Returned,Cash on Delivery,PROD108,CUST2407,REV25632
ORD15633,4,59,24/09/2023,Cancelled,Cash on Delivery,PROD111,CUST1780,REV25633
ORD15634,5,999,27/07/2023,Pending,Cash on Delivery,PROD100,CUST5377,REV25634
ORD15635,4,120,4/11/2023,Delivered,Credit Card,PROD104,CUST1402,REV25635
ORD15636,2,199,30/12/2023,Delivered,Credit Card,PROD112,CUST2669,REV25636
ORD15637,2,899,3/02/2023,Cancelled,PayPal,PROD101,CUST3271,REV25637
ORD15638,1,129,12/03/2023,Cancelled,Cash on Delivery,PROD109,CUST5919,REV25638
ORD15639,5,229,12/11/2023,Delivered,PayPal,PROD108,CUST5056,REV25639
ORD15640,3,899,16/03/2024,Returned,PayPal,PROD101,CUST3337,REV25640
ORD15641,2,80,9/02/2025,Shipped,Cash on Delivery,PROD110,CUST4035,REV25641
ORD15642,5,999,24/02/2025,Returned,Cash on Delivery,PROD100,CUST2796,REV25642
ORD15643,4,129,11/01/2024,Cancelled,Cash on Delivery,PROD109,CUST5547,REV25643
ORD15644,3,120,15/09/2023,Cancelled,Cash on Delivery,PROD104,CUST3489,REV25644
ORD15645,2,59,14/09/2024,Cancelled,Cash on Delivery,PROD103,CUST2072,REV25645
ORD15646,3,110,8/03/2023,Pending,Cash on Delivery,PROD105,CUST5967,REV25646
ORD15647,5,199,6/09/2023,Shipped,Cash on Delivery,PROD112,CUST5547,REV25647
ORD15648,5,899,4/01/2023,Delivered,Cash on Delivery,PROD101,CUST3627,REV25648
ORD15649,4,120,3/07/2025,Delivered,Credit Card,PROD104,CUST2562,REV25649
ORD15650,2,899,2/07/2023,Pending,Credit Card,PROD101,CUST1596,REV25650
ORD15651,1,199,8/10/2022,Cancelled,Cash on Delivery,PROD102,CUST5752,REV25651
ORD15652,1,99,19/05/2025,Pending,Credit Card,PROD106,CUST2311,REV25652
ORD15653,5,229,19/05/2024,Shipped,Cash on Delivery,PROD108,CUST3210,REV25653
ORD15654,3,129,12/01/2023,Returned,PayPal,PROD109,CUST2180,REV25654
ORD15655,4,59,26/07/2023,Pending,Cash on Delivery,PROD103,CUST2197,REV25655
ORD15656,2,999,17/08/2024,Cancelled,PayPal,PROD100,CUST1750,REV25656
ORD15657,5,199,15/10/2023,Cancelled,PayPal,PROD112,CUST1574,REV25657
ORD15658,5,129,20/02/2025,Shipped,Cash on Delivery,PROD109,CUST5226,REV25658
ORD15659,3,129,10/04/2025,Returned,Cash on Delivery,PROD109,CUST1044,REV25659
ORD15660,5,120,12/12/2024,Returned,PayPal,PROD104,CUST3703,REV25660
ORD15661,3,110,16/03/2023,Shipped,Cash on Delivery,PROD105,CUST5864,REV25661
ORD15662,2,25,3/04/2024,Pending,Credit Card,PROD114,CUST5450,REV25662
ORD15663,1,80,19/09/2022,Pending,Cash on Delivery,PROD110,CUST1556,REV25663
ORD15664,2,120,27/12/2023,Returned,Credit Card,PROD104,CUST3495,REV25664
ORD15665,1,199,24/10/2023,Cancelled,Credit Card,PROD112,CUST4182,REV25665
ORD15666,1,999,9/11/2022,Cancelled,Credit Card,PROD100,CUST1002,REV25666
ORD15667,2,120,19/02/2025,Delivered,Credit Card,PROD104,CUST4469,REV25667
ORD15668,2,199,16/01/2023,Shipped,Credit Card,PROD102,CUST3798,REV25668
ORD15669,1,59,24/01/2023,Delivered,PayPal,PROD103,CUST5240,REV25669
ORD15670,4,149,5/06/2025,Pending,Cash on Delivery,PROD113,CUST2319,REV25670
ORD15671,4,80,8/04/2023,Shipped,Credit Card,PROD110,CUST1922,REV25671
ORD15672,5,110,6/03/2025,Pending,Credit Card,PROD105,CUST5238,REV25672
ORD15673,4,80,14/05/2024,Delivered,Cash on Delivery,PROD110,CUST1681,REV25673
ORD15674,5,129,9/08/2025,Returned,Cash on Delivery,PROD109,CUST3117,REV25674
ORD15675,3,899,11/05/2024,Delivered,PayPal,PROD101,CUST1737,REV25675
ORD15676,2,80,1/12/2022,Returned,PayPal,PROD110,CUST2234,REV25676
ORD15677,3,899,21/08/2023,Delivered,Credit Card,PROD101,CUST3528,REV25677
ORD15678,2,149,12/03/2024,Cancelled,Cash on Delivery,PROD113,CUST2980,REV25678
ORD15679,5,59,3/07/2025,Delivered,PayPal,PROD103,CUST1442,REV25679
ORD15680,2,229,30/12/2024,Shipped,PayPal,PROD108,CUST1800,REV25680
ORD15681,3,59,9/06/2023,Delivered,PayPal,PROD103,CUST5328,REV25681
ORD15682,3,149,29/03/2023,Pending,Credit Card,PROD113,CUST3727,REV25682
ORD15683,2,229,16/06/2023,Pending,PayPal,PROD108,CUST3218,REV25683
ORD15684,2,199,13/01/2023,Returned,Credit Card,PROD112,CUST3959,REV25684
ORD15685,5,99,2/09/2022,Cancelled,Credit Card,PROD106,CUST2087,REV25685
ORD15686,5,120,19/08/2023,Pending,PayPal,PROD104,CUST2896,REV25686
ORD15687,4,80,2/03/2024,Cancelled,Cash on Delivery,PROD110,CUST1992,REV25687
ORD15688,2,129,26/04/2023,Returned,Credit Card,PROD109,CUST2906,REV25688
ORD15689,5,80,20/09/2024,Pending,PayPal,PROD110,CUST1720,REV25689
ORD15690,1,25,28/02/2024,Returned,Credit Card,PROD114,CUST4015,REV25690
ORD15691,4,99,3/11/2024,Delivered,PayPal,PROD106,CUST4922,REV25691
ORD15692,5,129,3/05/2024,Cancelled,Credit Card,PROD109,CUST1370,REV25692
ORD15693,2,25,5/10/2022,Returned,Cash on Delivery,PROD114,CUST4199,REV25693
ORD15694,5,80,17/02/2025,Returned,Cash on Delivery,PROD110,CUST2675,REV25694
ORD15695,1,129,25/03/2024,Cancelled,PayPal,PROD109,CUST5265,REV25695
ORD15696,3,110,31/07/2025,Shipped,PayPal,PROD105,CUST5186,REV25696
ORD15697,1,99,25/06/2025,Pending,PayPal,PROD106,CUST5374,REV25697
ORD15698,5,999,14/08/2025,Delivered,Credit Card,PROD100,CUST1113,REV25698
ORD15699,3,129,2/09/2024,Delivered,Credit Card,PROD109,CUST4177,REV25699
ORD15700,1,999,8/05/2025,Delivered,Cash on Delivery,PROD100,CUST5729,REV25700
ORD15701,4,999,8/12/2023,Cancelled,Credit Card,PROD100,CUST3933,REV25701
ORD15702,4,59,25/04/2024,Pending,Cash on Delivery,PROD111,CUST5738,REV25702
ORD15703,2,110,31/03/2023,Delivered,Credit Card,PROD105,CUST3269,REV25703
ORD15704,1,199,7/01/2024,Cancelled,Credit Card,PROD102,CUST4028,REV25704
ORD15705,4,899,2/04/2024,Delivered,Cash on Delivery,PROD101,CUST4854,REV25705
ORD15706,5,59,4/04/2025,Shipped,PayPal,PROD111,CUST5989,REV25706
ORD15707,1,999,22/09/2023,Cancelled,PayPal,PROD100,CUST3741,REV25707
ORD15708,4,999,13/07/2025,Shipped,Credit Card,PROD100,CUST1670,REV25708
ORD15709,2,59,19/01/2024,Returned,Credit Card,PROD111,CUST1256,REV25709
ORD15710,5,899,19/07/2025,Delivered,Credit Card,PROD101,CUST5659,REV25710
ORD15711,5,149,23/06/2025,Cancelled,Cash on Delivery,PROD113,CUST4259,REV25711
ORD15712,5,99,18/04/2025,Delivered,Credit Card,PROD106,CUST4060,REV25712
ORD15713,1,25,3/04/2023,Shipped,Credit Card,PROD114,CUST1049,REV25713
ORD15714,5,99,25/04/2024,Pending,PayPal,PROD106,CUST1164,REV25714
ORD15715,5,399,25/12/2024,Delivered,Credit Card,PROD107,CUST4195,REV25715
ORD15716,4,229,21/10/2022,Shipped,Cash on Delivery,PROD108,CUST3414,REV25716
ORD15717,3,59,1/06/2023,Pending,PayPal,PROD111,CUST4465,REV25717
ORD15718,1,199,10/10/2022,Shipped,Cash on Delivery,PROD102,CUST1007,REV25718
ORD15719,4,999,21/02/2023,Pending,Credit Card,PROD100,CUST3749,REV25719
ORD15720,4,59,30/07/2025,Cancelled,Credit Card,PROD103,CUST4320,REV25720
ORD15721,4,199,11/08/2024,Returned,PayPal,PROD102,CUST3919,REV25721
ORD15722,2,229,19/09/2024,Shipped,Credit Card,PROD108,CUST2366,REV25722
ORD15723,3,199,30/04/2024,Pending,Cash on Delivery,PROD112,CUST2275,REV25723
ORD15724,5,199,16/05/2024,Returned,Credit Card,PROD102,CUST4482,REV25724
ORD15725,5,120,1/04/2025,Shipped,PayPal,PROD104,CUST3209,REV25725
ORD15726,5,120,21/01/2023,Delivered,Credit Card,PROD104,CUST1168,REV25726
ORD15727,2,999,14/06/2023,Delivered,Credit Card,PROD100,CUST4909,REV25727
ORD15728,4,229,23/10/2022,Delivered,PayPal,PROD108,CUST1299,REV25728
ORD15729,4,199,6/11/2023,Pending,PayPal,PROD102,CUST2657,REV25729
ORD15730,3,899,27/09/2024,Returned,Credit Card,PROD101,CUST4714,REV25730
ORD15731,3,149,27/03/2023,Pending,Cash on Delivery,PROD113,CUST4650,REV25731
ORD15732,4,110,6/08/2024,Delivered,Credit Card,PROD105,CUST1248,REV25732
ORD15733,1,80,27/12/2022,Returned,PayPal,PROD110,CUST1887,REV25733
ORD15734,3,999,17/10/2022,Pending,Credit Card,PROD100,CUST5596,REV25734
ORD15735,1,999,22/12/2022,Delivered,PayPal,PROD100,CUST5215,REV25735
ORD15736,2,199,2/07/2023,Cancelled,PayPal,PROD102,CUST2944,REV25736
ORD15737,2,110,27/10/2023,Delivered,PayPal,PROD105,CUST2502,REV25737
ORD15738,1,110,20/03/2024,Shipped,PayPal,PROD105,CUST1030,REV25738
ORD15739,5,59,26/07/2023,Cancelled,Credit Card,PROD103,CUST5796,REV25739
ORD15740,1,999,4/10/2024,Shipped,PayPal,PROD100,CUST5819,REV25740
ORD15741,5,899,2/04/2024,Pending,PayPal,PROD101,CUST4823,REV25741
ORD15742,2,199,31/12/2022,Pending,Cash on Delivery,PROD112,CUST5976,REV25742
ORD15743,1,110,6/10/2022,Shipped,Cash on Delivery,PROD105,CUST5138,REV25743
ORD15744,3,110,12/12/2022,Shipped,PayPal,PROD105,CUST2079,REV25744
ORD15745,3,120,5/02/2023,Pending,Credit Card,PROD104,CUST3118,REV25745
ORD15746,1,149,30/03/2025,Shipped,PayPal,PROD113,CUST1104,REV25746
ORD15747,4,399,26/07/2024,Pending,PayPal,PROD107,CUST3954,REV25747
ORD15748,3,80,6/08/2023,Shipped,Cash on Delivery,PROD110,CUST1244,REV25748
ORD15749,2,25,14/04/2024,Cancelled,PayPal,PROD114,CUST5496,REV25749
ORD15750,1,25,11/05/2023,Pending,PayPal,PROD114,CUST3725,REV25750
ORD15751,1,80,6/10/2023,Shipped,Cash on Delivery,PROD110,CUST4169,REV25751
ORD15752,3,99,26/10/2024,Cancelled,Cash on Delivery,PROD106,CUST2259,REV25752
ORD15753,4,25,29/09/2023,Pending,Cash on Delivery,PROD114,CUST1305,REV25753
ORD15754,2,129,3/04/2023,Shipped,Credit Card,PROD109,CUST5689,REV25754
ORD15755,1,199,9/11/2024,Cancelled,Credit Card,PROD102,CUST4241,REV25755
ORD15756,1,59,25/03/2024,Shipped,Credit Card,PROD111,CUST4546,REV25756
ORD15757,4,120,1/04/2025,Returned,Cash on Delivery,PROD104,CUST4011,REV25757
ORD15758,4,25,25/05/2024,Returned,Cash on Delivery,PROD114,CUST2309,REV25758
ORD15759,3,199,4/07/2025,Pending,Cash on Delivery,PROD112,CUST3871,REV25759
ORD15760,3,80,29/05/2023,Shipped,Credit Card,PROD110,CUST5130,REV25760
ORD15761,1,229,11/04/2024,Shipped,Cash on Delivery,PROD108,CUST2133,REV25761
ORD15762,4,25,17/08/2024,Returned,PayPal,PROD114,CUST1148,REV25762
ORD15763,5,80,6/06/2024,Cancelled,PayPal,PROD110,CUST2629,REV25763
ORD15764,2,59,4/05/2025,Shipped,PayPal,PROD103,CUST5971,REV25764
ORD15765,3,999,13/04/2024,Returned,PayPal,PROD100,CUST5425,REV25765
ORD15766,2,110,28/11/2022,Cancelled,Credit Card,PROD105,CUST2177,REV25766
ORD15767,4,149,23/01/2025,Shipped,PayPal,PROD113,CUST3400,REV25767
ORD15768,5,99,17/04/2023,Cancelled,PayPal,PROD106,CUST1618,REV25768
ORD15769,5,199,11/01/2024,Shipped,Credit Card,PROD102,CUST5477,REV25769
ORD15770,5,120,29/03/2023,Delivered,Credit Card,PROD104,CUST5839,REV25770
ORD15771,2,149,9/04/2025,Pending,PayPal,PROD113,CUST2362,REV25771
ORD15772,4,999,9/06/2024,Returned,PayPal,PROD100,CUST5137,REV25772
ORD15773,2,99,15/01/2025,Shipped,Cash on Delivery,PROD106,CUST5528,REV25773
ORD15774,3,199,15/04/2025,Delivered,Credit Card,PROD102,CUST5593,REV25774
ORD15775,4,80,21/01/2024,Delivered,PayPal,PROD110,CUST5115,REV25775
ORD15776,4,899,31/05/2023,Pending,Cash on Delivery,PROD101,CUST4753,REV25776
ORD15777,5,999,14/06/2025,Delivered,Credit Card,PROD100,CUST4765,REV25777
ORD15778,4,59,15/01/2025,Shipped,PayPal,PROD111,CUST5400,REV25778
ORD15779,5,120,11/04/2025,Cancelled,Credit Card,PROD104,CUST1192,REV25779
ORD15780,3,25,2/03/2024,Returned,Cash on Delivery,PROD114,CUST3089,REV25780
ORD15781,5,99,12/05/2023,Delivered,Cash on Delivery,PROD106,CUST3301,REV25781
ORD15782,3,149,8/08/2025,Shipped,Cash on Delivery,PROD113,CUST3252,REV25782
ORD15783,3,129,19/10/2023,Cancelled,Cash on Delivery,PROD109,CUST3687,REV25783
ORD15784,4,59,2/11/2024,Pending,Cash on Delivery,PROD103,CUST5733,REV25784
ORD15785,5,99,15/03/2024,Pending,Credit Card,PROD106,CUST5583,REV25785
ORD15786,1,59,3/01/2025,Pending,Cash on Delivery,PROD111,CUST2550,REV25786
ORD15787,2,59,2/10/2024,Cancelled,Cash on Delivery,PROD111,CUST5570,REV25787
ORD15788,3,120,18/07/2024,Delivered,PayPal,PROD104,CUST3076,REV25788
ORD15789,3,899,26/08/2024,Shipped,Cash on Delivery,PROD101,CUST2565,REV25789
ORD15790,5,110,19/07/2024,Pending,PayPal,PROD105,CUST1153,REV25790
ORD15791,2,199,16/05/2023,Delivered,Cash on Delivery,PROD102,CUST2510,REV25791
ORD15792,4,129,27/08/2024,Cancelled,Cash on Delivery,PROD109,CUST2024,REV25792
ORD15793,1,120,14/11/2023,Returned,Credit Card,PROD104,CUST4474,REV25793
ORD15794,4,59,5/06/2023,Pending,Credit Card,PROD111,CUST1487,REV25794
ORD15795,4,25,5/04/2023,Shipped,Cash on Delivery,PROD114,CUST3634,REV25795
ORD15796,1,229,25/02/2025,Delivered,Credit Card,PROD108,CUST5912,REV25796
ORD15797,3,229,27/12/2022,Returned,Credit Card,PROD108,CUST3260,REV25797
ORD15798,5,59,20/10/2023,Cancelled,Cash on Delivery,PROD103,CUST4010,REV25798
ORD15799,4,399,28/03/2025,Shipped,PayPal,PROD107,CUST2108,REV25799
ORD15800,2,80,10/12/2022,Cancelled,Credit Card,PROD110,CUST3739,REV25800
ORD15801,1,999,29/03/2024,Returned,Cash on Delivery,PROD100,CUST4863,REV25801
ORD15802,1,99,8/02/2025,Cancelled,PayPal,PROD106,CUST2066,REV25802
ORD15803,2,899,26/01/2025,Delivered,Credit Card,PROD101,CUST4480,REV25803
ORD15804,3,199,16/03/2023,Pending,Cash on Delivery,PROD112,CUST1018,REV25804
ORD15805,4,399,6/11/2024,Shipped,PayPal,PROD107,CUST2640,REV25805
ORD15806,5,199,7/11/2023,Returned,Cash on Delivery,PROD112,CUST2580,REV25806
ORD15807,3,110,5/01/2024,Cancelled,Credit Card,PROD105,CUST3352,REV25807
ORD15808,1,120,22/03/2024,Pending,Cash on Delivery,PROD104,CUST4006,REV25808
ORD15809,1,199,15/12/2022,Delivered,Credit Card,PROD112,CUST2371,REV25809
ORD15810,2,99,28/04/2025,Returned,PayPal,PROD106,CUST5888,REV25810
ORD15811,2,999,6/03/2025,Delivered,Credit Card,PROD100,CUST2741,REV25811
ORD15812,2,199,2/04/2023,Shipped,Credit Card,PROD102,CUST1950,REV25812
ORD15813,2,80,19/02/2023,Shipped,Credit Card,PROD110,CUST3770,REV25813
ORD15814,1,25,4/07/2024,Delivered,Credit Card,PROD114,CUST5041,REV25814
ORD15815,4,129,29/08/2024,Returned,Credit Card,PROD109,CUST1386,REV25815
ORD15816,1,199,14/12/2024,Pending,Credit Card,PROD102,CUST3143,REV25816
ORD15817,1,199,16/11/2022,Cancelled,Cash on Delivery,PROD102,CUST2285,REV25817
ORD15818,3,229,20/02/2025,Delivered,Credit Card,PROD108,CUST3975,REV25818
ORD15819,5,199,19/09/2022,Delivered,Credit Card,PROD112,CUST4742,REV25819
ORD15820,5,80,6/02/2024,Returned,Credit Card,PROD110,CUST3115,REV25820
ORD15821,4,229,20/03/2025,Returned,PayPal,PROD108,CUST2430,REV25821
ORD15822,2,110,9/06/2023,Shipped,Credit Card,PROD105,CUST4582,REV25822
ORD15823,5,25,9/08/2024,Cancelled,Cash on Delivery,PROD114,CUST4417,REV25823
ORD15824,2,149,15/06/2023,Pending,Credit Card,PROD113,CUST2915,REV25824
ORD15825,5,229,28/06/2023,Pending,PayPal,PROD108,CUST3953,REV25825
ORD15826,4,399,15/06/2023,Shipped,Credit Card,PROD107,CUST1160,REV25826
ORD15827,4,99,7/04/2024,Returned,Cash on Delivery,PROD106,CUST3630,REV25827
ORD15828,1,229,15/08/2023,Pending,Credit Card,PROD108,CUST3739,REV25828
ORD15829,4,149,3/03/2025,Shipped,Credit Card,PROD113,CUST2767,REV25829
ORD15830,2,999,15/08/2023,Delivered,Cash on Delivery,PROD100,CUST3197,REV25830
ORD15831,4,25,10/09/2023,Cancelled,Cash on Delivery,PROD114,CUST4835,REV25831
ORD15832,2,999,7/09/2022,Cancelled,PayPal,PROD100,CUST4846,REV25832
ORD15833,1,80,9/03/2024,Shipped,PayPal,PROD110,CUST1905,REV25833
ORD15834,4,80,6/03/2023,Cancelled,PayPal,PROD110,CUST4278,REV25834
ORD15835,4,999,19/06/2024,Shipped,PayPal,PROD100,CUST4751,REV25835
ORD15836,1,25,12/05/2025,Cancelled,Cash on Delivery,PROD114,CUST1160,REV25836
ORD15837,2,25,27/06/2025,Returned,PayPal,PROD114,CUST2781,REV25837
ORD15838,1,199,28/09/2023,Pending,PayPal,PROD102,CUST4572,REV25838
ORD15839,1,25,20/08/2023,Shipped,PayPal,PROD114,CUST1784,REV25839
ORD15840,5,120,13/09/2023,Delivered,PayPal,PROD104,CUST1483,REV25840
ORD15841,1,999,3/06/2024,Shipped,Credit Card,PROD100,CUST1825,REV25841
ORD15842,1,999,11/11/2022,Pending,Credit Card,PROD100,CUST1122,REV25842
ORD15843,3,999,7/07/2023,Pending,Cash on Delivery,PROD100,CUST4986,REV25843
ORD15844,4,59,15/08/2024,Shipped,PayPal,PROD111,CUST3824,REV25844
ORD15845,2,899,4/01/2025,Cancelled,Cash on Delivery,PROD101,CUST5093,REV25845
ORD15846,4,59,28/06/2024,Delivered,PayPal,PROD103,CUST4861,REV25846
ORD15847,1,999,14/03/2023,Cancelled,Credit Card,PROD100,CUST1777,REV25847
ORD15848,3,999,9/11/2022,Delivered,Credit Card,PROD100,CUST2832,REV25848
ORD15849,5,199,14/03/2023,Cancelled,PayPal,PROD112,CUST3508,REV25849
ORD15850,1,59,17/05/2023,Shipped,Credit Card,PROD111,CUST1040,REV25850
ORD15851,2,80,16/07/2025,Returned,PayPal,PROD110,CUST1984,REV25851
ORD15852,3,999,18/03/2023,Shipped,Credit Card,PROD100,CUST2280,REV25852
ORD15853,5,99,10/09/2023,Shipped,PayPal,PROD106,CUST5706,REV25853
ORD15854,5,149,30/04/2024,Cancelled,Cash on Delivery,PROD113,CUST1109,REV25854
ORD15855,5,120,16/02/2025,Shipped,Credit Card,PROD104,CUST3882,REV25855
ORD15856,2,399,3/09/2023,Shipped,Credit Card,PROD107,CUST4463,REV25856
ORD15857,3,110,22/05/2023,Cancelled,Credit Card,PROD105,CUST5404,REV25857
ORD15858,2,129,22/01/2024,Pending,Cash on Delivery,PROD109,CUST5150,REV25858
ORD15859,3,899,17/10/2023,Returned,PayPal,PROD101,CUST2703,REV25859
ORD15860,4,999,10/04/2023,Returned,PayPal,PROD100,CUST3753,REV25860
ORD15861,2,80,29/05/2023,Delivered,Cash on Delivery,PROD110,CUST3828,REV25861
ORD15862,1,99,18/05/2025,Cancelled,Cash on Delivery,PROD106,CUST3072,REV25862
ORD15863,1,80,18/11/2024,Pending,Credit Card,PROD110,CUST3373,REV25863
ORD15864,3,25,15/10/2023,Returned,Cash on Delivery,PROD114,CUST1656,REV25864
ORD15865,5,80,20/11/2024,Pending,Credit Card,PROD110,CUST3363,REV25865
ORD15866,3,129,16/02/2025,Returned,Credit Card,PROD109,CUST5706,REV25866
ORD15867,4,80,18/11/2023,Returned,PayPal,PROD110,CUST1005,REV25867
ORD15868,3,25,29/05/2024,Pending,PayPal,PROD114,CUST2813,REV25868
ORD15869,3,199,5/04/2025,Delivered,Credit Card,PROD112,CUST2549,REV25869
ORD15870,1,399,13/10/2023,Delivered,Cash on Delivery,PROD107,CUST3890,REV25870
ORD15871,1,99,25/04/2025,Delivered,Cash on Delivery,PROD106,CUST3243,REV25871
ORD15872,3,199,26/04/2024,Delivered,Credit Card,PROD102,CUST2324,REV25872
ORD15873,4,399,5/04/2025,Returned,Credit Card,PROD107,CUST3836,REV25873
ORD15874,5,399,28/06/2023,Delivered,PayPal,PROD107,CUST3844,REV25874
ORD15875,3,199,24/07/2023,Shipped,PayPal,PROD102,CUST2008,REV25875
ORD15876,5,80,9/01/2025,Cancelled,Cash on Delivery,PROD110,CUST3853,REV25876
ORD15877,1,25,13/04/2024,Cancelled,Credit Card,PROD114,CUST3715,REV25877
ORD15878,5,129,10/09/2022,Cancelled,Credit Card,PROD109,CUST3026,REV25878
ORD15879,3,199,5/11/2023,Cancelled,PayPal,PROD112,CUST2669,REV25879
ORD15880,3,399,16/03/2024,Pending,PayPal,PROD107,CUST1747,REV25880
ORD15881,5,199,27/03/2024,Shipped,Cash on Delivery,PROD102,CUST5904,REV25881
ORD15882,3,120,7/09/2024,Cancelled,Cash on Delivery,PROD104,CUST4418,REV25882
ORD15883,2,149,26/05/2025,Cancelled,Cash on Delivery,PROD113,CUST5494,REV25883
ORD15884,3,229,22/06/2024,Delivered,Credit Card,PROD108,CUST1223,REV25884
ORD15885,2,25,8/05/2023,Returned,Cash on Delivery,PROD114,CUST5662,REV25885
ORD15886,3,80,1/04/2023,Cancelled,Credit Card,PROD110,CUST3824,REV25886
ORD15887,1,99,16/03/2025,Cancelled,Cash on Delivery,PROD106,CUST2631,REV25887
ORD15888,4,99,1/06/2023,Shipped,PayPal,PROD106,CUST3891,REV25888
ORD15889,5,110,11/05/2025,Pending,Credit Card,PROD105,CUST4571,REV25889
ORD15890,1,199,14/10/2022,Delivered,PayPal,PROD102,CUST2790,REV25890
ORD15891,4,229,28/04/2025,Cancelled,PayPal,PROD108,CUST4820,REV25891
ORD15892,5,899,25/07/2023,Shipped,Credit Card,PROD101,CUST3632,REV25892
ORD15893,4,999,16/07/2024,Pending,Credit Card,PROD100,CUST5116,REV25893
ORD15894,5,149,3/01/2024,Cancelled,PayPal,PROD113,CUST2101,REV25894
ORD15895,3,80,24/12/2023,Returned,Cash on Delivery,PROD110,CUST4390,REV25895
ORD15896,2,80,16/03/2023,Delivered,PayPal,PROD110,CUST2643,REV25896
ORD15897,4,80,12/12/2023,Returned,PayPal,PROD110,CUST5369,REV25897
ORD15898,2,59,11/07/2025,Cancelled,Cash on Delivery,PROD111,CUST4616,REV25898
ORD15899,5,110,25/12/2022,Pending,Cash on Delivery,PROD105,CUST4273,REV25899
ORD15900,3,59,12/11/2022,Returned,Cash on Delivery,PROD111,CUST5252,REV25900
ORD15901,1,149,4/05/2025,Delivered,Cash on Delivery,PROD113,CUST3698,REV25901
ORD15902,2,229,23/07/2024,Shipped,Cash on Delivery,PROD108,CUST3483,REV25902
ORD15903,3,399,21/08/2023,Delivered,Credit Card,PROD107,CUST1851,REV25903
ORD15904,2,120,17/09/2024,Returned,Credit Card,PROD104,CUST5185,REV25904
ORD15905,4,99,8/08/2024,Pending,Cash on Delivery,PROD106,CUST1318,REV25905
ORD15906,4,199,18/12/2023,Shipped,PayPal,PROD102,CUST4576,REV25906
ORD15907,2,59,19/01/2024,Cancelled,Credit Card,PROD111,CUST5994,REV25907
ORD15908,4,399,30/09/2022,Cancelled,Credit Card,PROD107,CUST5551,REV25908
ORD15909,3,199,14/01/2023,Cancelled,Cash on Delivery,PROD112,CUST3975,REV25909
ORD15910,2,199,15/10/2022,Pending,PayPal,PROD102,CUST1521,REV25910
ORD15911,4,129,10/12/2023,Pending,Cash on Delivery,PROD109,CUST4718,REV25911
ORD15912,2,129,13/04/2024,Pending,PayPal,PROD109,CUST1477,REV25912
ORD15913,5,199,8/06/2023,Pending,Cash on Delivery,PROD102,CUST4500,REV25913
ORD15914,5,899,19/02/2025,Returned,Cash on Delivery,PROD101,CUST4543,REV25914
ORD15915,2,999,20/06/2023,Delivered,PayPal,PROD100,CUST3167,REV25915
ORD15916,5,399,14/05/2025,Shipped,Cash on Delivery,PROD107,CUST4938,REV25916
ORD15917,2,149,23/12/2024,Returned,Cash on Delivery,PROD113,CUST5765,REV25917
ORD15918,5,399,11/07/2025,Delivered,PayPal,PROD107,CUST5091,REV25918
ORD15919,3,59,4/07/2025,Returned,Credit Card,PROD103,CUST4380,REV25919
ORD15920,1,149,6/07/2023,Delivered,PayPal,PROD113,CUST5081,REV25920
ORD15921,1,59,15/05/2023,Cancelled,Cash on Delivery,PROD111,CUST2633,REV25921
ORD15922,2,25,23/08/2024,Pending,PayPal,PROD114,CUST5353,REV25922
ORD15923,4,399,17/08/2024,Cancelled,Cash on Delivery,PROD107,CUST2920,REV25923
ORD15924,5,199,16/03/2024,Cancelled,PayPal,PROD102,CUST3919,REV25924
ORD15925,4,80,26/02/2025,Shipped,Cash on Delivery,PROD110,CUST1383,REV25925
ORD15926,2,399,25/06/2024,Shipped,Credit Card,PROD107,CUST5300,REV25926
ORD15927,3,129,7/01/2025,Returned,Cash on Delivery,PROD109,CUST5296,REV25927
ORD15928,3,25,10/09/2023,Cancelled,PayPal,PROD114,CUST1680,REV25928
ORD15929,1,80,9/10/2022,Pending,Credit Card,PROD110,CUST4061,REV25929
ORD15930,5,129,13/09/2024,Cancelled,Cash on Delivery,PROD109,CUST3835,REV25930
ORD15931,1,399,15/05/2024,Shipped,Cash on Delivery,PROD107,CUST3164,REV25931
ORD15932,3,110,5/01/2025,Shipped,PayPal,PROD105,CUST3454,REV25932
ORD15933,2,25,14/11/2023,Returned,Cash on Delivery,PROD114,CUST5875,REV25933
ORD15934,3,999,28/03/2025,Delivered,Cash on Delivery,PROD100,CUST2819,REV25934
ORD15935,3,229,13/08/2025,Cancelled,PayPal,PROD108,CUST2730,REV25935
ORD15936,5,59,23/03/2023,Shipped,PayPal,PROD111,CUST3404,REV25936
ORD15937,4,80,30/09/2023,Delivered,Credit Card,PROD110,CUST3471,REV25937
ORD15938,2,229,24/04/2025,Delivered,PayPal,PROD108,CUST2308,REV25938
ORD15939,3,129,29/11/2022,Cancelled,Credit Card,PROD109,CUST5032,REV25939
ORD15940,4,899,18/09/2023,Delivered,Cash on Delivery,PROD101,CUST2355,REV25940
ORD15941,3,129,10/01/2023,Returned,PayPal,PROD109,CUST5208,REV25941
ORD15942,3,999,22/03/2025,Returned,PayPal,PROD100,CUST4386,REV25942
ORD15943,2,59,27/05/2023,Returned,Cash on Delivery,PROD111,CUST1287,REV25943
ORD15944,1,120,26/08/2024,Returned,Credit Card,PROD104,CUST4064,REV25944
ORD15945,5,99,13/01/2023,Pending,Cash on Delivery,PROD106,CUST4119,REV25945
ORD15946,4,129,23/06/2024,Delivered,Credit Card,PROD109,CUST2568,REV25946
ORD15947,2,199,5/08/2023,Delivered,PayPal,PROD102,CUST2048,REV25947
ORD15948,2,59,5/12/2023,Pending,PayPal,PROD103,CUST2858,REV25948
ORD15949,1,399,12/11/2023,Pending,Cash on Delivery,PROD107,CUST3260,REV25949
ORD15950,4,199,10/05/2023,Returned,Credit Card,PROD102,CUST3805,REV25950
ORD15951,3,99,28/03/2023,Delivered,Cash on Delivery,PROD106,CUST4877,REV25951
ORD15952,4,199,2/10/2022,Returned,Cash on Delivery,PROD112,CUST4703,REV25952
ORD15953,2,199,3/08/2023,Delivered,Cash on Delivery,PROD102,CUST4622,REV25953
ORD15954,3,99,3/03/2024,Returned,PayPal,PROD106,CUST4110,REV25954
ORD15955,3,120,13/05/2023,Cancelled,PayPal,PROD104,CUST1563,REV25955
ORD15956,5,59,12/10/2023,Shipped,Cash on Delivery,PROD111,CUST3481,REV25956
ORD15957,3,59,22/07/2023,Pending,Cash on Delivery,PROD103,CUST1718,REV25957
ORD15958,4,25,1/12/2024,Cancelled,Cash on Delivery,PROD114,CUST3604,REV25958
ORD15959,4,99,27/09/2024,Pending,Credit Card,PROD106,CUST5143,REV25959
ORD15960,3,80,26/08/2023,Shipped,Credit Card,PROD110,CUST5403,REV25960
ORD15961,5,199,28/02/2025,Returned,Credit Card,PROD102,CUST4678,REV25961
ORD15962,5,120,29/08/2022,Shipped,Credit Card,PROD104,CUST5821,REV25962
ORD15963,4,899,13/09/2023,Shipped,Cash on Delivery,PROD101,CUST4498,REV25963
ORD15964,2,129,31/05/2023,Delivered,Credit Card,PROD109,CUST2309,REV25964
ORD15965,2,120,18/07/2025,Delivered,Cash on Delivery,PROD104,CUST1447,REV25965
ORD15966,5,110,23/07/2023,Delivered,Credit Card,PROD105,CUST4305,REV25966
ORD15967,2,399,12/04/2024,Shipped,Credit Card,PROD107,CUST4243,REV25967
ORD15968,4,59,27/12/2022,Cancelled,Credit Card,PROD103,CUST2853,REV25968
ORD15969,4,999,13/06/2024,Returned,Credit Card,PROD100,CUST3955,REV25969
ORD15970,5,25,10/03/2023,Cancelled,PayPal,PROD114,CUST1061,REV25970
ORD15971,3,59,7/08/2023,Pending,PayPal,PROD103,CUST4318,REV25971
ORD15972,1,110,12/05/2024,Delivered,Cash on Delivery,PROD105,CUST3157,REV25972
ORD15973,5,110,9/03/2025,Delivered,Credit Card,PROD105,CUST5810,REV25973
ORD15974,5,229,14/12/2022,Cancelled,Cash on Delivery,PROD108,CUST2727,REV25974
ORD15975,2,999,20/01/2024,Cancelled,PayPal,PROD100,CUST5654,REV25975
ORD15976,5,59,6/04/2023,Pending,Cash on Delivery,PROD103,CUST2715,REV25976
ORD15977,4,199,27/06/2023,Returned,Credit Card,PROD102,CUST4561,REV25977
ORD15978,5,899,26/02/2025,Returned,PayPal,PROD101,CUST3027,REV25978
ORD15979,3,25,27/09/2022,Pending,Credit Card,PROD114,CUST1597,REV25979
ORD15980,4,999,30/08/2023,Shipped,PayPal,PROD100,CUST4522,REV25980
ORD15981,4,80,12/04/2024,Shipped,Cash on Delivery,PROD110,CUST2025,REV25981
ORD15982,1,59,29/01/2025,Cancelled,Credit Card,PROD111,CUST5576,REV25982
ORD15983,1,120,28/09/2024,Shipped,Credit Card,PROD104,CUST1545,REV25983
ORD15984,2,25,29/04/2023,Returned,Credit Card,PROD114,CUST2281,REV25984
ORD15985,5,59,17/12/2022,Shipped,PayPal,PROD103,CUST5436,REV25985
ORD15986,5,229,6/08/2024,Delivered,Credit Card,PROD108,CUST4010,REV25986
ORD15987,5,999,25/08/2024,Delivered,Cash on Delivery,PROD100,CUST1254,REV25987
ORD15988,5,110,10/09/2022,Pending,PayPal,PROD105,CUST2070,REV25988
ORD15989,1,999,8/02/2025,Shipped,Cash on Delivery,PROD100,CUST3598,REV25989
ORD15990,3,899,23/06/2025,Pending,Credit Card,PROD101,CUST1607,REV25990
ORD15991,4,399,14/05/2024,Returned,Cash on Delivery,PROD107,CUST4483,REV25991
ORD15992,3,399,6/06/2025,Pending,Cash on Delivery,PROD107,CUST1488,REV25992
ORD15993,4,149,16/10/2023,Delivered,Credit Card,PROD113,CUST3988,REV25993
ORD15994,5,199,18/06/2024,Pending,Cash on Delivery,PROD102,CUST1849,REV25994
ORD15995,3,149,13/04/2024,Shipped,Credit Card,PROD113,CUST4506,REV25995
ORD15996,4,399,23/12/2022,Cancelled,PayPal,PROD107,CUST2519,REV25996
ORD15997,1,59,23/12/2023,Cancelled,Cash on Delivery,PROD111,CUST3488,REV25997
ORD15998,2,59,14/04/2023,Cancelled,Cash on Delivery,PROD111,CUST5390,REV25998
ORD15999,5,999,7/11/2023,Returned,Credit Card,PROD100,CUST5563,REV25999
ORD16000,4,199,4/10/2022,Cancelled,Credit Card,PROD102,CUST4944,REV26000
ORD16001,4,25,10/06/2025,Returned,PayPal,PROD114,CUST4081,REV26001
ORD16002,4,80,14/11/2022,Shipped,Cash on Delivery,PROD110,CUST5883,REV26002
ORD16003,5,25,1/12/2022,Cancelled,Cash on Delivery,PROD114,CUST2486,REV26003
ORD16004,4,199,4/04/2024,Returned,Credit Card,PROD112,CUST1106,REV26004
ORD16005,4,59,7/01/2025,Pending,Credit Card,PROD111,CUST5432,REV26005
ORD16006,1,120,21/11/2023,Shipped,Credit Card,PROD104,CUST5361,REV26006
ORD16007,1,25,5/08/2024,Shipped,Cash on Delivery,PROD114,CUST1112,REV26007
ORD16008,4,59,3/07/2023,Delivered,Cash on Delivery,PROD111,CUST3611,REV26008
ORD16009,2,80,20/10/2022,Cancelled,Credit Card,PROD110,CUST1522,REV26009
ORD16010,3,149,10/11/2024,Delivered,PayPal,PROD113,CUST4924,REV26010
ORD16011,3,99,18/12/2022,Shipped,PayPal,PROD106,CUST5201,REV26011
ORD16012,4,199,21/11/2024,Pending,Cash on Delivery,PROD102,CUST2941,REV26012
ORD16013,2,80,21/03/2025,Shipped,PayPal,PROD110,CUST2472,REV26013
ORD16014,2,99,5/07/2023,Pending,PayPal,PROD106,CUST3736,REV26014
ORD16015,3,199,11/01/2024,Shipped,PayPal,PROD112,CUST2104,REV26015
ORD16016,2,399,9/05/2023,Pending,PayPal,PROD107,CUST5537,REV26016
ORD16017,2,199,21/09/2024,Returned,Cash on Delivery,PROD102,CUST5672,REV26017
ORD16018,1,999,13/01/2025,Delivered,Cash on Delivery,PROD100,CUST1465,REV26018
ORD16019,3,199,19/04/2023,Delivered,Cash on Delivery,PROD112,CUST3357,REV26019
ORD16020,4,199,24/05/2023,Shipped,Credit Card,PROD112,CUST3569,REV26020
ORD16021,5,99,1/06/2023,Cancelled,Credit Card,PROD106,CUST2407,REV26021
ORD16022,4,59,8/10/2023,Pending,Cash on Delivery,PROD111,CUST4559,REV26022
ORD16023,2,399,2/04/2024,Pending,Credit Card,PROD107,CUST5981,REV26023
ORD16024,3,899,19/12/2024,Pending,Credit Card,PROD101,CUST1787,REV26024
ORD16025,1,99,2/04/2025,Returned,Credit Card,PROD106,CUST3413,REV26025
ORD16026,4,149,7/11/2024,Returned,Credit Card,PROD113,CUST5412,REV26026
ORD16027,5,99,21/07/2024,Shipped,Cash on Delivery,PROD106,CUST2718,REV26027
ORD16028,3,999,26/12/2023,Pending,PayPal,PROD100,CUST3678,REV26028
ORD16029,2,129,3/11/2022,Cancelled,Credit Card,PROD109,CUST2883,REV26029
ORD16030,1,59,25/09/2023,Pending,Credit Card,PROD103,CUST2961,REV26030
ORD16031,2,59,17/04/2024,Delivered,Cash on Delivery,PROD111,CUST3186,REV26031
ORD16032,5,229,6/04/2025,Returned,PayPal,PROD108,CUST3858,REV26032
ORD16033,1,80,25/10/2023,Shipped,Cash on Delivery,PROD110,CUST1631,REV26033
ORD16034,5,120,22/08/2025,Cancelled,Cash on Delivery,PROD104,CUST4953,REV26034
ORD16035,4,199,2/02/2024,Shipped,Cash on Delivery,PROD112,CUST4099,REV26035
ORD16036,5,199,7/09/2022,Cancelled,Credit Card,PROD112,CUST3246,REV26036
ORD16037,3,149,20/04/2023,Cancelled,Cash on Delivery,PROD113,CUST1508,REV26037
ORD16038,4,199,22/11/2022,Delivered,Cash on Delivery,PROD102,CUST2700,REV26038
ORD16039,3,899,24/10/2024,Shipped,Cash on Delivery,PROD101,CUST4712,REV26039
ORD16040,4,59,13/05/2023,Delivered,Cash on Delivery,PROD111,CUST3526,REV26040
ORD16041,3,899,10/07/2023,Returned,PayPal,PROD101,CUST4817,REV26041
ORD16042,3,99,15/10/2023,Delivered,PayPal,PROD106,CUST2089,REV26042
ORD16043,3,229,3/03/2025,Pending,Cash on Delivery,PROD108,CUST3181,REV26043
ORD16044,4,899,27/12/2024,Returned,PayPal,PROD101,CUST4548,REV26044
ORD16045,1,999,8/02/2024,Shipped,PayPal,PROD100,CUST5307,REV26045
ORD16046,3,199,5/04/2023,Delivered,Cash on Delivery,PROD102,CUST4619,REV26046
ORD16047,3,120,24/10/2022,Shipped,Credit Card,PROD104,CUST3756,REV26047
ORD16048,4,199,22/05/2024,Pending,PayPal,PROD112,CUST3497,REV26048
ORD16049,3,149,28/06/2024,Returned,PayPal,PROD113,CUST5021,REV26049
ORD16050,2,59,9/06/2024,Shipped,Cash on Delivery,PROD103,CUST5758,REV26050
ORD16051,4,129,12/06/2024,Pending,PayPal,PROD109,CUST1174,REV26051
ORD16052,1,110,9/12/2023,Returned,Cash on Delivery,PROD105,CUST3893,REV26052
ORD16053,1,25,20/12/2022,Returned,PayPal,PROD114,CUST2659,REV26053
ORD16054,4,59,18/03/2023,Delivered,Cash on Delivery,PROD103,CUST4091,REV26054
ORD16055,4,59,15/07/2023,Pending,PayPal,PROD111,CUST3175,REV26055
ORD16056,5,199,19/06/2024,Returned,Cash on Delivery,PROD102,CUST3480,REV26056
ORD16057,5,199,30/04/2024,Delivered,Cash on Delivery,PROD102,CUST5569,REV26057
ORD16058,3,99,9/09/2023,Returned,PayPal,PROD106,CUST4015,REV26058
ORD16059,4,59,31/12/2024,Shipped,Credit Card,PROD103,CUST4885,REV26059
ORD16060,1,99,2/09/2024,Cancelled,Cash on Delivery,PROD106,CUST2129,REV26060
ORD16061,4,899,21/07/2023,Pending,PayPal,PROD101,CUST1957,REV26061
ORD16062,5,110,8/04/2023,Returned,Cash on Delivery,PROD105,CUST5495,REV26062
ORD16063,3,899,16/02/2025,Pending,Cash on Delivery,PROD101,CUST3604,REV26063
ORD16064,5,25,8/02/2023,Shipped,Cash on Delivery,PROD114,CUST4850,REV26064
ORD16065,2,199,6/11/2022,Cancelled,PayPal,PROD102,CUST4415,REV26065
ORD16066,1,59,27/02/2025,Shipped,PayPal,PROD111,CUST2286,REV26066
ORD16067,5,59,27/05/2024,Pending,Cash on Delivery,PROD103,CUST1810,REV26067
ORD16068,2,110,20/05/2023,Returned,Credit Card,PROD105,CUST2262,REV26068
ORD16069,3,399,4/04/2025,Cancelled,Credit Card,PROD107,CUST4146,REV26069
ORD16070,1,99,21/11/2022,Pending,Credit Card,PROD106,CUST3713,REV26070
ORD16071,5,59,18/03/2025,Cancelled,Credit Card,PROD103,CUST2455,REV26071
ORD16072,5,110,21/03/2025,Returned,Cash on Delivery,PROD105,CUST1444,REV26072
ORD16073,5,99,20/02/2023,Cancelled,Credit Card,PROD106,CUST2537,REV26073
ORD16074,5,129,5/03/2023,Pending,PayPal,PROD109,CUST3704,REV26074
ORD16075,1,149,14/10/2023,Pending,Cash on Delivery,PROD113,CUST5414,REV26075
ORD16076,1,899,20/05/2023,Returned,Credit Card,PROD101,CUST2669,REV26076
ORD16077,3,229,20/10/2023,Pending,Cash on Delivery,PROD108,CUST4248,REV26077
ORD16078,1,59,27/06/2024,Shipped,Credit Card,PROD111,CUST3479,REV26078
ORD16079,4,899,19/09/2022,Shipped,Cash on Delivery,PROD101,CUST2181,REV26079
ORD16080,3,399,24/12/2024,Pending,PayPal,PROD107,CUST3224,REV26080
ORD16081,5,59,10/07/2024,Returned,PayPal,PROD103,CUST5495,REV26081
ORD16082,3,120,4/03/2023,Returned,Credit Card,PROD104,CUST4769,REV26082
ORD16083,2,899,15/02/2023,Cancelled,PayPal,PROD101,CUST5347,REV26083
ORD16084,4,99,27/06/2023,Shipped,Cash on Delivery,PROD106,CUST4895,REV26084
ORD16085,2,149,21/07/2024,Shipped,Cash on Delivery,PROD113,CUST3911,REV26085
ORD16086,3,80,12/07/2024,Returned,PayPal,PROD110,CUST3560,REV26086
ORD16087,5,199,9/01/2023,Returned,Credit Card,PROD102,CUST4040,REV26087
ORD16088,1,80,12/08/2024,Delivered,PayPal,PROD110,CUST5308,REV26088
ORD16089,3,59,25/05/2023,Pending,Credit Card,PROD103,CUST4420,REV26089
ORD16090,5,129,16/07/2025,Returned,PayPal,PROD109,CUST5145,REV26090
ORD16091,1,110,25/06/2023,Pending,PayPal,PROD105,CUST4154,REV26091
ORD16092,3,110,15/09/2022,Pending,PayPal,PROD105,CUST1025,REV26092
ORD16093,2,229,17/06/2024,Shipped,PayPal,PROD108,CUST2881,REV26093
ORD16094,3,80,15/04/2023,Cancelled,Cash on Delivery,PROD110,CUST3770,REV26094
ORD16095,2,110,11/03/2025,Returned,Credit Card,PROD105,CUST2929,REV26095
ORD16096,2,149,15/12/2023,Pending,Cash on Delivery,PROD113,CUST4813,REV26096
ORD16097,1,59,23/10/2024,Cancelled,Credit Card,PROD103,CUST5559,REV26097
ORD16098,1,110,16/09/2022,Shipped,Cash on Delivery,PROD105,CUST5412,REV26098
ORD16099,5,149,2/02/2023,Pending,Cash on Delivery,PROD113,CUST5010,REV26099
ORD16100,2,399,24/10/2024,Pending,Cash on Delivery,PROD107,CUST4667,REV26100
ORD16101,4,25,23/05/2024,Cancelled,Credit Card,PROD114,CUST4168,REV26101
ORD16102,5,149,4/06/2024,Delivered,Credit Card,PROD113,CUST4330,REV26102
ORD16103,1,120,25/04/2025,Delivered,Credit Card,PROD104,CUST5419,REV26103
ORD16104,3,999,19/07/2024,Cancelled,Cash on Delivery,PROD100,CUST4360,REV26104
ORD16105,4,99,22/02/2024,Returned,PayPal,PROD106,CUST2341,REV26105
ORD16106,5,25,23/09/2023,Cancelled,Credit Card,PROD114,CUST3367,REV26106
ORD16107,2,199,28/12/2023,Returned,Credit Card,PROD102,CUST3442,REV26107
ORD16108,1,199,8/05/2024,Delivered,Credit Card,PROD102,CUST1681,REV26108
ORD16109,2,59,21/07/2025,Returned,PayPal,PROD111,CUST5543,REV26109
ORD16110,4,899,13/07/2025,Cancelled,Cash on Delivery,PROD101,CUST5059,REV26110
ORD16111,2,399,11/06/2025,Delivered,PayPal,PROD107,CUST2155,REV26111
ORD16112,1,129,6/09/2023,Cancelled,Cash on Delivery,PROD109,CUST3054,REV26112
ORD16113,4,110,1/11/2022,Cancelled,Credit Card,PROD105,CUST4225,REV26113
ORD16114,1,199,19/06/2024,Shipped,PayPal,PROD102,CUST5388,REV26114
ORD16115,1,899,21/11/2023,Delivered,Cash on Delivery,PROD101,CUST2524,REV26115
ORD16116,1,59,13/09/2022,Pending,Credit Card,PROD111,CUST3611,REV26116
ORD16117,5,110,22/12/2024,Returned,Cash on Delivery,PROD105,CUST2457,REV26117
ORD16118,4,59,15/03/2023,Cancelled,Cash on Delivery,PROD111,CUST1951,REV26118
ORD16119,2,110,1/12/2024,Shipped,PayPal,PROD105,CUST5164,REV26119
ORD16120,2,80,15/09/2023,Shipped,Credit Card,PROD110,CUST4193,REV26120
ORD16121,2,149,17/01/2024,Shipped,Credit Card,PROD113,CUST5594,REV26121
ORD16122,4,229,30/09/2023,Cancelled,Cash on Delivery,PROD108,CUST1295,REV26122
ORD16123,1,59,15/09/2024,Returned,Credit Card,PROD103,CUST4673,REV26123
ORD16124,4,25,3/10/2022,Returned,Credit Card,PROD114,CUST5265,REV26124
ORD16125,5,110,4/09/2023,Cancelled,Cash on Delivery,PROD105,CUST3128,REV26125
ORD16126,1,149,17/06/2023,Pending,PayPal,PROD113,CUST2490,REV26126
ORD16127,1,120,6/02/2023,Cancelled,Cash on Delivery,PROD104,CUST4940,REV26127
ORD16128,2,129,26/05/2025,Delivered,Cash on Delivery,PROD109,CUST1781,REV26128
ORD16129,2,149,16/07/2024,Pending,Credit Card,PROD113,CUST2403,REV26129
ORD16130,1,80,23/08/2023,Shipped,Cash on Delivery,PROD110,CUST2275,REV26130
ORD16131,4,129,16/06/2025,Delivered,Cash on Delivery,PROD109,CUST4789,REV26131
ORD16132,3,229,2/06/2025,Delivered,Credit Card,PROD108,CUST5935,REV26132
ORD16133,4,129,28/05/2023,Pending,Credit Card,PROD109,CUST4826,REV26133
ORD16134,2,199,6/08/2024,Pending,PayPal,PROD112,CUST5998,REV26134
ORD16135,3,199,8/04/2023,Shipped,PayPal,PROD102,CUST5744,REV26135
ORD16136,2,149,5/04/2023,Delivered,PayPal,PROD113,CUST3872,REV26136
ORD16137,1,129,13/05/2023,Delivered,Cash on Delivery,PROD109,CUST3429,REV26137
ORD16138,5,59,14/08/2025,Cancelled,Credit Card,PROD111,CUST3638,REV26138
ORD16139,5,59,24/08/2024,Delivered,Credit Card,PROD103,CUST4341,REV26139
ORD16140,4,999,11/09/2024,Cancelled,Cash on Delivery,PROD100,CUST4749,REV26140
ORD16141,4,59,25/07/2023,Returned,Cash on Delivery,PROD111,CUST3696,REV26141
ORD16142,4,25,17/05/2025,Delivered,Cash on Delivery,PROD114,CUST5568,REV26142
ORD16143,2,120,22/06/2023,Returned,Credit Card,PROD104,CUST5384,REV26143
ORD16144,1,110,9/02/2025,Cancelled,PayPal,PROD105,CUST3716,REV26144
ORD16145,3,229,10/05/2023,Returned,PayPal,PROD108,CUST4049,REV26145
ORD16146,2,199,29/10/2023,Returned,Credit Card,PROD102,CUST4084,REV26146
ORD16147,2,199,27/09/2023,Returned,PayPal,PROD112,CUST5894,REV26147
ORD16148,1,25,28/01/2023,Delivered,Credit Card,PROD114,CUST4977,REV26148
ORD16149,1,99,29/03/2025,Cancelled,Credit Card,PROD106,CUST3684,REV26149
ORD16150,2,899,25/08/2023,Cancelled,Credit Card,PROD101,CUST2306,REV26150
ORD16151,3,199,26/01/2025,Shipped,PayPal,PROD112,CUST4522,REV26151
ORD16152,3,25,3/10/2023,Cancelled,Credit Card,PROD114,CUST4264,REV26152
ORD16153,2,199,18/06/2024,Pending,Credit Card,PROD102,CUST3749,REV26153
ORD16154,2,399,20/12/2024,Pending,PayPal,PROD107,CUST4059,REV26154
ORD16155,3,25,8/12/2022,Cancelled,Credit Card,PROD114,CUST2092,REV26155
ORD16156,1,59,9/04/2025,Cancelled,Cash on Delivery,PROD103,CUST4957,REV26156
ORD16157,2,59,2/12/2023,Returned,Credit Card,PROD111,CUST3086,REV26157
ORD16158,1,999,25/11/2022,Delivered,PayPal,PROD100,CUST1102,REV26158
ORD16159,2,149,4/01/2024,Shipped,Credit Card,PROD113,CUST2066,REV26159
ORD16160,5,129,6/04/2023,Shipped,Credit Card,PROD109,CUST2300,REV26160
ORD16161,1,120,31/08/2023,Delivered,PayPal,PROD104,CUST4839,REV26161
ORD16162,5,120,8/11/2022,Shipped,PayPal,PROD104,CUST1348,REV26162
ORD16163,5,899,26/06/2025,Delivered,Credit Card,PROD101,CUST2152,REV26163
ORD16164,3,899,11/10/2024,Pending,Cash on Delivery,PROD101,CUST5479,REV26164
ORD16165,1,199,21/12/2022,Cancelled,Credit Card,PROD112,CUST2008,REV26165
ORD16166,3,110,18/08/2025,Returned,Cash on Delivery,PROD105,CUST4047,REV26166
ORD16167,1,120,12/10/2022,Pending,Credit Card,PROD104,CUST1802,REV26167
ORD16168,4,110,20/11/2022,Returned,PayPal,PROD105,CUST3973,REV26168
ORD16169,4,999,21/08/2025,Cancelled,PayPal,PROD100,CUST5336,REV26169
ORD16170,3,59,25/01/2023,Returned,Cash on Delivery,PROD111,CUST1723,REV26170
ORD16171,1,399,27/06/2024,Delivered,Credit Card,PROD107,CUST4179,REV26171
ORD16172,4,149,8/03/2025,Cancelled,Cash on Delivery,PROD113,CUST3224,REV26172
ORD16173,5,399,3/02/2023,Cancelled,Cash on Delivery,PROD107,CUST4009,REV26173
ORD16174,2,999,5/09/2022,Pending,Cash on Delivery,PROD100,CUST2025,REV26174
ORD16175,1,199,20/01/2025,Returned,PayPal,PROD112,CUST3141,REV26175
ORD16176,4,129,13/03/2023,Returned,Cash on Delivery,PROD109,CUST1990,REV26176
ORD16177,1,59,6/06/2025,Returned,Credit Card,PROD103,CUST1501,REV26177
ORD16178,2,59,29/09/2024,Pending,Credit Card,PROD103,CUST3844,REV26178
ORD16179,2,899,3/06/2024,Pending,PayPal,PROD101,CUST4069,REV26179
ORD16180,4,110,18/10/2024,Shipped,PayPal,PROD105,CUST5289,REV26180
ORD16181,5,899,1/12/2022,Returned,Credit Card,PROD101,CUST2633,REV26181
ORD16182,1,149,26/01/2024,Delivered,Cash on Delivery,PROD113,CUST3555,REV26182
ORD16183,2,199,8/01/2024,Returned,Cash on Delivery,PROD102,CUST4619,REV26183
ORD16184,2,99,9/02/2023,Returned,Credit Card,PROD106,CUST5174,REV26184
ORD16185,4,120,23/05/2023,Returned,PayPal,PROD104,CUST2731,REV26185
ORD16186,2,110,16/12/2023,Shipped,PayPal,PROD105,CUST2429,REV26186
ORD16187,3,149,15/05/2025,Shipped,Cash on Delivery,PROD113,CUST2439,REV26187
ORD16188,2,59,22/05/2023,Cancelled,Credit Card,PROD103,CUST1322,REV26188
ORD16189,1,80,23/07/2023,Cancelled,PayPal,PROD110,CUST2037,REV26189
ORD16190,4,59,20/12/2022,Cancelled,PayPal,PROD111,CUST5626,REV26190
ORD16191,2,110,14/12/2023,Shipped,PayPal,PROD105,CUST1292,REV26191
ORD16192,3,59,27/07/2025,Pending,Cash on Delivery,PROD103,CUST3222,REV26192
ORD16193,4,59,16/09/2022,Pending,Cash on Delivery,PROD111,CUST1245,REV26193
ORD16194,4,80,7/12/2022,Shipped,PayPal,PROD110,CUST1429,REV26194
ORD16195,1,199,17/03/2024,Cancelled,Cash on Delivery,PROD102,CUST1271,REV26195
ORD16196,2,110,4/05/2025,Pending,Credit Card,PROD105,CUST1059,REV26196
ORD16197,4,59,2/11/2023,Shipped,PayPal,PROD103,CUST4738,REV26197
ORD16198,2,999,15/01/2024,Shipped,Cash on Delivery,PROD100,CUST2339,REV26198
ORD16199,3,229,20/07/2023,Pending,Cash on Delivery,PROD108,CUST5865,REV26199
ORD16200,5,399,13/08/2024,Delivered,PayPal,PROD107,CUST2086,REV26200
ORD16201,1,59,6/09/2024,Shipped,PayPal,PROD111,CUST2067,REV26201
ORD16202,3,25,19/07/2023,Returned,Cash on Delivery,PROD114,CUST2460,REV26202
ORD16203,3,399,20/08/2023,Delivered,Cash on Delivery,PROD107,CUST3023,REV26203
ORD16204,4,99,29/12/2022,Shipped,Cash on Delivery,PROD106,CUST2587,REV26204
ORD16205,5,120,16/09/2022,Pending,Credit Card,PROD104,CUST3507,REV26205
ORD16206,2,199,6/12/2022,Shipped,Credit Card,PROD102,CUST5073,REV26206
ORD16207,3,229,27/11/2023,Delivered,PayPal,PROD108,CUST5415,REV26207
ORD16208,4,59,1/04/2023,Cancelled,Cash on Delivery,PROD111,CUST2325,REV26208
ORD16209,1,199,22/12/2022,Cancelled,Credit Card,PROD102,CUST3833,REV26209
ORD16210,2,59,24/02/2024,Delivered,Cash on Delivery,PROD103,CUST5379,REV26210
ORD16211,2,149,9/09/2024,Pending,Credit Card,PROD113,CUST2037,REV26211
ORD16212,5,80,9/08/2024,Delivered,Cash on Delivery,PROD110,CUST1589,REV26212
ORD16213,1,59,24/11/2022,Returned,Cash on Delivery,PROD103,CUST4066,REV26213
ORD16214,1,99,25/10/2022,Returned,PayPal,PROD106,CUST2436,REV26214
ORD16215,4,120,24/06/2024,Cancelled,Credit Card,PROD104,CUST1249,REV26215
ORD16216,2,59,9/11/2022,Cancelled,Credit Card,PROD111,CUST3499,REV26216
ORD16217,1,120,9/02/2025,Pending,Credit Card,PROD104,CUST1194,REV26217
ORD16218,3,110,29/08/2022,Cancelled,Cash on Delivery,PROD105,CUST4930,REV26218
ORD16219,2,120,30/07/2023,Returned,Credit Card,PROD104,CUST5411,REV26219
ORD16220,2,99,20/05/2024,Returned,PayPal,PROD106,CUST3362,REV26220
ORD16221,4,120,3/04/2024,Delivered,Credit Card,PROD104,CUST3653,REV26221
ORD16222,3,59,4/05/2025,Delivered,Cash on Delivery,PROD111,CUST1448,REV26222
ORD16223,2,110,17/05/2025,Shipped,PayPal,PROD105,CUST5947,REV26223
ORD16224,4,199,5/04/2024,Returned,Cash on Delivery,PROD112,CUST2528,REV26224
ORD16225,1,25,27/10/2022,Delivered,PayPal,PROD114,CUST1041,REV26225
ORD16226,5,149,2/10/2024,Pending,Cash on Delivery,PROD113,CUST2875,REV26226
ORD16227,3,229,30/03/2024,Pending,Credit Card,PROD108,CUST5821,REV26227
ORD16228,2,399,1/04/2024,Cancelled,Cash on Delivery,PROD107,CUST5896,REV26228
ORD16229,2,399,9/01/2023,Pending,PayPal,PROD107,CUST5578,REV26229
ORD16230,2,59,7/02/2025,Cancelled,Credit Card,PROD103,CUST3732,REV26230
ORD16231,2,149,24/01/2024,Returned,Credit Card,PROD113,CUST1006,REV26231
ORD16232,1,399,20/02/2025,Returned,Credit Card,PROD107,CUST5639,REV26232
ORD16233,3,229,6/12/2022,Returned,Credit Card,PROD108,CUST2214,REV26233
ORD16234,1,229,12/02/2023,Returned,PayPal,PROD108,CUST1845,REV26234
ORD16235,2,399,23/10/2022,Cancelled,PayPal,PROD107,CUST5384,REV26235
ORD16236,5,129,10/04/2025,Pending,Cash on Delivery,PROD109,CUST3805,REV26236
ORD16237,2,25,6/08/2023,Delivered,PayPal,PROD114,CUST3988,REV26237
ORD16238,5,149,31/03/2023,Delivered,Cash on Delivery,PROD113,CUST4855,REV26238
ORD16239,2,99,1/01/2025,Shipped,PayPal,PROD106,CUST4035,REV26239
ORD16240,5,99,7/10/2024,Delivered,Cash on Delivery,PROD106,CUST5751,REV26240
ORD16241,4,25,26/12/2023,Delivered,Cash on Delivery,PROD114,CUST2014,REV26241
ORD16242,3,149,1/05/2025,Shipped,Credit Card,PROD113,CUST4686,REV26242
ORD16243,5,399,14/08/2024,Pending,Credit Card,PROD107,CUST4568,REV26243
ORD16244,1,25,31/12/2023,Delivered,Cash on Delivery,PROD114,CUST3414,REV26244
ORD16245,4,129,15/06/2025,Delivered,Cash on Delivery,PROD109,CUST5254,REV26245
ORD16246,5,199,18/09/2024,Delivered,Cash on Delivery,PROD112,CUST5328,REV26246
ORD16247,1,110,3/04/2024,Returned,Credit Card,PROD105,CUST3096,REV26247
ORD16248,2,129,24/03/2023,Cancelled,Cash on Delivery,PROD109,CUST1763,REV26248
ORD16249,5,59,26/07/2023,Shipped,Credit Card,PROD111,CUST5392,REV26249
ORD16250,5,199,25/08/2023,Cancelled,Credit Card,PROD112,CUST3293,REV26250
ORD16251,2,25,5/02/2025,Pending,PayPal,PROD114,CUST4201,REV26251
ORD16252,4,149,22/03/2024,Returned,Credit Card,PROD113,CUST1547,REV26252
ORD16253,2,229,25/11/2024,Returned,PayPal,PROD108,CUST3593,REV26253
ORD16254,2,199,14/01/2025,Returned,PayPal,PROD112,CUST2693,REV26254
ORD16255,4,129,3/04/2023,Shipped,PayPal,PROD109,CUST2066,REV26255
ORD16256,1,59,12/02/2023,Delivered,PayPal,PROD111,CUST1968,REV26256
ORD16257,4,999,23/09/2024,Delivered,Credit Card,PROD100,CUST1342,REV26257
ORD16258,5,110,11/08/2024,Shipped,PayPal,PROD105,CUST2118,REV26258
ORD16259,5,59,20/10/2024,Delivered,PayPal,PROD103,CUST1429,REV26259
ORD16260,3,25,2/05/2025,Cancelled,Cash on Delivery,PROD114,CUST3032,REV26260
ORD16261,1,199,12/03/2024,Cancelled,PayPal,PROD112,CUST2693,REV26261
ORD16262,2,25,3/07/2023,Shipped,PayPal,PROD114,CUST2313,REV26262
ORD16263,2,229,24/05/2025,Returned,Cash on Delivery,PROD108,CUST2723,REV26263
ORD16264,5,80,16/12/2022,Returned,PayPal,PROD110,CUST3621,REV26264
ORD16265,5,110,9/01/2025,Pending,PayPal,PROD105,CUST3645,REV26265
ORD16266,5,229,31/03/2025,Shipped,Cash on Delivery,PROD108,CUST2292,REV26266
ORD16267,4,59,26/12/2022,Delivered,Cash on Delivery,PROD103,CUST3627,REV26267
ORD16268,5,199,26/10/2023,Delivered,Cash on Delivery,PROD102,CUST4496,REV26268
ORD16269,2,25,5/01/2025,Returned,Cash on Delivery,PROD114,CUST5560,REV26269
ORD16270,5,899,23/11/2024,Delivered,Credit Card,PROD101,CUST3984,REV26270
ORD16271,1,149,12/10/2024,Cancelled,PayPal,PROD113,CUST3529,REV26271
ORD16272,5,199,25/10/2022,Shipped,Cash on Delivery,PROD102,CUST4404,REV26272
ORD16273,5,25,15/10/2023,Returned,PayPal,PROD114,CUST4268,REV26273
ORD16274,5,59,7/05/2024,Pending,PayPal,PROD103,CUST4325,REV26274
ORD16275,2,399,30/04/2023,Delivered,Cash on Delivery,PROD107,CUST3718,REV26275
ORD16276,5,129,20/07/2025,Pending,Credit Card,PROD109,CUST2431,REV26276
ORD16277,3,120,20/06/2024,Cancelled,Cash on Delivery,PROD104,CUST5034,REV26277
ORD16278,4,59,20/03/2025,Pending,Cash on Delivery,PROD103,CUST4171,REV26278
ORD16279,5,59,27/11/2022,Delivered,Cash on Delivery,PROD103,CUST4805,REV26279
ORD16280,1,229,7/08/2023,Cancelled,Cash on Delivery,PROD108,CUST4476,REV26280
ORD16281,3,59,7/09/2023,Pending,Cash on Delivery,PROD103,CUST1275,REV26281
ORD16282,2,229,21/05/2024,Returned,Cash on Delivery,PROD108,CUST1306,REV26282
ORD16283,5,199,9/03/2024,Shipped,Credit Card,PROD112,CUST2707,REV26283
ORD16284,4,120,6/07/2024,Shipped,PayPal,PROD104,CUST3410,REV26284
ORD16285,3,199,12/12/2022,Returned,PayPal,PROD102,CUST4514,REV26285
ORD16286,4,120,14/08/2025,Shipped,PayPal,PROD104,CUST4723,REV26286
ORD16287,2,110,30/09/2023,Returned,PayPal,PROD105,CUST3271,REV26287
ORD16288,5,899,17/01/2024,Pending,Credit Card,PROD101,CUST2036,REV26288
ORD16289,5,80,4/09/2023,Pending,Cash on Delivery,PROD110,CUST5044,REV26289
ORD16290,3,199,15/12/2023,Pending,PayPal,PROD102,CUST5153,REV26290
ORD16291,5,110,1/02/2024,Delivered,PayPal,PROD105,CUST3404,REV26291
ORD16292,3,59,9/02/2025,Pending,PayPal,PROD103,CUST2595,REV26292
ORD16293,3,129,11/11/2024,Shipped,PayPal,PROD109,CUST4221,REV26293
ORD16294,4,80,12/11/2024,Delivered,Credit Card,PROD110,CUST1043,REV26294
ORD16295,2,110,15/02/2024,Cancelled,PayPal,PROD105,CUST2691,REV26295
ORD16296,2,59,27/04/2025,Pending,Cash on Delivery,PROD111,CUST5873,REV26296
ORD16297,1,59,25/10/2023,Cancelled,PayPal,PROD103,CUST1337,REV26297
ORD16298,4,59,19/03/2023,Returned,PayPal,PROD111,CUST1058,REV26298
ORD16299,5,399,31/12/2022,Shipped,Credit Card,PROD107,CUST1324,REV26299
ORD16300,3,120,28/10/2023,Pending,PayPal,PROD104,CUST1630,REV26300
ORD16301,3,99,10/05/2024,Returned,Cash on Delivery,PROD106,CUST3398,REV26301
ORD16302,4,999,26/09/2024,Shipped,PayPal,PROD100,CUST5213,REV26302
ORD16303,3,199,16/03/2024,Shipped,PayPal,PROD102,CUST3339,REV26303
ORD16304,3,120,30/08/2024,Shipped,Cash on Delivery,PROD104,CUST5216,REV26304
ORD16305,5,199,13/04/2025,Returned,Credit Card,PROD102,CUST4439,REV26305
ORD16306,2,229,21/05/2023,Delivered,Cash on Delivery,PROD108,CUST4776,REV26306
ORD16307,2,25,29/08/2022,Shipped,Cash on Delivery,PROD114,CUST1584,REV26307
ORD16308,5,199,1/10/2022,Delivered,PayPal,PROD112,CUST3312,REV26308
ORD16309,2,120,28/12/2022,Delivered,Cash on Delivery,PROD104,CUST4336,REV26309
ORD16310,5,59,20/05/2023,Returned,Cash on Delivery,PROD103,CUST3320,REV26310
ORD16311,3,99,27/08/2023,Shipped,PayPal,PROD106,CUST4999,REV26311
ORD16312,4,999,26/10/2024,Shipped,Credit Card,PROD100,CUST3448,REV26312
ORD16313,1,120,28/11/2023,Cancelled,Credit Card,PROD104,CUST5442,REV26313
ORD16314,1,999,26/11/2023,Pending,Credit Card,PROD100,CUST4591,REV26314
ORD16315,4,199,11/08/2025,Cancelled,Credit Card,PROD102,CUST2005,REV26315
ORD16316,2,999,22/04/2023,Pending,Credit Card,PROD100,CUST5051,REV26316
ORD16317,2,199,7/05/2024,Cancelled,PayPal,PROD112,CUST5003,REV26317
ORD16318,4,80,29/12/2022,Shipped,PayPal,PROD110,CUST1424,REV26318
ORD16319,1,229,25/07/2023,Shipped,PayPal,PROD108,CUST3448,REV26319
ORD16320,4,229,13/11/2024,Pending,Cash on Delivery,PROD108,CUST5945,REV26320
ORD16321,2,229,10/09/2022,Pending,Credit Card,PROD108,CUST1689,REV26321
ORD16322,3,199,13/05/2025,Shipped,Credit Card,PROD102,CUST3525,REV26322
ORD16323,4,25,19/05/2025,Cancelled,Cash on Delivery,PROD114,CUST3470,REV26323
ORD16324,4,25,31/03/2025,Delivered,Cash on Delivery,PROD114,CUST4135,REV26324
ORD16325,3,120,10/07/2024,Returned,Credit Card,PROD104,CUST1035,REV26325
ORD16326,3,99,6/07/2024,Delivered,Credit Card,PROD106,CUST3609,REV26326
ORD16327,1,99,4/06/2023,Returned,Cash on Delivery,PROD106,CUST2375,REV26327
ORD16328,1,110,22/06/2025,Delivered,Cash on Delivery,PROD105,CUST2752,REV26328
ORD16329,3,999,4/08/2023,Shipped,Credit Card,PROD100,CUST4168,REV26329
ORD16330,4,120,24/09/2024,Pending,Cash on Delivery,PROD104,CUST2251,REV26330
ORD16331,5,59,2/07/2025,Delivered,PayPal,PROD111,CUST5668,REV26331
ORD16332,5,999,17/03/2024,Delivered,Credit Card,PROD100,CUST2100,REV26332
ORD16333,3,129,13/01/2025,Shipped,PayPal,PROD109,CUST3306,REV26333
ORD16334,3,80,11/11/2023,Delivered,Cash on Delivery,PROD110,CUST3576,REV26334
ORD16335,3,899,21/06/2023,Shipped,PayPal,PROD101,CUST5510,REV26335
ORD16336,4,229,4/07/2023,Shipped,Cash on Delivery,PROD108,CUST2075,REV26336
ORD16337,3,120,9/11/2023,Delivered,Credit Card,PROD104,CUST5342,REV26337
ORD16338,1,80,1/10/2023,Delivered,Cash on Delivery,PROD110,CUST4673,REV26338
ORD16339,5,399,23/07/2025,Shipped,Credit Card,PROD107,CUST1875,REV26339
ORD16340,3,999,26/10/2023,Cancelled,Credit Card,PROD100,CUST1323,REV26340
ORD16341,5,199,20/11/2023,Returned,Credit Card,PROD112,CUST3600,REV26341
ORD16342,4,899,9/05/2025,Cancelled,Credit Card,PROD101,CUST1660,REV26342
ORD16343,4,999,12/01/2023,Delivered,Cash on Delivery,PROD100,CUST5043,REV26343
ORD16344,1,199,8/02/2023,Shipped,PayPal,PROD102,CUST2336,REV26344
ORD16345,4,129,19/07/2024,Returned,Credit Card,PROD109,CUST2245,REV26345
ORD16346,1,120,13/05/2024,Returned,PayPal,PROD104,CUST4080,REV26346
ORD16347,1,59,16/03/2024,Returned,Credit Card,PROD103,CUST1482,REV26347
ORD16348,3,110,31/12/2022,Delivered,Cash on Delivery,PROD105,CUST4183,REV26348
ORD16349,1,129,28/11/2023,Pending,Cash on Delivery,PROD109,CUST2570,REV26349
ORD16350,2,199,30/07/2023,Returned,PayPal,PROD102,CUST5583,REV26350
ORD16351,5,399,29/09/2023,Pending,PayPal,PROD107,CUST4105,REV26351
ORD16352,1,229,28/12/2022,Shipped,PayPal,PROD108,CUST5974,REV26352
ORD16353,1,199,14/03/2023,Shipped,PayPal,PROD112,CUST4117,REV26353
ORD16354,1,25,11/11/2022,Shipped,Credit Card,PROD114,CUST3888,REV26354
ORD16355,2,399,4/02/2025,Shipped,Credit Card,PROD107,CUST5409,REV26355
ORD16356,1,199,14/05/2024,Pending,Cash on Delivery,PROD102,CUST1194,REV26356
ORD16357,5,399,18/02/2024,Pending,Cash on Delivery,PROD107,CUST2364,REV26357
ORD16358,2,199,2/07/2025,Delivered,Credit Card,PROD102,CUST2715,REV26358
ORD16359,5,149,18/03/2024,Returned,Cash on Delivery,PROD113,CUST3592,REV26359
ORD16360,5,120,2/01/2025,Pending,PayPal,PROD104,CUST4483,REV26360
ORD16361,2,129,1/02/2024,Pending,Cash on Delivery,PROD109,CUST2024,REV26361
ORD16362,2,199,29/12/2024,Cancelled,PayPal,PROD102,CUST1983,REV26362
ORD16363,1,399,12/01/2024,Delivered,Cash on Delivery,PROD107,CUST2795,REV26363
ORD16364,2,149,20/12/2024,Cancelled,Cash on Delivery,PROD113,CUST4868,REV26364
ORD16365,3,399,15/07/2023,Pending,Credit Card,PROD107,CUST4608,REV26365
ORD16366,2,120,1/11/2023,Cancelled,Credit Card,PROD104,CUST1409,REV26366
ORD16367,4,199,9/05/2024,Delivered,PayPal,PROD112,CUST1703,REV26367
ORD16368,3,399,8/11/2022,Shipped,Cash on Delivery,PROD107,CUST5292,REV26368
ORD16369,2,25,8/07/2023,Delivered,PayPal,PROD114,CUST1202,REV26369
ORD16370,1,59,28/07/2025,Cancelled,Credit Card,PROD111,CUST3119,REV26370
ORD16371,5,59,28/03/2025,Returned,Credit Card,PROD111,CUST4196,REV26371
ORD16372,1,149,11/02/2023,Delivered,Credit Card,PROD113,CUST1085,REV26372
ORD16373,3,120,19/01/2025,Shipped,PayPal,PROD104,CUST5334,REV26373
ORD16374,1,149,24/10/2023,Pending,PayPal,PROD113,CUST2554,REV26374
ORD16375,5,199,16/12/2022,Pending,Cash on Delivery,PROD112,CUST1743,REV26375
ORD16376,4,899,2/08/2023,Returned,PayPal,PROD101,CUST4062,REV26376
ORD16377,4,229,22/04/2025,Shipped,Credit Card,PROD108,CUST1218,REV26377
ORD16378,4,80,15/10/2022,Cancelled,Credit Card,PROD110,CUST4876,REV26378
ORD16379,1,199,21/05/2023,Pending,Cash on Delivery,PROD102,CUST1726,REV26379
ORD16380,5,120,13/09/2024,Cancelled,PayPal,PROD104,CUST3349,REV26380
ORD16381,4,399,25/03/2023,Cancelled,Credit Card,PROD107,CUST1681,REV26381
ORD16382,2,99,15/08/2024,Pending,Credit Card,PROD106,CUST4544,REV26382
ORD16383,5,110,21/02/2024,Shipped,PayPal,PROD105,CUST1355,REV26383
ORD16384,2,59,14/07/2023,Cancelled,Credit Card,PROD103,CUST5365,REV26384
ORD16385,1,99,11/03/2024,Pending,Cash on Delivery,PROD106,CUST2340,REV26385
ORD16386,1,80,25/12/2024,Delivered,PayPal,PROD110,CUST4205,REV26386
ORD16387,3,59,15/10/2022,Cancelled,Credit Card,PROD111,CUST1106,REV26387
ORD16388,1,229,27/06/2023,Shipped,PayPal,PROD108,CUST3766,REV26388
ORD16389,1,199,5/12/2024,Shipped,Credit Card,PROD112,CUST4227,REV26389
ORD16390,4,120,7/04/2025,Pending,Credit Card,PROD104,CUST5251,REV26390
ORD16391,4,25,9/07/2023,Shipped,Credit Card,PROD114,CUST5232,REV26391
ORD16392,4,199,19/12/2022,Shipped,Credit Card,PROD112,CUST5482,REV26392
ORD16393,3,199,17/12/2023,Cancelled,Cash on Delivery,PROD102,CUST1045,REV26393
ORD16394,2,149,21/10/2024,Cancelled,PayPal,PROD113,CUST4198,REV26394
ORD16395,4,59,18/06/2025,Delivered,Cash on Delivery,PROD103,CUST3440,REV26395
ORD16396,5,59,2/07/2024,Pending,PayPal,PROD111,CUST3989,REV26396
ORD16397,1,99,9/01/2025,Cancelled,Cash on Delivery,PROD106,CUST5416,REV26397
ORD16398,2,110,12/08/2023,Delivered,PayPal,PROD105,CUST5720,REV26398
ORD16399,3,59,13/09/2023,Cancelled,Credit Card,PROD103,CUST4202,REV26399
ORD16400,3,399,12/12/2022,Delivered,Cash on Delivery,PROD107,CUST1930,REV26400
ORD16401,2,149,2/10/2023,Pending,Cash on Delivery,PROD113,CUST1351,REV26401
ORD16402,2,149,8/02/2023,Returned,Cash on Delivery,PROD113,CUST2083,REV26402
ORD16403,3,110,31/05/2025,Returned,Cash on Delivery,PROD105,CUST3552,REV26403
ORD16404,3,59,5/08/2023,Pending,Credit Card,PROD111,CUST1517,REV26404
ORD16405,1,999,27/05/2023,Cancelled,Credit Card,PROD100,CUST2016,REV26405
ORD16406,3,399,3/08/2023,Shipped,Cash on Delivery,PROD107,CUST3576,REV26406
ORD16407,5,99,22/02/2023,Delivered,PayPal,PROD106,CUST3487,REV26407
ORD16408,3,59,25/07/2023,Pending,Credit Card,PROD103,CUST4245,REV26408
ORD16409,5,149,7/12/2023,Pending,Cash on Delivery,PROD113,CUST4447,REV26409
ORD16410,3,99,27/01/2023,Cancelled,Credit Card,PROD106,CUST5968,REV26410
ORD16411,4,80,26/10/2023,Shipped,Cash on Delivery,PROD110,CUST2401,REV26411
ORD16412,2,129,26/06/2023,Pending,PayPal,PROD109,CUST4896,REV26412
ORD16413,2,399,25/06/2023,Returned,Credit Card,PROD107,CUST2011,REV26413
ORD16414,4,199,30/09/2023,Returned,Credit Card,PROD102,CUST5993,REV26414
ORD16415,4,199,7/05/2025,Cancelled,PayPal,PROD112,CUST3058,REV26415
ORD16416,1,59,21/02/2023,Shipped,Credit Card,PROD111,CUST1676,REV26416
ORD16417,5,59,5/07/2025,Pending,Cash on Delivery,PROD111,CUST1537,REV26417
ORD16418,1,999,3/08/2023,Cancelled,PayPal,PROD100,CUST4200,REV26418
ORD16419,4,120,24/05/2025,Cancelled,Credit Card,PROD104,CUST3331,REV26419
ORD16420,1,110,20/02/2023,Shipped,Credit Card,PROD105,CUST1391,REV26420
ORD16421,2,199,20/01/2024,Shipped,Credit Card,PROD102,CUST1602,REV26421
ORD16422,2,999,14/03/2024,Shipped,Cash on Delivery,PROD100,CUST5547,REV26422
ORD16423,5,129,15/02/2025,Returned,Credit Card,PROD109,CUST2865,REV26423
ORD16424,5,149,5/11/2022,Delivered,Cash on Delivery,PROD113,CUST5305,REV26424
ORD16425,2,99,1/01/2023,Shipped,Cash on Delivery,PROD106,CUST1065,REV26425
ORD16426,4,99,24/12/2024,Returned,Cash on Delivery,PROD106,CUST2776,REV26426
ORD16427,5,80,20/11/2022,Pending,Credit Card,PROD110,CUST1928,REV26427
ORD16428,1,129,18/07/2025,Delivered,Cash on Delivery,PROD109,CUST2235,REV26428
ORD16429,1,110,25/10/2022,Shipped,PayPal,PROD105,CUST1818,REV26429
ORD16430,5,149,28/12/2024,Pending,PayPal,PROD113,CUST5204,REV26430
ORD16431,2,229,9/05/2024,Delivered,Cash on Delivery,PROD108,CUST3738,REV26431
ORD16432,4,229,15/06/2025,Returned,Credit Card,PROD108,CUST4658,REV26432
ORD16433,2,149,26/02/2024,Pending,Cash on Delivery,PROD113,CUST5325,REV26433
ORD16434,3,110,5/11/2022,Pending,Credit Card,PROD105,CUST3367,REV26434
ORD16435,1,59,4/01/2025,Delivered,Cash on Delivery,PROD103,CUST4998,REV26435
ORD16436,4,59,2/12/2022,Cancelled,PayPal,PROD103,CUST5693,REV26436
ORD16437,2,899,12/12/2023,Shipped,Credit Card,PROD101,CUST3028,REV26437
ORD16438,4,149,17/05/2025,Cancelled,Credit Card,PROD113,CUST2940,REV26438
ORD16439,5,129,25/04/2023,Delivered,Credit Card,PROD109,CUST5436,REV26439
ORD16440,1,399,9/02/2023,Shipped,PayPal,PROD107,CUST5086,REV26440
ORD16441,1,899,19/08/2024,Shipped,PayPal,PROD101,CUST1989,REV26441
ORD16442,3,120,29/06/2025,Returned,Credit Card,PROD104,CUST1882,REV26442
ORD16443,2,999,15/05/2024,Delivered,Credit Card,PROD100,CUST1378,REV26443
ORD16444,3,199,15/01/2023,Cancelled,Cash on Delivery,PROD112,CUST2616,REV26444
ORD16445,3,99,12/09/2024,Cancelled,Cash on Delivery,PROD106,CUST3938,REV26445
ORD16446,1,110,12/03/2025,Pending,Credit Card,PROD105,CUST2822,REV26446
ORD16447,4,899,9/11/2022,Delivered,Cash on Delivery,PROD101,CUST3367,REV26447
ORD16448,5,199,9/01/2025,Delivered,Cash on Delivery,PROD112,CUST5952,REV26448
ORD16449,2,899,19/02/2025,Returned,PayPal,PROD101,CUST4194,REV26449
ORD16450,1,120,7/04/2025,Pending,PayPal,PROD104,CUST3606,REV26450
ORD16451,1,99,25/04/2024,Returned,Credit Card,PROD106,CUST4736,REV26451
ORD16452,1,229,20/10/2023,Pending,PayPal,PROD108,CUST4365,REV26452
ORD16453,2,129,28/09/2023,Returned,Credit Card,PROD109,CUST3366,REV26453
ORD16454,1,80,14/10/2023,Shipped,Cash on Delivery,PROD110,CUST3642,REV26454
ORD16455,1,199,27/09/2023,Pending,Cash on Delivery,PROD112,CUST2272,REV26455
ORD16456,2,59,7/10/2023,Returned,PayPal,PROD111,CUST5079,REV26456
ORD16457,2,149,31/03/2024,Shipped,Credit Card,PROD113,CUST3733,REV26457
ORD16458,2,199,15/03/2025,Pending,Credit Card,PROD102,CUST2583,REV26458
ORD16459,5,999,11/12/2022,Shipped,PayPal,PROD100,CUST5503,REV26459
ORD16460,5,120,27/12/2023,Cancelled,Cash on Delivery,PROD104,CUST2230,REV26460
ORD16461,5,25,13/06/2024,Pending,Credit Card,PROD114,CUST2330,REV26461
ORD16462,5,999,31/08/2022,Returned,Credit Card,PROD100,CUST5133,REV26462
ORD16463,4,229,24/12/2023,Returned,PayPal,PROD108,CUST2801,REV26463
ORD16464,3,59,21/02/2024,Shipped,Cash on Delivery,PROD111,CUST5470,REV26464
ORD16465,5,199,8/11/2024,Cancelled,Credit Card,PROD102,CUST1998,REV26465
ORD16466,3,110,18/12/2024,Delivered,Cash on Delivery,PROD105,CUST2820,REV26466
ORD16467,3,110,26/01/2024,Shipped,Credit Card,PROD105,CUST2504,REV26467
ORD16468,4,199,16/11/2023,Shipped,PayPal,PROD102,CUST3046,REV26468
ORD16469,4,99,11/06/2025,Cancelled,Credit Card,PROD106,CUST5023,REV26469
ORD16470,1,120,8/11/2023,Returned,PayPal,PROD104,CUST3280,REV26470
ORD16471,5,110,16/06/2025,Shipped,Cash on Delivery,PROD105,CUST3746,REV26471
ORD16472,2,80,14/01/2024,Cancelled,Credit Card,PROD110,CUST1695,REV26472
ORD16473,4,199,29/06/2024,Cancelled,Cash on Delivery,PROD112,CUST3117,REV26473
ORD16474,4,59,24/04/2023,Returned,Credit Card,PROD111,CUST4597,REV26474
ORD16475,4,149,26/06/2024,Returned,PayPal,PROD113,CUST5453,REV26475
ORD16476,5,229,5/03/2023,Delivered,Cash on Delivery,PROD108,CUST4990,REV26476
ORD16477,4,199,21/03/2024,Returned,Credit Card,PROD112,CUST4443,REV26477
ORD16478,5,129,10/07/2025,Cancelled,PayPal,PROD109,CUST3674,REV26478
ORD16479,1,129,15/01/2023,Delivered,Cash on Delivery,PROD109,CUST4476,REV26479
ORD16480,2,199,16/08/2023,Shipped,Cash on Delivery,PROD112,CUST5304,REV26480
ORD16481,2,999,22/12/2022,Delivered,PayPal,PROD100,CUST2236,REV26481
ORD16482,3,99,10/06/2023,Cancelled,PayPal,PROD106,CUST4121,REV26482
ORD16483,5,199,19/08/2023,Shipped,Cash on Delivery,PROD102,CUST1933,REV26483
ORD16484,3,59,15/11/2022,Returned,Cash on Delivery,PROD111,CUST3759,REV26484
ORD16485,3,199,1/05/2024,Pending,Cash on Delivery,PROD102,CUST5521,REV26485
ORD16486,2,99,26/01/2024,Returned,PayPal,PROD106,CUST5555,REV26486
ORD16487,5,59,8/09/2024,Delivered,Cash on Delivery,PROD111,CUST1231,REV26487
ORD16488,4,110,5/09/2023,Shipped,Cash on Delivery,PROD105,CUST2484,REV26488
ORD16489,1,149,21/03/2024,Returned,PayPal,PROD113,CUST5441,REV26489
ORD16490,2,59,27/05/2025,Pending,Credit Card,PROD103,CUST3292,REV26490
ORD16491,2,899,1/04/2024,Cancelled,PayPal,PROD101,CUST5390,REV26491
ORD16492,2,59,23/11/2022,Returned,Credit Card,PROD111,CUST2183,REV26492
ORD16493,4,199,17/05/2025,Cancelled,Credit Card,PROD112,CUST1503,REV26493
ORD16494,3,99,30/10/2023,Returned,Cash on Delivery,PROD106,CUST3637,REV26494
ORD16495,4,99,17/11/2023,Shipped,Credit Card,PROD106,CUST2016,REV26495
ORD16496,1,25,3/08/2025,Returned,Credit Card,PROD114,CUST3247,REV26496
ORD16497,4,120,22/10/2024,Delivered,Credit Card,PROD104,CUST4186,REV26497
ORD16498,1,399,21/01/2024,Returned,Cash on Delivery,PROD107,CUST4912,REV26498
ORD16499,1,149,25/11/2024,Shipped,PayPal,PROD113,CUST4820,REV26499
ORD16500,1,80,1/11/2022,Delivered,Cash on Delivery,PROD110,CUST3931,REV26500
ORD16501,3,80,24/02/2025,Shipped,Credit Card,PROD110,CUST3888,REV26501
ORD16502,2,120,17/12/2024,Delivered,PayPal,PROD104,CUST4101,REV26502
ORD16503,4,59,10/08/2025,Delivered,Credit Card,PROD111,CUST4845,REV26503
ORD16504,3,149,4/06/2025,Pending,Credit Card,PROD113,CUST1536,REV26504
ORD16505,2,149,18/03/2023,Shipped,PayPal,PROD113,CUST5552,REV26505
ORD16506,4,399,8/10/2023,Delivered,Cash on Delivery,PROD107,CUST4645,REV26506
ORD16507,1,149,26/08/2023,Cancelled,Credit Card,PROD113,CUST1743,REV26507
ORD16508,3,59,27/03/2025,Pending,Credit Card,PROD111,CUST4494,REV26508
ORD16509,1,99,28/09/2024,Shipped,Credit Card,PROD106,CUST5638,REV26509
ORD16510,2,129,17/06/2023,Pending,Credit Card,PROD109,CUST2501,REV26510
ORD16511,2,80,25/07/2023,Cancelled,PayPal,PROD110,CUST2039,REV26511
ORD16512,2,59,20/06/2024,Returned,PayPal,PROD103,CUST1776,REV26512
ORD16513,4,110,22/07/2025,Shipped,Credit Card,PROD105,CUST5434,REV26513
ORD16514,1,25,15/06/2024,Pending,PayPal,PROD114,CUST4107,REV26514
ORD16515,3,149,16/06/2025,Pending,PayPal,PROD113,CUST4377,REV26515
ORD16516,2,899,10/01/2024,Cancelled,Credit Card,PROD101,CUST3884,REV26516
ORD16517,2,110,27/03/2023,Cancelled,Credit Card,PROD105,CUST1532,REV26517
ORD16518,2,120,22/07/2023,Delivered,Credit Card,PROD104,CUST1437,REV26518
ORD16519,4,899,24/09/2023,Pending,Credit Card,PROD101,CUST4909,REV26519
ORD16520,1,59,14/05/2025,Delivered,Cash on Delivery,PROD111,CUST1985,REV26520
ORD16521,2,120,12/06/2023,Pending,Credit Card,PROD104,CUST2000,REV26521
ORD16522,4,149,24/04/2023,Delivered,Cash on Delivery,PROD113,CUST3508,REV26522
ORD16523,4,120,2/06/2023,Pending,Cash on Delivery,PROD104,CUST1765,REV26523
ORD16524,5,199,14/12/2023,Delivered,Cash on Delivery,PROD102,CUST3430,REV26524
ORD16525,2,120,9/03/2025,Pending,Credit Card,PROD104,CUST2709,REV26525
ORD16526,3,59,31/05/2023,Returned,Cash on Delivery,PROD103,CUST1461,REV26526
ORD16527,1,229,16/06/2024,Returned,PayPal,PROD108,CUST2300,REV26527
ORD16528,5,199,2/02/2025,Shipped,Credit Card,PROD102,CUST1826,REV26528
ORD16529,2,129,5/12/2024,Pending,Credit Card,PROD109,CUST1293,REV26529
ORD16530,4,399,22/10/2022,Cancelled,Cash on Delivery,PROD107,CUST1568,REV26530
ORD16531,1,59,10/01/2024,Delivered,Cash on Delivery,PROD103,CUST3742,REV26531
ORD16532,3,899,18/08/2023,Returned,Credit Card,PROD101,CUST4419,REV26532
ORD16533,5,80,21/05/2023,Returned,PayPal,PROD110,CUST4179,REV26533
ORD16534,1,149,10/04/2023,Cancelled,Cash on Delivery,PROD113,CUST4396,REV26534
ORD16535,3,199,2/08/2023,Returned,Credit Card,PROD112,CUST5049,REV26535
ORD16536,3,199,18/07/2025,Pending,Cash on Delivery,PROD112,CUST2387,REV26536
ORD16537,2,59,19/03/2025,Cancelled,Cash on Delivery,PROD111,CUST3265,REV26537
ORD16538,1,59,14/11/2023,Returned,PayPal,PROD103,CUST3297,REV26538
ORD16539,4,120,10/02/2024,Pending,Credit Card,PROD104,CUST3340,REV26539
ORD16540,5,399,20/06/2023,Shipped,Cash on Delivery,PROD107,CUST1170,REV26540
ORD16541,2,199,24/05/2023,Shipped,Credit Card,PROD112,CUST5363,REV26541
ORD16542,1,149,15/03/2024,Returned,Cash on Delivery,PROD113,CUST2631,REV26542
ORD16543,1,110,5/07/2023,Shipped,Credit Card,PROD105,CUST1413,REV26543
ORD16544,2,399,18/08/2025,Pending,Cash on Delivery,PROD107,CUST4157,REV26544
ORD16545,5,399,1/04/2024,Returned,Cash on Delivery,PROD107,CUST2277,REV26545
ORD16546,4,59,8/05/2024,Delivered,PayPal,PROD103,CUST4950,REV26546
ORD16547,5,899,7/05/2024,Delivered,Cash on Delivery,PROD101,CUST5448,REV26547
ORD16548,4,399,25/12/2024,Returned,PayPal,PROD107,CUST4164,REV26548
ORD16549,1,199,30/08/2023,Pending,Credit Card,PROD112,CUST4322,REV26549
ORD16550,5,199,12/06/2024,Delivered,Credit Card,PROD102,CUST3744,REV26550
ORD16551,4,899,25/02/2024,Pending,Cash on Delivery,PROD101,CUST4818,REV26551
ORD16552,4,59,25/09/2024,Shipped,Credit Card,PROD111,CUST4973,REV26552
ORD16553,1,899,30/11/2024,Delivered,Credit Card,PROD101,CUST5618,REV26553
ORD16554,4,129,23/10/2024,Returned,Credit Card,PROD109,CUST5923,REV26554
ORD16555,5,110,28/11/2022,Returned,Credit Card,PROD105,CUST3827,REV26555
ORD16556,4,59,8/05/2024,Returned,PayPal,PROD111,CUST1305,REV26556
ORD16557,4,199,4/04/2024,Returned,Cash on Delivery,PROD112,CUST3228,REV26557
ORD16558,4,59,17/08/2023,Pending,Cash on Delivery,PROD111,CUST3531,REV26558
ORD16559,1,999,27/09/2023,Cancelled,PayPal,PROD100,CUST4757,REV26559
ORD16560,3,399,5/03/2023,Returned,Cash on Delivery,PROD107,CUST3007,REV26560
ORD16561,1,59,30/06/2024,Shipped,PayPal,PROD103,CUST2413,REV26561
ORD16562,3,59,6/12/2024,Returned,Cash on Delivery,PROD103,CUST4180,REV26562
ORD16563,3,229,27/07/2023,Cancelled,Cash on Delivery,PROD108,CUST3079,REV26563
ORD16564,5,25,29/10/2023,Cancelled,Credit Card,PROD114,CUST5702,REV26564
ORD16565,1,120,23/08/2024,Pending,PayPal,PROD104,CUST2587,REV26565
ORD16566,3,999,13/11/2023,Shipped,Cash on Delivery,PROD100,CUST2193,REV26566
ORD16567,4,120,18/07/2023,Returned,PayPal,PROD104,CUST1699,REV26567
ORD16568,2,120,12/05/2024,Shipped,Credit Card,PROD104,CUST1499,REV26568
ORD16569,3,99,21/12/2023,Delivered,PayPal,PROD106,CUST2539,REV26569
ORD16570,3,149,1/01/2025,Cancelled,Credit Card,PROD113,CUST3946,REV26570
ORD16571,4,25,11/07/2025,Cancelled,Cash on Delivery,PROD114,CUST4855,REV26571
ORD16572,2,199,26/06/2023,Shipped,PayPal,PROD102,CUST1822,REV26572
ORD16573,4,199,19/11/2022,Pending,Cash on Delivery,PROD102,CUST4610,REV26573
ORD16574,3,120,4/12/2024,Shipped,Credit Card,PROD104,CUST4978,REV26574
ORD16575,4,120,4/11/2022,Cancelled,Credit Card,PROD104,CUST4951,REV26575
ORD16576,1,199,12/12/2023,Pending,Cash on Delivery,PROD102,CUST2726,REV26576
ORD16577,5,59,21/03/2023,Pending,PayPal,PROD103,CUST3751,REV26577
ORD16578,4,80,20/01/2024,Delivered,PayPal,PROD110,CUST1214,REV26578
ORD16579,1,59,2/01/2024,Returned,PayPal,PROD111,CUST5206,REV26579
ORD16580,4,129,16/03/2025,Delivered,Credit Card,PROD109,CUST4974,REV26580
ORD16581,3,149,23/10/2023,Delivered,PayPal,PROD113,CUST4812,REV26581
ORD16582,1,99,24/04/2025,Returned,PayPal,PROD106,CUST3832,REV26582
ORD16583,3,199,19/07/2024,Delivered,Credit Card,PROD102,CUST2470,REV26583
ORD16584,4,120,1/12/2023,Cancelled,Cash on Delivery,PROD104,CUST3441,REV26584
ORD16585,2,80,23/01/2023,Shipped,Credit Card,PROD110,CUST1607,REV26585
ORD16586,4,229,24/01/2025,Pending,PayPal,PROD108,CUST3026,REV26586
ORD16587,4,80,16/02/2023,Shipped,Cash on Delivery,PROD110,CUST3562,REV26587
ORD16588,1,129,27/01/2025,Returned,Cash on Delivery,PROD109,CUST4281,REV26588
ORD16589,2,120,18/05/2025,Returned,Credit Card,PROD104,CUST1533,REV26589
ORD16590,2,120,28/02/2024,Pending,PayPal,PROD104,CUST1098,REV26590
ORD16591,3,120,22/11/2024,Returned,Credit Card,PROD104,CUST3888,REV26591
ORD16592,1,120,13/08/2024,Pending,Cash on Delivery,PROD104,CUST4399,REV26592
ORD16593,2,999,25/03/2023,Returned,PayPal,PROD100,CUST3855,REV26593
ORD16594,4,899,24/02/2024,Delivered,Credit Card,PROD101,CUST1034,REV26594
ORD16595,2,399,3/01/2024,Shipped,Cash on Delivery,PROD107,CUST1406,REV26595
ORD16596,3,399,2/07/2024,Shipped,Credit Card,PROD107,CUST4540,REV26596
ORD16597,5,999,17/01/2025,Pending,PayPal,PROD100,CUST5011,REV26597
ORD16598,5,120,28/05/2025,Pending,Credit Card,PROD104,CUST5250,REV26598
ORD16599,5,99,21/08/2025,Pending,PayPal,PROD106,CUST2655,REV26599
ORD16600,1,99,7/07/2025,Delivered,Cash on Delivery,PROD106,CUST1108,REV26600
ORD16601,5,120,25/08/2024,Returned,Credit Card,PROD104,CUST2744,REV26601
ORD16602,2,25,25/10/2024,Pending,PayPal,PROD114,CUST3637,REV26602
ORD16603,2,80,30/06/2025,Pending,Cash on Delivery,PROD110,CUST5386,REV26603
ORD16604,1,25,9/06/2024,Pending,Credit Card,PROD114,CUST2040,REV26604
ORD16605,4,899,18/05/2025,Pending,Credit Card,PROD101,CUST2321,REV26605
ORD16606,4,999,18/07/2024,Cancelled,Credit Card,PROD100,CUST3981,REV26606
ORD16607,5,129,3/10/2022,Delivered,Cash on Delivery,PROD109,CUST3299,REV26607
ORD16608,1,59,2/03/2023,Shipped,Credit Card,PROD111,CUST4973,REV26608
ORD16609,1,80,19/08/2023,Pending,Cash on Delivery,PROD110,CUST4850,REV26609
ORD16610,5,399,4/01/2025,Pending,PayPal,PROD107,CUST3042,REV26610
ORD16611,4,199,26/08/2022,Pending,Cash on Delivery,PROD102,CUST5895,REV26611
ORD16612,1,110,9/07/2023,Cancelled,PayPal,PROD105,CUST1375,REV26612
ORD16613,2,199,25/12/2024,Shipped,Cash on Delivery,PROD112,CUST3659,REV26613
ORD16614,1,59,15/03/2025,Pending,Credit Card,PROD103,CUST3464,REV26614
ORD16615,1,899,30/07/2023,Delivered,Cash on Delivery,PROD101,CUST3274,REV26615
ORD16616,5,199,23/06/2023,Delivered,Cash on Delivery,PROD102,CUST1587,REV26616
ORD16617,4,999,27/10/2022,Cancelled,Credit Card,PROD100,CUST4085,REV26617
ORD16618,5,120,30/06/2025,Returned,PayPal,PROD104,CUST3338,REV26618
ORD16619,3,999,28/02/2023,Returned,Cash on Delivery,PROD100,CUST1466,REV26619
ORD16620,2,59,10/08/2025,Cancelled,Cash on Delivery,PROD103,CUST4030,REV26620
ORD16621,3,80,9/08/2024,Cancelled,Cash on Delivery,PROD110,CUST2780,REV26621
ORD16622,1,199,1/07/2023,Delivered,Credit Card,PROD112,CUST2050,REV26622
ORD16623,1,399,29/08/2023,Cancelled,Credit Card,PROD107,CUST2272,REV26623
ORD16624,4,99,17/09/2023,Cancelled,Credit Card,PROD106,CUST3798,REV26624
ORD16625,1,120,18/09/2024,Returned,Cash on Delivery,PROD104,CUST1038,REV26625
ORD16626,4,149,4/08/2024,Delivered,Cash on Delivery,PROD113,CUST4372,REV26626
ORD16627,5,199,18/07/2025,Shipped,PayPal,PROD112,CUST5744,REV26627
ORD16628,3,59,7/06/2023,Pending,Credit Card,PROD111,CUST2968,REV26628
ORD16629,1,59,4/01/2025,Cancelled,Credit Card,PROD111,CUST2580,REV26629
ORD16630,2,99,4/02/2024,Returned,Credit Card,PROD106,CUST1869,REV26630
ORD16631,4,99,5/06/2024,Shipped,Cash on Delivery,PROD106,CUST3046,REV26631
ORD16632,5,149,11/07/2024,Shipped,Credit Card,PROD113,CUST3052,REV26632
ORD16633,3,99,28/06/2025,Returned,Cash on Delivery,PROD106,CUST5734,REV26633
ORD16634,5,129,4/02/2023,Pending,Cash on Delivery,PROD109,CUST4024,REV26634
ORD16635,3,199,24/10/2024,Cancelled,Cash on Delivery,PROD112,CUST5391,REV26635
ORD16636,2,80,28/01/2023,Cancelled,PayPal,PROD110,CUST2338,REV26636
ORD16637,3,25,6/09/2024,Returned,Credit Card,PROD114,CUST2440,REV26637
ORD16638,4,199,28/02/2023,Cancelled,Cash on Delivery,PROD102,CUST3481,REV26638
ORD16639,3,229,18/06/2023,Returned,Cash on Delivery,PROD108,CUST2569,REV26639
ORD16640,1,229,27/10/2022,Delivered,Cash on Delivery,PROD108,CUST5015,REV26640
ORD16641,4,199,11/09/2024,Delivered,Cash on Delivery,PROD102,CUST5652,REV26641
ORD16642,5,110,1/04/2023,Cancelled,Cash on Delivery,PROD105,CUST5798,REV26642
ORD16643,4,80,17/06/2023,Returned,Cash on Delivery,PROD110,CUST3812,REV26643
ORD16644,2,120,27/11/2022,Pending,Credit Card,PROD104,CUST1108,REV26644
ORD16645,3,229,6/03/2025,Delivered,Cash on Delivery,PROD108,CUST4173,REV26645
ORD16646,3,899,29/08/2024,Pending,PayPal,PROD101,CUST4412,REV26646
ORD16647,5,999,8/08/2024,Delivered,PayPal,PROD100,CUST1746,REV26647
ORD16648,4,999,5/08/2024,Delivered,Credit Card,PROD100,CUST5524,REV26648
ORD16649,3,129,11/01/2023,Cancelled,Credit Card,PROD109,CUST1019,REV26649
ORD16650,5,129,30/07/2025,Returned,Cash on Delivery,PROD109,CUST4787,REV26650
ORD16651,4,399,28/10/2023,Shipped,Credit Card,PROD107,CUST2061,REV26651
ORD16652,5,199,12/09/2024,Shipped,Credit Card,PROD102,CUST2797,REV26652
ORD16653,2,110,6/10/2024,Cancelled,PayPal,PROD105,CUST1722,REV26653
ORD16654,3,899,16/10/2024,Shipped,Credit Card,PROD101,CUST3593,REV26654
ORD16655,2,110,26/11/2023,Pending,PayPal,PROD105,CUST3272,REV26655
ORD16656,2,99,24/02/2024,Shipped,PayPal,PROD106,CUST2461,REV26656
ORD16657,1,399,3/11/2024,Returned,Cash on Delivery,PROD107,CUST3404,REV26657
ORD16658,4,999,26/10/2023,Shipped,Credit Card,PROD100,CUST2643,REV26658
ORD16659,2,59,7/05/2023,Delivered,PayPal,PROD103,CUST1306,REV26659
ORD16660,3,80,21/12/2022,Returned,Credit Card,PROD110,CUST2329,REV26660
ORD16661,5,99,24/06/2023,Delivered,Credit Card,PROD106,CUST4739,REV26661
ORD16662,5,59,9/05/2023,Pending,Credit Card,PROD103,CUST2884,REV26662
ORD16663,5,129,2/05/2024,Cancelled,Credit Card,PROD109,CUST1596,REV26663
ORD16664,5,120,22/09/2023,Pending,Cash on Delivery,PROD104,CUST1850,REV26664
ORD16665,5,120,23/01/2024,Pending,PayPal,PROD104,CUST2291,REV26665
ORD16666,2,59,16/03/2023,Pending,PayPal,PROD103,CUST3833,REV26666
ORD16667,3,80,10/07/2023,Returned,PayPal,PROD110,CUST2550,REV26667
ORD16668,2,80,30/03/2023,Returned,Cash on Delivery,PROD110,CUST4218,REV26668
ORD16669,1,59,12/10/2022,Delivered,PayPal,PROD103,CUST5446,REV26669
ORD16670,5,59,17/04/2024,Pending,PayPal,PROD111,CUST5119,REV26670
ORD16671,4,199,8/02/2024,Delivered,Credit Card,PROD112,CUST4800,REV26671
ORD16672,2,99,27/07/2024,Returned,Credit Card,PROD106,CUST2196,REV26672
ORD16673,4,80,12/04/2025,Shipped,PayPal,PROD110,CUST3141,REV26673
ORD16674,5,110,16/11/2023,Returned,PayPal,PROD105,CUST5836,REV26674
ORD16675,2,129,6/10/2023,Pending,Cash on Delivery,PROD109,CUST3179,REV26675
ORD16676,5,899,30/10/2024,Cancelled,PayPal,PROD101,CUST1685,REV26676
ORD16677,4,59,24/09/2024,Delivered,Credit Card,PROD111,CUST1488,REV26677
ORD16678,3,59,2/08/2024,Delivered,Cash on Delivery,PROD111,CUST5244,REV26678
ORD16679,3,199,25/09/2022,Cancelled,Credit Card,PROD102,CUST4501,REV26679
ORD16680,4,99,6/08/2023,Delivered,Cash on Delivery,PROD106,CUST3795,REV26680
ORD16681,3,110,12/07/2024,Pending,PayPal,PROD105,CUST1216,REV26681
ORD16682,3,229,15/09/2023,Delivered,PayPal,PROD108,CUST2280,REV26682
ORD16683,2,129,5/05/2023,Pending,PayPal,PROD109,CUST3813,REV26683
ORD16684,1,110,31/03/2024,Cancelled,PayPal,PROD105,CUST5704,REV26684
ORD16685,2,129,9/08/2024,Delivered,PayPal,PROD109,CUST5930,REV26685
ORD16686,1,59,31/08/2024,Returned,PayPal,PROD103,CUST3138,REV26686
ORD16687,1,229,1/03/2025,Shipped,Cash on Delivery,PROD108,CUST1799,REV26687
ORD16688,4,25,1/06/2023,Returned,PayPal,PROD114,CUST5544,REV26688
ORD16689,2,149,13/08/2024,Pending,Cash on Delivery,PROD113,CUST3798,REV26689
ORD16690,2,199,14/11/2023,Cancelled,PayPal,PROD102,CUST3024,REV26690
ORD16691,1,199,29/09/2024,Cancelled,Credit Card,PROD102,CUST4521,REV26691
ORD16692,3,199,21/08/2025,Delivered,PayPal,PROD102,CUST5361,REV26692
ORD16693,1,399,13/05/2024,Returned,Credit Card,PROD107,CUST4390,REV26693
ORD16694,4,149,12/07/2025,Returned,Cash on Delivery,PROD113,CUST1620,REV26694
ORD16695,2,25,8/06/2024,Pending,Credit Card,PROD114,CUST1811,REV26695
ORD16696,2,199,24/07/2025,Pending,Credit Card,PROD102,CUST1985,REV26696
ORD16697,1,229,22/06/2025,Returned,PayPal,PROD108,CUST4419,REV26697
ORD16698,1,999,10/02/2023,Delivered,Credit Card,PROD100,CUST2589,REV26698
ORD16699,5,199,7/05/2024,Shipped,Cash on Delivery,PROD112,CUST5986,REV26699
ORD16700,1,110,7/03/2025,Pending,Credit Card,PROD105,CUST3078,REV26700
ORD16701,2,149,10/02/2025,Delivered,Cash on Delivery,PROD113,CUST5433,REV26701
ORD16702,1,80,23/10/2022,Pending,Credit Card,PROD110,CUST1346,REV26702
ORD16703,3,110,11/04/2025,Returned,Cash on Delivery,PROD105,CUST3446,REV26703
ORD16704,5,120,20/10/2024,Pending,Credit Card,PROD104,CUST5404,REV26704
ORD16705,4,149,4/10/2022,Cancelled,Cash on Delivery,PROD113,CUST1783,REV26705
ORD16706,3,199,29/11/2023,Delivered,Cash on Delivery,PROD112,CUST4124,REV26706
ORD16707,5,99,14/07/2023,Cancelled,PayPal,PROD106,CUST2312,REV26707
ORD16708,1,999,22/07/2025,Pending,PayPal,PROD100,CUST4183,REV26708
ORD16709,4,59,30/07/2023,Shipped,PayPal,PROD103,CUST4216,REV26709
ORD16710,5,120,17/04/2025,Cancelled,Cash on Delivery,PROD104,CUST1717,REV26710
ORD16711,3,999,22/04/2024,Delivered,Cash on Delivery,PROD100,CUST4010,REV26711
ORD16712,4,59,18/07/2023,Returned,Credit Card,PROD111,CUST1144,REV26712
ORD16713,2,59,14/07/2023,Returned,Cash on Delivery,PROD103,CUST3705,REV26713
ORD16714,2,899,18/11/2023,Delivered,Cash on Delivery,PROD101,CUST5456,REV26714
ORD16715,2,199,25/09/2023,Returned,Cash on Delivery,PROD112,CUST3712,REV26715
ORD16716,5,59,6/04/2024,Pending,PayPal,PROD103,CUST3844,REV26716
ORD16717,1,120,25/03/2024,Delivered,PayPal,PROD104,CUST3121,REV26717
ORD16718,4,59,12/01/2025,Delivered,Credit Card,PROD111,CUST4778,REV26718
ORD16719,4,199,17/09/2022,Returned,Credit Card,PROD112,CUST3970,REV26719
ORD16720,3,999,21/10/2022,Returned,Credit Card,PROD100,CUST3203,REV26720
ORD16721,2,59,30/05/2023,Cancelled,Credit Card,PROD103,CUST1096,REV26721
ORD16722,2,99,16/09/2024,Shipped,Credit Card,PROD106,CUST2282,REV26722
ORD16723,1,80,5/06/2025,Delivered,Cash on Delivery,PROD110,CUST4392,REV26723
ORD16724,2,199,13/11/2024,Delivered,Credit Card,PROD102,CUST4739,REV26724
ORD16725,4,99,15/12/2023,Delivered,Credit Card,PROD106,CUST5805,REV26725
ORD16726,5,59,21/06/2025,Returned,Cash on Delivery,PROD111,CUST1258,REV26726
ORD16727,1,999,6/05/2023,Cancelled,PayPal,PROD100,CUST5104,REV26727
ORD16728,3,199,14/11/2022,Shipped,Cash on Delivery,PROD102,CUST4332,REV26728
ORD16729,2,399,4/06/2025,Delivered,PayPal,PROD107,CUST5161,REV26729
ORD16730,4,899,2/06/2024,Cancelled,PayPal,PROD101,CUST3951,REV26730
ORD16731,5,399,29/09/2022,Pending,Credit Card,PROD107,CUST5252,REV26731
ORD16732,2,120,17/05/2025,Cancelled,Cash on Delivery,PROD104,CUST1898,REV26732
ORD16733,2,80,11/05/2024,Pending,Credit Card,PROD110,CUST4995,REV26733
ORD16734,4,59,9/01/2025,Delivered,Credit Card,PROD111,CUST4260,REV26734
ORD16735,2,899,22/10/2024,Cancelled,PayPal,PROD101,CUST2954,REV26735
ORD16736,5,199,28/07/2024,Cancelled,PayPal,PROD102,CUST2023,REV26736
ORD16737,5,120,14/09/2022,Returned,Cash on Delivery,PROD104,CUST3302,REV26737
ORD16738,2,59,30/07/2025,Pending,Credit Card,PROD103,CUST2719,REV26738
ORD16739,1,80,25/02/2023,Delivered,PayPal,PROD110,CUST3089,REV26739
ORD16740,5,199,6/07/2025,Cancelled,Cash on Delivery,PROD102,CUST3023,REV26740
ORD16741,2,110,17/08/2025,Returned,Credit Card,PROD105,CUST4550,REV26741
ORD16742,2,999,17/06/2024,Pending,Credit Card,PROD100,CUST3365,REV26742
ORD16743,4,59,21/07/2024,Pending,PayPal,PROD103,CUST4071,REV26743
ORD16744,1,899,26/03/2024,Delivered,PayPal,PROD101,CUST2510,REV26744
ORD16745,2,59,29/11/2024,Cancelled,PayPal,PROD103,CUST3840,REV26745
ORD16746,1,999,10/05/2025,Returned,PayPal,PROD100,CUST1019,REV26746
ORD16747,2,199,2/10/2024,Cancelled,Cash on Delivery,PROD102,CUST4572,REV26747
ORD16748,1,399,20/12/2022,Pending,PayPal,PROD107,CUST3783,REV26748
ORD16749,3,199,5/06/2025,Pending,Cash on Delivery,PROD102,CUST3312,REV26749
ORD16750,1,229,25/12/2023,Delivered,PayPal,PROD108,CUST3473,REV26750
ORD16751,2,199,9/10/2022,Returned,PayPal,PROD102,CUST5453,REV26751
ORD16752,5,149,30/03/2023,Shipped,Credit Card,PROD113,CUST4512,REV26752
ORD16753,3,229,11/03/2025,Shipped,PayPal,PROD108,CUST3736,REV26753
ORD16754,4,25,14/09/2024,Returned,PayPal,PROD114,CUST2098,REV26754
ORD16755,2,129,26/07/2024,Cancelled,Credit Card,PROD109,CUST3826,REV26755
ORD16756,4,59,12/10/2024,Delivered,Cash on Delivery,PROD103,CUST4084,REV26756
ORD16757,3,59,9/05/2025,Shipped,PayPal,PROD111,CUST4539,REV26757
ORD16758,4,229,30/03/2023,Pending,Credit Card,PROD108,CUST2825,REV26758
ORD16759,3,199,22/02/2024,Pending,Cash on Delivery,PROD102,CUST1572,REV26759
ORD16760,5,120,18/02/2025,Delivered,PayPal,PROD104,CUST5938,REV26760
ORD16761,4,129,18/10/2024,Shipped,PayPal,PROD109,CUST3448,REV26761
ORD16762,5,99,8/09/2024,Returned,PayPal,PROD106,CUST4315,REV26762
ORD16763,3,899,29/01/2024,Shipped,PayPal,PROD101,CUST1204,REV26763
ORD16764,4,80,28/04/2024,Shipped,PayPal,PROD110,CUST5192,REV26764
ORD16765,4,59,13/04/2024,Shipped,PayPal,PROD111,CUST2941,REV26765
ORD16766,4,199,18/04/2024,Cancelled,Cash on Delivery,PROD112,CUST1477,REV26766
ORD16767,1,199,7/07/2024,Returned,PayPal,PROD112,CUST4580,REV26767
ORD16768,3,899,24/11/2023,Cancelled,PayPal,PROD101,CUST1468,REV26768
ORD16769,4,80,4/07/2025,Delivered,PayPal,PROD110,CUST2197,REV26769
ORD16770,2,80,29/08/2022,Shipped,Credit Card,PROD110,CUST5820,REV26770
ORD16771,3,120,15/08/2025,Delivered,Credit Card,PROD104,CUST4555,REV26771
ORD16772,4,80,23/02/2023,Cancelled,Cash on Delivery,PROD110,CUST4491,REV26772
ORD16773,4,899,16/05/2023,Cancelled,PayPal,PROD101,CUST5012,REV26773
ORD16774,2,80,12/10/2024,Pending,PayPal,PROD110,CUST4346,REV26774
ORD16775,4,59,26/07/2023,Returned,Cash on Delivery,PROD103,CUST5978,REV26775
ORD16776,5,899,8/04/2024,Cancelled,Credit Card,PROD101,CUST5717,REV26776
ORD16777,1,999,3/09/2023,Pending,Cash on Delivery,PROD100,CUST4401,REV26777
ORD16778,2,899,10/10/2022,Pending,Cash on Delivery,PROD101,CUST2691,REV26778
ORD16779,2,110,23/04/2025,Pending,Credit Card,PROD105,CUST1826,REV26779
ORD16780,4,229,25/04/2024,Delivered,Cash on Delivery,PROD108,CUST2771,REV26780
ORD16781,3,199,22/03/2023,Returned,PayPal,PROD102,CUST5464,REV26781
ORD16782,3,59,31/12/2023,Returned,Credit Card,PROD103,CUST3728,REV26782
ORD16783,2,80,14/04/2025,Shipped,Cash on Delivery,PROD110,CUST5702,REV26783
ORD16784,2,129,9/02/2024,Delivered,Credit Card,PROD109,CUST5873,REV26784
ORD16785,5,80,8/09/2022,Delivered,PayPal,PROD110,CUST5061,REV26785
ORD16786,4,110,18/11/2022,Pending,PayPal,PROD105,CUST3481,REV26786
ORD16787,3,399,6/10/2024,Pending,Credit Card,PROD107,CUST1787,REV26787
ORD16788,3,110,24/06/2023,Cancelled,Cash on Delivery,PROD105,CUST4889,REV26788
ORD16789,1,110,26/09/2024,Cancelled,Credit Card,PROD105,CUST2220,REV26789
ORD16790,5,399,14/10/2022,Returned,Cash on Delivery,PROD107,CUST4843,REV26790
ORD16791,1,59,3/12/2022,Shipped,Credit Card,PROD103,CUST1930,REV26791
ORD16792,4,999,21/02/2023,Pending,PayPal,PROD100,CUST2422,REV26792
ORD16793,4,59,17/10/2023,Cancelled,Credit Card,PROD111,CUST1606,REV26793
ORD16794,4,399,22/02/2023,Shipped,PayPal,PROD107,CUST4983,REV26794
ORD16795,2,199,25/12/2023,Cancelled,PayPal,PROD102,CUST2203,REV26795
ORD16796,4,99,3/12/2023,Pending,Credit Card,PROD106,CUST2266,REV26796
ORD16797,2,399,2/05/2023,Delivered,Credit Card,PROD107,CUST5214,REV26797
ORD16798,4,99,28/11/2022,Cancelled,Credit Card,PROD106,CUST5970,REV26798
ORD16799,5,229,3/07/2023,Shipped,Cash on Delivery,PROD108,CUST4209,REV26799
ORD16800,5,129,10/09/2023,Delivered,PayPal,PROD109,CUST3027,REV26800
ORD16801,3,229,17/09/2024,Cancelled,Cash on Delivery,PROD108,CUST5517,REV26801
ORD16802,2,129,21/04/2023,Cancelled,PayPal,PROD109,CUST2037,REV26802
ORD16803,5,199,17/12/2022,Pending,Credit Card,PROD102,CUST5335,REV26803
ORD16804,4,99,21/04/2024,Pending,Credit Card,PROD106,CUST1108,REV26804
ORD16805,3,80,29/01/2024,Shipped,Cash on Delivery,PROD110,CUST3241,REV26805
ORD16806,2,229,3/08/2025,Pending,Cash on Delivery,PROD108,CUST3162,REV26806
ORD16807,5,199,16/09/2023,Cancelled,PayPal,PROD112,CUST3050,REV26807
ORD16808,4,999,30/07/2024,Shipped,Cash on Delivery,PROD100,CUST4834,REV26808
ORD16809,5,899,9/10/2022,Pending,Credit Card,PROD101,CUST1634,REV26809
ORD16810,1,899,28/01/2024,Pending,PayPal,PROD101,CUST5416,REV26810
ORD16811,4,25,15/11/2024,Returned,Cash on Delivery,PROD114,CUST4015,REV26811
ORD16812,5,149,6/10/2023,Cancelled,PayPal,PROD113,CUST1798,REV26812
ORD16813,1,899,26/03/2023,Returned,Cash on Delivery,PROD101,CUST3728,REV26813
ORD16814,3,120,14/12/2023,Pending,PayPal,PROD104,CUST5001,REV26814
ORD16815,4,899,18/05/2024,Delivered,Credit Card,PROD101,CUST1736,REV26815
ORD16816,3,199,1/02/2025,Delivered,PayPal,PROD112,CUST2722,REV26816
ORD16817,1,129,18/01/2024,Cancelled,PayPal,PROD109,CUST5941,REV26817
ORD16818,3,129,7/11/2023,Cancelled,PayPal,PROD109,CUST4326,REV26818
ORD16819,4,99,11/02/2024,Cancelled,PayPal,PROD106,CUST2871,REV26819
ORD16820,1,129,24/10/2024,Delivered,PayPal,PROD109,CUST5437,REV26820
ORD16821,5,80,28/03/2024,Returned,PayPal,PROD110,CUST2904,REV26821
ORD16822,3,199,25/08/2024,Pending,Credit Card,PROD112,CUST1949,REV26822
ORD16823,2,399,20/05/2023,Returned,Credit Card,PROD107,CUST2035,REV26823
ORD16824,2,149,16/07/2024,Shipped,Credit Card,PROD113,CUST2016,REV26824
ORD16825,2,899,12/02/2023,Cancelled,Credit Card,PROD101,CUST5935,REV26825
ORD16826,4,80,19/10/2022,Pending,PayPal,PROD110,CUST3585,REV26826
ORD16827,5,129,12/04/2023,Shipped,Cash on Delivery,PROD109,CUST1252,REV26827
ORD16828,1,25,6/08/2024,Pending,PayPal,PROD114,CUST5240,REV26828
ORD16829,1,149,23/08/2024,Returned,PayPal,PROD113,CUST5075,REV26829
ORD16830,2,899,12/09/2024,Cancelled,PayPal,PROD101,CUST2141,REV26830
ORD16831,3,399,29/11/2022,Delivered,Cash on Delivery,PROD107,CUST4722,REV26831
ORD16832,5,99,19/05/2024,Returned,Cash on Delivery,PROD106,CUST4419,REV26832
ORD16833,3,99,4/02/2025,Cancelled,Credit Card,PROD106,CUST2895,REV26833
ORD16834,2,59,8/04/2023,Cancelled,Credit Card,PROD103,CUST3898,REV26834
ORD16835,5,199,25/02/2025,Returned,Cash on Delivery,PROD102,CUST3479,REV26835
ORD16836,2,399,1/05/2024,Shipped,PayPal,PROD107,CUST1405,REV26836
ORD16837,2,80,31/01/2023,Cancelled,Cash on Delivery,PROD110,CUST2608,REV26837
ORD16838,5,120,28/02/2025,Pending,PayPal,PROD104,CUST1484,REV26838
ORD16839,3,59,8/07/2025,Returned,Cash on Delivery,PROD103,CUST3800,REV26839
ORD16840,4,25,17/05/2024,Shipped,PayPal,PROD114,CUST1996,REV26840
ORD16841,3,99,18/12/2024,Delivered,Cash on Delivery,PROD106,CUST4830,REV26841
ORD16842,1,229,3/04/2024,Pending,Cash on Delivery,PROD108,CUST5974,REV26842
ORD16843,5,80,13/06/2025,Shipped,PayPal,PROD110,CUST2865,REV26843
ORD16844,1,229,3/04/2024,Shipped,Credit Card,PROD108,CUST2910,REV26844
ORD16845,4,149,25/03/2024,Pending,Cash on Delivery,PROD113,CUST5673,REV26845
ORD16846,4,399,18/04/2024,Returned,PayPal,PROD107,CUST2248,REV26846
ORD16847,5,80,30/10/2024,Cancelled,Cash on Delivery,PROD110,CUST1846,REV26847
ORD16848,3,59,4/07/2025,Pending,Credit Card,PROD111,CUST3529,REV26848
ORD16849,1,59,13/08/2024,Pending,Credit Card,PROD103,CUST1406,REV26849
ORD16850,3,199,4/05/2024,Cancelled,Credit Card,PROD112,CUST3534,REV26850
ORD16851,5,229,2/05/2023,Delivered,Credit Card,PROD108,CUST4265,REV26851
ORD16852,2,80,28/10/2022,Pending,Cash on Delivery,PROD110,CUST4529,REV26852
ORD16853,3,120,17/09/2022,Returned,Cash on Delivery,PROD104,CUST4886,REV26853
ORD16854,4,899,27/07/2023,Delivered,PayPal,PROD101,CUST4714,REV26854
ORD16855,5,129,20/03/2025,Cancelled,Credit Card,PROD109,CUST1351,REV26855
ORD16856,2,149,26/04/2023,Shipped,PayPal,PROD113,CUST5727,REV26856
ORD16857,2,229,18/03/2024,Pending,Cash on Delivery,PROD108,CUST5171,REV26857
ORD16858,4,399,25/05/2025,Delivered,Cash on Delivery,PROD107,CUST1390,REV26858
ORD16859,5,25,30/07/2023,Returned,Credit Card,PROD114,CUST3371,REV26859
ORD16860,2,899,29/02/2024,Delivered,Cash on Delivery,PROD101,CUST2289,REV26860
ORD16861,3,59,25/12/2022,Pending,PayPal,PROD103,CUST5039,REV26861
ORD16862,2,899,2/12/2024,Pending,Credit Card,PROD101,CUST1300,REV26862
ORD16863,4,80,5/08/2023,Pending,Credit Card,PROD110,CUST4171,REV26863
ORD16864,2,399,8/06/2024,Pending,PayPal,PROD107,CUST5479,REV26864
ORD16865,3,199,13/04/2024,Delivered,Cash on Delivery,PROD102,CUST5888,REV26865
ORD16866,3,129,21/06/2025,Delivered,PayPal,PROD109,CUST2988,REV26866
ORD16867,5,99,1/12/2023,Delivered,Cash on Delivery,PROD106,CUST4251,REV26867
ORD16868,4,99,15/05/2025,Cancelled,PayPal,PROD106,CUST2133,REV26868
ORD16869,5,899,8/01/2025,Delivered,Credit Card,PROD101,CUST2284,REV26869
ORD16870,5,110,4/09/2024,Returned,Credit Card,PROD105,CUST2553,REV26870
ORD16871,3,99,6/02/2024,Shipped,Cash on Delivery,PROD106,CUST1667,REV26871
ORD16872,5,110,22/07/2025,Delivered,Credit Card,PROD105,CUST4093,REV26872
ORD16873,2,59,11/06/2024,Shipped,PayPal,PROD111,CUST1591,REV26873
ORD16874,3,129,8/07/2024,Shipped,Credit Card,PROD109,CUST1804,REV26874
ORD16875,3,80,22/11/2024,Delivered,Credit Card,PROD110,CUST4289,REV26875
ORD16876,2,80,9/03/2023,Cancelled,Cash on Delivery,PROD110,CUST3502,REV26876
ORD16877,2,99,28/10/2023,Pending,PayPal,PROD106,CUST5938,REV26877
ORD16878,4,199,18/05/2024,Delivered,PayPal,PROD102,CUST3099,REV26878
ORD16879,1,999,5/01/2025,Pending,Credit Card,PROD100,CUST3117,REV26879
ORD16880,1,199,31/10/2022,Returned,Credit Card,PROD112,CUST2602,REV26880
ORD16881,3,149,5/02/2024,Delivered,Cash on Delivery,PROD113,CUST2552,REV26881
ORD16882,1,59,7/06/2023,Returned,Cash on Delivery,PROD111,CUST5868,REV26882
ORD16883,3,99,6/05/2024,Cancelled,Credit Card,PROD106,CUST3610,REV26883
ORD16884,4,80,24/05/2023,Returned,PayPal,PROD110,CUST2236,REV26884
ORD16885,5,129,10/07/2024,Delivered,PayPal,PROD109,CUST4063,REV26885
ORD16886,3,80,9/03/2024,Returned,PayPal,PROD110,CUST4646,REV26886
ORD16887,3,199,25/10/2024,Cancelled,Cash on Delivery,PROD112,CUST1412,REV26887
ORD16888,2,80,14/03/2024,Delivered,Cash on Delivery,PROD110,CUST4533,REV26888
ORD16889,3,99,19/02/2025,Delivered,PayPal,PROD106,CUST4633,REV26889
ORD16890,3,110,5/04/2025,Shipped,Credit Card,PROD105,CUST5956,REV26890
ORD16891,4,399,26/10/2024,Pending,Cash on Delivery,PROD107,CUST2777,REV26891
ORD16892,1,229,31/10/2024,Pending,Cash on Delivery,PROD108,CUST3205,REV26892
ORD16893,4,99,12/08/2023,Pending,PayPal,PROD106,CUST5616,REV26893
ORD16894,3,110,30/10/2022,Returned,Cash on Delivery,PROD105,CUST4295,REV26894
ORD16895,1,110,2/12/2024,Cancelled,PayPal,PROD105,CUST2171,REV26895
ORD16896,5,229,1/08/2025,Cancelled,Credit Card,PROD108,CUST1020,REV26896
ORD16897,1,229,10/03/2025,Delivered,PayPal,PROD108,CUST3929,REV26897
ORD16898,5,199,25/02/2025,Cancelled,Cash on Delivery,PROD112,CUST4777,REV26898
ORD16899,1,199,29/01/2023,Delivered,PayPal,PROD102,CUST5731,REV26899
ORD16900,1,59,19/03/2024,Cancelled,PayPal,PROD111,CUST1786,REV26900
ORD16901,2,110,14/12/2023,Shipped,Credit Card,PROD105,CUST4220,REV26901
ORD16902,2,229,16/09/2022,Delivered,Cash on Delivery,PROD108,CUST2713,REV26902
ORD16903,2,399,4/06/2024,Shipped,Credit Card,PROD107,CUST1997,REV26903
ORD16904,3,399,26/08/2022,Pending,Credit Card,PROD107,CUST2062,REV26904
ORD16905,1,129,2/04/2025,Shipped,Cash on Delivery,PROD109,CUST2448,REV26905
ORD16906,2,25,29/01/2025,Returned,PayPal,PROD114,CUST4648,REV26906
ORD16907,1,899,23/10/2023,Cancelled,Cash on Delivery,PROD101,CUST2395,REV26907
ORD16908,2,999,20/12/2022,Cancelled,Cash on Delivery,PROD100,CUST2409,REV26908
ORD16909,1,229,12/10/2022,Pending,PayPal,PROD108,CUST2835,REV26909
ORD16910,2,99,7/09/2023,Cancelled,Credit Card,PROD106,CUST1138,REV26910
ORD16911,1,59,16/06/2024,Cancelled,Credit Card,PROD103,CUST1899,REV26911
ORD16912,5,149,13/04/2025,Pending,Cash on Delivery,PROD113,CUST2016,REV26912
ORD16913,2,59,10/09/2023,Pending,Credit Card,PROD103,CUST4864,REV26913
ORD16914,5,120,2/05/2023,Returned,PayPal,PROD104,CUST2072,REV26914
ORD16915,3,120,31/05/2025,Pending,Cash on Delivery,PROD104,CUST2964,REV26915
ORD16916,4,59,28/11/2022,Shipped,PayPal,PROD103,CUST4825,REV26916
ORD16917,1,229,31/10/2023,Returned,PayPal,PROD108,CUST4070,REV26917
ORD16918,5,199,26/07/2023,Cancelled,Cash on Delivery,PROD102,CUST2958,REV26918
ORD16919,1,59,13/08/2025,Pending,PayPal,PROD111,CUST5349,REV26919
ORD16920,5,399,15/03/2025,Returned,PayPal,PROD107,CUST4381,REV26920
ORD16921,3,149,24/11/2023,Delivered,Cash on Delivery,PROD113,CUST4492,REV26921
ORD16922,4,199,10/01/2024,Cancelled,PayPal,PROD112,CUST2431,REV26922
ORD16923,1,110,31/10/2024,Delivered,PayPal,PROD105,CUST5750,REV26923
ORD16924,5,129,21/08/2023,Cancelled,Cash on Delivery,PROD109,CUST3740,REV26924
ORD16925,4,199,4/10/2024,Returned,Credit Card,PROD112,CUST2627,REV26925
ORD16926,5,129,11/07/2024,Returned,PayPal,PROD109,CUST1547,REV26926
ORD16927,4,59,15/01/2023,Pending,Credit Card,PROD103,CUST4440,REV26927
ORD16928,3,80,20/06/2024,Cancelled,PayPal,PROD110,CUST2206,REV26928
ORD16929,1,199,3/05/2025,Cancelled,PayPal,PROD102,CUST3155,REV26929
ORD16930,3,110,24/09/2023,Returned,Cash on Delivery,PROD105,CUST1616,REV26930
ORD16931,5,399,25/02/2025,Delivered,Cash on Delivery,PROD107,CUST4784,REV26931
ORD16932,5,999,31/07/2023,Shipped,Credit Card,PROD100,CUST5231,REV26932
ORD16933,2,999,23/12/2023,Delivered,Credit Card,PROD100,CUST2919,REV26933
ORD16934,1,120,21/12/2023,Returned,Credit Card,PROD104,CUST1601,REV26934
ORD16935,3,999,12/11/2022,Returned,Cash on Delivery,PROD100,CUST5722,REV26935
ORD16936,5,110,19/06/2024,Returned,PayPal,PROD105,CUST4676,REV26936
ORD16937,2,229,5/10/2022,Pending,PayPal,PROD108,CUST2268,REV26937
ORD16938,1,80,28/03/2025,Returned,PayPal,PROD110,CUST3787,REV26938
ORD16939,5,99,31/05/2023,Cancelled,PayPal,PROD106,CUST2094,REV26939
ORD16940,5,99,7/02/2023,Cancelled,Cash on Delivery,PROD106,CUST5144,REV26940
ORD16941,2,110,26/09/2023,Shipped,Cash on Delivery,PROD105,CUST4070,REV26941
ORD16942,2,80,7/07/2023,Pending,PayPal,PROD110,CUST3043,REV26942
ORD16943,5,229,6/02/2025,Shipped,PayPal,PROD108,CUST3488,REV26943
ORD16944,4,99,15/12/2022,Shipped,Credit Card,PROD106,CUST3807,REV26944
ORD16945,5,129,23/08/2025,Cancelled,Credit Card,PROD109,CUST2593,REV26945
ORD16946,4,999,22/01/2025,Cancelled,PayPal,PROD100,CUST5545,REV26946
ORD16947,2,25,30/01/2025,Delivered,PayPal,PROD114,CUST1250,REV26947
ORD16948,2,199,5/07/2023,Returned,PayPal,PROD112,CUST4130,REV26948
ORD16949,1,229,21/07/2023,Cancelled,PayPal,PROD108,CUST2822,REV26949
ORD16950,3,199,6/10/2024,Returned,Credit Card,PROD112,CUST5966,REV26950
ORD16951,1,129,25/01/2025,Cancelled,Cash on Delivery,PROD109,CUST1237,REV26951
ORD16952,4,25,19/08/2024,Returned,Credit Card,PROD114,CUST5783,REV26952
ORD16953,2,229,31/03/2024,Pending,Cash on Delivery,PROD108,CUST3485,REV26953
ORD16954,5,99,5/04/2025,Pending,Credit Card,PROD106,CUST5317,REV26954
ORD16955,2,149,19/12/2023,Pending,Cash on Delivery,PROD113,CUST3240,REV26955
ORD16956,5,199,4/07/2023,Delivered,Cash on Delivery,PROD112,CUST1696,REV26956
ORD16957,4,999,23/01/2023,Shipped,Credit Card,PROD100,CUST1222,REV26957
ORD16958,4,199,25/07/2023,Shipped,Cash on Delivery,PROD112,CUST4298,REV26958
ORD16959,1,999,29/12/2022,Returned,Credit Card,PROD100,CUST1965,REV26959
ORD16960,3,80,31/08/2024,Shipped,Credit Card,PROD110,CUST3994,REV26960
ORD16961,3,80,23/04/2025,Returned,Credit Card,PROD110,CUST1261,REV26961
ORD16962,4,25,19/02/2025,Pending,Credit Card,PROD114,CUST2611,REV26962
ORD16963,1,229,20/03/2025,Cancelled,Credit Card,PROD108,CUST4899,REV26963
ORD16964,4,399,18/11/2022,Delivered,PayPal,PROD107,CUST5082,REV26964
ORD16965,1,59,8/09/2022,Shipped,PayPal,PROD103,CUST1618,REV26965
ORD16966,1,129,21/11/2022,Cancelled,Cash on Delivery,PROD109,CUST2507,REV26966
ORD16967,5,59,16/12/2022,Shipped,PayPal,PROD103,CUST1779,REV26967
ORD16968,5,99,4/04/2024,Delivered,Cash on Delivery,PROD106,CUST1397,REV26968
ORD16969,3,129,26/02/2025,Shipped,Cash on Delivery,PROD109,CUST3146,REV26969
ORD16970,2,999,23/04/2024,Returned,Credit Card,PROD100,CUST3262,REV26970
ORD16971,1,25,10/07/2023,Delivered,Cash on Delivery,PROD114,CUST5716,REV26971
ORD16972,5,229,14/09/2022,Pending,PayPal,PROD108,CUST5340,REV26972
ORD16973,5,999,23/11/2024,Delivered,PayPal,PROD100,CUST3539,REV26973
ORD16974,1,199,12/06/2023,Shipped,PayPal,PROD112,CUST3600,REV26974
ORD16975,4,59,19/07/2024,Pending,PayPal,PROD103,CUST4055,REV26975
ORD16976,4,59,12/12/2022,Cancelled,Credit Card,PROD103,CUST3645,REV26976
ORD16977,2,899,9/04/2024,Shipped,Credit Card,PROD101,CUST5070,REV26977
ORD16978,2,229,29/12/2022,Delivered,Cash on Delivery,PROD108,CUST1148,REV26978
ORD16979,3,99,28/09/2023,Cancelled,PayPal,PROD106,CUST3904,REV26979
ORD16980,1,80,9/08/2025,Returned,Cash on Delivery,PROD110,CUST1667,REV26980
ORD16981,2,199,2/05/2025,Pending,PayPal,PROD102,CUST4343,REV26981
ORD16982,5,149,8/01/2025,Pending,Credit Card,PROD113,CUST4199,REV26982
ORD16983,3,80,10/08/2025,Shipped,Credit Card,PROD110,CUST2067,REV26983
ORD16984,1,110,2/06/2025,Delivered,PayPal,PROD105,CUST4111,REV26984
ORD16985,3,80,3/01/2023,Delivered,Cash on Delivery,PROD110,CUST5144,REV26985
ORD16986,3,999,6/04/2024,Delivered,Cash on Delivery,PROD100,CUST1820,REV26986
ORD16987,3,999,3/11/2022,Cancelled,PayPal,PROD100,CUST2576,REV26987
ORD16988,3,59,15/03/2025,Shipped,Credit Card,PROD111,CUST5120,REV26988
ORD16989,5,99,7/03/2023,Returned,Credit Card,PROD106,CUST4201,REV26989
ORD16990,1,199,6/11/2022,Shipped,Cash on Delivery,PROD112,CUST5484,REV26990
ORD16991,3,899,27/06/2023,Cancelled,PayPal,PROD101,CUST3390,REV26991
ORD16992,2,59,17/10/2022,Returned,Credit Card,PROD103,CUST5396,REV26992
ORD16993,2,399,7/01/2024,Cancelled,PayPal,PROD107,CUST1806,REV26993
ORD16994,1,59,27/12/2022,Returned,Cash on Delivery,PROD103,CUST1439,REV26994
ORD16995,3,199,7/06/2025,Returned,Credit Card,PROD102,CUST5581,REV26995
ORD16996,2,899,20/01/2023,Returned,Credit Card,PROD101,CUST1973,REV26996
ORD16997,3,999,31/12/2024,Shipped,Credit Card,PROD100,CUST1914,REV26997
ORD16998,1,399,23/06/2025,Shipped,PayPal,PROD107,CUST1879,REV26998
ORD16999,1,120,4/06/2024,Returned,Credit Card,PROD104,CUST4999,REV26999
ORD17000,1,99,29/07/2024,Shipped,Cash on Delivery,PROD106,CUST4663,REV27000
ORD17001,1,59,23/12/2024,Delivered,Credit Card,PROD103,CUST1606,REV27001
ORD17002,4,25,26/10/2024,Delivered,Credit Card,PROD114,CUST1041,REV27002
ORD17003,2,999,19/08/2024,Pending,PayPal,PROD100,CUST5716,REV27003
ORD17004,3,59,5/02/2025,Pending,Credit Card,PROD103,CUST1233,REV27004
ORD17005,1,229,18/04/2024,Delivered,Cash on Delivery,PROD108,CUST3259,REV27005
ORD17006,1,399,1/03/2024,Returned,Cash on Delivery,PROD107,CUST3439,REV27006
ORD17007,3,899,30/03/2025,Delivered,PayPal,PROD101,CUST4720,REV27007
ORD17008,5,399,22/03/2025,Delivered,Credit Card,PROD107,CUST5501,REV27008
ORD17009,2,229,5/08/2024,Shipped,Cash on Delivery,PROD108,CUST4574,REV27009
ORD17010,2,80,17/08/2025,Cancelled,PayPal,PROD110,CUST2158,REV27010
ORD17011,2,199,26/08/2022,Delivered,PayPal,PROD112,CUST4614,REV27011
ORD17012,3,199,7/04/2023,Cancelled,Credit Card,PROD102,CUST5299,REV27012
ORD17013,3,110,10/05/2024,Returned,Credit Card,PROD105,CUST3988,REV27013
ORD17014,5,149,12/03/2023,Delivered,Cash on Delivery,PROD113,CUST1141,REV27014
ORD17015,5,25,5/02/2024,Cancelled,PayPal,PROD114,CUST3506,REV27015
ORD17016,2,59,28/06/2024,Returned,PayPal,PROD111,CUST5600,REV27016
ORD17017,2,229,26/03/2023,Delivered,Cash on Delivery,PROD108,CUST5931,REV27017
ORD17018,2,120,24/06/2025,Returned,PayPal,PROD104,CUST5729,REV27018
ORD17019,1,229,29/11/2024,Shipped,Credit Card,PROD108,CUST4263,REV27019
ORD17020,2,229,8/12/2024,Shipped,PayPal,PROD108,CUST1693,REV27020
ORD17021,2,59,4/04/2023,Pending,PayPal,PROD103,CUST3865,REV27021
ORD17022,2,399,12/01/2025,Cancelled,Credit Card,PROD107,CUST5450,REV27022
ORD17023,1,80,14/08/2023,Shipped,Credit Card,PROD110,CUST3276,REV27023
ORD17024,2,199,12/06/2025,Cancelled,Cash on Delivery,PROD112,CUST3434,REV27024
ORD17025,3,199,4/08/2025,Pending,PayPal,PROD102,CUST4428,REV27025
ORD17026,4,59,20/03/2024,Shipped,Cash on Delivery,PROD103,CUST1817,REV27026
ORD17027,1,99,5/07/2023,Shipped,PayPal,PROD106,CUST3192,REV27027
ORD17028,5,149,1/04/2024,Pending,Cash on Delivery,PROD113,CUST4941,REV27028
ORD17029,3,149,25/06/2025,Cancelled,PayPal,PROD113,CUST2587,REV27029
ORD17030,3,80,19/10/2023,Pending,PayPal,PROD110,CUST2045,REV27030
ORD17031,2,899,23/03/2025,Cancelled,PayPal,PROD101,CUST1466,REV27031
ORD17032,4,80,1/03/2023,Pending,Cash on Delivery,PROD110,CUST3793,REV27032
ORD17033,4,199,13/01/2025,Cancelled,Cash on Delivery,PROD112,CUST5577,REV27033
ORD17034,3,129,26/10/2024,Shipped,PayPal,PROD109,CUST1459,REV27034
ORD17035,5,99,5/08/2023,Delivered,Credit Card,PROD106,CUST4482,REV27035
ORD17036,3,199,29/05/2024,Pending,Cash on Delivery,PROD112,CUST4824,REV27036
ORD17037,1,399,23/01/2025,Pending,PayPal,PROD107,CUST4424,REV27037
ORD17038,4,120,9/06/2025,Returned,Credit Card,PROD104,CUST1010,REV27038
ORD17039,1,199,25/12/2024,Pending,Cash on Delivery,PROD102,CUST4937,REV27039
ORD17040,3,80,22/09/2022,Delivered,Cash on Delivery,PROD110,CUST3994,REV27040
ORD17041,1,25,2/07/2024,Shipped,Cash on Delivery,PROD114,CUST2013,REV27041
ORD17042,2,59,25/03/2024,Returned,Credit Card,PROD103,CUST2114,REV27042
ORD17043,4,120,8/11/2022,Shipped,PayPal,PROD104,CUST5739,REV27043
ORD17044,5,229,14/01/2025,Returned,Credit Card,PROD108,CUST4394,REV27044
ORD17045,5,899,20/07/2023,Shipped,PayPal,PROD101,CUST1196,REV27045
ORD17046,4,899,29/08/2022,Cancelled,PayPal,PROD101,CUST1905,REV27046
ORD17047,1,199,23/04/2025,Delivered,PayPal,PROD102,CUST3214,REV27047
ORD17048,3,399,15/12/2024,Cancelled,Credit Card,PROD107,CUST2039,REV27048
ORD17049,2,59,29/11/2023,Delivered,Cash on Delivery,PROD103,CUST2139,REV27049
ORD17050,2,399,23/06/2024,Shipped,Cash on Delivery,PROD107,CUST4816,REV27050
ORD17051,4,59,17/10/2023,Delivered,Credit Card,PROD111,CUST5960,REV27051
ORD17052,4,59,28/12/2023,Delivered,PayPal,PROD111,CUST4909,REV27052
ORD17053,5,899,15/11/2022,Shipped,PayPal,PROD101,CUST2810,REV27053
ORD17054,1,199,30/08/2023,Returned,Credit Card,PROD102,CUST5347,REV27054
ORD17055,2,25,26/07/2024,Pending,Credit Card,PROD114,CUST5656,REV27055
ORD17056,2,120,4/01/2023,Cancelled,Cash on Delivery,PROD104,CUST2101,REV27056
ORD17057,4,199,12/07/2024,Delivered,Credit Card,PROD102,CUST5317,REV27057
ORD17058,1,129,10/02/2024,Cancelled,Cash on Delivery,PROD109,CUST4990,REV27058
ORD17059,3,59,11/07/2025,Delivered,PayPal,PROD111,CUST3863,REV27059
ORD17060,2,25,9/04/2023,Shipped,Cash on Delivery,PROD114,CUST3729,REV27060
ORD17061,3,110,28/10/2022,Shipped,Credit Card,PROD105,CUST4173,REV27061
ORD17062,5,899,7/10/2023,Returned,PayPal,PROD101,CUST5975,REV27062
ORD17063,3,399,3/02/2023,Cancelled,Cash on Delivery,PROD107,CUST1681,REV27063
ORD17064,2,999,10/01/2025,Pending,Cash on Delivery,PROD100,CUST1628,REV27064
ORD17065,5,199,10/06/2023,Pending,Credit Card,PROD112,CUST3193,REV27065
ORD17066,5,59,31/03/2024,Pending,PayPal,PROD103,CUST4809,REV27066
ORD17067,4,229,13/10/2022,Shipped,PayPal,PROD108,CUST2666,REV27067
ORD17068,5,229,4/05/2023,Pending,Cash on Delivery,PROD108,CUST1140,REV27068
ORD17069,1,59,13/01/2023,Cancelled,Cash on Delivery,PROD103,CUST3213,REV27069
ORD17070,1,199,11/08/2023,Cancelled,Cash on Delivery,PROD102,CUST3759,REV27070
ORD17071,2,229,24/11/2024,Pending,Credit Card,PROD108,CUST3034,REV27071
ORD17072,1,59,12/12/2023,Pending,Credit Card,PROD111,CUST3825,REV27072
ORD17073,2,999,6/11/2024,Pending,Credit Card,PROD100,CUST3201,REV27073
ORD17074,3,899,23/06/2024,Delivered,Cash on Delivery,PROD101,CUST4049,REV27074
ORD17075,3,80,18/12/2023,Cancelled,PayPal,PROD110,CUST4171,REV27075
ORD17076,5,399,2/01/2024,Shipped,Credit Card,PROD107,CUST5469,REV27076
ORD17077,3,399,21/08/2025,Returned,Cash on Delivery,PROD107,CUST2296,REV27077
ORD17078,3,129,16/12/2024,Cancelled,Cash on Delivery,PROD109,CUST5955,REV27078
ORD17079,2,149,27/05/2024,Cancelled,PayPal,PROD113,CUST4372,REV27079
ORD17080,5,99,5/09/2022,Pending,Credit Card,PROD106,CUST5910,REV27080
ORD17081,1,129,13/11/2023,Cancelled,Credit Card,PROD109,CUST4696,REV27081
ORD17082,3,899,18/02/2023,Returned,Credit Card,PROD101,CUST4209,REV27082
ORD17083,4,99,31/10/2023,Pending,Credit Card,PROD106,CUST4447,REV27083
ORD17084,4,80,8/09/2022,Returned,Cash on Delivery,PROD110,CUST1012,REV27084
ORD17085,1,899,21/03/2025,Shipped,Cash on Delivery,PROD101,CUST3431,REV27085
ORD17086,3,149,17/01/2025,Shipped,PayPal,PROD113,CUST3498,REV27086
ORD17087,4,399,3/12/2023,Delivered,Cash on Delivery,PROD107,CUST3204,REV27087
ORD17088,1,199,27/03/2025,Shipped,Cash on Delivery,PROD112,CUST2023,REV27088
ORD17089,3,399,26/02/2023,Cancelled,PayPal,PROD107,CUST2853,REV27089
ORD17090,4,199,27/09/2023,Pending,PayPal,PROD102,CUST5581,REV27090
ORD17091,5,229,9/09/2023,Cancelled,Cash on Delivery,PROD108,CUST4876,REV27091
ORD17092,1,80,22/01/2025,Pending,Credit Card,PROD110,CUST2376,REV27092
ORD17093,4,99,2/11/2024,Returned,PayPal,PROD106,CUST2446,REV27093
ORD17094,3,25,20/08/2023,Shipped,Credit Card,PROD114,CUST3647,REV27094
ORD17095,2,110,22/03/2024,Returned,Credit Card,PROD105,CUST5747,REV27095
ORD17096,1,129,9/01/2023,Shipped,Cash on Delivery,PROD109,CUST5497,REV27096
ORD17097,3,149,5/09/2022,Cancelled,Credit Card,PROD113,CUST3505,REV27097
ORD17098,1,149,9/11/2024,Pending,Cash on Delivery,PROD113,CUST5244,REV27098
ORD17099,1,199,10/12/2024,Shipped,Cash on Delivery,PROD102,CUST2177,REV27099
ORD17100,4,199,3/11/2024,Returned,Credit Card,PROD102,CUST3502,REV27100
ORD17101,4,25,19/05/2023,Returned,Cash on Delivery,PROD114,CUST4145,REV27101
ORD17102,5,399,3/11/2023,Pending,PayPal,PROD107,CUST3065,REV27102
ORD17103,5,99,26/10/2022,Pending,Cash on Delivery,PROD106,CUST3868,REV27103
ORD17104,5,99,14/12/2022,Delivered,Credit Card,PROD106,CUST5424,REV27104
ORD17105,2,899,21/09/2023,Pending,PayPal,PROD101,CUST3790,REV27105
ORD17106,3,149,26/10/2024,Pending,Cash on Delivery,PROD113,CUST3386,REV27106
ORD17107,3,59,21/01/2023,Returned,Credit Card,PROD111,CUST5653,REV27107
ORD17108,1,229,28/01/2025,Returned,Cash on Delivery,PROD108,CUST3838,REV27108
ORD17109,5,129,27/08/2023,Delivered,Cash on Delivery,PROD109,CUST4655,REV27109
ORD17110,2,229,2/05/2024,Returned,PayPal,PROD108,CUST5239,REV27110
ORD17111,1,199,8/08/2023,Delivered,Cash on Delivery,PROD102,CUST5327,REV27111
ORD17112,1,399,26/04/2024,Shipped,Cash on Delivery,PROD107,CUST4434,REV27112
ORD17113,5,25,25/12/2023,Pending,PayPal,PROD114,CUST1083,REV27113
ORD17114,3,59,2/07/2023,Delivered,PayPal,PROD103,CUST5603,REV27114
ORD17115,3,999,12/04/2024,Returned,PayPal,PROD100,CUST4692,REV27115
ORD17116,4,229,6/11/2024,Shipped,Cash on Delivery,PROD108,CUST5332,REV27116
ORD17117,3,149,21/08/2023,Delivered,Cash on Delivery,PROD113,CUST4802,REV27117
ORD17118,1,129,7/03/2023,Pending,Cash on Delivery,PROD109,CUST1142,REV27118
ORD17119,5,59,8/04/2023,Delivered,Credit Card,PROD103,CUST2203,REV27119
ORD17120,1,899,30/11/2023,Delivered,PayPal,PROD101,CUST1777,REV27120
ORD17121,2,199,3/03/2025,Shipped,PayPal,PROD112,CUST3494,REV27121
ORD17122,5,199,5/12/2024,Returned,Cash on Delivery,PROD102,CUST4293,REV27122
ORD17123,2,120,18/02/2024,Shipped,PayPal,PROD104,CUST4113,REV27123
ORD17124,2,80,28/08/2023,Pending,Cash on Delivery,PROD110,CUST4582,REV27124
ORD17125,2,229,31/01/2023,Delivered,Cash on Delivery,PROD108,CUST5723,REV27125
ORD17126,4,59,7/05/2023,Shipped,Cash on Delivery,PROD111,CUST5468,REV27126
ORD17127,3,899,9/04/2024,Returned,PayPal,PROD101,CUST1836,REV27127
ORD17128,4,899,16/09/2023,Returned,Credit Card,PROD101,CUST3368,REV27128
ORD17129,1,99,30/06/2023,Returned,PayPal,PROD106,CUST4466,REV27129
ORD17130,1,199,21/06/2025,Delivered,Cash on Delivery,PROD102,CUST1903,REV27130
ORD17131,2,199,13/04/2025,Delivered,PayPal,PROD112,CUST1246,REV27131
ORD17132,4,59,12/02/2024,Cancelled,Cash on Delivery,PROD111,CUST2602,REV27132
ORD17133,5,80,23/03/2024,Delivered,Credit Card,PROD110,CUST2059,REV27133
ORD17134,2,149,24/07/2025,Delivered,Cash on Delivery,PROD113,CUST1964,REV27134
ORD17135,5,110,22/04/2023,Pending,Cash on Delivery,PROD105,CUST4837,REV27135
ORD17136,3,899,2/02/2024,Delivered,Credit Card,PROD101,CUST5990,REV27136
ORD17137,4,899,15/07/2025,Returned,PayPal,PROD101,CUST4829,REV27137
ORD17138,3,120,29/05/2024,Shipped,PayPal,PROD104,CUST4801,REV27138
ORD17139,1,199,20/03/2025,Returned,Cash on Delivery,PROD102,CUST5049,REV27139
ORD17140,2,110,2/06/2025,Shipped,Credit Card,PROD105,CUST2772,REV27140
ORD17141,1,99,17/04/2024,Delivered,Cash on Delivery,PROD106,CUST5688,REV27141
ORD17142,5,999,27/11/2023,Shipped,Cash on Delivery,PROD100,CUST1502,REV27142
ORD17143,3,199,29/08/2024,Returned,PayPal,PROD102,CUST1407,REV27143
ORD17144,2,59,3/10/2023,Cancelled,Cash on Delivery,PROD103,CUST4255,REV27144
ORD17145,5,199,6/07/2025,Shipped,Credit Card,PROD112,CUST1094,REV27145
ORD17146,3,199,19/08/2025,Pending,Credit Card,PROD102,CUST1342,REV27146
ORD17147,3,199,9/08/2023,Delivered,PayPal,PROD102,CUST2366,REV27147
ORD17148,4,199,31/07/2025,Shipped,PayPal,PROD112,CUST5115,REV27148
ORD17149,2,99,28/03/2023,Returned,Cash on Delivery,PROD106,CUST2539,REV27149
ORD17150,2,229,8/03/2023,Shipped,Cash on Delivery,PROD108,CUST1860,REV27150
ORD17151,4,199,14/01/2025,Pending,Cash on Delivery,PROD102,CUST1004,REV27151
ORD17152,4,25,31/05/2024,Pending,PayPal,PROD114,CUST2103,REV27152
ORD17153,1,120,27/07/2024,Cancelled,Cash on Delivery,PROD104,CUST4591,REV27153
ORD17154,4,199,24/04/2025,Shipped,Cash on Delivery,PROD102,CUST4784,REV27154
ORD17155,2,59,30/04/2023,Cancelled,Credit Card,PROD103,CUST5171,REV27155
ORD17156,3,120,3/12/2023,Shipped,Cash on Delivery,PROD104,CUST1920,REV27156
ORD17157,3,99,9/03/2025,Cancelled,Cash on Delivery,PROD106,CUST5699,REV27157
ORD17158,3,25,8/07/2023,Delivered,Credit Card,PROD114,CUST4922,REV27158
ORD17159,1,229,7/06/2023,Pending,Cash on Delivery,PROD108,CUST1968,REV27159
ORD17160,3,199,1/11/2022,Pending,PayPal,PROD102,CUST5722,REV27160
ORD17161,1,149,28/08/2022,Delivered,PayPal,PROD113,CUST4168,REV27161
ORD17162,5,149,30/09/2024,Cancelled,Cash on Delivery,PROD113,CUST2960,REV27162
ORD17163,3,99,24/08/2024,Delivered,Credit Card,PROD106,CUST3508,REV27163
ORD17164,2,899,25/01/2024,Pending,Credit Card,PROD101,CUST1444,REV27164
ORD17165,1,80,16/03/2024,Shipped,PayPal,PROD110,CUST1077,REV27165
ORD17166,2,229,5/10/2022,Cancelled,Cash on Delivery,PROD108,CUST2166,REV27166
ORD17167,1,59,8/08/2023,Shipped,PayPal,PROD111,CUST5901,REV27167
ORD17168,1,199,8/06/2024,Shipped,PayPal,PROD102,CUST3066,REV27168
ORD17169,3,129,2/11/2024,Pending,Cash on Delivery,PROD109,CUST5595,REV27169
ORD17170,5,129,18/11/2022,Cancelled,Credit Card,PROD109,CUST4029,REV27170
ORD17171,3,25,7/05/2023,Pending,Cash on Delivery,PROD114,CUST2154,REV27171
ORD17172,3,129,19/05/2023,Shipped,PayPal,PROD109,CUST5246,REV27172
ORD17173,3,59,13/07/2023,Cancelled,Credit Card,PROD111,CUST3677,REV27173
ORD17174,4,25,10/10/2022,Returned,Cash on Delivery,PROD114,CUST4144,REV27174
ORD17175,2,199,30/03/2023,Delivered,PayPal,PROD112,CUST1253,REV27175
ORD17176,3,80,16/04/2024,Pending,PayPal,PROD110,CUST5171,REV27176
ORD17177,5,229,2/08/2023,Returned,Cash on Delivery,PROD108,CUST4677,REV27177
ORD17178,2,129,5/03/2024,Shipped,Cash on Delivery,PROD109,CUST1568,REV27178
ORD17179,4,25,15/02/2024,Shipped,Cash on Delivery,PROD114,CUST5251,REV27179
ORD17180,2,229,3/11/2023,Cancelled,Credit Card,PROD108,CUST2997,REV27180
ORD17181,2,999,30/03/2023,Pending,Credit Card,PROD100,CUST4092,REV27181
ORD17182,2,399,20/06/2023,Delivered,PayPal,PROD107,CUST5730,REV27182
ORD17183,1,59,18/02/2024,Pending,Cash on Delivery,PROD111,CUST1154,REV27183
ORD17184,1,149,13/11/2024,Delivered,Cash on Delivery,PROD113,CUST1387,REV27184
ORD17185,2,99,21/10/2024,Pending,Cash on Delivery,PROD106,CUST2805,REV27185
ORD17186,3,399,25/02/2023,Delivered,Credit Card,PROD107,CUST1082,REV27186
ORD17187,3,899,5/06/2023,Pending,Credit Card,PROD101,CUST1651,REV27187
ORD17188,3,229,6/10/2024,Returned,Credit Card,PROD108,CUST2949,REV27188
ORD17189,2,110,12/08/2023,Shipped,Cash on Delivery,PROD105,CUST5909,REV27189
ORD17190,4,149,26/12/2022,Pending,PayPal,PROD113,CUST1078,REV27190
ORD17191,1,129,19/03/2023,Pending,Cash on Delivery,PROD109,CUST4521,REV27191
ORD17192,2,999,26/08/2024,Cancelled,Cash on Delivery,PROD100,CUST3788,REV27192
ORD17193,3,59,3/02/2024,Pending,PayPal,PROD103,CUST4765,REV27193
ORD17194,1,25,2/12/2023,Pending,Cash on Delivery,PROD114,CUST4354,REV27194
ORD17195,4,399,3/06/2024,Shipped,PayPal,PROD107,CUST1614,REV27195
ORD17196,2,129,1/04/2023,Delivered,PayPal,PROD109,CUST3351,REV27196
ORD17197,2,120,1/04/2024,Pending,Cash on Delivery,PROD104,CUST3370,REV27197
ORD17198,5,399,12/04/2025,Delivered,PayPal,PROD107,CUST5339,REV27198
ORD17199,4,59,26/08/2023,Cancelled,Credit Card,PROD111,CUST3937,REV27199
ORD17200,4,99,18/11/2024,Returned,PayPal,PROD106,CUST1911,REV27200
ORD17201,1,59,15/05/2025,Returned,Credit Card,PROD103,CUST3882,REV27201
ORD17202,5,99,4/03/2023,Returned,PayPal,PROD106,CUST3764,REV27202
ORD17203,4,199,24/12/2023,Returned,Cash on Delivery,PROD102,CUST4558,REV27203
ORD17204,5,999,24/03/2025,Delivered,Credit Card,PROD100,CUST5863,REV27204
ORD17205,5,120,12/06/2024,Shipped,PayPal,PROD104,CUST1563,REV27205
ORD17206,5,999,5/08/2023,Cancelled,Credit Card,PROD100,CUST1918,REV27206
ORD17207,1,999,18/09/2024,Delivered,Cash on Delivery,PROD100,CUST4811,REV27207
ORD17208,4,399,20/10/2022,Cancelled,Cash on Delivery,PROD107,CUST2163,REV27208
ORD17209,3,199,9/03/2024,Pending,Cash on Delivery,PROD112,CUST5928,REV27209
ORD17210,3,229,3/07/2024,Cancelled,Credit Card,PROD108,CUST5083,REV27210
ORD17211,5,110,11/08/2023,Pending,PayPal,PROD105,CUST2441,REV27211
ORD17212,2,59,13/03/2024,Returned,Cash on Delivery,PROD103,CUST5117,REV27212
ORD17213,4,80,4/12/2022,Shipped,Credit Card,PROD110,CUST1935,REV27213
ORD17214,3,129,2/01/2023,Returned,Cash on Delivery,PROD109,CUST1466,REV27214
ORD17215,1,399,17/07/2024,Delivered,PayPal,PROD107,CUST5206,REV27215
ORD17216,5,25,3/10/2023,Cancelled,Credit Card,PROD114,CUST2193,REV27216
ORD17217,2,999,9/08/2024,Pending,PayPal,PROD100,CUST3180,REV27217
ORD17218,1,110,6/08/2023,Returned,Credit Card,PROD105,CUST5781,REV27218
ORD17219,1,59,5/07/2024,Shipped,PayPal,PROD111,CUST3484,REV27219
ORD17220,4,110,7/03/2024,Shipped,Cash on Delivery,PROD105,CUST2570,REV27220
ORD17221,5,25,4/10/2024,Pending,PayPal,PROD114,CUST5959,REV27221
ORD17222,1,999,23/10/2022,Cancelled,PayPal,PROD100,CUST1206,REV27222
ORD17223,1,120,22/01/2024,Cancelled,Cash on Delivery,PROD104,CUST3072,REV27223
ORD17224,3,99,28/09/2024,Returned,Credit Card,PROD106,CUST5220,REV27224
ORD17225,5,899,16/05/2025,Pending,Cash on Delivery,PROD101,CUST3064,REV27225
ORD17226,1,399,23/02/2025,Shipped,Credit Card,PROD107,CUST2368,REV27226
ORD17227,1,229,23/01/2025,Delivered,PayPal,PROD108,CUST3826,REV27227
ORD17228,3,25,1/12/2024,Delivered,Cash on Delivery,PROD114,CUST1090,REV27228
ORD17229,1,999,30/03/2023,Delivered,PayPal,PROD100,CUST5523,REV27229
ORD17230,4,80,12/12/2024,Returned,PayPal,PROD110,CUST5775,REV27230
ORD17231,3,59,28/05/2024,Cancelled,Credit Card,PROD103,CUST3814,REV27231
ORD17232,3,59,2/05/2023,Returned,PayPal,PROD103,CUST2219,REV27232
ORD17233,1,999,15/05/2023,Cancelled,Cash on Delivery,PROD100,CUST3902,REV27233
ORD17234,5,59,20/05/2025,Cancelled,Cash on Delivery,PROD111,CUST4924,REV27234
ORD17235,1,129,19/06/2023,Pending,Cash on Delivery,PROD109,CUST5006,REV27235
ORD17236,1,899,23/07/2024,Pending,Cash on Delivery,PROD101,CUST1516,REV27236
ORD17237,1,25,4/05/2025,Returned,PayPal,PROD114,CUST1021,REV27237
ORD17238,2,229,12/06/2023,Pending,PayPal,PROD108,CUST1296,REV27238
ORD17239,1,80,23/09/2022,Cancelled,Cash on Delivery,PROD110,CUST2508,REV27239
ORD17240,5,199,8/09/2023,Cancelled,PayPal,PROD112,CUST3862,REV27240
ORD17241,2,99,22/02/2025,Returned,PayPal,PROD106,CUST5570,REV27241
ORD17242,1,899,13/08/2024,Returned,Cash on Delivery,PROD101,CUST3539,REV27242
ORD17243,4,120,20/01/2025,Shipped,Credit Card,PROD104,CUST3573,REV27243
ORD17244,5,110,10/04/2023,Cancelled,PayPal,PROD105,CUST4445,REV27244
ORD17245,2,199,6/04/2024,Shipped,Credit Card,PROD112,CUST3350,REV27245
ORD17246,1,59,26/08/2024,Cancelled,Credit Card,PROD103,CUST4996,REV27246
ORD17247,1,25,1/03/2025,Delivered,PayPal,PROD114,CUST2653,REV27247
ORD17248,2,999,1/05/2023,Delivered,Cash on Delivery,PROD100,CUST1601,REV27248
ORD17249,1,80,17/03/2025,Delivered,PayPal,PROD110,CUST5765,REV27249
ORD17250,3,25,15/02/2023,Delivered,Credit Card,PROD114,CUST1225,REV27250
ORD17251,3,120,5/10/2024,Cancelled,Cash on Delivery,PROD104,CUST2528,REV27251
ORD17252,5,25,24/03/2024,Returned,Credit Card,PROD114,CUST5416,REV27252
ORD17253,3,399,17/05/2023,Returned,Cash on Delivery,PROD107,CUST5379,REV27253
ORD17254,4,399,8/08/2025,Shipped,Cash on Delivery,PROD107,CUST3043,REV27254
ORD17255,4,229,28/08/2022,Cancelled,Credit Card,PROD108,CUST2184,REV27255
ORD17256,4,110,2/05/2025,Delivered,Credit Card,PROD105,CUST3781,REV27256
ORD17257,1,110,1/08/2024,Cancelled,PayPal,PROD105,CUST3665,REV27257
ORD17258,2,99,4/06/2025,Delivered,Cash on Delivery,PROD106,CUST5395,REV27258
ORD17259,2,25,9/01/2025,Pending,PayPal,PROD114,CUST1756,REV27259
ORD17260,4,80,5/01/2025,Delivered,Credit Card,PROD110,CUST2296,REV27260
ORD17261,1,120,2/06/2025,Pending,Credit Card,PROD104,CUST5998,REV27261
ORD17262,1,120,27/05/2024,Returned,Cash on Delivery,PROD104,CUST1139,REV27262
ORD17263,5,129,27/07/2025,Shipped,Credit Card,PROD109,CUST2279,REV27263
ORD17264,3,59,18/07/2023,Pending,Credit Card,PROD103,CUST2496,REV27264
ORD17265,4,59,15/03/2023,Shipped,Credit Card,PROD111,CUST4684,REV27265
ORD17266,2,199,27/04/2023,Shipped,PayPal,PROD112,CUST2387,REV27266
ORD17267,4,899,4/09/2023,Delivered,Credit Card,PROD101,CUST5646,REV27267
ORD17268,4,59,16/03/2023,Cancelled,Cash on Delivery,PROD111,CUST3903,REV27268
ORD17269,5,59,3/07/2023,Shipped,PayPal,PROD103,CUST5971,REV27269
ORD17270,1,129,27/04/2023,Delivered,PayPal,PROD109,CUST1619,REV27270
ORD17271,5,199,9/08/2025,Cancelled,Credit Card,PROD102,CUST1128,REV27271
ORD17272,2,999,11/12/2024,Cancelled,Credit Card,PROD100,CUST3544,REV27272
ORD17273,5,899,6/02/2024,Returned,PayPal,PROD101,CUST2231,REV27273
ORD17274,2,899,16/06/2023,Cancelled,Cash on Delivery,PROD101,CUST3736,REV27274
ORD17275,2,25,27/01/2023,Pending,PayPal,PROD114,CUST4188,REV27275
ORD17276,3,80,2/05/2025,Delivered,PayPal,PROD110,CUST2728,REV27276
ORD17277,5,59,23/05/2025,Shipped,PayPal,PROD111,CUST4419,REV27277
ORD17278,1,199,13/07/2024,Cancelled,Cash on Delivery,PROD102,CUST4654,REV27278
ORD17279,5,899,5/02/2023,Delivered,Credit Card,PROD101,CUST2053,REV27279
ORD17280,5,25,16/01/2025,Shipped,Credit Card,PROD114,CUST5539,REV27280
ORD17281,5,59,18/05/2024,Shipped,PayPal,PROD111,CUST3213,REV27281
ORD17282,1,199,1/02/2024,Cancelled,PayPal,PROD112,CUST1302,REV27282
ORD17283,1,110,13/10/2022,Cancelled,Credit Card,PROD105,CUST4185,REV27283
ORD17284,5,99,28/10/2024,Delivered,PayPal,PROD106,CUST3361,REV27284
ORD17285,5,25,15/02/2023,Pending,Credit Card,PROD114,CUST5738,REV27285
ORD17286,4,149,7/03/2023,Pending,PayPal,PROD113,CUST1478,REV27286
ORD17287,2,129,4/07/2023,Delivered,PayPal,PROD109,CUST1712,REV27287
ORD17288,3,99,11/01/2025,Returned,Cash on Delivery,PROD106,CUST3542,REV27288
ORD17289,2,229,30/06/2024,Returned,PayPal,PROD108,CUST5221,REV27289
ORD17290,4,199,22/11/2024,Shipped,Credit Card,PROD112,CUST2634,REV27290
ORD17291,1,59,14/11/2022,Cancelled,PayPal,PROD111,CUST5282,REV27291
ORD17292,5,59,20/02/2025,Cancelled,Cash on Delivery,PROD103,CUST4317,REV27292
ORD17293,4,129,17/05/2024,Returned,PayPal,PROD109,CUST4873,REV27293
ORD17294,4,229,12/01/2025,Shipped,Credit Card,PROD108,CUST3944,REV27294
ORD17295,1,229,8/11/2024,Cancelled,Credit Card,PROD108,CUST4116,REV27295
ORD17296,5,59,27/06/2024,Returned,Credit Card,PROD111,CUST2745,REV27296
ORD17297,4,199,7/02/2025,Cancelled,Credit Card,PROD112,CUST2500,REV27297
ORD17298,5,149,17/09/2022,Cancelled,PayPal,PROD113,CUST5687,REV27298
ORD17299,1,399,15/09/2024,Delivered,Cash on Delivery,PROD107,CUST1642,REV27299
ORD17300,4,399,10/01/2024,Delivered,Cash on Delivery,PROD107,CUST2679,REV27300
ORD17301,2,199,28/11/2023,Returned,Credit Card,PROD102,CUST4614,REV27301
ORD17302,1,399,21/09/2024,Shipped,Cash on Delivery,PROD107,CUST1292,REV27302
ORD17303,2,120,22/05/2024,Delivered,Cash on Delivery,PROD104,CUST1585,REV27303
ORD17304,4,199,13/06/2023,Returned,Cash on Delivery,PROD102,CUST4963,REV27304
ORD17305,3,59,12/11/2023,Shipped,Cash on Delivery,PROD111,CUST3037,REV27305
ORD17306,1,149,23/01/2023,Returned,Credit Card,PROD113,CUST2202,REV27306
ORD17307,2,59,1/02/2025,Returned,PayPal,PROD111,CUST5976,REV27307
ORD17308,2,120,5/09/2024,Delivered,Cash on Delivery,PROD104,CUST4397,REV27308
ORD17309,1,399,7/04/2025,Shipped,Cash on Delivery,PROD107,CUST3432,REV27309
ORD17310,1,110,24/07/2023,Shipped,PayPal,PROD105,CUST5280,REV27310
ORD17311,2,199,16/11/2024,Cancelled,Credit Card,PROD102,CUST4837,REV27311
ORD17312,3,120,3/10/2024,Shipped,Credit Card,PROD104,CUST4456,REV27312
ORD17313,1,59,22/10/2023,Pending,Cash on Delivery,PROD111,CUST5206,REV27313
ORD17314,1,120,29/06/2023,Delivered,PayPal,PROD104,CUST3254,REV27314
ORD17315,5,110,15/08/2025,Pending,PayPal,PROD105,CUST4848,REV27315
ORD17316,1,229,9/01/2025,Delivered,Credit Card,PROD108,CUST3161,REV27316
ORD17317,2,149,19/06/2024,Returned,Cash on Delivery,PROD113,CUST2740,REV27317
ORD17318,1,80,21/07/2023,Returned,Credit Card,PROD110,CUST3026,REV27318
ORD17319,5,80,4/01/2023,Returned,PayPal,PROD110,CUST3433,REV27319
ORD17320,4,129,1/03/2023,Returned,Credit Card,PROD109,CUST5680,REV27320
ORD17321,2,199,1/05/2023,Pending,Credit Card,PROD112,CUST3055,REV27321
ORD17322,4,25,18/02/2023,Cancelled,Cash on Delivery,PROD114,CUST2410,REV27322
ORD17323,1,129,15/12/2023,Cancelled,Cash on Delivery,PROD109,CUST4437,REV27323
ORD17324,5,199,28/03/2024,Returned,Credit Card,PROD112,CUST3247,REV27324
ORD17325,4,110,24/12/2022,Delivered,Cash on Delivery,PROD105,CUST2781,REV27325
ORD17326,5,99,8/08/2023,Returned,Cash on Delivery,PROD106,CUST5446,REV27326
ORD17327,1,999,26/04/2024,Pending,Credit Card,PROD100,CUST5780,REV27327
ORD17328,1,899,22/11/2022,Shipped,PayPal,PROD101,CUST2332,REV27328
ORD17329,2,59,16/05/2023,Shipped,Cash on Delivery,PROD111,CUST1464,REV27329
ORD17330,3,199,11/10/2023,Shipped,Credit Card,PROD102,CUST5447,REV27330
ORD17331,2,149,28/08/2024,Delivered,Credit Card,PROD113,CUST5242,REV27331
ORD17332,5,59,20/11/2022,Returned,Credit Card,PROD103,CUST1716,REV27332
ORD17333,1,59,20/03/2025,Returned,PayPal,PROD111,CUST3302,REV27333
ORD17334,3,229,27/04/2024,Delivered,PayPal,PROD108,CUST4322,REV27334
ORD17335,5,899,24/08/2024,Cancelled,PayPal,PROD101,CUST3556,REV27335
ORD17336,4,59,29/09/2022,Shipped,PayPal,PROD103,CUST1986,REV27336
ORD17337,1,129,15/05/2023,Pending,PayPal,PROD109,CUST5429,REV27337
ORD17338,5,199,26/12/2022,Delivered,Cash on Delivery,PROD102,CUST4008,REV27338
ORD17339,5,129,4/01/2024,Shipped,PayPal,PROD109,CUST5437,REV27339
ORD17340,5,899,2/01/2023,Shipped,Cash on Delivery,PROD101,CUST1481,REV27340
ORD17341,3,25,1/12/2024,Delivered,PayPal,PROD114,CUST3077,REV27341
ORD17342,4,59,27/04/2023,Shipped,Cash on Delivery,PROD103,CUST5106,REV27342
ORD17343,5,399,8/03/2024,Shipped,PayPal,PROD107,CUST1037,REV27343
ORD17344,4,999,7/09/2023,Returned,Credit Card,PROD100,CUST3034,REV27344
ORD17345,2,149,16/05/2025,Returned,Cash on Delivery,PROD113,CUST2882,REV27345
ORD17346,5,399,29/03/2025,Delivered,Cash on Delivery,PROD107,CUST5219,REV27346
ORD17347,4,399,15/12/2024,Pending,Cash on Delivery,PROD107,CUST1912,REV27347
ORD17348,2,59,15/04/2023,Pending,PayPal,PROD103,CUST4719,REV27348
ORD17349,1,199,14/07/2025,Cancelled,Credit Card,PROD102,CUST1811,REV27349
ORD17350,2,199,16/04/2023,Cancelled,Credit Card,PROD112,CUST4326,REV27350
ORD17351,1,120,8/12/2022,Shipped,Credit Card,PROD104,CUST3086,REV27351
ORD17352,4,59,15/04/2024,Shipped,Cash on Delivery,PROD111,CUST3368,REV27352
ORD17353,5,149,2/03/2025,Cancelled,Credit Card,PROD113,CUST5126,REV27353
ORD17354,4,110,29/01/2025,Delivered,Cash on Delivery,PROD105,CUST1720,REV27354
ORD17355,3,80,5/08/2023,Shipped,Credit Card,PROD110,CUST4694,REV27355
ORD17356,5,229,24/02/2023,Pending,PayPal,PROD108,CUST4296,REV27356
ORD17357,4,999,8/01/2025,Shipped,Cash on Delivery,PROD100,CUST5377,REV27357
ORD17358,4,110,8/04/2023,Cancelled,Credit Card,PROD105,CUST1985,REV27358
ORD17359,5,99,24/01/2025,Pending,Credit Card,PROD106,CUST1357,REV27359
ORD17360,4,120,12/10/2022,Cancelled,Credit Card,PROD104,CUST4597,REV27360
ORD17361,3,999,27/05/2023,Delivered,Credit Card,PROD100,CUST3420,REV27361
ORD17362,4,199,21/10/2024,Delivered,PayPal,PROD102,CUST2630,REV27362
ORD17363,2,25,21/02/2025,Pending,Cash on Delivery,PROD114,CUST1485,REV27363
ORD17364,3,80,27/07/2025,Shipped,PayPal,PROD110,CUST4685,REV27364
ORD17365,2,129,4/07/2025,Pending,Credit Card,PROD109,CUST4951,REV27365
ORD17366,2,199,25/03/2024,Delivered,Cash on Delivery,PROD102,CUST2472,REV27366
ORD17367,4,25,21/04/2023,Pending,PayPal,PROD114,CUST3659,REV27367
ORD17368,2,149,14/03/2025,Pending,Credit Card,PROD113,CUST5942,REV27368
ORD17369,4,99,27/05/2023,Cancelled,Cash on Delivery,PROD106,CUST3283,REV27369
ORD17370,1,199,31/10/2024,Pending,Credit Card,PROD112,CUST4431,REV27370
ORD17371,1,129,18/08/2024,Returned,PayPal,PROD109,CUST1125,REV27371
ORD17372,5,80,31/10/2022,Cancelled,PayPal,PROD110,CUST3845,REV27372
ORD17373,4,899,15/11/2024,Cancelled,Credit Card,PROD101,CUST4570,REV27373
ORD17374,3,80,8/10/2024,Pending,PayPal,PROD110,CUST5546,REV27374
ORD17375,2,110,8/06/2023,Cancelled,Cash on Delivery,PROD105,CUST5468,REV27375
ORD17376,2,59,30/03/2024,Pending,PayPal,PROD103,CUST1976,REV27376
ORD17377,3,80,19/03/2025,Pending,Cash on Delivery,PROD110,CUST1128,REV27377
ORD17378,1,59,27/07/2023,Cancelled,Credit Card,PROD103,CUST1036,REV27378
ORD17379,4,99,17/08/2023,Delivered,Cash on Delivery,PROD106,CUST3281,REV27379
ORD17380,5,129,9/03/2025,Shipped,PayPal,PROD109,CUST1721,REV27380
ORD17381,2,80,24/03/2023,Delivered,Credit Card,PROD110,CUST3927,REV27381
ORD17382,2,80,4/07/2024,Delivered,Credit Card,PROD110,CUST3184,REV27382
ORD17383,4,199,2/06/2024,Shipped,PayPal,PROD112,CUST2606,REV27383
ORD17384,3,899,23/01/2023,Pending,PayPal,PROD101,CUST4259,REV27384
ORD17385,4,120,15/03/2023,Delivered,Credit Card,PROD104,CUST1611,REV27385
ORD17386,3,99,16/01/2023,Shipped,PayPal,PROD106,CUST4499,REV27386
ORD17387,1,399,30/12/2024,Cancelled,Credit Card,PROD107,CUST3563,REV27387
ORD17388,5,120,2/02/2024,Returned,PayPal,PROD104,CUST5116,REV27388
ORD17389,2,59,11/01/2025,Cancelled,Cash on Delivery,PROD111,CUST3861,REV27389
ORD17390,1,129,22/10/2023,Pending,Credit Card,PROD109,CUST5504,REV27390
ORD17391,2,25,15/11/2023,Cancelled,Cash on Delivery,PROD114,CUST1153,REV27391
ORD17392,3,129,13/08/2024,Delivered,Cash on Delivery,PROD109,CUST3261,REV27392
ORD17393,2,899,23/09/2022,Pending,Cash on Delivery,PROD101,CUST3511,REV27393
ORD17394,4,199,13/03/2024,Cancelled,Credit Card,PROD112,CUST4983,REV27394
ORD17395,1,99,18/04/2024,Returned,Cash on Delivery,PROD106,CUST2106,REV27395
ORD17396,3,199,25/05/2023,Returned,Cash on Delivery,PROD112,CUST3169,REV27396
ORD17397,3,25,26/11/2024,Delivered,PayPal,PROD114,CUST3206,REV27397
ORD17398,3,999,17/04/2025,Delivered,PayPal,PROD100,CUST4141,REV27398
ORD17399,1,999,20/05/2023,Shipped,Credit Card,PROD100,CUST1359,REV27399
ORD17400,4,399,23/03/2023,Delivered,Cash on Delivery,PROD107,CUST4687,REV27400
ORD17401,3,149,17/05/2023,Returned,Cash on Delivery,PROD113,CUST5762,REV27401
ORD17402,5,199,30/10/2024,Returned,Cash on Delivery,PROD102,CUST4462,REV27402
ORD17403,5,120,19/04/2023,Pending,PayPal,PROD104,CUST1539,REV27403
ORD17404,5,399,14/03/2024,Delivered,Cash on Delivery,PROD107,CUST4530,REV27404
ORD17405,5,59,28/07/2025,Returned,Credit Card,PROD111,CUST3351,REV27405
ORD17406,2,199,1/06/2024,Delivered,Cash on Delivery,PROD112,CUST4488,REV27406
ORD17407,1,59,12/01/2023,Pending,Credit Card,PROD111,CUST1603,REV27407
ORD17408,4,129,18/06/2025,Returned,Cash on Delivery,PROD109,CUST5835,REV27408
ORD17409,5,25,22/05/2025,Shipped,Cash on Delivery,PROD114,CUST4469,REV27409
ORD17410,4,199,22/03/2023,Returned,Credit Card,PROD112,CUST1734,REV27410
ORD17411,5,899,27/03/2023,Shipped,Cash on Delivery,PROD101,CUST4345,REV27411
ORD17412,2,999,13/05/2024,Pending,PayPal,PROD100,CUST4898,REV27412
ORD17413,2,59,17/02/2025,Shipped,Cash on Delivery,PROD103,CUST3308,REV27413
ORD17414,5,229,6/03/2025,Returned,PayPal,PROD108,CUST4519,REV27414
ORD17415,3,80,30/11/2024,Delivered,Cash on Delivery,PROD110,CUST2265,REV27415
ORD17416,3,199,19/12/2022,Returned,Credit Card,PROD102,CUST1975,REV27416
ORD17417,4,149,28/09/2022,Returned,Credit Card,PROD113,CUST2398,REV27417
ORD17418,5,399,27/01/2025,Pending,Credit Card,PROD107,CUST3553,REV27418
ORD17419,5,80,25/08/2022,Delivered,PayPal,PROD110,CUST3624,REV27419
ORD17420,1,120,15/12/2024,Delivered,Cash on Delivery,PROD104,CUST3942,REV27420
ORD17421,5,59,29/11/2022,Delivered,Cash on Delivery,PROD111,CUST1564,REV27421
ORD17422,4,25,18/11/2022,Cancelled,Cash on Delivery,PROD114,CUST4948,REV27422
ORD17423,4,129,26/03/2023,Returned,Cash on Delivery,PROD109,CUST5357,REV27423
ORD17424,3,25,30/07/2025,Pending,Credit Card,PROD114,CUST4696,REV27424
ORD17425,1,59,24/05/2025,Delivered,Cash on Delivery,PROD103,CUST3302,REV27425
ORD17426,3,129,6/11/2022,Returned,Cash on Delivery,PROD109,CUST4401,REV27426
ORD17427,4,399,27/01/2025,Cancelled,PayPal,PROD107,CUST1140,REV27427
ORD17428,1,80,5/11/2022,Cancelled,Credit Card,PROD110,CUST3345,REV27428
ORD17429,5,199,6/03/2025,Returned,Credit Card,PROD102,CUST2947,REV27429
ORD17430,3,25,11/08/2023,Pending,Cash on Delivery,PROD114,CUST2003,REV27430
ORD17431,5,25,18/04/2025,Cancelled,Cash on Delivery,PROD114,CUST5070,REV27431
ORD17432,4,199,25/11/2023,Delivered,PayPal,PROD112,CUST3869,REV27432
ORD17433,3,229,11/03/2023,Delivered,Cash on Delivery,PROD108,CUST3224,REV27433
ORD17434,2,999,15/06/2024,Shipped,PayPal,PROD100,CUST5479,REV27434
ORD17435,4,149,31/12/2024,Pending,Cash on Delivery,PROD113,CUST5736,REV27435
ORD17436,1,120,23/06/2023,Pending,Credit Card,PROD104,CUST2512,REV27436
ORD17437,3,149,9/08/2023,Cancelled,Credit Card,PROD113,CUST5593,REV27437
ORD17438,4,59,27/02/2023,Returned,PayPal,PROD103,CUST3964,REV27438
ORD17439,5,899,4/04/2023,Delivered,PayPal,PROD101,CUST3136,REV27439
ORD17440,3,120,29/09/2024,Returned,Cash on Delivery,PROD104,CUST3939,REV27440
ORD17441,4,899,27/09/2024,Pending,PayPal,PROD101,CUST4605,REV27441
ORD17442,3,80,1/07/2024,Returned,PayPal,PROD110,CUST2136,REV27442
ORD17443,4,129,9/08/2023,Delivered,Cash on Delivery,PROD109,CUST2947,REV27443
ORD17444,2,120,21/08/2024,Cancelled,Cash on Delivery,PROD104,CUST1813,REV27444
ORD17445,1,899,25/06/2023,Shipped,Cash on Delivery,PROD101,CUST2616,REV27445
ORD17446,1,129,19/02/2025,Cancelled,PayPal,PROD109,CUST2455,REV27446
ORD17447,4,110,16/08/2023,Pending,PayPal,PROD105,CUST2363,REV27447
ORD17448,1,399,25/07/2024,Delivered,PayPal,PROD107,CUST1779,REV27448
ORD17449,3,80,28/02/2023,Returned,Credit Card,PROD110,CUST5451,REV27449
ORD17450,2,149,1/12/2023,Shipped,Credit Card,PROD113,CUST1565,REV27450
ORD17451,5,80,18/11/2023,Delivered,PayPal,PROD110,CUST2930,REV27451
ORD17452,5,199,8/12/2022,Pending,PayPal,PROD112,CUST4656,REV27452
ORD17453,2,59,30/10/2024,Delivered,Credit Card,PROD111,CUST2551,REV27453
ORD17454,4,229,15/06/2025,Delivered,PayPal,PROD108,CUST3570,REV27454
ORD17455,3,899,21/07/2024,Shipped,PayPal,PROD101,CUST5937,REV27455
ORD17456,2,80,7/05/2025,Shipped,Credit Card,PROD110,CUST2155,REV27456
ORD17457,1,999,30/03/2024,Returned,Credit Card,PROD100,CUST3210,REV27457
ORD17458,1,399,24/02/2024,Pending,Credit Card,PROD107,CUST1323,REV27458
ORD17459,4,229,21/12/2024,Shipped,Cash on Delivery,PROD108,CUST2709,REV27459
ORD17460,2,199,12/05/2023,Pending,Cash on Delivery,PROD102,CUST3828,REV27460
ORD17461,1,25,7/09/2023,Shipped,Credit Card,PROD114,CUST1860,REV27461
ORD17462,2,899,14/02/2023,Shipped,Cash on Delivery,PROD101,CUST3723,REV27462
ORD17463,5,59,6/03/2023,Returned,PayPal,PROD103,CUST2629,REV27463
ORD17464,4,129,14/05/2024,Delivered,Cash on Delivery,PROD109,CUST5136,REV27464
ORD17465,4,80,13/10/2024,Returned,PayPal,PROD110,CUST5427,REV27465
ORD17466,3,199,16/04/2024,Pending,PayPal,PROD102,CUST4659,REV27466
ORD17467,3,25,27/10/2023,Shipped,Credit Card,PROD114,CUST1397,REV27467
ORD17468,4,399,10/11/2022,Shipped,Credit Card,PROD107,CUST1082,REV27468
ORD17469,1,399,17/03/2023,Pending,Credit Card,PROD107,CUST2030,REV27469
ORD17470,4,80,18/05/2025,Shipped,Cash on Delivery,PROD110,CUST5753,REV27470
ORD17471,1,110,16/03/2023,Pending,Credit Card,PROD105,CUST2984,REV27471
ORD17472,5,899,17/12/2023,Pending,Cash on Delivery,PROD101,CUST3888,REV27472
ORD17473,5,199,25/05/2024,Cancelled,Credit Card,PROD112,CUST3349,REV27473
ORD17474,2,229,12/04/2023,Returned,Cash on Delivery,PROD108,CUST4321,REV27474
ORD17475,5,59,7/02/2023,Cancelled,Credit Card,PROD103,CUST1392,REV27475
ORD17476,3,399,19/09/2024,Cancelled,Credit Card,PROD107,CUST3074,REV27476
ORD17477,1,59,1/09/2022,Delivered,Cash on Delivery,PROD103,CUST4823,REV27477
ORD17478,1,149,1/05/2023,Delivered,Cash on Delivery,PROD113,CUST5826,REV27478
ORD17479,1,149,24/10/2023,Cancelled,Credit Card,PROD113,CUST1126,REV27479
ORD17480,2,99,23/02/2023,Cancelled,Credit Card,PROD106,CUST2261,REV27480
ORD17481,5,80,27/03/2025,Shipped,Cash on Delivery,PROD110,CUST2441,REV27481
ORD17482,4,199,19/04/2023,Cancelled,PayPal,PROD112,CUST2357,REV27482
ORD17483,1,120,8/09/2022,Delivered,PayPal,PROD104,CUST3054,REV27483
ORD17484,4,199,17/04/2023,Cancelled,Credit Card,PROD102,CUST1979,REV27484
ORD17485,3,80,15/01/2025,Returned,Cash on Delivery,PROD110,CUST2382,REV27485
ORD17486,3,899,15/08/2025,Delivered,PayPal,PROD101,CUST1487,REV27486
ORD17487,5,120,1/10/2024,Pending,Credit Card,PROD104,CUST4519,REV27487
ORD17488,2,899,19/08/2025,Shipped,Cash on Delivery,PROD101,CUST4402,REV27488
ORD17489,1,59,12/11/2024,Pending,Cash on Delivery,PROD111,CUST3926,REV27489
ORD17490,1,25,2/09/2024,Returned,Cash on Delivery,PROD114,CUST1345,REV27490
ORD17491,3,149,20/02/2025,Returned,Cash on Delivery,PROD113,CUST5933,REV27491
ORD17492,3,110,22/03/2025,Shipped,Cash on Delivery,PROD105,CUST5855,REV27492
ORD17493,3,59,28/08/2022,Pending,PayPal,PROD111,CUST4108,REV27493
ORD17494,5,59,20/07/2023,Delivered,PayPal,PROD103,CUST4392,REV27494
ORD17495,2,59,16/06/2025,Returned,PayPal,PROD103,CUST5918,REV27495
ORD17496,2,59,11/09/2023,Delivered,PayPal,PROD111,CUST2378,REV27496
ORD17497,1,199,21/06/2025,Returned,Cash on Delivery,PROD112,CUST1860,REV27497
ORD17498,2,25,31/05/2024,Shipped,PayPal,PROD114,CUST3614,REV27498
ORD17499,3,59,4/01/2023,Shipped,Credit Card,PROD103,CUST1165,REV27499
ORD17500,4,59,12/12/2022,Returned,PayPal,PROD103,CUST1862,REV27500
ORD17501,1,80,27/01/2023,Delivered,Cash on Delivery,PROD110,CUST2246,REV27501
ORD17502,5,25,18/07/2024,Pending,Credit Card,PROD114,CUST4556,REV27502
ORD17503,3,129,16/04/2025,Pending,PayPal,PROD109,CUST3001,REV27503
ORD17504,5,229,30/11/2024,Pending,PayPal,PROD108,CUST3821,REV27504
ORD17505,1,80,20/11/2022,Delivered,Credit Card,PROD110,CUST4595,REV27505
ORD17506,5,129,22/11/2024,Pending,Cash on Delivery,PROD109,CUST2564,REV27506
ORD17507,1,129,13/06/2023,Pending,Cash on Delivery,PROD109,CUST1099,REV27507
ORD17508,5,229,30/01/2024,Returned,PayPal,PROD108,CUST5507,REV27508
ORD17509,5,59,8/06/2024,Returned,Credit Card,PROD111,CUST3877,REV27509
ORD17510,2,99,27/02/2024,Pending,PayPal,PROD106,CUST5133,REV27510
ORD17511,5,110,25/12/2024,Shipped,Credit Card,PROD105,CUST4866,REV27511
ORD17512,5,899,3/10/2022,Cancelled,Cash on Delivery,PROD101,CUST1772,REV27512
ORD17513,3,59,7/09/2022,Returned,Cash on Delivery,PROD111,CUST5785,REV27513
ORD17514,5,399,14/11/2024,Shipped,PayPal,PROD107,CUST1183,REV27514
ORD17515,3,99,1/04/2024,Cancelled,Cash on Delivery,PROD106,CUST4811,REV27515
ORD17516,2,120,10/09/2024,Delivered,PayPal,PROD104,CUST4677,REV27516
ORD17517,1,229,3/02/2025,Delivered,Cash on Delivery,PROD108,CUST3846,REV27517
ORD17518,4,399,4/06/2024,Pending,Cash on Delivery,PROD107,CUST1499,REV27518
ORD17519,2,149,1/12/2024,Cancelled,Cash on Delivery,PROD113,CUST5377,REV27519
ORD17520,5,110,14/04/2024,Cancelled,PayPal,PROD105,CUST4694,REV27520
ORD17521,4,120,11/10/2024,Cancelled,PayPal,PROD104,CUST3121,REV27521
ORD17522,4,199,24/09/2024,Pending,PayPal,PROD112,CUST4028,REV27522
ORD17523,5,25,17/08/2025,Delivered,Cash on Delivery,PROD114,CUST4466,REV27523
ORD17524,4,59,8/02/2023,Returned,Credit Card,PROD103,CUST5776,REV27524
ORD17525,1,59,26/07/2023,Cancelled,Cash on Delivery,PROD103,CUST4160,REV27525
ORD17526,4,229,29/10/2023,Pending,Credit Card,PROD108,CUST1498,REV27526
ORD17527,2,59,22/08/2025,Pending,PayPal,PROD111,CUST2742,REV27527
ORD17528,2,229,27/11/2023,Delivered,Cash on Delivery,PROD108,CUST4126,REV27528
ORD17529,2,199,20/09/2023,Shipped,PayPal,PROD102,CUST5389,REV27529
ORD17530,5,59,29/03/2024,Shipped,Cash on Delivery,PROD111,CUST5961,REV27530
ORD17531,1,25,23/06/2023,Delivered,PayPal,PROD114,CUST5690,REV27531
ORD17532,1,399,22/03/2025,Delivered,Credit Card,PROD107,CUST3030,REV27532
ORD17533,5,199,25/02/2024,Returned,Cash on Delivery,PROD112,CUST2352,REV27533
ORD17534,3,229,19/09/2024,Cancelled,Cash on Delivery,PROD108,CUST4500,REV27534
ORD17535,4,199,23/12/2023,Delivered,PayPal,PROD102,CUST5972,REV27535
ORD17536,5,59,26/05/2025,Pending,PayPal,PROD103,CUST5278,REV27536
ORD17537,4,199,12/09/2022,Cancelled,PayPal,PROD112,CUST5459,REV27537
ORD17538,3,149,19/08/2025,Delivered,Cash on Delivery,PROD113,CUST3739,REV27538
ORD17539,5,199,27/11/2022,Cancelled,Cash on Delivery,PROD112,CUST2955,REV27539
ORD17540,3,199,8/03/2024,Returned,Credit Card,PROD112,CUST2694,REV27540
ORD17541,5,199,29/12/2022,Returned,PayPal,PROD102,CUST2225,REV27541
ORD17542,5,399,26/05/2023,Shipped,Credit Card,PROD107,CUST4401,REV27542
ORD17543,2,110,2/12/2024,Shipped,Cash on Delivery,PROD105,CUST2903,REV27543
ORD17544,2,999,8/11/2023,Returned,Credit Card,PROD100,CUST2368,REV27544
ORD17545,4,80,4/09/2024,Cancelled,Cash on Delivery,PROD110,CUST4170,REV27545
ORD17546,5,999,27/09/2023,Delivered,Credit Card,PROD100,CUST1068,REV27546
ORD17547,1,399,17/09/2022,Cancelled,Cash on Delivery,PROD107,CUST4022,REV27547
ORD17548,4,399,21/03/2025,Returned,Credit Card,PROD107,CUST5123,REV27548
ORD17549,5,999,1/08/2024,Delivered,PayPal,PROD100,CUST4434,REV27549
ORD17550,2,59,5/02/2023,Pending,Credit Card,PROD103,CUST4328,REV27550
ORD17551,3,229,17/02/2024,Shipped,Cash on Delivery,PROD108,CUST3364,REV27551
ORD17552,4,199,30/04/2024,Delivered,Credit Card,PROD102,CUST2838,REV27552
ORD17553,3,25,4/06/2023,Returned,Credit Card,PROD114,CUST5715,REV27553
ORD17554,2,80,31/12/2022,Pending,Cash on Delivery,PROD110,CUST1503,REV27554
ORD17555,5,59,16/09/2024,Returned,Credit Card,PROD103,CUST5509,REV27555
ORD17556,4,59,30/08/2023,Cancelled,Cash on Delivery,PROD111,CUST2336,REV27556
ORD17557,2,59,16/01/2024,Pending,Cash on Delivery,PROD111,CUST1866,REV27557
ORD17558,2,199,1/04/2023,Delivered,PayPal,PROD112,CUST2210,REV27558
ORD17559,1,59,2/04/2024,Cancelled,Cash on Delivery,PROD111,CUST3720,REV27559
ORD17560,4,899,7/07/2024,Returned,Credit Card,PROD101,CUST2588,REV27560
ORD17561,1,120,20/12/2022,Delivered,Cash on Delivery,PROD104,CUST2012,REV27561
ORD17562,2,199,19/01/2025,Pending,Cash on Delivery,PROD112,CUST1873,REV27562
ORD17563,5,129,13/03/2023,Delivered,PayPal,PROD109,CUST5752,REV27563
ORD17564,4,199,15/06/2025,Cancelled,Credit Card,PROD112,CUST1625,REV27564
ORD17565,4,229,10/12/2022,Returned,Credit Card,PROD108,CUST3793,REV27565
ORD17566,4,99,4/05/2025,Delivered,Credit Card,PROD106,CUST3401,REV27566
ORD17567,1,399,5/10/2024,Shipped,Credit Card,PROD107,CUST3836,REV27567
ORD17568,3,229,19/05/2023,Delivered,PayPal,PROD108,CUST1163,REV27568
ORD17569,3,129,6/01/2025,Shipped,Cash on Delivery,PROD109,CUST1358,REV27569
ORD17570,5,199,23/10/2023,Delivered,Credit Card,PROD112,CUST3711,REV27570
ORD17571,4,229,17/08/2024,Cancelled,PayPal,PROD108,CUST5802,REV27571
ORD17572,1,25,21/07/2025,Cancelled,Cash on Delivery,PROD114,CUST5642,REV27572
ORD17573,3,120,25/07/2023,Shipped,Credit Card,PROD104,CUST2823,REV27573
ORD17574,4,25,31/07/2024,Pending,PayPal,PROD114,CUST3516,REV27574
ORD17575,4,899,30/10/2023,Returned,PayPal,PROD101,CUST1028,REV27575
ORD17576,2,199,1/12/2023,Returned,PayPal,PROD112,CUST3551,REV27576
ORD17577,4,110,23/11/2023,Cancelled,Credit Card,PROD105,CUST3957,REV27577
ORD17578,1,199,4/07/2025,Pending,PayPal,PROD112,CUST4315,REV27578
ORD17579,4,899,16/01/2025,Delivered,PayPal,PROD101,CUST5189,REV27579
ORD17580,5,129,3/12/2023,Shipped,PayPal,PROD109,CUST4522,REV27580
ORD17581,1,199,26/10/2023,Delivered,PayPal,PROD102,CUST3877,REV27581
ORD17582,1,80,19/09/2024,Delivered,Cash on Delivery,PROD110,CUST4648,REV27582
ORD17583,4,199,6/05/2024,Returned,Credit Card,PROD102,CUST1603,REV27583
ORD17584,3,110,7/09/2023,Returned,Cash on Delivery,PROD105,CUST4372,REV27584
ORD17585,5,399,7/03/2024,Returned,Cash on Delivery,PROD107,CUST5771,REV27585
ORD17586,1,899,17/05/2023,Shipped,Cash on Delivery,PROD101,CUST1054,REV27586
ORD17587,2,129,28/06/2023,Pending,Credit Card,PROD109,CUST4193,REV27587
ORD17588,3,199,24/05/2025,Cancelled,PayPal,PROD102,CUST4814,REV27588
ORD17589,1,99,3/07/2023,Cancelled,Cash on Delivery,PROD106,CUST1108,REV27589
ORD17590,3,199,25/11/2024,Cancelled,PayPal,PROD102,CUST4813,REV27590
ORD17591,1,199,23/07/2025,Shipped,Cash on Delivery,PROD102,CUST4593,REV27591
ORD17592,5,120,28/03/2023,Cancelled,Cash on Delivery,PROD104,CUST5669,REV27592
ORD17593,3,25,11/01/2024,Delivered,PayPal,PROD114,CUST3906,REV27593
ORD17594,1,229,1/10/2023,Delivered,Cash on Delivery,PROD108,CUST3972,REV27594
ORD17595,4,25,14/08/2024,Cancelled,Credit Card,PROD114,CUST2072,REV27595
ORD17596,2,149,30/11/2024,Shipped,Cash on Delivery,PROD113,CUST3242,REV27596
ORD17597,4,199,22/11/2023,Returned,PayPal,PROD102,CUST1674,REV27597
ORD17598,2,149,24/10/2022,Returned,PayPal,PROD113,CUST1114,REV27598
ORD17599,4,399,19/11/2023,Pending,Cash on Delivery,PROD107,CUST1570,REV27599
ORD17600,4,110,3/03/2025,Delivered,Cash on Delivery,PROD105,CUST1437,REV27600
ORD17601,4,149,27/07/2023,Pending,Cash on Delivery,PROD113,CUST2337,REV27601
ORD17602,2,899,26/01/2025,Delivered,Cash on Delivery,PROD101,CUST1388,REV27602
ORD17603,5,25,26/03/2024,Delivered,Credit Card,PROD114,CUST2461,REV27603
ORD17604,1,899,20/08/2025,Cancelled,Cash on Delivery,PROD101,CUST2638,REV27604
ORD17605,1,399,4/03/2025,Cancelled,PayPal,PROD107,CUST3471,REV27605
ORD17606,4,99,15/04/2024,Pending,Cash on Delivery,PROD106,CUST3938,REV27606
ORD17607,3,59,7/01/2023,Shipped,Cash on Delivery,PROD103,CUST2013,REV27607
ORD17608,2,80,21/12/2024,Delivered,PayPal,PROD110,CUST1722,REV27608
ORD17609,1,129,25/11/2024,Shipped,PayPal,PROD109,CUST4248,REV27609
ORD17610,2,229,28/06/2025,Shipped,PayPal,PROD108,CUST5749,REV27610
ORD17611,2,59,13/03/2024,Pending,Cash on Delivery,PROD103,CUST4155,REV27611
ORD17612,4,149,23/01/2023,Cancelled,Cash on Delivery,PROD113,CUST5902,REV27612
ORD17613,1,59,12/05/2024,Delivered,Cash on Delivery,PROD103,CUST2500,REV27613
ORD17614,4,99,11/02/2025,Pending,Credit Card,PROD106,CUST2072,REV27614
ORD17615,1,229,3/04/2025,Returned,Cash on Delivery,PROD108,CUST2874,REV27615
ORD17616,2,399,25/02/2025,Shipped,Credit Card,PROD107,CUST2575,REV27616
ORD17617,1,80,7/05/2025,Pending,PayPal,PROD110,CUST3624,REV27617
ORD17618,1,59,23/07/2023,Delivered,PayPal,PROD111,CUST4491,REV27618
ORD17619,2,899,19/08/2024,Delivered,PayPal,PROD101,CUST4365,REV27619
ORD17620,4,59,20/09/2023,Shipped,Credit Card,PROD103,CUST4320,REV27620
ORD17621,5,199,1/04/2023,Pending,Cash on Delivery,PROD102,CUST5801,REV27621
ORD17622,2,149,12/02/2025,Delivered,PayPal,PROD113,CUST2141,REV27622
ORD17623,5,149,4/08/2023,Cancelled,Cash on Delivery,PROD113,CUST4963,REV27623
ORD17624,2,399,13/06/2023,Returned,PayPal,PROD107,CUST5854,REV27624
ORD17625,2,149,25/05/2024,Returned,Credit Card,PROD113,CUST1190,REV27625
ORD17626,3,110,3/09/2023,Cancelled,Cash on Delivery,PROD105,CUST3831,REV27626
ORD17627,2,899,20/05/2025,Shipped,Cash on Delivery,PROD101,CUST1640,REV27627
ORD17628,3,229,19/05/2023,Returned,Cash on Delivery,PROD108,CUST1834,REV27628
ORD17629,5,149,25/10/2023,Delivered,Cash on Delivery,PROD113,CUST2169,REV27629
ORD17630,3,149,19/02/2023,Returned,PayPal,PROD113,CUST3425,REV27630
ORD17631,1,199,27/06/2024,Pending,PayPal,PROD102,CUST1491,REV27631
ORD17632,4,99,23/12/2022,Cancelled,Credit Card,PROD106,CUST2883,REV27632
ORD17633,3,229,30/06/2023,Shipped,Credit Card,PROD108,CUST1631,REV27633
ORD17634,4,999,4/04/2023,Cancelled,Cash on Delivery,PROD100,CUST4725,REV27634
ORD17635,5,59,10/04/2024,Cancelled,Credit Card,PROD111,CUST5208,REV27635
ORD17636,4,899,2/08/2025,Pending,PayPal,PROD101,CUST2419,REV27636
ORD17637,4,99,9/09/2022,Pending,Credit Card,PROD106,CUST2714,REV27637
ORD17638,2,110,16/09/2023,Cancelled,PayPal,PROD105,CUST4915,REV27638
ORD17639,1,59,12/05/2024,Returned,PayPal,PROD111,CUST5676,REV27639
ORD17640,5,399,12/02/2024,Delivered,Credit Card,PROD107,CUST2883,REV27640
ORD17641,5,999,10/03/2024,Cancelled,Cash on Delivery,PROD100,CUST3743,REV27641
ORD17642,4,120,17/10/2023,Returned,Cash on Delivery,PROD104,CUST3310,REV27642
ORD17643,1,110,2/12/2022,Delivered,Credit Card,PROD105,CUST1456,REV27643
ORD17644,5,80,23/09/2023,Pending,Credit Card,PROD110,CUST2168,REV27644
ORD17645,3,129,27/04/2025,Shipped,Cash on Delivery,PROD109,CUST4687,REV27645
ORD17646,2,149,13/05/2024,Delivered,Cash on Delivery,PROD113,CUST1434,REV27646
ORD17647,2,999,20/05/2024,Pending,Credit Card,PROD100,CUST3512,REV27647
ORD17648,4,59,5/07/2023,Shipped,Credit Card,PROD103,CUST5394,REV27648
ORD17649,5,129,10/02/2025,Shipped,PayPal,PROD109,CUST5492,REV27649
ORD17650,4,129,29/11/2023,Shipped,Credit Card,PROD109,CUST1569,REV27650
ORD17651,3,59,23/02/2025,Pending,Cash on Delivery,PROD103,CUST5551,REV27651
ORD17652,1,199,18/09/2024,Cancelled,Credit Card,PROD102,CUST1594,REV27652
ORD17653,5,59,31/07/2023,Shipped,Cash on Delivery,PROD111,CUST1018,REV27653
ORD17654,5,110,13/02/2025,Shipped,Credit Card,PROD105,CUST2133,REV27654
ORD17655,2,80,17/12/2023,Shipped,Credit Card,PROD110,CUST4006,REV27655
ORD17656,5,99,2/06/2025,Pending,Cash on Delivery,PROD106,CUST1869,REV27656
ORD17657,5,999,27/09/2023,Shipped,Credit Card,PROD100,CUST4392,REV27657
ORD17658,4,199,8/04/2025,Shipped,Credit Card,PROD102,CUST5785,REV27658
ORD17659,3,59,25/06/2023,Delivered,Cash on Delivery,PROD103,CUST1357,REV27659
ORD17660,1,110,18/09/2022,Delivered,Credit Card,PROD105,CUST1839,REV27660
ORD17661,2,129,28/07/2024,Cancelled,PayPal,PROD109,CUST2625,REV27661
ORD17662,1,149,3/08/2024,Shipped,PayPal,PROD113,CUST3939,REV27662
ORD17663,4,80,26/08/2023,Shipped,Credit Card,PROD110,CUST3353,REV27663
ORD17664,4,120,25/10/2022,Shipped,PayPal,PROD104,CUST2820,REV27664
ORD17665,3,59,23/09/2022,Returned,PayPal,PROD111,CUST2407,REV27665
ORD17666,2,80,12/02/2025,Delivered,PayPal,PROD110,CUST3487,REV27666
ORD17667,1,80,10/07/2025,Returned,Cash on Delivery,PROD110,CUST1187,REV27667
ORD17668,5,129,1/10/2023,Shipped,Cash on Delivery,PROD109,CUST5163,REV27668
ORD17669,1,399,30/11/2024,Pending,PayPal,PROD107,CUST5256,REV27669
ORD17670,3,99,1/04/2025,Returned,Credit Card,PROD106,CUST1384,REV27670
ORD17671,4,199,5/11/2022,Returned,PayPal,PROD102,CUST5871,REV27671
ORD17672,2,120,9/08/2025,Cancelled,PayPal,PROD104,CUST1285,REV27672
ORD17673,4,59,12/06/2025,Pending,Credit Card,PROD111,CUST2919,REV27673
ORD17674,5,59,8/03/2024,Delivered,PayPal,PROD103,CUST5706,REV27674
ORD17675,2,120,16/05/2024,Shipped,Credit Card,PROD104,CUST2679,REV27675
ORD17676,2,110,13/02/2025,Shipped,Credit Card,PROD105,CUST3346,REV27676
ORD17677,3,229,20/12/2022,Delivered,Credit Card,PROD108,CUST5958,REV27677
ORD17678,3,199,21/09/2022,Shipped,Credit Card,PROD102,CUST2318,REV27678
ORD17679,3,999,8/04/2023,Shipped,Cash on Delivery,PROD100,CUST3802,REV27679
ORD17680,3,110,29/08/2022,Delivered,Cash on Delivery,PROD105,CUST1996,REV27680
ORD17681,1,59,26/10/2023,Returned,Credit Card,PROD111,CUST4968,REV27681
ORD17682,5,25,4/08/2023,Shipped,Cash on Delivery,PROD114,CUST5092,REV27682
ORD17683,4,149,7/12/2022,Pending,Cash on Delivery,PROD113,CUST4333,REV27683
ORD17684,5,99,28/09/2023,Returned,Cash on Delivery,PROD106,CUST5040,REV27684
ORD17685,3,229,30/06/2025,Pending,Cash on Delivery,PROD108,CUST2634,REV27685
ORD17686,5,59,11/12/2024,Pending,Credit Card,PROD103,CUST1638,REV27686
ORD17687,4,25,3/11/2024,Shipped,Cash on Delivery,PROD114,CUST5526,REV27687
ORD17688,2,199,18/08/2024,Cancelled,PayPal,PROD112,CUST4767,REV27688
ORD17689,4,149,3/09/2022,Shipped,Cash on Delivery,PROD113,CUST4360,REV27689
ORD17690,3,59,9/07/2024,Cancelled,PayPal,PROD111,CUST3551,REV27690
ORD17691,1,399,13/09/2024,Pending,Cash on Delivery,PROD107,CUST4328,REV27691
ORD17692,5,149,10/05/2023,Delivered,Cash on Delivery,PROD113,CUST4333,REV27692
ORD17693,2,199,24/08/2023,Returned,Cash on Delivery,PROD112,CUST3050,REV27693
ORD17694,5,59,12/04/2025,Cancelled,PayPal,PROD111,CUST5194,REV27694
ORD17695,5,399,8/02/2024,Shipped,Cash on Delivery,PROD107,CUST4109,REV27695
ORD17696,1,129,17/05/2025,Cancelled,Cash on Delivery,PROD109,CUST3678,REV27696
ORD17697,2,199,4/12/2024,Pending,Credit Card,PROD102,CUST5066,REV27697
ORD17698,3,99,1/06/2024,Cancelled,Cash on Delivery,PROD106,CUST5640,REV27698
ORD17699,1,149,28/12/2022,Cancelled,PayPal,PROD113,CUST3810,REV27699
ORD17700,4,99,23/07/2025,Delivered,Cash on Delivery,PROD106,CUST3535,REV27700
ORD17701,3,110,14/09/2024,Delivered,Credit Card,PROD105,CUST5580,REV27701
ORD17702,3,120,5/03/2023,Cancelled,Credit Card,PROD104,CUST1730,REV27702
ORD17703,3,899,26/10/2022,Shipped,PayPal,PROD101,CUST5008,REV27703
ORD17704,1,229,29/01/2024,Pending,Cash on Delivery,PROD108,CUST4255,REV27704
ORD17705,4,229,11/10/2024,Returned,Cash on Delivery,PROD108,CUST1217,REV27705
ORD17706,1,99,10/04/2025,Delivered,PayPal,PROD106,CUST3359,REV27706
ORD17707,4,999,24/10/2024,Delivered,Credit Card,PROD100,CUST2019,REV27707
ORD17708,4,80,17/05/2023,Shipped,Credit Card,PROD110,CUST1928,REV27708
ORD17709,3,120,20/04/2023,Cancelled,Credit Card,PROD104,CUST3967,REV27709
ORD17710,3,59,7/01/2023,Delivered,Credit Card,PROD103,CUST5808,REV27710
ORD17711,1,25,5/02/2025,Cancelled,PayPal,PROD114,CUST1722,REV27711
ORD17712,5,99,31/01/2024,Shipped,Credit Card,PROD106,CUST1694,REV27712
ORD17713,4,399,17/06/2025,Shipped,Credit Card,PROD107,CUST4720,REV27713
ORD17714,2,59,13/04/2025,Shipped,Credit Card,PROD103,CUST5057,REV27714
ORD17715,4,149,14/02/2025,Cancelled,Cash on Delivery,PROD113,CUST2833,REV27715
ORD17716,2,120,13/03/2024,Returned,PayPal,PROD104,CUST2422,REV27716
ORD17717,4,110,10/09/2023,Pending,PayPal,PROD105,CUST5911,REV27717
ORD17718,3,199,24/12/2024,Returned,Cash on Delivery,PROD112,CUST2712,REV27718
ORD17719,5,999,20/09/2023,Shipped,Cash on Delivery,PROD100,CUST2464,REV27719
ORD17720,4,149,1/06/2024,Cancelled,PayPal,PROD113,CUST2129,REV27720
ORD17721,2,399,21/09/2023,Returned,Cash on Delivery,PROD107,CUST3595,REV27721
ORD17722,2,229,27/09/2022,Shipped,Credit Card,PROD108,CUST3546,REV27722
ORD17723,5,899,4/05/2024,Shipped,Cash on Delivery,PROD101,CUST1236,REV27723
ORD17724,4,59,4/03/2024,Returned,PayPal,PROD111,CUST3628,REV27724
ORD17725,3,59,9/02/2023,Delivered,Cash on Delivery,PROD103,CUST2162,REV27725
ORD17726,5,25,27/10/2024,Returned,Cash on Delivery,PROD114,CUST5452,REV27726
ORD17727,2,899,27/05/2024,Shipped,Cash on Delivery,PROD101,CUST2972,REV27727
ORD17728,4,199,6/03/2024,Returned,PayPal,PROD112,CUST1556,REV27728
ORD17729,3,129,26/09/2024,Delivered,PayPal,PROD109,CUST1336,REV27729
ORD17730,4,899,7/01/2025,Returned,Cash on Delivery,PROD101,CUST1777,REV27730
ORD17731,4,899,12/08/2024,Pending,Credit Card,PROD101,CUST1187,REV27731
ORD17732,2,25,12/10/2022,Pending,Credit Card,PROD114,CUST4453,REV27732
ORD17733,3,129,19/03/2025,Shipped,Credit Card,PROD109,CUST1402,REV27733
ORD17734,4,199,29/11/2022,Pending,Credit Card,PROD102,CUST3996,REV27734
ORD17735,3,149,9/03/2024,Delivered,PayPal,PROD113,CUST1184,REV27735
ORD17736,1,59,9/04/2024,Pending,PayPal,PROD111,CUST5839,REV27736
ORD17737,5,149,25/12/2022,Pending,Credit Card,PROD113,CUST3797,REV27737
ORD17738,4,129,5/06/2023,Cancelled,PayPal,PROD109,CUST1244,REV27738
ORD17739,2,25,5/08/2023,Shipped,PayPal,PROD114,CUST1834,REV27739
ORD17740,5,399,10/03/2024,Cancelled,PayPal,PROD107,CUST4577,REV27740
ORD17741,4,110,30/11/2023,Delivered,Cash on Delivery,PROD105,CUST1866,REV27741
ORD17742,5,199,16/02/2024,Returned,PayPal,PROD102,CUST3098,REV27742
ORD17743,3,110,20/01/2024,Shipped,Cash on Delivery,PROD105,CUST1401,REV27743
ORD17744,2,399,10/05/2023,Pending,Credit Card,PROD107,CUST5451,REV27744
ORD17745,4,999,31/07/2023,Returned,Cash on Delivery,PROD100,CUST5300,REV27745
ORD17746,5,899,16/03/2024,Cancelled,PayPal,PROD101,CUST1130,REV27746
ORD17747,5,199,26/05/2023,Shipped,Credit Card,PROD112,CUST3656,REV27747
ORD17748,2,59,10/08/2025,Cancelled,Credit Card,PROD111,CUST2579,REV27748
ORD17749,5,25,28/05/2023,Shipped,PayPal,PROD114,CUST5601,REV27749
ORD17750,4,99,22/04/2025,Returned,Cash on Delivery,PROD106,CUST2066,REV27750
ORD17751,5,120,3/02/2023,Pending,Credit Card,PROD104,CUST4632,REV27751
ORD17752,3,399,15/05/2025,Delivered,PayPal,PROD107,CUST2687,REV27752
ORD17753,5,99,4/08/2025,Cancelled,PayPal,PROD106,CUST4311,REV27753
ORD17754,4,99,22/04/2024,Cancelled,Cash on Delivery,PROD106,CUST1485,REV27754
ORD17755,3,399,22/04/2023,Delivered,PayPal,PROD107,CUST1624,REV27755
ORD17756,4,999,12/06/2023,Shipped,PayPal,PROD100,CUST4692,REV27756
ORD17757,2,59,9/06/2025,Delivered,PayPal,PROD111,CUST1700,REV27757
ORD17758,5,399,20/08/2024,Pending,Cash on Delivery,PROD107,CUST3179,REV27758
ORD17759,4,999,12/10/2023,Cancelled,PayPal,PROD100,CUST1886,REV27759
ORD17760,2,899,5/12/2022,Cancelled,PayPal,PROD101,CUST5401,REV27760
ORD17761,4,229,13/01/2023,Returned,PayPal,PROD108,CUST2331,REV27761
ORD17762,5,99,28/01/2023,Cancelled,Cash on Delivery,PROD106,CUST3393,REV27762
ORD17763,4,120,17/12/2022,Returned,Credit Card,PROD104,CUST5486,REV27763
ORD17764,2,25,8/09/2023,Pending,Cash on Delivery,PROD114,CUST1278,REV27764
ORD17765,3,149,16/06/2023,Pending,PayPal,PROD113,CUST1438,REV27765
ORD17766,4,129,28/02/2023,Pending,Cash on Delivery,PROD109,CUST4889,REV27766
ORD17767,5,399,11/12/2024,Shipped,PayPal,PROD107,CUST1343,REV27767
ORD17768,1,110,23/06/2024,Delivered,PayPal,PROD105,CUST2284,REV27768
ORD17769,1,129,22/05/2025,Delivered,Cash on Delivery,PROD109,CUST4560,REV27769
ORD17770,5,25,22/09/2022,Returned,PayPal,PROD114,CUST5270,REV27770
ORD17771,5,59,13/11/2024,Delivered,Cash on Delivery,PROD111,CUST4809,REV27771
ORD17772,5,80,2/03/2023,Returned,PayPal,PROD110,CUST4136,REV27772
ORD17773,1,399,14/06/2023,Cancelled,Credit Card,PROD107,CUST1092,REV27773
ORD17774,4,80,25/09/2024,Cancelled,Cash on Delivery,PROD110,CUST4584,REV27774
ORD17775,5,25,1/04/2025,Pending,Cash on Delivery,PROD114,CUST3548,REV27775
ORD17776,3,899,29/09/2024,Pending,Credit Card,PROD101,CUST2715,REV27776
ORD17777,4,99,16/04/2023,Pending,PayPal,PROD106,CUST3162,REV27777
ORD17778,3,25,25/08/2023,Cancelled,Cash on Delivery,PROD114,CUST5889,REV27778
ORD17779,1,199,16/06/2025,Returned,Credit Card,PROD102,CUST5557,REV27779
ORD17780,3,59,13/12/2022,Delivered,Cash on Delivery,PROD111,CUST3353,REV27780
ORD17781,4,399,31/01/2024,Returned,Credit Card,PROD107,CUST2700,REV27781
ORD17782,3,59,11/05/2025,Pending,Cash on Delivery,PROD103,CUST4415,REV27782
ORD17783,1,149,17/03/2023,Returned,Cash on Delivery,PROD113,CUST3207,REV27783
ORD17784,2,25,17/08/2025,Shipped,Cash on Delivery,PROD114,CUST2884,REV27784
ORD17785,2,59,14/01/2024,Shipped,Credit Card,PROD111,CUST1883,REV27785
ORD17786,5,99,20/04/2023,Cancelled,Credit Card,PROD106,CUST3919,REV27786
ORD17787,3,120,29/05/2023,Pending,Cash on Delivery,PROD104,CUST4243,REV27787
ORD17788,3,25,15/01/2025,Pending,PayPal,PROD114,CUST4531,REV27788
ORD17789,5,110,3/07/2023,Pending,PayPal,PROD105,CUST3144,REV27789
ORD17790,1,199,23/12/2024,Returned,PayPal,PROD112,CUST4523,REV27790
ORD17791,4,59,23/10/2024,Cancelled,PayPal,PROD103,CUST1580,REV27791
ORD17792,5,229,21/12/2023,Shipped,Cash on Delivery,PROD108,CUST4210,REV27792
ORD17793,5,199,20/01/2024,Delivered,Credit Card,PROD112,CUST4756,REV27793
ORD17794,3,229,8/06/2025,Cancelled,Cash on Delivery,PROD108,CUST2886,REV27794
ORD17795,3,199,30/01/2025,Shipped,PayPal,PROD102,CUST5777,REV27795
ORD17796,1,25,5/12/2022,Delivered,Cash on Delivery,PROD114,CUST5284,REV27796
ORD17797,5,59,13/11/2022,Shipped,Cash on Delivery,PROD111,CUST3230,REV27797
ORD17798,5,80,11/08/2024,Pending,Credit Card,PROD110,CUST1749,REV27798
ORD17799,1,199,31/07/2025,Pending,Cash on Delivery,PROD102,CUST2569,REV27799
ORD17800,1,149,5/06/2023,Returned,Credit Card,PROD113,CUST1003,REV27800
ORD17801,5,59,9/08/2025,Cancelled,Cash on Delivery,PROD111,CUST4928,REV27801
ORD17802,5,25,8/05/2025,Pending,PayPal,PROD114,CUST1060,REV27802
ORD17803,4,399,22/04/2024,Pending,Cash on Delivery,PROD107,CUST1105,REV27803
ORD17804,5,899,15/07/2025,Shipped,Credit Card,PROD101,CUST5097,REV27804
ORD17805,1,59,1/05/2023,Returned,Credit Card,PROD111,CUST1505,REV27805
ORD17806,4,899,19/04/2023,Pending,PayPal,PROD101,CUST3997,REV27806
ORD17807,3,120,19/05/2024,Cancelled,PayPal,PROD104,CUST3558,REV27807
ORD17808,4,999,5/04/2025,Shipped,Cash on Delivery,PROD100,CUST1014,REV27808
ORD17809,3,59,20/02/2023,Returned,Cash on Delivery,PROD111,CUST5640,REV27809
ORD17810,1,25,13/05/2024,Pending,PayPal,PROD114,CUST4779,REV27810
ORD17811,5,59,13/03/2023,Delivered,PayPal,PROD103,CUST4159,REV27811
ORD17812,3,80,23/06/2025,Delivered,Credit Card,PROD110,CUST3367,REV27812
ORD17813,3,80,12/09/2023,Delivered,Cash on Delivery,PROD110,CUST5806,REV27813
ORD17814,5,149,2/09/2023,Delivered,PayPal,PROD113,CUST4230,REV27814
ORD17815,3,399,31/01/2025,Shipped,Cash on Delivery,PROD107,CUST3439,REV27815
ORD17816,4,999,17/10/2022,Returned,PayPal,PROD100,CUST2334,REV27816
ORD17817,4,399,22/10/2023,Returned,Credit Card,PROD107,CUST4766,REV27817
ORD17818,3,120,16/04/2023,Cancelled,Cash on Delivery,PROD104,CUST2100,REV27818
ORD17819,4,59,23/06/2025,Pending,PayPal,PROD111,CUST5974,REV27819
ORD17820,1,80,6/01/2023,Delivered,Cash on Delivery,PROD110,CUST5644,REV27820
ORD17821,3,399,28/03/2024,Returned,Cash on Delivery,PROD107,CUST3315,REV27821
ORD17822,3,129,11/01/2024,Shipped,PayPal,PROD109,CUST5684,REV27822
ORD17823,3,25,26/04/2023,Cancelled,Cash on Delivery,PROD114,CUST5666,REV27823
ORD17824,3,899,30/06/2023,Returned,Cash on Delivery,PROD101,CUST3066,REV27824
ORD17825,2,110,7/12/2024,Returned,Cash on Delivery,PROD105,CUST1285,REV27825
ORD17826,4,999,27/04/2023,Returned,Credit Card,PROD100,CUST3635,REV27826
ORD17827,4,199,9/08/2025,Returned,PayPal,PROD112,CUST2810,REV27827
ORD17828,3,229,5/05/2025,Cancelled,Credit Card,PROD108,CUST3592,REV27828
ORD17829,1,110,15/11/2022,Cancelled,Cash on Delivery,PROD105,CUST3839,REV27829
ORD17830,1,199,15/06/2024,Cancelled,Cash on Delivery,PROD112,CUST5224,REV27830
ORD17831,1,25,4/03/2024,Returned,Credit Card,PROD114,CUST4723,REV27831
ORD17832,2,110,14/11/2022,Shipped,PayPal,PROD105,CUST5874,REV27832
ORD17833,2,99,21/04/2023,Delivered,Cash on Delivery,PROD106,CUST1099,REV27833
ORD17834,4,80,29/06/2025,Shipped,PayPal,PROD110,CUST5065,REV27834
ORD17835,5,129,12/05/2023,Pending,Credit Card,PROD109,CUST4924,REV27835
ORD17836,4,59,23/05/2025,Returned,Cash on Delivery,PROD111,CUST2143,REV27836
ORD17837,5,59,11/03/2025,Returned,PayPal,PROD103,CUST1260,REV27837
ORD17838,1,120,9/05/2024,Delivered,PayPal,PROD104,CUST2272,REV27838
ORD17839,4,999,2/06/2025,Pending,Credit Card,PROD100,CUST3719,REV27839
ORD17840,3,25,3/06/2024,Delivered,Cash on Delivery,PROD114,CUST5800,REV27840
ORD17841,3,199,22/03/2025,Delivered,Cash on Delivery,PROD112,CUST1987,REV27841
ORD17842,5,399,10/09/2022,Cancelled,Credit Card,PROD107,CUST5994,REV27842
ORD17843,3,25,28/03/2024,Returned,Cash on Delivery,PROD114,CUST5523,REV27843
ORD17844,2,199,17/04/2025,Delivered,Credit Card,PROD102,CUST1206,REV27844
ORD17845,1,129,12/01/2023,Delivered,Cash on Delivery,PROD109,CUST3168,REV27845
ORD17846,5,399,12/03/2025,Delivered,Cash on Delivery,PROD107,CUST1253,REV27846
ORD17847,1,899,27/11/2024,Shipped,Credit Card,PROD101,CUST1539,REV27847
ORD17848,3,59,25/10/2023,Pending,PayPal,PROD111,CUST2682,REV27848
ORD17849,2,199,28/06/2023,Cancelled,Credit Card,PROD102,CUST3443,REV27849
ORD17850,5,110,27/11/2022,Shipped,Credit Card,PROD105,CUST5047,REV27850
ORD17851,1,129,5/11/2022,Cancelled,Cash on Delivery,PROD109,CUST1189,REV27851
ORD17852,5,399,13/03/2023,Returned,Credit Card,PROD107,CUST1654,REV27852
ORD17853,1,59,5/10/2024,Shipped,Credit Card,PROD103,CUST3732,REV27853
ORD17854,2,80,16/04/2023,Pending,PayPal,PROD110,CUST2240,REV27854
ORD17855,4,80,25/01/2025,Shipped,Credit Card,PROD110,CUST2763,REV27855
ORD17856,5,120,27/11/2023,Pending,Cash on Delivery,PROD104,CUST4800,REV27856
ORD17857,4,25,16/09/2024,Cancelled,PayPal,PROD114,CUST4262,REV27857
ORD17858,2,59,29/07/2024,Pending,Cash on Delivery,PROD111,CUST3647,REV27858
ORD17859,5,129,13/08/2023,Cancelled,Cash on Delivery,PROD109,CUST3095,REV27859
ORD17860,1,25,2/09/2023,Pending,Cash on Delivery,PROD114,CUST2795,REV27860
ORD17861,5,59,4/08/2023,Pending,PayPal,PROD111,CUST5668,REV27861
ORD17862,4,199,31/05/2025,Cancelled,PayPal,PROD112,CUST1781,REV27862
ORD17863,3,25,12/11/2024,Pending,Credit Card,PROD114,CUST2818,REV27863
ORD17864,5,59,4/05/2024,Delivered,Credit Card,PROD103,CUST5233,REV27864
ORD17865,3,120,15/10/2023,Delivered,PayPal,PROD104,CUST3688,REV27865
ORD17866,4,399,5/10/2023,Pending,PayPal,PROD107,CUST4088,REV27866
ORD17867,5,129,26/05/2024,Shipped,Cash on Delivery,PROD109,CUST3012,REV27867
ORD17868,4,899,13/06/2025,Pending,PayPal,PROD101,CUST4812,REV27868
ORD17869,4,59,27/10/2023,Shipped,Cash on Delivery,PROD103,CUST3145,REV27869
ORD17870,4,120,22/03/2025,Delivered,PayPal,PROD104,CUST5758,REV27870
ORD17871,1,999,7/03/2024,Shipped,Credit Card,PROD100,CUST3938,REV27871
ORD17872,4,229,3/12/2023,Returned,Cash on Delivery,PROD108,CUST4925,REV27872
ORD17873,3,59,26/10/2024,Returned,Cash on Delivery,PROD111,CUST2832,REV27873
ORD17874,3,120,17/05/2025,Pending,Credit Card,PROD104,CUST3542,REV27874
ORD17875,1,59,26/04/2023,Cancelled,Cash on Delivery,PROD103,CUST1671,REV27875
ORD17876,2,59,6/02/2025,Returned,Cash on Delivery,PROD111,CUST3810,REV27876
ORD17877,1,899,19/04/2025,Delivered,Credit Card,PROD101,CUST4142,REV27877
ORD17878,3,399,15/12/2024,Cancelled,Cash on Delivery,PROD107,CUST5796,REV27878
ORD17879,3,120,24/10/2022,Cancelled,Cash on Delivery,PROD104,CUST5737,REV27879
ORD17880,3,110,24/06/2025,Pending,PayPal,PROD105,CUST4543,REV27880
ORD17881,4,399,13/10/2022,Returned,PayPal,PROD107,CUST4429,REV27881
ORD17882,3,59,9/12/2024,Returned,Credit Card,PROD111,CUST4308,REV27882
ORD17883,5,149,29/04/2023,Returned,Credit Card,PROD113,CUST1510,REV27883
ORD17884,2,199,11/06/2023,Delivered,Cash on Delivery,PROD112,CUST2207,REV27884
ORD17885,1,99,5/03/2024,Returned,Credit Card,PROD106,CUST4702,REV27885
ORD17886,3,129,4/01/2023,Returned,Credit Card,PROD109,CUST1353,REV27886
ORD17887,5,25,31/03/2023,Returned,PayPal,PROD114,CUST4816,REV27887
ORD17888,4,199,3/03/2025,Delivered,Cash on Delivery,PROD102,CUST1205,REV27888
ORD17889,4,25,2/07/2023,Returned,Cash on Delivery,PROD114,CUST3946,REV27889
ORD17890,2,399,8/10/2023,Shipped,Cash on Delivery,PROD107,CUST2198,REV27890
ORD17891,4,59,18/09/2023,Delivered,Credit Card,PROD103,CUST3879,REV27891
ORD17892,5,399,17/03/2024,Pending,Credit Card,PROD107,CUST2299,REV27892
ORD17893,4,399,13/11/2024,Pending,Credit Card,PROD107,CUST3138,REV27893
ORD17894,2,120,4/08/2025,Returned,Cash on Delivery,PROD104,CUST4681,REV27894
ORD17895,2,199,7/01/2025,Returned,Cash on Delivery,PROD102,CUST3679,REV27895
ORD17896,5,129,19/12/2022,Returned,PayPal,PROD109,CUST1864,REV27896
ORD17897,4,25,15/04/2024,Shipped,Cash on Delivery,PROD114,CUST4942,REV27897
ORD17898,1,399,1/02/2023,Returned,Credit Card,PROD107,CUST2640,REV27898
ORD17899,1,199,28/12/2024,Cancelled,Credit Card,PROD112,CUST2466,REV27899
ORD17900,3,120,11/03/2023,Returned,Cash on Delivery,PROD104,CUST3679,REV27900
ORD17901,5,399,9/01/2024,Shipped,Cash on Delivery,PROD107,CUST1358,REV27901
ORD17902,2,110,10/06/2023,Shipped,PayPal,PROD105,CUST5537,REV27902
ORD17903,2,229,17/03/2025,Shipped,Credit Card,PROD108,CUST4671,REV27903
ORD17904,3,80,30/07/2025,Cancelled,PayPal,PROD110,CUST4411,REV27904
ORD17905,3,59,30/07/2025,Delivered,Credit Card,PROD103,CUST4987,REV27905
ORD17906,1,199,30/09/2024,Delivered,Cash on Delivery,PROD112,CUST1291,REV27906
ORD17907,4,199,28/08/2024,Shipped,PayPal,PROD112,CUST3669,REV27907
ORD17908,4,149,19/05/2023,Shipped,Cash on Delivery,PROD113,CUST3028,REV27908
ORD17909,2,120,5/03/2025,Pending,PayPal,PROD104,CUST5751,REV27909
ORD17910,3,80,9/02/2023,Delivered,Cash on Delivery,PROD110,CUST1999,REV27910
ORD17911,5,229,28/01/2024,Pending,Cash on Delivery,PROD108,CUST2444,REV27911
ORD17912,1,25,14/10/2024,Returned,Cash on Delivery,PROD114,CUST3859,REV27912
ORD17913,3,120,3/07/2024,Delivered,Cash on Delivery,PROD104,CUST2788,REV27913
ORD17914,3,80,20/02/2025,Delivered,Credit Card,PROD110,CUST5684,REV27914
ORD17915,1,59,29/12/2023,Delivered,Credit Card,PROD103,CUST5750,REV27915
ORD17916,2,129,15/06/2025,Returned,PayPal,PROD109,CUST5929,REV27916
ORD17917,3,110,24/11/2023,Returned,PayPal,PROD105,CUST4288,REV27917
ORD17918,5,80,7/07/2023,Cancelled,Credit Card,PROD110,CUST3363,REV27918
ORD17919,5,999,13/05/2023,Pending,Cash on Delivery,PROD100,CUST3767,REV27919
ORD17920,4,80,14/07/2024,Returned,Credit Card,PROD110,CUST5367,REV27920
ORD17921,4,110,23/09/2022,Returned,Credit Card,PROD105,CUST5508,REV27921
ORD17922,3,99,1/08/2025,Shipped,PayPal,PROD106,CUST2853,REV27922
ORD17923,5,120,5/08/2023,Delivered,Credit Card,PROD104,CUST5144,REV27923
ORD17924,3,229,12/02/2025,Delivered,PayPal,PROD108,CUST2590,REV27924
ORD17925,3,229,27/09/2023,Delivered,Cash on Delivery,PROD108,CUST4234,REV27925
ORD17926,5,120,27/12/2024,Pending,PayPal,PROD104,CUST4316,REV27926
ORD17927,4,59,1/08/2024,Delivered,Credit Card,PROD111,CUST4883,REV27927
ORD17928,2,899,7/09/2024,Delivered,PayPal,PROD101,CUST4390,REV27928
ORD17929,1,59,9/10/2022,Pending,Credit Card,PROD103,CUST4884,REV27929
ORD17930,3,59,21/02/2024,Pending,Cash on Delivery,PROD111,CUST3834,REV27930
ORD17931,5,99,12/02/2023,Pending,PayPal,PROD106,CUST4871,REV27931
ORD17932,5,110,8/09/2022,Shipped,Cash on Delivery,PROD105,CUST5281,REV27932
ORD17933,4,120,25/02/2024,Pending,Credit Card,PROD104,CUST3704,REV27933
ORD17934,3,120,27/03/2023,Returned,Cash on Delivery,PROD104,CUST5146,REV27934
ORD17935,1,199,16/06/2024,Pending,Cash on Delivery,PROD112,CUST5257,REV27935
ORD17936,3,199,27/01/2023,Cancelled,Cash on Delivery,PROD112,CUST1895,REV27936
ORD17937,4,120,30/07/2025,Pending,Cash on Delivery,PROD104,CUST1289,REV27937
ORD17938,4,25,1/05/2024,Shipped,Cash on Delivery,PROD114,CUST2604,REV27938
ORD17939,1,59,6/08/2023,Shipped,Credit Card,PROD111,CUST5274,REV27939
ORD17940,4,149,1/07/2023,Pending,Cash on Delivery,PROD113,CUST4618,REV27940
ORD17941,5,110,26/07/2024,Shipped,Cash on Delivery,PROD105,CUST3391,REV27941
ORD17942,2,199,2/07/2023,Pending,Cash on Delivery,PROD102,CUST3871,REV27942
ORD17943,3,80,5/11/2023,Shipped,Credit Card,PROD110,CUST1560,REV27943
ORD17944,4,59,7/12/2024,Delivered,Credit Card,PROD111,CUST5468,REV27944
ORD17945,3,149,22/08/2023,Delivered,PayPal,PROD113,CUST1696,REV27945
ORD17946,3,80,17/11/2022,Returned,Cash on Delivery,PROD110,CUST5095,REV27946
ORD17947,3,59,30/09/2023,Shipped,PayPal,PROD111,CUST3579,REV27947
ORD17948,5,25,1/05/2025,Returned,Credit Card,PROD114,CUST3454,REV27948
ORD17949,2,129,13/03/2023,Delivered,PayPal,PROD109,CUST5204,REV27949
ORD17950,5,399,4/04/2025,Returned,PayPal,PROD107,CUST5178,REV27950
ORD17951,3,129,11/09/2022,Returned,Credit Card,PROD109,CUST3555,REV27951
ORD17952,1,120,30/12/2024,Returned,Cash on Delivery,PROD104,CUST3977,REV27952
ORD17953,5,110,1/08/2023,Cancelled,Cash on Delivery,PROD105,CUST1635,REV27953
ORD17954,2,149,1/01/2023,Delivered,Credit Card,PROD113,CUST3705,REV27954
ORD17955,4,199,15/11/2024,Delivered,PayPal,PROD112,CUST2885,REV27955
ORD17956,4,120,11/01/2024,Pending,Credit Card,PROD104,CUST2155,REV27956
ORD17957,2,59,6/08/2024,Pending,Credit Card,PROD111,CUST3302,REV27957
ORD17958,3,149,18/10/2023,Delivered,Cash on Delivery,PROD113,CUST4195,REV27958
ORD17959,1,199,24/02/2024,Pending,Credit Card,PROD102,CUST3118,REV27959
ORD17960,3,199,25/01/2024,Cancelled,Credit Card,PROD102,CUST4481,REV27960
ORD17961,2,229,14/06/2024,Delivered,Credit Card,PROD108,CUST3404,REV27961
ORD17962,5,80,22/06/2024,Shipped,Credit Card,PROD110,CUST5579,REV27962
ORD17963,1,899,13/09/2022,Returned,Credit Card,PROD101,CUST2310,REV27963
ORD17964,1,99,6/12/2024,Shipped,PayPal,PROD106,CUST4296,REV27964
ORD17965,3,199,19/11/2023,Cancelled,Cash on Delivery,PROD102,CUST3825,REV27965
ORD17966,4,120,16/10/2024,Shipped,Cash on Delivery,PROD104,CUST2911,REV27966
ORD17967,4,110,25/08/2024,Returned,Credit Card,PROD105,CUST3436,REV27967
ORD17968,4,99,2/03/2023,Shipped,PayPal,PROD106,CUST5762,REV27968
ORD17969,1,99,28/08/2022,Delivered,PayPal,PROD106,CUST4683,REV27969
ORD17970,5,110,3/08/2024,Shipped,Credit Card,PROD105,CUST4310,REV27970
ORD17971,4,99,28/08/2023,Cancelled,Credit Card,PROD106,CUST1385,REV27971
ORD17972,2,99,25/07/2025,Returned,Cash on Delivery,PROD106,CUST5419,REV27972
ORD17973,1,59,6/02/2025,Shipped,Credit Card,PROD111,CUST1636,REV27973
ORD17974,2,199,21/01/2023,Cancelled,Cash on Delivery,PROD112,CUST1077,REV27974
ORD17975,3,99,17/09/2022,Delivered,Credit Card,PROD106,CUST3245,REV27975
ORD17976,2,99,13/03/2024,Pending,Cash on Delivery,PROD106,CUST1505,REV27976
ORD17977,3,25,29/07/2025,Pending,PayPal,PROD114,CUST3121,REV27977
ORD17978,2,999,6/01/2023,Cancelled,Credit Card,PROD100,CUST5577,REV27978
ORD17979,5,129,7/08/2023,Returned,Cash on Delivery,PROD109,CUST4369,REV27979
ORD17980,1,59,22/05/2025,Returned,PayPal,PROD103,CUST5911,REV27980
ORD17981,5,899,7/07/2023,Delivered,PayPal,PROD101,CUST1195,REV27981
ORD17982,3,149,6/10/2023,Shipped,PayPal,PROD113,CUST5125,REV27982
ORD17983,1,59,22/05/2025,Delivered,Cash on Delivery,PROD103,CUST2210,REV27983
ORD17984,5,129,30/06/2023,Cancelled,Cash on Delivery,PROD109,CUST2059,REV27984
ORD17985,2,110,9/12/2022,Pending,PayPal,PROD105,CUST1986,REV27985
ORD17986,5,59,16/02/2024,Returned,PayPal,PROD111,CUST3022,REV27986
ORD17987,3,80,14/06/2024,Cancelled,Cash on Delivery,PROD110,CUST2782,REV27987
ORD17988,3,59,3/10/2023,Shipped,Credit Card,PROD103,CUST4562,REV27988
ORD17989,3,59,17/08/2024,Shipped,Cash on Delivery,PROD111,CUST2791,REV27989
ORD17990,5,110,11/03/2023,Cancelled,Cash on Delivery,PROD105,CUST1234,REV27990
ORD17991,1,199,13/03/2024,Delivered,Cash on Delivery,PROD112,CUST3036,REV27991
ORD17992,2,59,1/09/2024,Delivered,Credit Card,PROD103,CUST1478,REV27992
ORD17993,4,120,6/03/2024,Shipped,PayPal,PROD104,CUST3148,REV27993
ORD17994,4,59,1/02/2023,Pending,PayPal,PROD103,CUST5388,REV27994
ORD17995,4,25,5/01/2023,Pending,Credit Card,PROD114,CUST1908,REV27995
ORD17996,3,899,4/07/2024,Pending,PayPal,PROD101,CUST3559,REV27996
ORD17997,1,899,25/05/2025,Shipped,Cash on Delivery,PROD101,CUST1259,REV27997
ORD17998,3,149,20/07/2023,Cancelled,PayPal,PROD113,CUST3963,REV27998
ORD17999,1,59,19/09/2023,Returned,Credit Card,PROD103,CUST1731,REV27999
ORD18000,5,999,2/11/2023,Cancelled,PayPal,PROD100,CUST5231,REV28000
ORD18001,2,899,17/01/2024,Pending,PayPal,PROD101,CUST2676,REV28001
ORD18002,3,999,6/08/2024,Cancelled,Cash on Delivery,PROD100,CUST3336,REV28002
ORD18003,2,199,6/12/2023,Shipped,Cash on Delivery,PROD102,CUST5893,REV28003
ORD18004,2,129,27/11/2022,Shipped,Cash on Delivery,PROD109,CUST3880,REV28004
ORD18005,4,99,9/01/2024,Returned,Credit Card,PROD106,CUST4609,REV28005
ORD18006,2,59,23/12/2024,Shipped,PayPal,PROD103,CUST2455,REV28006
ORD18007,5,399,23/08/2025,Pending,Credit Card,PROD107,CUST4028,REV28007
ORD18008,4,149,16/05/2024,Delivered,PayPal,PROD113,CUST4214,REV28008
ORD18009,5,999,10/02/2025,Shipped,PayPal,PROD100,CUST3441,REV28009
ORD18010,3,399,7/01/2025,Cancelled,PayPal,PROD107,CUST2100,REV28010
ORD18011,2,59,30/09/2023,Shipped,PayPal,PROD103,CUST1292,REV28011
ORD18012,5,999,17/05/2024,Returned,PayPal,PROD100,CUST5488,REV28012
ORD18013,1,25,30/06/2023,Delivered,Cash on Delivery,PROD114,CUST5992,REV28013
ORD18014,4,399,2/07/2025,Returned,Cash on Delivery,PROD107,CUST2250,REV28014
ORD18015,5,199,30/09/2024,Pending,PayPal,PROD112,CUST5384,REV28015
ORD18016,3,25,26/12/2024,Returned,Cash on Delivery,PROD114,CUST2045,REV28016
ORD18017,5,120,29/01/2025,Shipped,Credit Card,PROD104,CUST5980,REV28017
ORD18018,1,25,11/06/2023,Cancelled,Credit Card,PROD114,CUST4743,REV28018
ORD18019,2,399,4/11/2024,Cancelled,Credit Card,PROD107,CUST3794,REV28019
ORD18020,1,229,26/09/2023,Cancelled,Credit Card,PROD108,CUST5840,REV28020
ORD18021,4,25,23/11/2023,Cancelled,Credit Card,PROD114,CUST3381,REV28021
ORD18022,2,59,24/10/2022,Returned,PayPal,PROD111,CUST5280,REV28022
ORD18023,2,59,28/07/2023,Cancelled,Cash on Delivery,PROD111,CUST1243,REV28023
ORD18024,1,99,3/03/2024,Cancelled,PayPal,PROD106,CUST1113,REV28024
ORD18025,2,59,2/05/2025,Cancelled,PayPal,PROD111,CUST2540,REV28025
ORD18026,3,80,24/10/2024,Shipped,Cash on Delivery,PROD110,CUST5749,REV28026
ORD18027,5,129,15/08/2023,Cancelled,Cash on Delivery,PROD109,CUST4131,REV28027
ORD18028,4,120,19/01/2024,Returned,Cash on Delivery,PROD104,CUST2700,REV28028
ORD18029,2,59,21/03/2024,Delivered,PayPal,PROD111,CUST5034,REV28029
ORD18030,5,899,30/07/2025,Delivered,Cash on Delivery,PROD101,CUST3017,REV28030
ORD18031,2,999,7/01/2025,Returned,PayPal,PROD100,CUST4412,REV28031
ORD18032,3,149,3/08/2023,Pending,Credit Card,PROD113,CUST2376,REV28032
ORD18033,1,149,13/07/2024,Pending,Cash on Delivery,PROD113,CUST5726,REV28033
ORD18034,2,25,14/09/2023,Shipped,PayPal,PROD114,CUST3330,REV28034
ORD18035,3,399,7/05/2024,Shipped,PayPal,PROD107,CUST2742,REV28035
ORD18036,2,99,3/04/2025,Shipped,Cash on Delivery,PROD106,CUST2974,REV28036
ORD18037,5,99,23/08/2024,Cancelled,PayPal,PROD106,CUST4491,REV28037
ORD18038,1,99,30/04/2025,Pending,Credit Card,PROD106,CUST3869,REV28038
ORD18039,2,399,28/10/2024,Returned,Credit Card,PROD107,CUST4112,REV28039
ORD18040,3,25,26/10/2024,Delivered,Cash on Delivery,PROD114,CUST4057,REV28040
ORD18041,4,59,21/03/2025,Delivered,Cash on Delivery,PROD103,CUST1026,REV28041
ORD18042,1,59,31/10/2024,Delivered,Cash on Delivery,PROD103,CUST5740,REV28042
ORD18043,1,99,28/08/2024,Pending,Cash on Delivery,PROD106,CUST2930,REV28043
ORD18044,5,199,24/03/2024,Returned,Cash on Delivery,PROD102,CUST2018,REV28044
ORD18045,5,110,27/12/2023,Delivered,Credit Card,PROD105,CUST5496,REV28045
ORD18046,1,229,1/06/2024,Pending,Credit Card,PROD108,CUST2708,REV28046
ORD18047,3,80,3/05/2025,Cancelled,Cash on Delivery,PROD110,CUST3349,REV28047
ORD18048,3,899,18/10/2022,Returned,Cash on Delivery,PROD101,CUST4504,REV28048
ORD18049,2,399,16/05/2025,Pending,Credit Card,PROD107,CUST5988,REV28049
ORD18050,3,149,22/07/2024,Shipped,Credit Card,PROD113,CUST3589,REV28050
ORD18051,1,149,8/07/2023,Delivered,Cash on Delivery,PROD113,CUST2189,REV28051
ORD18052,2,59,29/01/2023,Pending,Cash on Delivery,PROD111,CUST4708,REV28052
ORD18053,3,120,23/04/2023,Cancelled,Credit Card,PROD104,CUST1423,REV28053
ORD18054,4,25,22/09/2024,Delivered,Credit Card,PROD114,CUST5845,REV28054
ORD18055,4,25,1/05/2025,Shipped,Cash on Delivery,PROD114,CUST3959,REV28055
ORD18056,4,999,25/12/2024,Cancelled,PayPal,PROD100,CUST1693,REV28056
ORD18057,2,99,20/07/2024,Delivered,Credit Card,PROD106,CUST5910,REV28057
ORD18058,2,120,19/05/2025,Shipped,Credit Card,PROD104,CUST2513,REV28058
ORD18059,1,99,11/01/2025,Returned,PayPal,PROD106,CUST5122,REV28059
ORD18060,2,120,21/06/2025,Delivered,PayPal,PROD104,CUST5179,REV28060
ORD18061,3,199,26/05/2024,Shipped,PayPal,PROD102,CUST2616,REV28061
ORD18062,4,229,6/11/2024,Returned,Credit Card,PROD108,CUST5902,REV28062
ORD18063,2,399,6/03/2024,Shipped,Cash on Delivery,PROD107,CUST3052,REV28063
ORD18064,4,59,18/12/2022,Shipped,Credit Card,PROD103,CUST3943,REV28064
ORD18065,2,999,4/12/2023,Cancelled,Credit Card,PROD100,CUST3290,REV28065
ORD18066,4,120,15/03/2023,Returned,Credit Card,PROD104,CUST5728,REV28066
ORD18067,2,110,19/07/2025,Returned,PayPal,PROD105,CUST5512,REV28067
ORD18068,4,229,28/04/2024,Shipped,PayPal,PROD108,CUST3727,REV28068
ORD18069,5,399,10/05/2023,Returned,PayPal,PROD107,CUST4164,REV28069
ORD18070,2,110,17/10/2024,Pending,Credit Card,PROD105,CUST5960,REV28070
ORD18071,5,110,10/09/2022,Shipped,Credit Card,PROD105,CUST4614,REV28071
ORD18072,5,899,10/02/2025,Returned,PayPal,PROD101,CUST1878,REV28072
ORD18073,1,110,29/06/2024,Returned,Cash on Delivery,PROD105,CUST3869,REV28073
ORD18074,1,120,31/03/2023,Pending,Credit Card,PROD104,CUST1862,REV28074
ORD18075,1,399,8/07/2025,Pending,Cash on Delivery,PROD107,CUST4881,REV28075
ORD18076,1,229,28/09/2023,Returned,PayPal,PROD108,CUST5522,REV28076
ORD18077,2,59,5/03/2025,Shipped,Cash on Delivery,PROD111,CUST2074,REV28077
ORD18078,2,59,12/01/2024,Cancelled,Cash on Delivery,PROD103,CUST2531,REV28078
ORD18079,3,199,21/01/2023,Returned,PayPal,PROD102,CUST4363,REV28079
ORD18080,1,120,18/01/2024,Returned,Credit Card,PROD104,CUST1955,REV28080
ORD18081,1,199,27/12/2022,Returned,PayPal,PROD112,CUST3376,REV28081
ORD18082,1,80,6/06/2023,Delivered,Credit Card,PROD110,CUST4803,REV28082
ORD18083,4,120,5/06/2025,Delivered,PayPal,PROD104,CUST1785,REV28083
ORD18084,4,399,6/11/2024,Returned,Credit Card,PROD107,CUST3910,REV28084
ORD18085,1,999,1/03/2024,Pending,Credit Card,PROD100,CUST4074,REV28085
ORD18086,3,99,7/02/2025,Returned,Credit Card,PROD106,CUST1244,REV28086
ORD18087,2,199,25/02/2024,Delivered,Credit Card,PROD112,CUST4693,REV28087
ORD18088,1,199,17/07/2023,Cancelled,PayPal,PROD112,CUST2251,REV28088
ORD18089,2,399,16/03/2024,Shipped,Credit Card,PROD107,CUST4816,REV28089
ORD18090,4,199,2/01/2025,Pending,Cash on Delivery,PROD112,CUST1082,REV28090
ORD18091,5,99,26/11/2024,Shipped,Cash on Delivery,PROD106,CUST2148,REV28091
ORD18092,2,229,1/08/2024,Returned,PayPal,PROD108,CUST1127,REV28092
ORD18093,5,199,24/07/2023,Delivered,Credit Card,PROD102,CUST3172,REV28093
ORD18094,1,199,26/02/2025,Cancelled,Credit Card,PROD112,CUST5550,REV28094
ORD18095,3,399,27/07/2025,Delivered,Credit Card,PROD107,CUST4514,REV28095
ORD18096,1,25,1/08/2025,Delivered,Credit Card,PROD114,CUST4088,REV28096
ORD18097,4,110,4/05/2025,Delivered,Credit Card,PROD105,CUST2237,REV28097
ORD18098,3,149,30/10/2024,Pending,Credit Card,PROD113,CUST1341,REV28098
ORD18099,3,199,11/05/2025,Shipped,Credit Card,PROD102,CUST3898,REV28099
ORD18100,1,229,8/01/2024,Pending,PayPal,PROD108,CUST2170,REV28100
ORD18101,2,99,6/06/2025,Shipped,PayPal,PROD106,CUST2200,REV28101
ORD18102,4,229,21/08/2024,Delivered,PayPal,PROD108,CUST5803,REV28102
ORD18103,1,80,16/01/2023,Delivered,PayPal,PROD110,CUST1740,REV28103
ORD18104,4,110,25/06/2023,Pending,Credit Card,PROD105,CUST3606,REV28104
ORD18105,4,59,28/03/2024,Cancelled,Credit Card,PROD111,CUST1627,REV28105
ORD18106,3,99,18/08/2025,Shipped,PayPal,PROD106,CUST5103,REV28106
ORD18107,2,229,5/08/2024,Shipped,Cash on Delivery,PROD108,CUST1611,REV28107
ORD18108,1,199,21/01/2024,Pending,Cash on Delivery,PROD112,CUST1242,REV28108
ORD18109,4,120,23/04/2025,Returned,PayPal,PROD104,CUST5891,REV28109
ORD18110,2,59,26/09/2022,Delivered,Credit Card,PROD111,CUST2252,REV28110
ORD18111,5,229,19/08/2023,Returned,Credit Card,PROD108,CUST5570,REV28111
ORD18112,3,899,17/03/2023,Pending,PayPal,PROD101,CUST4672,REV28112
ORD18113,1,59,17/01/2023,Delivered,PayPal,PROD111,CUST1988,REV28113
ORD18114,3,120,8/02/2024,Pending,Cash on Delivery,PROD104,CUST5187,REV28114
ORD18115,1,99,7/04/2023,Delivered,Credit Card,PROD106,CUST3345,REV28115
ORD18116,2,399,7/12/2022,Cancelled,Credit Card,PROD107,CUST4045,REV28116
ORD18117,1,110,15/03/2024,Delivered,PayPal,PROD105,CUST4092,REV28117
ORD18118,5,199,1/11/2023,Delivered,Credit Card,PROD102,CUST3829,REV28118
ORD18119,3,59,4/06/2025,Delivered,Cash on Delivery,PROD103,CUST5896,REV28119
ORD18120,3,59,24/05/2025,Returned,Credit Card,PROD111,CUST5653,REV28120
ORD18121,2,99,15/03/2023,Returned,PayPal,PROD106,CUST2430,REV28121
ORD18122,5,99,26/01/2024,Cancelled,Credit Card,PROD106,CUST2577,REV28122
ORD18123,3,99,17/12/2024,Pending,PayPal,PROD106,CUST1945,REV28123
ORD18124,2,899,20/04/2024,Cancelled,Cash on Delivery,PROD101,CUST4422,REV28124
ORD18125,2,899,3/04/2023,Delivered,PayPal,PROD101,CUST4294,REV28125
ORD18126,4,99,9/06/2024,Delivered,PayPal,PROD106,CUST4956,REV28126
ORD18127,5,80,2/04/2025,Shipped,PayPal,PROD110,CUST1950,REV28127
ORD18128,4,149,9/11/2024,Shipped,Cash on Delivery,PROD113,CUST3721,REV28128
ORD18129,2,80,31/12/2022,Shipped,Cash on Delivery,PROD110,CUST4140,REV28129
ORD18130,3,999,15/11/2023,Delivered,Cash on Delivery,PROD100,CUST4875,REV28130
ORD18131,4,399,4/11/2024,Shipped,Cash on Delivery,PROD107,CUST3863,REV28131
ORD18132,4,199,6/05/2023,Returned,Credit Card,PROD102,CUST3341,REV28132
ORD18133,3,229,21/07/2023,Cancelled,PayPal,PROD108,CUST1877,REV28133
ORD18134,5,229,9/12/2023,Shipped,Cash on Delivery,PROD108,CUST3957,REV28134
ORD18135,4,399,3/06/2023,Shipped,Cash on Delivery,PROD107,CUST1621,REV28135
ORD18136,5,199,14/11/2022,Shipped,PayPal,PROD112,CUST5377,REV28136
ORD18137,4,129,16/06/2024,Delivered,Credit Card,PROD109,CUST1067,REV28137
ORD18138,1,149,6/07/2024,Delivered,PayPal,PROD113,CUST1751,REV28138
ORD18139,2,899,18/09/2023,Returned,Credit Card,PROD101,CUST2149,REV28139
ORD18140,3,80,29/04/2023,Delivered,PayPal,PROD110,CUST4185,REV28140
ORD18141,4,110,30/01/2025,Delivered,Credit Card,PROD105,CUST3082,REV28141
ORD18142,3,99,8/07/2024,Delivered,Cash on Delivery,PROD106,CUST2004,REV28142
ORD18143,2,59,25/09/2023,Cancelled,Cash on Delivery,PROD103,CUST1773,REV28143
ORD18144,4,80,18/09/2023,Pending,PayPal,PROD110,CUST2931,REV28144
ORD18145,4,199,30/09/2023,Shipped,PayPal,PROD112,CUST2668,REV28145
ORD18146,3,59,14/01/2024,Shipped,PayPal,PROD111,CUST1720,REV28146
ORD18147,1,229,18/02/2025,Returned,Credit Card,PROD108,CUST2557,REV28147
ORD18148,4,80,7/01/2023,Shipped,Cash on Delivery,PROD110,CUST1083,REV28148
ORD18149,2,59,28/05/2025,Shipped,Credit Card,PROD111,CUST3200,REV28149
ORD18150,2,899,8/04/2023,Returned,Cash on Delivery,PROD101,CUST3536,REV28150
ORD18151,4,59,11/03/2024,Returned,PayPal,PROD111,CUST2253,REV28151
ORD18152,4,59,3/12/2022,Cancelled,Credit Card,PROD103,CUST3295,REV28152
ORD18153,1,59,19/10/2022,Returned,Credit Card,PROD103,CUST1910,REV28153
ORD18154,5,399,16/07/2024,Cancelled,PayPal,PROD107,CUST4085,REV28154
ORD18155,4,120,28/07/2023,Pending,Credit Card,PROD104,CUST3130,REV28155
ORD18156,2,59,8/11/2023,Shipped,PayPal,PROD111,CUST2991,REV28156
ORD18157,1,199,30/01/2025,Delivered,Credit Card,PROD102,CUST3687,REV28157
ORD18158,3,80,2/10/2022,Delivered,Credit Card,PROD110,CUST2980,REV28158
ORD18159,3,120,17/02/2023,Delivered,PayPal,PROD104,CUST5483,REV28159
ORD18160,1,199,6/04/2024,Delivered,PayPal,PROD112,CUST1531,REV28160
ORD18161,5,229,26/09/2022,Pending,PayPal,PROD108,CUST2945,REV28161
ORD18162,3,229,12/08/2023,Cancelled,PayPal,PROD108,CUST4160,REV28162
ORD18163,5,25,14/01/2023,Shipped,PayPal,PROD114,CUST2018,REV28163
ORD18164,1,199,7/01/2025,Delivered,PayPal,PROD112,CUST5677,REV28164
ORD18165,2,59,18/08/2025,Delivered,PayPal,PROD103,CUST4857,REV28165
ORD18166,4,59,14/05/2023,Returned,Credit Card,PROD111,CUST4008,REV28166
ORD18167,3,120,1/04/2025,Shipped,Cash on Delivery,PROD104,CUST3975,REV28167
ORD18168,2,899,6/05/2023,Delivered,Cash on Delivery,PROD101,CUST3781,REV28168
ORD18169,1,899,18/10/2023,Returned,PayPal,PROD101,CUST2687,REV28169
ORD18170,3,129,10/06/2024,Cancelled,PayPal,PROD109,CUST4684,REV28170
ORD18171,4,199,2/07/2023,Shipped,PayPal,PROD112,CUST4817,REV28171
ORD18172,1,110,11/04/2024,Delivered,PayPal,PROD105,CUST5212,REV28172
ORD18173,4,399,2/03/2024,Delivered,PayPal,PROD107,CUST5629,REV28173
ORD18174,4,199,23/06/2025,Cancelled,PayPal,PROD102,CUST5351,REV28174
ORD18175,3,199,22/03/2023,Cancelled,PayPal,PROD102,CUST5879,REV28175
ORD18176,4,899,4/05/2025,Returned,Cash on Delivery,PROD101,CUST2840,REV28176
ORD18177,1,149,22/02/2023,Pending,PayPal,PROD113,CUST5035,REV28177
ORD18178,1,120,31/01/2025,Cancelled,PayPal,PROD104,CUST3355,REV28178
ORD18179,1,999,22/12/2024,Returned,Credit Card,PROD100,CUST2319,REV28179
ORD18180,1,149,25/04/2023,Returned,PayPal,PROD113,CUST4505,REV28180
ORD18181,4,110,6/05/2024,Cancelled,Cash on Delivery,PROD105,CUST3351,REV28181
ORD18182,3,899,26/05/2024,Returned,Credit Card,PROD101,CUST1414,REV28182
ORD18183,3,120,5/07/2025,Delivered,PayPal,PROD104,CUST4652,REV28183
ORD18184,1,120,7/12/2024,Returned,PayPal,PROD104,CUST2594,REV28184
ORD18185,3,59,12/07/2023,Delivered,PayPal,PROD111,CUST2181,REV28185
ORD18186,3,199,25/11/2023,Shipped,PayPal,PROD112,CUST5026,REV28186
ORD18187,1,59,31/10/2024,Cancelled,PayPal,PROD103,CUST3336,REV28187
ORD18188,1,120,25/04/2024,Cancelled,Credit Card,PROD104,CUST4252,REV28188
ORD18189,4,129,30/09/2024,Shipped,Credit Card,PROD109,CUST4368,REV28189
ORD18190,5,199,7/04/2023,Cancelled,Cash on Delivery,PROD102,CUST4319,REV28190
ORD18191,2,399,6/11/2023,Delivered,Credit Card,PROD107,CUST2842,REV28191
ORD18192,5,110,7/01/2025,Returned,PayPal,PROD105,CUST2748,REV28192
ORD18193,3,149,22/12/2022,Returned,PayPal,PROD113,CUST2435,REV28193
ORD18194,1,229,13/04/2025,Cancelled,PayPal,PROD108,CUST2324,REV28194
ORD18195,3,110,26/09/2024,Pending,PayPal,PROD105,CUST5744,REV28195
ORD18196,3,99,27/10/2023,Cancelled,PayPal,PROD106,CUST1278,REV28196
ORD18197,4,120,22/05/2023,Delivered,Credit Card,PROD104,CUST5518,REV28197
ORD18198,1,59,8/12/2023,Delivered,Credit Card,PROD103,CUST1735,REV28198
ORD18199,3,59,9/08/2024,Returned,Cash on Delivery,PROD111,CUST3066,REV28199
ORD18200,4,199,5/11/2024,Shipped,Cash on Delivery,PROD112,CUST1539,REV28200
ORD18201,3,999,25/04/2023,Shipped,Credit Card,PROD100,CUST5752,REV28201
ORD18202,5,110,30/08/2022,Shipped,PayPal,PROD105,CUST2252,REV28202
ORD18203,2,149,24/12/2024,Returned,Cash on Delivery,PROD113,CUST4603,REV28203
ORD18204,5,99,23/04/2024,Shipped,PayPal,PROD106,CUST4511,REV28204
ORD18205,4,110,23/07/2024,Returned,Cash on Delivery,PROD105,CUST1130,REV28205
ORD18206,4,129,18/08/2023,Cancelled,Cash on Delivery,PROD109,CUST5285,REV28206
ORD18207,2,999,20/02/2025,Cancelled,Cash on Delivery,PROD100,CUST2358,REV28207
ORD18208,1,59,23/11/2024,Pending,Credit Card,PROD103,CUST2721,REV28208
ORD18209,5,199,20/05/2025,Delivered,Cash on Delivery,PROD102,CUST5449,REV28209
ORD18210,3,229,2/11/2022,Cancelled,Cash on Delivery,PROD108,CUST3445,REV28210
ORD18211,4,149,20/03/2023,Delivered,PayPal,PROD113,CUST5103,REV28211
ORD18212,4,999,20/11/2023,Delivered,Cash on Delivery,PROD100,CUST2052,REV28212
ORD18213,3,99,7/02/2024,Pending,Credit Card,PROD106,CUST2131,REV28213
ORD18214,3,99,11/07/2024,Pending,PayPal,PROD106,CUST4531,REV28214
ORD18215,5,199,23/10/2022,Delivered,Credit Card,PROD102,CUST3677,REV28215
ORD18216,5,59,27/06/2023,Delivered,Credit Card,PROD103,CUST3071,REV28216
ORD18217,2,99,24/06/2023,Shipped,Cash on Delivery,PROD106,CUST4460,REV28217
ORD18218,3,199,31/12/2024,Shipped,PayPal,PROD102,CUST4575,REV28218
ORD18219,4,399,27/12/2022,Returned,PayPal,PROD107,CUST2266,REV28219
ORD18220,5,899,8/01/2025,Shipped,PayPal,PROD101,CUST3474,REV28220
ORD18221,2,229,2/12/2022,Shipped,Cash on Delivery,PROD108,CUST3713,REV28221
ORD18222,1,199,10/01/2023,Shipped,Cash on Delivery,PROD112,CUST2718,REV28222
ORD18223,3,99,30/03/2023,Returned,PayPal,PROD106,CUST4423,REV28223
ORD18224,4,99,29/08/2024,Shipped,Cash on Delivery,PROD106,CUST5504,REV28224
ORD18225,3,25,21/02/2023,Cancelled,PayPal,PROD114,CUST4904,REV28225
ORD18226,5,99,9/06/2023,Pending,Credit Card,PROD106,CUST5023,REV28226
ORD18227,1,25,8/07/2023,Delivered,PayPal,PROD114,CUST5797,REV28227
ORD18228,4,229,21/10/2024,Shipped,Cash on Delivery,PROD108,CUST1066,REV28228
ORD18229,2,59,1/07/2024,Cancelled,PayPal,PROD111,CUST2809,REV28229
ORD18230,2,399,26/05/2025,Pending,Credit Card,PROD107,CUST1450,REV28230
ORD18231,3,80,21/03/2024,Delivered,Credit Card,PROD110,CUST1550,REV28231
ORD18232,3,59,8/06/2023,Returned,Cash on Delivery,PROD103,CUST5704,REV28232
ORD18233,5,149,28/05/2023,Pending,PayPal,PROD113,CUST3407,REV28233
ORD18234,5,80,10/09/2023,Pending,PayPal,PROD110,CUST5184,REV28234
ORD18235,3,59,20/10/2024,Pending,PayPal,PROD103,CUST3525,REV28235
ORD18236,4,999,28/12/2023,Returned,Cash on Delivery,PROD100,CUST3762,REV28236
ORD18237,4,899,28/05/2023,Shipped,PayPal,PROD101,CUST3089,REV28237
ORD18238,5,199,12/11/2024,Shipped,Cash on Delivery,PROD102,CUST5062,REV28238
ORD18239,2,99,25/11/2022,Delivered,Credit Card,PROD106,CUST3229,REV28239
ORD18240,2,129,13/12/2023,Pending,Credit Card,PROD109,CUST5742,REV28240
ORD18241,5,99,5/07/2023,Cancelled,Cash on Delivery,PROD106,CUST4019,REV28241
ORD18242,4,59,24/06/2025,Pending,Credit Card,PROD103,CUST5846,REV28242
ORD18243,4,25,13/06/2023,Pending,PayPal,PROD114,CUST3011,REV28243
ORD18244,4,229,21/01/2024,Cancelled,Cash on Delivery,PROD108,CUST2029,REV28244
ORD18245,4,199,13/10/2024,Delivered,Credit Card,PROD102,CUST5581,REV28245
ORD18246,4,199,16/10/2022,Shipped,Cash on Delivery,PROD102,CUST1559,REV28246
ORD18247,1,149,19/10/2022,Pending,Cash on Delivery,PROD113,CUST3575,REV28247
ORD18248,3,59,15/02/2023,Cancelled,Cash on Delivery,PROD111,CUST1292,REV28248
ORD18249,5,999,12/09/2022,Delivered,Credit Card,PROD100,CUST3641,REV28249
ORD18250,4,229,11/05/2024,Returned,Cash on Delivery,PROD108,CUST2733,REV28250
ORD18251,4,999,8/08/2023,Delivered,Credit Card,PROD100,CUST3977,REV28251
ORD18252,5,99,21/07/2025,Returned,Cash on Delivery,PROD106,CUST3968,REV28252
ORD18253,4,399,30/12/2023,Pending,Cash on Delivery,PROD107,CUST1119,REV28253
ORD18254,4,899,9/02/2024,Shipped,Credit Card,PROD101,CUST3444,REV28254
ORD18255,4,99,1/07/2025,Shipped,PayPal,PROD106,CUST2004,REV28255
ORD18256,2,149,17/03/2025,Returned,PayPal,PROD113,CUST3263,REV28256
ORD18257,2,199,20/10/2024,Shipped,Credit Card,PROD102,CUST5217,REV28257
ORD18258,3,399,7/10/2024,Delivered,PayPal,PROD107,CUST4197,REV28258
ORD18259,1,199,14/08/2023,Delivered,Cash on Delivery,PROD112,CUST4627,REV28259
ORD18260,3,199,27/02/2023,Shipped,Cash on Delivery,PROD102,CUST4375,REV28260
ORD18261,3,110,10/06/2023,Shipped,Credit Card,PROD105,CUST5550,REV28261
ORD18262,2,899,2/04/2023,Pending,PayPal,PROD101,CUST3884,REV28262
ORD18263,4,120,3/09/2024,Pending,Credit Card,PROD104,CUST1519,REV28263
ORD18264,4,59,16/02/2023,Returned,Credit Card,PROD111,CUST5768,REV28264
ORD18265,4,59,30/01/2025,Delivered,Credit Card,PROD103,CUST1447,REV28265
ORD18266,2,899,13/12/2022,Pending,PayPal,PROD101,CUST3379,REV28266
ORD18267,5,80,26/05/2023,Cancelled,PayPal,PROD110,CUST4599,REV28267
ORD18268,5,120,8/04/2023,Delivered,PayPal,PROD104,CUST1899,REV28268
ORD18269,3,59,12/05/2023,Returned,Credit Card,PROD111,CUST1006,REV28269
ORD18270,5,899,4/06/2023,Cancelled,Credit Card,PROD101,CUST5634,REV28270
ORD18271,2,59,22/04/2023,Delivered,Credit Card,PROD103,CUST5946,REV28271
ORD18272,3,59,23/10/2024,Shipped,Cash on Delivery,PROD103,CUST5247,REV28272
ORD18273,3,999,13/04/2024,Shipped,PayPal,PROD100,CUST2682,REV28273
ORD18274,3,25,3/04/2025,Returned,Cash on Delivery,PROD114,CUST1485,REV28274
ORD18275,2,899,17/01/2025,Delivered,PayPal,PROD101,CUST5938,REV28275
ORD18276,5,229,16/02/2025,Delivered,Cash on Delivery,PROD108,CUST2799,REV28276
ORD18277,1,59,7/05/2024,Delivered,Cash on Delivery,PROD111,CUST2824,REV28277
ORD18278,2,80,21/06/2024,Pending,PayPal,PROD110,CUST3432,REV28278
ORD18279,4,129,24/05/2024,Shipped,Cash on Delivery,PROD109,CUST4817,REV28279
ORD18280,4,129,12/03/2024,Cancelled,PayPal,PROD109,CUST4317,REV28280
ORD18281,3,120,21/02/2025,Cancelled,Credit Card,PROD104,CUST4958,REV28281
ORD18282,5,399,28/11/2022,Delivered,Credit Card,PROD107,CUST3585,REV28282
ORD18283,3,149,18/07/2025,Shipped,Cash on Delivery,PROD113,CUST2665,REV28283
ORD18284,1,199,19/02/2023,Shipped,Cash on Delivery,PROD112,CUST1393,REV28284
ORD18285,5,899,5/10/2022,Pending,Credit Card,PROD101,CUST1510,REV28285
ORD18286,3,110,9/08/2023,Returned,PayPal,PROD105,CUST2427,REV28286
ORD18287,4,999,6/10/2022,Pending,PayPal,PROD100,CUST5399,REV28287
ORD18288,5,25,11/07/2025,Shipped,Credit Card,PROD114,CUST2972,REV28288
ORD18289,4,899,4/11/2024,Cancelled,PayPal,PROD101,CUST1397,REV28289
ORD18290,3,229,25/05/2024,Pending,Credit Card,PROD108,CUST2495,REV28290
ORD18291,5,199,27/02/2024,Delivered,Cash on Delivery,PROD102,CUST4354,REV28291
ORD18292,4,59,9/08/2023,Returned,PayPal,PROD111,CUST5349,REV28292
ORD18293,1,110,2/09/2023,Delivered,Credit Card,PROD105,CUST4262,REV28293
ORD18294,5,59,23/01/2024,Pending,PayPal,PROD111,CUST4484,REV28294
ORD18295,1,120,23/05/2023,Returned,Credit Card,PROD104,CUST1351,REV28295
ORD18296,4,199,14/10/2022,Delivered,Cash on Delivery,PROD112,CUST5986,REV28296
ORD18297,1,120,3/12/2023,Cancelled,Cash on Delivery,PROD104,CUST3205,REV28297
ORD18298,1,199,14/12/2024,Delivered,PayPal,PROD112,CUST4064,REV28298
ORD18299,5,59,26/10/2023,Returned,Credit Card,PROD103,CUST2246,REV28299
ORD18300,3,129,14/03/2023,Cancelled,PayPal,PROD109,CUST3296,REV28300
ORD18301,4,899,28/09/2024,Delivered,PayPal,PROD101,CUST3664,REV28301
ORD18302,3,199,12/03/2023,Returned,Cash on Delivery,PROD112,CUST3452,REV28302
ORD18303,1,59,6/08/2023,Returned,Cash on Delivery,PROD103,CUST3665,REV28303
ORD18304,4,110,5/03/2025,Cancelled,PayPal,PROD105,CUST2987,REV28304
ORD18305,5,199,15/09/2023,Returned,Credit Card,PROD112,CUST5627,REV28305
ORD18306,5,99,21/03/2023,Delivered,PayPal,PROD106,CUST4631,REV28306
ORD18307,3,199,27/10/2023,Shipped,PayPal,PROD112,CUST4086,REV28307
ORD18308,3,199,15/09/2023,Delivered,PayPal,PROD102,CUST1966,REV28308
ORD18309,4,120,23/06/2024,Pending,PayPal,PROD104,CUST4991,REV28309
ORD18310,4,149,20/07/2024,Delivered,Credit Card,PROD113,CUST5637,REV28310
ORD18311,4,25,9/10/2024,Returned,Credit Card,PROD114,CUST1236,REV28311
ORD18312,5,120,26/09/2024,Returned,Cash on Delivery,PROD104,CUST1885,REV28312
ORD18313,1,110,16/02/2023,Shipped,Credit Card,PROD105,CUST4723,REV28313
ORD18314,5,199,27/10/2023,Delivered,Cash on Delivery,PROD102,CUST4284,REV28314
ORD18315,4,99,20/02/2023,Returned,Cash on Delivery,PROD106,CUST1953,REV28315
ORD18316,3,120,17/04/2023,Shipped,Cash on Delivery,PROD104,CUST2800,REV28316
ORD18317,1,149,27/06/2024,Pending,PayPal,PROD113,CUST5143,REV28317
ORD18318,4,25,12/01/2025,Cancelled,Cash on Delivery,PROD114,CUST4314,REV28318
ORD18319,4,899,29/11/2022,Delivered,Credit Card,PROD101,CUST1066,REV28319
ORD18320,5,149,12/04/2025,Pending,PayPal,PROD113,CUST1998,REV28320
ORD18321,5,25,6/12/2022,Pending,PayPal,PROD114,CUST1755,REV28321
ORD18322,5,25,20/08/2024,Cancelled,Cash on Delivery,PROD114,CUST3890,REV28322
ORD18323,2,149,28/01/2025,Returned,PayPal,PROD113,CUST4063,REV28323
ORD18324,4,229,16/02/2023,Pending,PayPal,PROD108,CUST2360,REV28324
ORD18325,1,25,23/10/2024,Cancelled,Credit Card,PROD114,CUST1802,REV28325
ORD18326,5,399,29/02/2024,Shipped,Credit Card,PROD107,CUST1056,REV28326
ORD18327,4,59,25/01/2024,Delivered,Cash on Delivery,PROD103,CUST4834,REV28327
ORD18328,5,80,29/07/2024,Shipped,PayPal,PROD110,CUST2889,REV28328
ORD18329,2,59,10/05/2023,Pending,PayPal,PROD103,CUST5180,REV28329
ORD18330,3,149,4/04/2023,Delivered,Credit Card,PROD113,CUST2697,REV28330
ORD18331,4,229,6/09/2022,Cancelled,Cash on Delivery,PROD108,CUST3300,REV28331
ORD18332,4,399,1/05/2023,Returned,Cash on Delivery,PROD107,CUST2798,REV28332
ORD18333,4,110,15/05/2023,Shipped,Credit Card,PROD105,CUST2770,REV28333
ORD18334,1,25,1/03/2023,Delivered,Cash on Delivery,PROD114,CUST4334,REV28334
ORD18335,1,59,22/06/2025,Pending,Credit Card,PROD111,CUST5125,REV28335
ORD18336,5,80,13/06/2024,Shipped,Credit Card,PROD110,CUST4365,REV28336
ORD18337,3,25,28/09/2024,Pending,PayPal,PROD114,CUST2861,REV28337
ORD18338,3,25,8/01/2025,Shipped,PayPal,PROD114,CUST5843,REV28338
ORD18339,4,199,14/02/2025,Returned,Cash on Delivery,PROD102,CUST1668,REV28339
ORD18340,1,899,23/08/2025,Returned,Cash on Delivery,PROD101,CUST5358,REV28340
ORD18341,3,399,21/07/2023,Cancelled,Cash on Delivery,PROD107,CUST5107,REV28341
ORD18342,1,199,13/09/2022,Pending,Credit Card,PROD112,CUST5857,REV28342
ORD18343,4,59,28/07/2025,Delivered,PayPal,PROD111,CUST4559,REV28343
ORD18344,1,25,29/11/2022,Pending,Credit Card,PROD114,CUST3796,REV28344
ORD18345,3,899,19/10/2022,Returned,PayPal,PROD101,CUST4333,REV28345
ORD18346,5,129,23/01/2024,Cancelled,Cash on Delivery,PROD109,CUST2988,REV28346
ORD18347,2,229,9/11/2023,Delivered,PayPal,PROD108,CUST3578,REV28347
ORD18348,4,199,29/07/2023,Shipped,Cash on Delivery,PROD102,CUST1337,REV28348
ORD18349,4,80,15/03/2024,Pending,PayPal,PROD110,CUST5389,REV28349
ORD18350,5,899,14/04/2025,Cancelled,PayPal,PROD101,CUST3556,REV28350
ORD18351,3,199,26/02/2023,Pending,Credit Card,PROD102,CUST3576,REV28351
ORD18352,5,199,3/12/2024,Shipped,PayPal,PROD112,CUST1149,REV28352
ORD18353,1,120,3/01/2025,Cancelled,Credit Card,PROD104,CUST1188,REV28353
ORD18354,3,149,25/10/2024,Shipped,Credit Card,PROD113,CUST3015,REV28354
ORD18355,5,229,14/03/2025,Returned,Cash on Delivery,PROD108,CUST2906,REV28355
ORD18356,3,999,2/02/2024,Delivered,PayPal,PROD100,CUST4343,REV28356
ORD18357,4,129,29/09/2023,Cancelled,Credit Card,PROD109,CUST5833,REV28357
ORD18358,3,199,18/01/2023,Cancelled,Cash on Delivery,PROD112,CUST1184,REV28358
ORD18359,2,99,24/10/2022,Returned,PayPal,PROD106,CUST5251,REV28359
ORD18360,3,25,1/05/2024,Delivered,Credit Card,PROD114,CUST5598,REV28360
ORD18361,2,199,13/09/2024,Pending,PayPal,PROD102,CUST4338,REV28361
ORD18362,4,199,7/06/2023,Pending,Cash on Delivery,PROD102,CUST3716,REV28362
ORD18363,3,999,22/06/2023,Cancelled,Cash on Delivery,PROD100,CUST5866,REV28363
ORD18364,3,149,9/01/2024,Delivered,Cash on Delivery,PROD113,CUST1505,REV28364
ORD18365,4,199,22/11/2024,Shipped,PayPal,PROD102,CUST1215,REV28365
ORD18366,4,199,16/07/2023,Pending,Cash on Delivery,PROD102,CUST5297,REV28366
ORD18367,4,149,19/10/2024,Returned,PayPal,PROD113,CUST1545,REV28367
ORD18368,3,110,14/08/2025,Cancelled,PayPal,PROD105,CUST4918,REV28368
ORD18369,1,59,22/06/2025,Pending,Cash on Delivery,PROD111,CUST4833,REV28369
ORD18370,5,899,8/05/2025,Delivered,Credit Card,PROD101,CUST2419,REV28370
ORD18371,2,199,6/03/2024,Pending,Credit Card,PROD112,CUST4918,REV28371
ORD18372,5,399,1/12/2022,Cancelled,PayPal,PROD107,CUST4400,REV28372
ORD18373,4,80,22/06/2023,Shipped,Credit Card,PROD110,CUST1093,REV28373
ORD18374,5,59,4/06/2025,Returned,Cash on Delivery,PROD103,CUST5078,REV28374
ORD18375,4,59,12/09/2023,Cancelled,Cash on Delivery,PROD103,CUST1529,REV28375
ORD18376,5,59,15/03/2024,Shipped,Cash on Delivery,PROD111,CUST1884,REV28376
ORD18377,4,149,1/12/2023,Pending,Cash on Delivery,PROD113,CUST1066,REV28377
ORD18378,1,229,12/07/2025,Returned,Credit Card,PROD108,CUST3459,REV28378
ORD18379,3,25,10/04/2025,Returned,Credit Card,PROD114,CUST4818,REV28379
ORD18380,5,120,28/05/2024,Shipped,Cash on Delivery,PROD104,CUST2094,REV28380
ORD18381,4,25,11/01/2024,Returned,Cash on Delivery,PROD114,CUST2921,REV28381
ORD18382,5,59,6/01/2023,Shipped,Credit Card,PROD111,CUST4496,REV28382
ORD18383,3,25,22/03/2023,Pending,PayPal,PROD114,CUST4123,REV28383
ORD18384,1,199,25/11/2024,Shipped,PayPal,PROD102,CUST2111,REV28384
ORD18385,1,149,22/09/2023,Shipped,Cash on Delivery,PROD113,CUST2359,REV28385
ORD18386,5,399,6/12/2022,Pending,Cash on Delivery,PROD107,CUST4665,REV28386
ORD18387,3,229,31/12/2024,Pending,Credit Card,PROD108,CUST4295,REV28387
ORD18388,5,59,24/08/2024,Pending,PayPal,PROD111,CUST3423,REV28388
ORD18389,3,59,29/04/2023,Pending,Cash on Delivery,PROD111,CUST2940,REV28389
ORD18390,5,149,19/10/2022,Delivered,Cash on Delivery,PROD113,CUST2036,REV28390
ORD18391,3,149,2/03/2024,Cancelled,Cash on Delivery,PROD113,CUST2890,REV28391
ORD18392,3,99,3/11/2024,Returned,Credit Card,PROD106,CUST2209,REV28392
ORD18393,5,25,10/07/2025,Cancelled,PayPal,PROD114,CUST2843,REV28393
ORD18394,3,25,29/12/2023,Cancelled,Credit Card,PROD114,CUST2832,REV28394
ORD18395,2,99,20/07/2024,Returned,Credit Card,PROD106,CUST1261,REV28395
ORD18396,3,199,5/07/2023,Delivered,Cash on Delivery,PROD112,CUST1619,REV28396
ORD18397,3,999,18/07/2023,Cancelled,PayPal,PROD100,CUST3321,REV28397
ORD18398,4,199,5/02/2023,Returned,Cash on Delivery,PROD102,CUST3815,REV28398
ORD18399,4,399,24/03/2023,Cancelled,PayPal,PROD107,CUST4937,REV28399
ORD18400,1,25,12/06/2024,Cancelled,Cash on Delivery,PROD114,CUST1610,REV28400
ORD18401,2,199,4/10/2022,Shipped,Credit Card,PROD112,CUST4596,REV28401
ORD18402,5,399,16/05/2023,Shipped,PayPal,PROD107,CUST5343,REV28402
ORD18403,1,129,20/04/2023,Shipped,Cash on Delivery,PROD109,CUST1647,REV28403
ORD18404,4,59,1/06/2024,Shipped,Credit Card,PROD103,CUST4084,REV28404
ORD18405,1,899,2/04/2025,Cancelled,Cash on Delivery,PROD101,CUST1953,REV28405
ORD18406,5,399,1/05/2024,Returned,Cash on Delivery,PROD107,CUST2269,REV28406
ORD18407,4,59,19/10/2023,Cancelled,Cash on Delivery,PROD111,CUST2319,REV28407
ORD18408,1,59,29/07/2024,Shipped,Cash on Delivery,PROD103,CUST1769,REV28408
ORD18409,5,99,25/04/2024,Delivered,Credit Card,PROD106,CUST4364,REV28409
ORD18410,5,899,30/04/2023,Shipped,Cash on Delivery,PROD101,CUST4749,REV28410
ORD18411,3,25,2/09/2023,Returned,Cash on Delivery,PROD114,CUST4014,REV28411
ORD18412,5,999,9/03/2025,Delivered,PayPal,PROD100,CUST4073,REV28412
ORD18413,3,129,12/12/2023,Delivered,PayPal,PROD109,CUST1623,REV28413
ORD18414,5,120,3/08/2025,Delivered,Cash on Delivery,PROD104,CUST1323,REV28414
ORD18415,3,25,25/01/2025,Delivered,Cash on Delivery,PROD114,CUST3135,REV28415
ORD18416,4,229,7/09/2024,Cancelled,Cash on Delivery,PROD108,CUST4519,REV28416
ORD18417,2,229,4/05/2025,Delivered,PayPal,PROD108,CUST2981,REV28417
ORD18418,3,99,13/06/2024,Shipped,Credit Card,PROD106,CUST1420,REV28418
ORD18419,2,999,2/10/2023,Cancelled,Cash on Delivery,PROD100,CUST1996,REV28419
ORD18420,4,110,15/09/2023,Shipped,Credit Card,PROD105,CUST5035,REV28420
ORD18421,2,25,28/12/2022,Pending,Cash on Delivery,PROD114,CUST2585,REV28421
ORD18422,2,120,15/11/2023,Returned,Credit Card,PROD104,CUST2800,REV28422
ORD18423,3,399,10/06/2024,Cancelled,PayPal,PROD107,CUST5840,REV28423
ORD18424,1,110,16/06/2023,Shipped,PayPal,PROD105,CUST2116,REV28424
ORD18425,1,199,23/06/2024,Delivered,PayPal,PROD112,CUST3283,REV28425
ORD18426,1,199,2/02/2023,Pending,Cash on Delivery,PROD112,CUST1817,REV28426
ORD18427,4,999,2/04/2025,Cancelled,Credit Card,PROD100,CUST1805,REV28427
ORD18428,4,80,10/11/2022,Delivered,Cash on Delivery,PROD110,CUST2950,REV28428
ORD18429,4,59,2/12/2024,Delivered,PayPal,PROD103,CUST5227,REV28429
ORD18430,5,110,10/12/2024,Cancelled,PayPal,PROD105,CUST3328,REV28430
ORD18431,2,25,29/07/2023,Cancelled,PayPal,PROD114,CUST1266,REV28431
ORD18432,1,59,17/07/2024,Returned,Credit Card,PROD103,CUST2451,REV28432
ORD18433,5,149,19/09/2022,Shipped,PayPal,PROD113,CUST1591,REV28433
ORD18434,3,899,9/11/2023,Cancelled,PayPal,PROD101,CUST3079,REV28434
ORD18435,4,59,8/07/2025,Cancelled,PayPal,PROD103,CUST5172,REV28435
ORD18436,1,99,7/08/2023,Shipped,Cash on Delivery,PROD106,CUST1272,REV28436
ORD18437,4,999,25/10/2024,Shipped,Cash on Delivery,PROD100,CUST3112,REV28437
ORD18438,5,110,10/09/2024,Cancelled,PayPal,PROD105,CUST3036,REV28438
ORD18439,1,59,20/09/2022,Returned,Cash on Delivery,PROD103,CUST1384,REV28439
ORD18440,5,25,8/05/2025,Shipped,PayPal,PROD114,CUST2791,REV28440
ORD18441,3,229,30/12/2022,Pending,Cash on Delivery,PROD108,CUST2234,REV28441
ORD18442,1,399,1/09/2022,Shipped,Credit Card,PROD107,CUST5474,REV28442
ORD18443,2,229,11/06/2023,Pending,Cash on Delivery,PROD108,CUST5064,REV28443
ORD18444,3,399,5/04/2025,Pending,Credit Card,PROD107,CUST3073,REV28444
ORD18445,5,120,17/10/2023,Shipped,Cash on Delivery,PROD104,CUST2027,REV28445
ORD18446,1,80,19/11/2024,Cancelled,Cash on Delivery,PROD110,CUST2639,REV28446
ORD18447,5,149,26/03/2023,Pending,Credit Card,PROD113,CUST5728,REV28447
ORD18448,3,149,4/05/2023,Delivered,Cash on Delivery,PROD113,CUST2702,REV28448
ORD18449,5,25,9/11/2023,Delivered,PayPal,PROD114,CUST2279,REV28449
ORD18450,5,110,23/04/2024,Cancelled,Cash on Delivery,PROD105,CUST4556,REV28450
ORD18451,2,120,7/04/2025,Shipped,Cash on Delivery,PROD104,CUST4910,REV28451
ORD18452,2,110,2/03/2023,Returned,Credit Card,PROD105,CUST1893,REV28452
ORD18453,2,99,4/10/2024,Shipped,PayPal,PROD106,CUST3231,REV28453
ORD18454,4,999,6/05/2024,Cancelled,Credit Card,PROD100,CUST1493,REV28454
ORD18455,3,99,9/09/2024,Returned,Credit Card,PROD106,CUST4460,REV28455
ORD18456,1,399,23/05/2024,Shipped,PayPal,PROD107,CUST4479,REV28456
ORD18457,4,149,9/03/2025,Returned,Cash on Delivery,PROD113,CUST3943,REV28457
ORD18458,1,199,6/04/2024,Delivered,Credit Card,PROD102,CUST5062,REV28458
ORD18459,4,99,5/04/2024,Returned,PayPal,PROD106,CUST4181,REV28459
ORD18460,1,80,12/10/2023,Shipped,PayPal,PROD110,CUST4623,REV28460
ORD18461,5,129,25/10/2023,Cancelled,Cash on Delivery,PROD109,CUST5392,REV28461
ORD18462,1,399,7/03/2025,Pending,Cash on Delivery,PROD107,CUST1858,REV28462
ORD18463,2,99,24/11/2022,Returned,Cash on Delivery,PROD106,CUST1698,REV28463
ORD18464,3,59,8/12/2023,Shipped,PayPal,PROD103,CUST5820,REV28464
ORD18465,3,199,3/10/2022,Returned,Credit Card,PROD102,CUST1403,REV28465
ORD18466,2,99,22/09/2023,Cancelled,Credit Card,PROD106,CUST1841,REV28466
ORD18467,3,99,17/12/2023,Delivered,Credit Card,PROD106,CUST4631,REV28467
ORD18468,3,149,28/05/2024,Returned,PayPal,PROD113,CUST3704,REV28468
ORD18469,4,899,7/04/2025,Cancelled,Credit Card,PROD101,CUST5236,REV28469
ORD18470,5,149,19/10/2024,Shipped,PayPal,PROD113,CUST5947,REV28470
ORD18471,1,25,6/08/2024,Cancelled,Cash on Delivery,PROD114,CUST2924,REV28471
ORD18472,3,59,4/05/2023,Returned,PayPal,PROD103,CUST3663,REV28472
ORD18473,3,399,21/05/2023,Delivered,PayPal,PROD107,CUST5353,REV28473
ORD18474,1,25,10/02/2024,Delivered,Cash on Delivery,PROD114,CUST5520,REV28474
ORD18475,5,80,14/10/2023,Delivered,Cash on Delivery,PROD110,CUST1735,REV28475
ORD18476,2,59,20/01/2025,Cancelled,PayPal,PROD103,CUST4857,REV28476
ORD18477,5,399,28/12/2023,Pending,Cash on Delivery,PROD107,CUST5986,REV28477
ORD18478,3,199,8/01/2024,Delivered,PayPal,PROD112,CUST2149,REV28478
ORD18479,3,899,2/01/2024,Shipped,Cash on Delivery,PROD101,CUST3393,REV28479
ORD18480,5,129,14/02/2025,Delivered,Credit Card,PROD109,CUST1118,REV28480
ORD18481,3,59,23/01/2023,Cancelled,Credit Card,PROD111,CUST1559,REV28481
ORD18482,4,229,22/09/2023,Shipped,Cash on Delivery,PROD108,CUST2838,REV28482
ORD18483,3,99,9/01/2025,Returned,Cash on Delivery,PROD106,CUST2035,REV28483
ORD18484,5,25,3/09/2022,Cancelled,PayPal,PROD114,CUST3954,REV28484
ORD18485,1,999,5/02/2025,Pending,Cash on Delivery,PROD100,CUST3331,REV28485
ORD18486,4,199,16/06/2024,Pending,Cash on Delivery,PROD102,CUST3944,REV28486
ORD18487,1,99,26/03/2023,Cancelled,Credit Card,PROD106,CUST5095,REV28487
ORD18488,5,59,25/08/2022,Returned,Credit Card,PROD111,CUST4663,REV28488
ORD18489,5,129,6/08/2024,Returned,Credit Card,PROD109,CUST1122,REV28489
ORD18490,4,120,23/07/2023,Cancelled,Credit Card,PROD104,CUST4766,REV28490
ORD18491,2,199,8/06/2023,Returned,Cash on Delivery,PROD112,CUST2363,REV28491
ORD18492,5,899,28/08/2024,Delivered,PayPal,PROD101,CUST3927,REV28492
ORD18493,3,80,15/12/2023,Shipped,PayPal,PROD110,CUST4468,REV28493
ORD18494,1,25,14/01/2023,Returned,Credit Card,PROD114,CUST2358,REV28494
ORD18495,5,25,20/11/2022,Delivered,Cash on Delivery,PROD114,CUST1023,REV28495
ORD18496,1,899,31/12/2024,Cancelled,Cash on Delivery,PROD101,CUST2125,REV28496
ORD18497,3,80,31/07/2024,Cancelled,Credit Card,PROD110,CUST5458,REV28497
ORD18498,4,149,30/10/2024,Shipped,PayPal,PROD113,CUST3537,REV28498
ORD18499,1,229,31/05/2025,Shipped,Cash on Delivery,PROD108,CUST2412,REV28499
ORD18500,4,149,6/07/2025,Cancelled,PayPal,PROD113,CUST5508,REV28500
ORD18501,1,59,28/10/2023,Returned,PayPal,PROD103,CUST4312,REV28501
ORD18502,1,99,12/02/2025,Pending,Credit Card,PROD106,CUST3709,REV28502
ORD18503,2,199,6/07/2023,Delivered,Credit Card,PROD112,CUST1029,REV28503
ORD18504,5,149,31/08/2024,Cancelled,Cash on Delivery,PROD113,CUST5619,REV28504
ORD18505,1,149,20/11/2022,Cancelled,PayPal,PROD113,CUST5983,REV28505
ORD18506,2,80,24/02/2023,Returned,Cash on Delivery,PROD110,CUST2558,REV28506
ORD18507,4,59,1/10/2022,Cancelled,PayPal,PROD111,CUST5723,REV28507
ORD18508,5,399,12/07/2025,Returned,PayPal,PROD107,CUST3973,REV28508
ORD18509,4,399,11/09/2024,Returned,Credit Card,PROD107,CUST2701,REV28509
ORD18510,5,110,3/08/2024,Pending,Credit Card,PROD105,CUST4177,REV28510
ORD18511,2,120,14/07/2025,Cancelled,Cash on Delivery,PROD104,CUST4342,REV28511
ORD18512,2,59,10/02/2023,Pending,Credit Card,PROD103,CUST5580,REV28512
ORD18513,1,399,12/11/2024,Shipped,Cash on Delivery,PROD107,CUST3495,REV28513
ORD18514,3,59,3/12/2023,Pending,Credit Card,PROD103,CUST5439,REV28514
ORD18515,1,59,11/07/2023,Returned,PayPal,PROD103,CUST1909,REV28515
ORD18516,2,399,4/12/2022,Pending,Credit Card,PROD107,CUST3515,REV28516
ORD18517,3,80,21/10/2022,Cancelled,Cash on Delivery,PROD110,CUST1944,REV28517
ORD18518,4,899,17/05/2023,Returned,Cash on Delivery,PROD101,CUST2703,REV28518
ORD18519,1,129,8/04/2025,Delivered,PayPal,PROD109,CUST2033,REV28519
ORD18520,3,899,31/01/2025,Delivered,PayPal,PROD101,CUST1097,REV28520
ORD18521,4,80,16/02/2024,Pending,PayPal,PROD110,CUST1165,REV28521
ORD18522,2,229,20/02/2023,Shipped,Credit Card,PROD108,CUST2279,REV28522
ORD18523,4,80,12/05/2024,Pending,PayPal,PROD110,CUST5247,REV28523
ORD18524,3,25,15/01/2025,Pending,Cash on Delivery,PROD114,CUST1234,REV28524
ORD18525,5,110,30/12/2022,Shipped,PayPal,PROD105,CUST2434,REV28525
ORD18526,4,999,20/12/2024,Cancelled,PayPal,PROD100,CUST5113,REV28526
ORD18527,2,229,30/09/2023,Returned,PayPal,PROD108,CUST1807,REV28527
ORD18528,4,149,2/09/2024,Shipped,Cash on Delivery,PROD113,CUST3549,REV28528
ORD18529,5,999,27/10/2023,Delivered,PayPal,PROD100,CUST2698,REV28529
ORD18530,3,25,19/05/2024,Pending,Cash on Delivery,PROD114,CUST2348,REV28530
ORD18531,2,99,16/01/2024,Cancelled,Cash on Delivery,PROD106,CUST5668,REV28531
ORD18532,2,80,1/10/2023,Pending,Cash on Delivery,PROD110,CUST4487,REV28532
ORD18533,4,899,2/01/2025,Delivered,Cash on Delivery,PROD101,CUST2299,REV28533
ORD18534,5,229,25/06/2023,Cancelled,Cash on Delivery,PROD108,CUST3789,REV28534
ORD18535,5,129,20/12/2024,Delivered,PayPal,PROD109,CUST1581,REV28535
ORD18536,3,399,13/01/2023,Delivered,Credit Card,PROD107,CUST5470,REV28536
ORD18537,3,399,9/01/2023,Cancelled,PayPal,PROD107,CUST4143,REV28537
ORD18538,3,99,4/02/2023,Shipped,Credit Card,PROD106,CUST5286,REV28538
ORD18539,5,199,16/09/2024,Pending,PayPal,PROD102,CUST4754,REV28539
ORD18540,2,199,14/09/2023,Shipped,PayPal,PROD102,CUST2191,REV28540
ORD18541,2,25,28/07/2023,Returned,Credit Card,PROD114,CUST4901,REV28541
ORD18542,5,120,16/08/2025,Cancelled,Cash on Delivery,PROD104,CUST4634,REV28542
ORD18543,5,80,26/06/2023,Pending,Credit Card,PROD110,CUST2253,REV28543
ORD18544,1,129,21/02/2025,Delivered,PayPal,PROD109,CUST3410,REV28544
ORD18545,2,229,8/10/2023,Shipped,Credit Card,PROD108,CUST2795,REV28545
ORD18546,3,110,23/03/2025,Returned,PayPal,PROD105,CUST4850,REV28546
ORD18547,5,25,25/01/2024,Returned,PayPal,PROD114,CUST5053,REV28547
ORD18548,2,199,4/09/2023,Delivered,Cash on Delivery,PROD112,CUST2372,REV28548
ORD18549,4,229,26/05/2023,Returned,PayPal,PROD108,CUST4571,REV28549
ORD18550,3,899,20/09/2024,Shipped,Cash on Delivery,PROD101,CUST1580,REV28550
ORD18551,4,199,2/08/2025,Pending,Cash on Delivery,PROD112,CUST2576,REV28551
ORD18552,2,59,20/08/2025,Delivered,PayPal,PROD111,CUST5366,REV28552
ORD18553,3,199,11/07/2023,Cancelled,PayPal,PROD112,CUST4774,REV28553
ORD18554,4,99,28/03/2023,Shipped,PayPal,PROD106,CUST5791,REV28554
ORD18555,5,99,5/09/2024,Delivered,Cash on Delivery,PROD106,CUST2404,REV28555
ORD18556,3,199,24/10/2024,Cancelled,PayPal,PROD102,CUST4628,REV28556
ORD18557,2,120,6/09/2022,Returned,Credit Card,PROD104,CUST4070,REV28557
ORD18558,4,25,13/09/2022,Cancelled,Credit Card,PROD114,CUST1761,REV28558
ORD18559,1,229,1/10/2023,Shipped,PayPal,PROD108,CUST3349,REV28559
ORD18560,2,199,12/01/2023,Delivered,PayPal,PROD112,CUST3616,REV28560
ORD18561,2,59,6/10/2023,Pending,PayPal,PROD103,CUST2944,REV28561
ORD18562,4,229,2/09/2024,Pending,Credit Card,PROD108,CUST5446,REV28562
ORD18563,3,59,23/09/2023,Returned,Credit Card,PROD103,CUST3277,REV28563
ORD18564,1,199,19/06/2023,Returned,Credit Card,PROD112,CUST1464,REV28564
ORD18565,2,129,16/02/2023,Pending,PayPal,PROD109,CUST2860,REV28565
ORD18566,5,129,26/11/2022,Returned,Cash on Delivery,PROD109,CUST2551,REV28566
ORD18567,1,129,6/11/2024,Delivered,Credit Card,PROD109,CUST2533,REV28567
ORD18568,3,399,22/08/2025,Cancelled,PayPal,PROD107,CUST5707,REV28568
ORD18569,2,99,27/07/2025,Shipped,Credit Card,PROD106,CUST3511,REV28569
ORD18570,1,199,15/01/2024,Cancelled,Credit Card,PROD112,CUST5250,REV28570
ORD18571,5,59,5/12/2023,Delivered,Credit Card,PROD111,CUST5689,REV28571
ORD18572,3,59,14/04/2025,Pending,Cash on Delivery,PROD111,CUST5249,REV28572
ORD18573,2,110,30/04/2025,Pending,PayPal,PROD105,CUST4803,REV28573
ORD18574,2,229,27/07/2025,Cancelled,Credit Card,PROD108,CUST2547,REV28574
ORD18575,5,199,1/03/2025,Pending,PayPal,PROD112,CUST4387,REV28575
ORD18576,3,399,7/07/2024,Delivered,PayPal,PROD107,CUST5392,REV28576
ORD18577,4,80,17/11/2024,Returned,PayPal,PROD110,CUST4870,REV28577
ORD18578,4,399,12/08/2024,Delivered,Cash on Delivery,PROD107,CUST3786,REV28578
ORD18579,2,999,23/11/2022,Shipped,Cash on Delivery,PROD100,CUST2782,REV28579
ORD18580,1,149,3/03/2023,Pending,Credit Card,PROD113,CUST5935,REV28580
ORD18581,1,199,25/02/2023,Cancelled,PayPal,PROD102,CUST3917,REV28581
ORD18582,4,25,3/10/2022,Pending,Credit Card,PROD114,CUST5708,REV28582
ORD18583,3,899,13/09/2023,Delivered,Cash on Delivery,PROD101,CUST3708,REV28583
ORD18584,1,25,11/01/2023,Delivered,PayPal,PROD114,CUST2602,REV28584
ORD18585,2,199,7/07/2023,Shipped,PayPal,PROD102,CUST5054,REV28585
ORD18586,4,110,16/07/2024,Pending,Cash on Delivery,PROD105,CUST4425,REV28586
ORD18587,5,59,7/02/2024,Pending,Cash on Delivery,PROD111,CUST1660,REV28587
ORD18588,5,59,25/09/2024,Pending,Credit Card,PROD103,CUST5763,REV28588
ORD18589,5,25,23/12/2024,Returned,Cash on Delivery,PROD114,CUST4211,REV28589
ORD18590,3,199,9/09/2023,Pending,Credit Card,PROD112,CUST3430,REV28590
ORD18591,5,59,29/05/2025,Delivered,Cash on Delivery,PROD103,CUST3560,REV28591
ORD18592,4,199,16/09/2023,Returned,PayPal,PROD102,CUST1663,REV28592
ORD18593,2,899,1/11/2022,Delivered,Cash on Delivery,PROD101,CUST4919,REV28593
ORD18594,4,199,4/11/2024,Pending,PayPal,PROD112,CUST1685,REV28594
ORD18595,3,59,27/09/2024,Delivered,Credit Card,PROD111,CUST2484,REV28595
ORD18596,5,229,29/05/2024,Pending,PayPal,PROD108,CUST4288,REV28596
ORD18597,4,59,7/12/2023,Shipped,Credit Card,PROD103,CUST5714,REV28597
ORD18598,1,899,10/12/2024,Cancelled,Cash on Delivery,PROD101,CUST3967,REV28598
ORD18599,1,999,14/07/2025,Pending,PayPal,PROD100,CUST2487,REV28599
ORD18600,4,199,12/12/2023,Delivered,Cash on Delivery,PROD112,CUST3303,REV28600
ORD18601,4,149,18/11/2022,Delivered,Cash on Delivery,PROD113,CUST4550,REV28601
ORD18602,5,80,3/06/2025,Cancelled,PayPal,PROD110,CUST5545,REV28602
ORD18603,4,199,10/04/2023,Delivered,Cash on Delivery,PROD102,CUST2850,REV28603
ORD18604,5,199,3/05/2023,Pending,Credit Card,PROD112,CUST2667,REV28604
ORD18605,1,120,9/03/2023,Returned,Cash on Delivery,PROD104,CUST2460,REV28605
ORD18606,4,110,16/08/2023,Returned,Cash on Delivery,PROD105,CUST2166,REV28606
ORD18607,3,80,31/01/2025,Pending,PayPal,PROD110,CUST3144,REV28607
ORD18608,5,99,13/10/2024,Delivered,Cash on Delivery,PROD106,CUST4581,REV28608
ORD18609,4,99,15/07/2025,Returned,Credit Card,PROD106,CUST2017,REV28609
ORD18610,4,199,20/12/2022,Pending,Credit Card,PROD102,CUST2369,REV28610
ORD18611,1,399,4/10/2023,Returned,PayPal,PROD107,CUST5138,REV28611
ORD18612,4,899,19/01/2024,Cancelled,PayPal,PROD101,CUST3756,REV28612
ORD18613,3,899,31/12/2023,Pending,PayPal,PROD101,CUST4290,REV28613
ORD18614,5,399,21/04/2023,Shipped,Credit Card,PROD107,CUST1762,REV28614
ORD18615,2,399,25/10/2024,Delivered,PayPal,PROD107,CUST4120,REV28615
ORD18616,4,199,21/06/2024,Returned,Cash on Delivery,PROD102,CUST1659,REV28616
ORD18617,3,80,1/08/2025,Cancelled,Cash on Delivery,PROD110,CUST3064,REV28617
ORD18618,3,59,19/04/2025,Pending,PayPal,PROD111,CUST5983,REV28618
ORD18619,3,999,19/08/2024,Shipped,Cash on Delivery,PROD100,CUST5669,REV28619
ORD18620,2,59,10/11/2024,Delivered,PayPal,PROD111,CUST2811,REV28620
ORD18621,4,80,31/07/2025,Delivered,Credit Card,PROD110,CUST1856,REV28621
ORD18622,5,99,5/11/2023,Returned,Cash on Delivery,PROD106,CUST4393,REV28622
ORD18623,3,399,9/02/2023,Cancelled,Cash on Delivery,PROD107,CUST4337,REV28623
ORD18624,5,129,15/08/2023,Pending,Cash on Delivery,PROD109,CUST1959,REV28624
ORD18625,5,199,16/11/2022,Returned,PayPal,PROD102,CUST2379,REV28625
ORD18626,4,59,5/03/2025,Delivered,PayPal,PROD111,CUST1963,REV28626
ORD18627,5,199,24/02/2025,Cancelled,PayPal,PROD102,CUST2057,REV28627
ORD18628,3,80,12/08/2024,Cancelled,PayPal,PROD110,CUST4622,REV28628
ORD18629,3,59,12/01/2025,Pending,Cash on Delivery,PROD103,CUST3676,REV28629
ORD18630,5,80,13/11/2022,Returned,Cash on Delivery,PROD110,CUST4235,REV28630
ORD18631,4,59,4/12/2023,Shipped,Credit Card,PROD111,CUST5876,REV28631
ORD18632,1,99,23/10/2022,Cancelled,Cash on Delivery,PROD106,CUST1340,REV28632
ORD18633,5,199,9/06/2024,Shipped,Credit Card,PROD102,CUST3803,REV28633
ORD18634,5,399,13/01/2024,Cancelled,PayPal,PROD107,CUST1026,REV28634
ORD18635,1,80,3/04/2025,Delivered,Credit Card,PROD110,CUST1977,REV28635
ORD18636,3,120,4/07/2023,Cancelled,PayPal,PROD104,CUST1924,REV28636
ORD18637,4,129,14/08/2023,Shipped,Credit Card,PROD109,CUST5815,REV28637
ORD18638,2,199,2/08/2025,Cancelled,PayPal,PROD102,CUST1268,REV28638
ORD18639,1,59,12/01/2025,Shipped,Cash on Delivery,PROD103,CUST5264,REV28639
ORD18640,4,899,11/08/2024,Pending,PayPal,PROD101,CUST5265,REV28640
ORD18641,2,199,10/02/2023,Returned,PayPal,PROD102,CUST3548,REV28641
ORD18642,3,399,2/01/2024,Pending,Cash on Delivery,PROD107,CUST3489,REV28642
ORD18643,3,199,26/02/2023,Pending,PayPal,PROD112,CUST5479,REV28643
ORD18644,1,399,22/02/2025,Shipped,Credit Card,PROD107,CUST5540,REV28644
ORD18645,4,120,18/02/2025,Delivered,Cash on Delivery,PROD104,CUST4318,REV28645
ORD18646,1,149,23/12/2022,Returned,Cash on Delivery,PROD113,CUST5755,REV28646
ORD18647,4,899,25/06/2025,Shipped,PayPal,PROD101,CUST1117,REV28647
ORD18648,2,199,15/05/2023,Shipped,Cash on Delivery,PROD102,CUST2248,REV28648
ORD18649,3,899,29/04/2025,Cancelled,PayPal,PROD101,CUST2251,REV28649
ORD18650,3,149,3/02/2025,Pending,Cash on Delivery,PROD113,CUST5652,REV28650
ORD18651,3,149,2/08/2024,Shipped,Cash on Delivery,PROD113,CUST2514,REV28651
ORD18652,1,110,3/01/2023,Delivered,Credit Card,PROD105,CUST1493,REV28652
ORD18653,1,229,27/07/2023,Shipped,PayPal,PROD108,CUST3679,REV28653
ORD18654,2,99,11/05/2025,Cancelled,Cash on Delivery,PROD106,CUST2287,REV28654
ORD18655,5,129,25/04/2023,Shipped,Credit Card,PROD109,CUST2511,REV28655
ORD18656,5,399,7/04/2024,Delivered,PayPal,PROD107,CUST3306,REV28656
ORD18657,3,149,27/06/2024,Pending,Credit Card,PROD113,CUST3024,REV28657
ORD18658,2,59,28/09/2023,Pending,PayPal,PROD103,CUST3825,REV28658
ORD18659,5,129,16/10/2023,Pending,Credit Card,PROD109,CUST1257,REV28659
ORD18660,4,110,3/08/2023,Shipped,Cash on Delivery,PROD105,CUST2396,REV28660
ORD18661,1,199,7/01/2023,Shipped,Cash on Delivery,PROD112,CUST5665,REV28661
ORD18662,1,399,8/03/2023,Shipped,Cash on Delivery,PROD107,CUST5311,REV28662
ORD18663,5,199,14/11/2024,Delivered,PayPal,PROD112,CUST1757,REV28663
ORD18664,2,999,3/09/2023,Pending,PayPal,PROD100,CUST4418,REV28664
ORD18665,1,899,22/03/2025,Delivered,Credit Card,PROD101,CUST5263,REV28665
ORD18666,1,99,11/10/2023,Shipped,PayPal,PROD106,CUST2427,REV28666
ORD18667,2,129,15/09/2022,Cancelled,Cash on Delivery,PROD109,CUST2906,REV28667
ORD18668,2,199,6/11/2023,Cancelled,Credit Card,PROD112,CUST3694,REV28668
ORD18669,3,399,19/10/2024,Shipped,PayPal,PROD107,CUST2046,REV28669
ORD18670,2,899,24/09/2023,Returned,Credit Card,PROD101,CUST5268,REV28670
ORD18671,5,149,10/03/2023,Shipped,Cash on Delivery,PROD113,CUST2257,REV28671
ORD18672,3,80,13/03/2025,Returned,Credit Card,PROD110,CUST5345,REV28672
ORD18673,5,25,2/08/2023,Cancelled,PayPal,PROD114,CUST1961,REV28673
ORD18674,4,399,19/06/2023,Shipped,Credit Card,PROD107,CUST1207,REV28674
ORD18675,5,120,1/05/2024,Returned,Cash on Delivery,PROD104,CUST3983,REV28675
ORD18676,2,129,30/08/2022,Returned,Credit Card,PROD109,CUST5533,REV28676
ORD18677,3,59,26/08/2024,Shipped,PayPal,PROD103,CUST3126,REV28677
ORD18678,4,80,27/12/2022,Shipped,PayPal,PROD110,CUST4617,REV28678
ORD18679,2,399,14/01/2024,Pending,PayPal,PROD107,CUST2978,REV28679
ORD18680,1,99,16/02/2025,Pending,Cash on Delivery,PROD106,CUST3406,REV28680
ORD18681,5,25,22/07/2025,Returned,Credit Card,PROD114,CUST4206,REV28681
ORD18682,4,899,9/10/2024,Shipped,PayPal,PROD101,CUST2261,REV28682
ORD18683,1,99,16/01/2023,Returned,Credit Card,PROD106,CUST4562,REV28683
ORD18684,4,399,30/11/2022,Pending,Cash on Delivery,PROD107,CUST4730,REV28684
ORD18685,5,59,9/08/2023,Cancelled,Credit Card,PROD103,CUST4652,REV28685
ORD18686,4,80,23/12/2022,Pending,Credit Card,PROD110,CUST5133,REV28686
ORD18687,3,99,8/05/2025,Pending,PayPal,PROD106,CUST3670,REV28687
ORD18688,5,25,30/03/2024,Cancelled,Credit Card,PROD114,CUST4294,REV28688
ORD18689,1,199,28/02/2023,Cancelled,Credit Card,PROD102,CUST3641,REV28689
ORD18690,4,199,3/05/2024,Shipped,Cash on Delivery,PROD112,CUST4558,REV28690
ORD18691,4,399,1/04/2024,Cancelled,Cash on Delivery,PROD107,CUST2152,REV28691
ORD18692,2,229,6/12/2023,Shipped,Credit Card,PROD108,CUST3476,REV28692
ORD18693,4,229,26/07/2023,Pending,PayPal,PROD108,CUST2004,REV28693
ORD18694,1,110,22/04/2025,Cancelled,Cash on Delivery,PROD105,CUST2099,REV28694
ORD18695,4,59,20/05/2025,Pending,PayPal,PROD103,CUST3448,REV28695
ORD18696,2,120,4/02/2024,Shipped,Cash on Delivery,PROD104,CUST5228,REV28696
ORD18697,3,399,17/04/2024,Pending,PayPal,PROD107,CUST5124,REV28697
ORD18698,1,199,4/07/2023,Returned,PayPal,PROD112,CUST5186,REV28698
ORD18699,5,999,8/12/2022,Delivered,PayPal,PROD100,CUST5967,REV28699
ORD18700,2,25,12/12/2023,Pending,Credit Card,PROD114,CUST2884,REV28700
ORD18701,3,59,11/12/2022,Shipped,Cash on Delivery,PROD103,CUST5561,REV28701
ORD18702,2,110,14/06/2024,Pending,Cash on Delivery,PROD105,CUST4432,REV28702
ORD18703,3,110,4/06/2025,Pending,PayPal,PROD105,CUST4821,REV28703
ORD18704,1,59,25/10/2024,Returned,Cash on Delivery,PROD111,CUST1675,REV28704
ORD18705,4,129,24/02/2025,Shipped,Cash on Delivery,PROD109,CUST3423,REV28705
ORD18706,3,120,10/10/2022,Shipped,Credit Card,PROD104,CUST1385,REV28706
ORD18707,1,999,29/08/2023,Delivered,Credit Card,PROD100,CUST4548,REV28707
ORD18708,3,99,19/10/2023,Pending,Credit Card,PROD106,CUST5504,REV28708
ORD18709,2,110,23/08/2025,Shipped,Cash on Delivery,PROD105,CUST4260,REV28709
ORD18710,5,120,25/06/2025,Shipped,Credit Card,PROD104,CUST1814,REV28710
ORD18711,2,199,4/09/2024,Pending,PayPal,PROD102,CUST4829,REV28711
ORD18712,3,229,24/07/2023,Delivered,Credit Card,PROD108,CUST4485,REV28712
ORD18713,2,129,23/07/2025,Pending,Credit Card,PROD109,CUST1578,REV28713
ORD18714,4,99,18/05/2025,Delivered,PayPal,PROD106,CUST3308,REV28714
ORD18715,3,899,30/05/2024,Delivered,Cash on Delivery,PROD101,CUST5588,REV28715
ORD18716,2,110,23/09/2022,Delivered,PayPal,PROD105,CUST5712,REV28716
ORD18717,4,399,25/07/2023,Shipped,Credit Card,PROD107,CUST5872,REV28717
ORD18718,1,149,29/09/2022,Shipped,Credit Card,PROD113,CUST2003,REV28718
ORD18719,2,120,30/04/2024,Returned,Cash on Delivery,PROD104,CUST1507,REV28719
ORD18720,2,59,30/03/2025,Shipped,PayPal,PROD103,CUST2607,REV28720
ORD18721,1,99,17/06/2023,Delivered,Cash on Delivery,PROD106,CUST5928,REV28721
ORD18722,2,199,11/05/2024,Delivered,Credit Card,PROD112,CUST3945,REV28722
ORD18723,1,80,16/07/2025,Pending,Cash on Delivery,PROD110,CUST1308,REV28723
ORD18724,2,80,7/03/2024,Pending,PayPal,PROD110,CUST1450,REV28724
ORD18725,4,120,13/07/2024,Pending,Credit Card,PROD104,CUST5848,REV28725
ORD18726,2,199,3/11/2024,Pending,Credit Card,PROD102,CUST1448,REV28726
ORD18727,3,99,10/02/2023,Cancelled,PayPal,PROD106,CUST3660,REV28727
ORD18728,1,120,30/04/2025,Cancelled,Cash on Delivery,PROD104,CUST2963,REV28728
ORD18729,2,129,30/03/2024,Pending,Cash on Delivery,PROD109,CUST4262,REV28729
ORD18730,1,110,14/10/2023,Returned,Credit Card,PROD105,CUST2204,REV28730
ORD18731,4,399,23/10/2024,Cancelled,Cash on Delivery,PROD107,CUST3601,REV28731
ORD18732,4,80,22/05/2024,Cancelled,PayPal,PROD110,CUST3341,REV28732
ORD18733,4,399,1/06/2023,Returned,Credit Card,PROD107,CUST1485,REV28733
ORD18734,4,129,7/09/2023,Cancelled,PayPal,PROD109,CUST2528,REV28734
ORD18735,3,80,22/03/2023,Pending,Cash on Delivery,PROD110,CUST2782,REV28735
ORD18736,3,80,20/12/2022,Cancelled,PayPal,PROD110,CUST2768,REV28736
ORD18737,1,199,24/11/2024,Returned,Credit Card,PROD102,CUST5384,REV28737
ORD18738,4,149,5/03/2025,Delivered,Credit Card,PROD113,CUST5482,REV28738
ORD18739,4,199,7/08/2024,Delivered,PayPal,PROD102,CUST1541,REV28739
ORD18740,5,199,23/06/2023,Returned,PayPal,PROD102,CUST4672,REV28740
ORD18741,3,110,5/09/2024,Delivered,PayPal,PROD105,CUST5034,REV28741
ORD18742,5,59,5/09/2022,Shipped,Credit Card,PROD103,CUST3944,REV28742
ORD18743,5,199,4/08/2024,Delivered,Cash on Delivery,PROD102,CUST3188,REV28743
ORD18744,4,199,2/07/2024,Returned,Credit Card,PROD112,CUST2502,REV28744
ORD18745,1,99,12/12/2024,Delivered,Credit Card,PROD106,CUST3279,REV28745
ORD18746,1,120,20/08/2025,Shipped,PayPal,PROD104,CUST3611,REV28746
ORD18747,3,229,10/04/2024,Shipped,Credit Card,PROD108,CUST1045,REV28747
ORD18748,1,80,27/11/2023,Delivered,Credit Card,PROD110,CUST3798,REV28748
ORD18749,3,99,21/03/2025,Cancelled,Cash on Delivery,PROD106,CUST2193,REV28749
ORD18750,1,120,5/08/2023,Cancelled,Cash on Delivery,PROD104,CUST1536,REV28750
ORD18751,5,120,16/08/2023,Delivered,Credit Card,PROD104,CUST1975,REV28751
ORD18752,5,25,11/06/2024,Pending,PayPal,PROD114,CUST2996,REV28752
ORD18753,4,149,7/11/2024,Shipped,Cash on Delivery,PROD113,CUST5699,REV28753
ORD18754,1,80,15/06/2023,Returned,Cash on Delivery,PROD110,CUST5886,REV28754
ORD18755,3,99,10/08/2023,Pending,Credit Card,PROD106,CUST2017,REV28755
ORD18756,2,149,13/10/2023,Returned,Credit Card,PROD113,CUST5173,REV28756
ORD18757,4,120,25/03/2023,Cancelled,Credit Card,PROD104,CUST5551,REV28757
ORD18758,4,999,13/07/2025,Pending,Credit Card,PROD100,CUST2316,REV28758
ORD18759,4,129,16/10/2023,Returned,PayPal,PROD109,CUST3164,REV28759
ORD18760,1,59,12/01/2025,Shipped,Credit Card,PROD111,CUST4722,REV28760
ORD18761,2,199,19/11/2022,Returned,Cash on Delivery,PROD102,CUST2041,REV28761
ORD18762,2,399,14/07/2023,Returned,Credit Card,PROD107,CUST2614,REV28762
ORD18763,1,25,28/12/2024,Cancelled,PayPal,PROD114,CUST2394,REV28763
ORD18764,5,110,25/01/2023,Returned,PayPal,PROD105,CUST2927,REV28764
ORD18765,4,199,14/02/2025,Cancelled,PayPal,PROD112,CUST5759,REV28765
ORD18766,2,80,14/10/2022,Shipped,Credit Card,PROD110,CUST1841,REV28766
ORD18767,5,199,4/07/2025,Pending,Credit Card,PROD112,CUST4431,REV28767
ORD18768,2,899,19/04/2025,Delivered,Credit Card,PROD101,CUST2521,REV28768
ORD18769,5,59,30/12/2024,Cancelled,Cash on Delivery,PROD111,CUST4595,REV28769
ORD18770,3,399,6/08/2023,Delivered,PayPal,PROD107,CUST3857,REV28770
ORD18771,4,199,22/06/2023,Cancelled,PayPal,PROD102,CUST4599,REV28771
ORD18772,4,59,3/10/2024,Shipped,PayPal,PROD103,CUST1240,REV28772
ORD18773,5,59,17/09/2022,Pending,PayPal,PROD111,CUST1238,REV28773
ORD18774,5,25,28/02/2025,Delivered,Cash on Delivery,PROD114,CUST4944,REV28774
ORD18775,5,899,11/08/2024,Returned,Cash on Delivery,PROD101,CUST3490,REV28775
ORD18776,3,59,6/02/2024,Cancelled,PayPal,PROD103,CUST1844,REV28776
ORD18777,3,229,2/06/2024,Delivered,Cash on Delivery,PROD108,CUST1908,REV28777
ORD18778,5,59,2/07/2024,Shipped,PayPal,PROD103,CUST2937,REV28778
ORD18779,4,999,17/09/2024,Pending,PayPal,PROD100,CUST1916,REV28779
ORD18780,3,399,7/04/2024,Returned,Credit Card,PROD107,CUST4212,REV28780
ORD18781,1,149,21/09/2022,Shipped,PayPal,PROD113,CUST5961,REV28781
ORD18782,1,59,16/09/2023,Delivered,Credit Card,PROD111,CUST3567,REV28782
ORD18783,3,999,10/03/2025,Returned,Cash on Delivery,PROD100,CUST3753,REV28783
ORD18784,2,120,1/09/2022,Delivered,Credit Card,PROD104,CUST1224,REV28784
ORD18785,1,59,17/09/2023,Shipped,PayPal,PROD103,CUST3923,REV28785
ORD18786,4,129,1/06/2024,Delivered,Credit Card,PROD109,CUST4337,REV28786
ORD18787,5,80,13/09/2022,Delivered,PayPal,PROD110,CUST2805,REV28787
ORD18788,4,149,6/11/2024,Pending,Credit Card,PROD113,CUST4522,REV28788
ORD18789,5,129,10/11/2023,Shipped,PayPal,PROD109,CUST4871,REV28789
ORD18790,2,149,1/04/2025,Returned,Credit Card,PROD113,CUST1491,REV28790
ORD18791,1,229,31/10/2023,Shipped,Cash on Delivery,PROD108,CUST1013,REV28791
ORD18792,4,59,8/07/2023,Cancelled,Credit Card,PROD111,CUST5113,REV28792
ORD18793,2,199,3/09/2023,Cancelled,PayPal,PROD102,CUST1550,REV28793
ORD18794,1,229,13/11/2024,Delivered,Credit Card,PROD108,CUST4335,REV28794
ORD18795,1,899,8/06/2024,Delivered,PayPal,PROD101,CUST5311,REV28795
ORD18796,4,899,22/04/2023,Cancelled,Cash on Delivery,PROD101,CUST4149,REV28796
ORD18797,5,110,21/02/2024,Delivered,Cash on Delivery,PROD105,CUST5535,REV28797
ORD18798,2,149,26/07/2025,Cancelled,PayPal,PROD113,CUST1866,REV28798
ORD18799,2,999,24/10/2024,Returned,Cash on Delivery,PROD100,CUST1185,REV28799
ORD18800,2,59,6/05/2025,Delivered,Cash on Delivery,PROD111,CUST1128,REV28800
ORD18801,4,199,12/06/2024,Delivered,Cash on Delivery,PROD102,CUST1826,REV28801
ORD18802,4,99,24/02/2024,Shipped,Credit Card,PROD106,CUST2204,REV28802
ORD18803,5,59,30/01/2025,Returned,Cash on Delivery,PROD103,CUST1280,REV28803
ORD18804,3,899,13/11/2024,Pending,PayPal,PROD101,CUST4577,REV28804
ORD18805,1,80,19/02/2023,Cancelled,Cash on Delivery,PROD110,CUST1194,REV28805
ORD18806,4,80,30/05/2024,Shipped,PayPal,PROD110,CUST4389,REV28806
ORD18807,1,999,29/09/2024,Shipped,Cash on Delivery,PROD100,CUST1418,REV28807
ORD18808,5,129,2/11/2022,Pending,Credit Card,PROD109,CUST4816,REV28808
ORD18809,3,129,17/04/2023,Pending,Cash on Delivery,PROD109,CUST4757,REV28809
ORD18810,4,899,14/10/2023,Cancelled,Credit Card,PROD101,CUST5099,REV28810
ORD18811,2,110,29/03/2024,Shipped,PayPal,PROD105,CUST1640,REV28811
ORD18812,4,199,15/04/2024,Cancelled,Credit Card,PROD102,CUST2351,REV28812
ORD18813,3,99,30/12/2022,Cancelled,Credit Card,PROD106,CUST2849,REV28813
ORD18814,4,899,31/01/2023,Delivered,PayPal,PROD101,CUST4390,REV28814
ORD18815,2,229,24/04/2023,Cancelled,Credit Card,PROD108,CUST5946,REV28815
ORD18816,1,99,3/08/2023,Pending,Credit Card,PROD106,CUST2233,REV28816
ORD18817,3,59,22/12/2022,Pending,PayPal,PROD111,CUST4343,REV28817
ORD18818,2,899,7/11/2022,Shipped,PayPal,PROD101,CUST5616,REV28818
ORD18819,3,229,13/06/2023,Cancelled,Credit Card,PROD108,CUST5570,REV28819
ORD18820,4,399,12/08/2024,Cancelled,PayPal,PROD107,CUST3969,REV28820
ORD18821,1,59,1/07/2023,Cancelled,Credit Card,PROD111,CUST5779,REV28821
ORD18822,5,59,6/05/2025,Delivered,PayPal,PROD111,CUST5029,REV28822
ORD18823,2,999,23/04/2023,Shipped,PayPal,PROD100,CUST4871,REV28823
ORD18824,4,129,10/06/2023,Cancelled,PayPal,PROD109,CUST4864,REV28824
ORD18825,2,25,15/07/2024,Cancelled,PayPal,PROD114,CUST4532,REV28825
ORD18826,3,199,11/03/2023,Shipped,Cash on Delivery,PROD112,CUST5396,REV28826
ORD18827,1,59,25/11/2022,Shipped,Credit Card,PROD103,CUST2292,REV28827
ORD18828,4,899,11/11/2024,Cancelled,Credit Card,PROD101,CUST5014,REV28828
ORD18829,2,110,21/02/2025,Shipped,Cash on Delivery,PROD105,CUST2380,REV28829
ORD18830,2,25,24/02/2025,Cancelled,Cash on Delivery,PROD114,CUST1934,REV28830
ORD18831,5,999,22/01/2023,Pending,Credit Card,PROD100,CUST5769,REV28831
ORD18832,4,120,5/11/2023,Pending,PayPal,PROD104,CUST4950,REV28832
ORD18833,4,999,17/10/2023,Shipped,PayPal,PROD100,CUST3955,REV28833
ORD18834,5,129,22/10/2024,Shipped,Credit Card,PROD109,CUST1247,REV28834
ORD18835,2,120,10/09/2022,Pending,PayPal,PROD104,CUST2298,REV28835
ORD18836,2,999,13/04/2025,Pending,Cash on Delivery,PROD100,CUST2207,REV28836
ORD18837,1,80,14/02/2025,Delivered,Cash on Delivery,PROD110,CUST1642,REV28837
ORD18838,3,199,9/03/2025,Delivered,Cash on Delivery,PROD112,CUST5046,REV28838
ORD18839,4,25,27/07/2025,Shipped,Credit Card,PROD114,CUST1282,REV28839
ORD18840,1,999,3/02/2024,Returned,Credit Card,PROD100,CUST3280,REV28840
ORD18841,3,149,11/01/2024,Pending,Credit Card,PROD113,CUST4486,REV28841
ORD18842,3,99,24/06/2024,Delivered,PayPal,PROD106,CUST2033,REV28842
ORD18843,5,149,1/12/2024,Returned,Credit Card,PROD113,CUST4207,REV28843
ORD18844,4,229,13/01/2024,Returned,Credit Card,PROD108,CUST5203,REV28844
ORD18845,4,129,13/05/2025,Shipped,PayPal,PROD109,CUST5281,REV28845
ORD18846,4,129,19/11/2023,Shipped,Credit Card,PROD109,CUST4061,REV28846
ORD18847,1,229,2/10/2024,Delivered,PayPal,PROD108,CUST3737,REV28847
ORD18848,5,110,22/08/2025,Returned,Cash on Delivery,PROD105,CUST4451,REV28848
ORD18849,4,59,21/07/2023,Returned,Cash on Delivery,PROD111,CUST5230,REV28849
ORD18850,1,229,30/11/2023,Shipped,Credit Card,PROD108,CUST4908,REV28850
ORD18851,5,80,21/07/2025,Pending,PayPal,PROD110,CUST4687,REV28851
ORD18852,4,229,28/09/2023,Delivered,Credit Card,PROD108,CUST1033,REV28852
ORD18853,5,199,4/10/2022,Pending,PayPal,PROD102,CUST1438,REV28853
ORD18854,4,99,9/05/2025,Delivered,PayPal,PROD106,CUST4192,REV28854
ORD18855,2,25,2/09/2023,Delivered,PayPal,PROD114,CUST3211,REV28855
ORD18856,3,149,3/03/2025,Pending,Credit Card,PROD113,CUST5694,REV28856
ORD18857,2,59,9/12/2023,Returned,PayPal,PROD103,CUST1397,REV28857
ORD18858,5,129,13/01/2024,Cancelled,Credit Card,PROD109,CUST3155,REV28858
ORD18859,1,80,20/04/2024,Shipped,Credit Card,PROD110,CUST1938,REV28859
ORD18860,4,999,14/04/2025,Delivered,Credit Card,PROD100,CUST1991,REV28860
ORD18861,1,199,28/05/2024,Cancelled,Cash on Delivery,PROD112,CUST5708,REV28861
ORD18862,4,399,8/09/2024,Delivered,PayPal,PROD107,CUST5761,REV28862
ORD18863,4,120,10/08/2023,Delivered,Cash on Delivery,PROD104,CUST2560,REV28863
ORD18864,3,899,30/04/2025,Returned,Credit Card,PROD101,CUST5672,REV28864
ORD18865,2,999,24/11/2022,Pending,Credit Card,PROD100,CUST4653,REV28865
ORD18866,2,110,11/11/2023,Cancelled,Cash on Delivery,PROD105,CUST4433,REV28866
ORD18867,1,229,30/08/2022,Returned,Cash on Delivery,PROD108,CUST5715,REV28867
ORD18868,3,899,16/09/2023,Pending,Cash on Delivery,PROD101,CUST3345,REV28868
ORD18869,3,199,14/05/2023,Cancelled,PayPal,PROD112,CUST1967,REV28869
ORD18870,1,899,4/12/2024,Shipped,Credit Card,PROD101,CUST2558,REV28870
ORD18871,5,59,24/12/2023,Shipped,Credit Card,PROD103,CUST4395,REV28871
ORD18872,1,25,24/10/2024,Delivered,Credit Card,PROD114,CUST4163,REV28872
ORD18873,1,999,2/05/2023,Shipped,Cash on Delivery,PROD100,CUST5053,REV28873
ORD18874,1,129,9/09/2023,Pending,Credit Card,PROD109,CUST1934,REV28874
ORD18875,1,110,29/12/2024,Shipped,PayPal,PROD105,CUST4349,REV28875
ORD18876,1,199,12/03/2023,Shipped,PayPal,PROD112,CUST4031,REV28876
ORD18877,1,25,26/07/2023,Returned,Credit Card,PROD114,CUST2106,REV28877
ORD18878,2,99,30/08/2024,Returned,PayPal,PROD106,CUST3150,REV28878
ORD18879,5,899,17/09/2023,Delivered,Credit Card,PROD101,CUST4709,REV28879
ORD18880,3,199,13/03/2024,Cancelled,PayPal,PROD102,CUST5294,REV28880
ORD18881,5,199,28/08/2022,Delivered,Cash on Delivery,PROD112,CUST1905,REV28881
ORD18882,3,399,14/07/2024,Pending,Cash on Delivery,PROD107,CUST2417,REV28882
ORD18883,3,199,4/06/2024,Returned,Credit Card,PROD102,CUST4251,REV28883
ORD18884,4,199,30/01/2023,Shipped,Cash on Delivery,PROD112,CUST1064,REV28884
ORD18885,4,110,10/11/2022,Returned,PayPal,PROD105,CUST4047,REV28885
ORD18886,3,899,9/08/2023,Returned,PayPal,PROD101,CUST4807,REV28886
ORD18887,1,129,16/07/2024,Returned,PayPal,PROD109,CUST4084,REV28887
ORD18888,4,99,13/07/2023,Shipped,Cash on Delivery,PROD106,CUST3056,REV28888
ORD18889,1,899,29/05/2023,Pending,Credit Card,PROD101,CUST3269,REV28889
ORD18890,5,899,24/01/2023,Cancelled,Cash on Delivery,PROD101,CUST3885,REV28890
ORD18891,4,199,28/06/2025,Shipped,Credit Card,PROD112,CUST1269,REV28891
ORD18892,4,199,18/05/2025,Cancelled,PayPal,PROD102,CUST4042,REV28892
ORD18893,3,25,17/09/2022,Shipped,PayPal,PROD114,CUST3910,REV28893
ORD18894,4,899,13/10/2022,Returned,Cash on Delivery,PROD101,CUST4751,REV28894
ORD18895,3,149,4/08/2024,Delivered,PayPal,PROD113,CUST5347,REV28895
ORD18896,2,110,10/05/2024,Shipped,Cash on Delivery,PROD105,CUST5383,REV28896
ORD18897,2,59,14/05/2023,Delivered,Cash on Delivery,PROD103,CUST2518,REV28897
ORD18898,3,99,5/10/2024,Cancelled,Credit Card,PROD106,CUST4785,REV28898
ORD18899,4,229,3/04/2023,Shipped,PayPal,PROD108,CUST5544,REV28899
ORD18900,1,999,1/05/2025,Pending,PayPal,PROD100,CUST2863,REV28900
ORD18901,1,120,28/04/2025,Returned,Cash on Delivery,PROD104,CUST2400,REV28901
ORD18902,1,399,24/08/2025,Cancelled,Credit Card,PROD107,CUST1566,REV28902
ORD18903,4,199,23/08/2023,Returned,PayPal,PROD102,CUST1526,REV28903
ORD18904,4,199,25/09/2024,Shipped,Credit Card,PROD112,CUST2643,REV28904
ORD18905,2,99,15/12/2022,Pending,PayPal,PROD106,CUST5095,REV28905
ORD18906,1,110,3/12/2024,Pending,PayPal,PROD105,CUST4743,REV28906
ORD18907,4,129,20/05/2024,Delivered,Credit Card,PROD109,CUST3743,REV28907
ORD18908,1,999,5/01/2023,Returned,Credit Card,PROD100,CUST2857,REV28908
ORD18909,5,999,30/10/2023,Pending,Cash on Delivery,PROD100,CUST5551,REV28909
ORD18910,5,120,17/05/2023,Returned,Credit Card,PROD104,CUST2644,REV28910
ORD18911,3,59,27/09/2024,Pending,Credit Card,PROD103,CUST2485,REV28911
ORD18912,5,199,28/05/2024,Shipped,Cash on Delivery,PROD102,CUST3532,REV28912
ORD18913,2,149,27/02/2025,Pending,Credit Card,PROD113,CUST2490,REV28913
ORD18914,4,999,9/07/2025,Pending,PayPal,PROD100,CUST5786,REV28914
ORD18915,4,59,28/04/2024,Pending,Credit Card,PROD111,CUST2112,REV28915
ORD18916,5,199,5/06/2025,Returned,PayPal,PROD102,CUST5173,REV28916
ORD18917,3,149,15/10/2024,Returned,PayPal,PROD113,CUST5099,REV28917
ORD18918,1,229,23/01/2025,Returned,PayPal,PROD108,CUST4804,REV28918
ORD18919,3,129,13/11/2024,Returned,Cash on Delivery,PROD109,CUST2926,REV28919
ORD18920,4,59,11/07/2023,Delivered,Credit Card,PROD111,CUST4124,REV28920
ORD18921,5,129,12/01/2023,Returned,PayPal,PROD109,CUST1317,REV28921
ORD18922,3,229,25/10/2022,Shipped,Cash on Delivery,PROD108,CUST3551,REV28922
ORD18923,1,120,3/05/2024,Cancelled,PayPal,PROD104,CUST4907,REV28923
ORD18924,3,59,16/10/2024,Cancelled,Cash on Delivery,PROD111,CUST1694,REV28924
ORD18925,1,199,4/12/2023,Cancelled,PayPal,PROD112,CUST4324,REV28925
ORD18926,3,229,7/06/2023,Delivered,PayPal,PROD108,CUST5989,REV28926
ORD18927,4,99,17/01/2024,Returned,PayPal,PROD106,CUST2831,REV28927
ORD18928,4,25,13/03/2024,Cancelled,Cash on Delivery,PROD114,CUST5222,REV28928
ORD18929,4,120,22/12/2022,Pending,PayPal,PROD104,CUST4530,REV28929
ORD18930,2,399,15/07/2024,Pending,Cash on Delivery,PROD107,CUST1941,REV28930
ORD18931,1,110,29/04/2025,Delivered,Cash on Delivery,PROD105,CUST4053,REV28931
ORD18932,4,99,12/11/2023,Pending,PayPal,PROD106,CUST3412,REV28932
ORD18933,2,25,24/08/2025,Delivered,Credit Card,PROD114,CUST1968,REV28933
ORD18934,1,110,28/07/2023,Shipped,Credit Card,PROD105,CUST4971,REV28934
ORD18935,1,25,22/02/2023,Returned,PayPal,PROD114,CUST1402,REV28935
ORD18936,5,25,10/12/2024,Returned,Credit Card,PROD114,CUST2085,REV28936
ORD18937,1,59,31/08/2024,Cancelled,Credit Card,PROD111,CUST1208,REV28937
ORD18938,5,120,28/02/2024,Shipped,Credit Card,PROD104,CUST1812,REV28938
ORD18939,4,199,1/09/2024,Shipped,Credit Card,PROD102,CUST4276,REV28939
ORD18940,5,229,18/03/2025,Shipped,Credit Card,PROD108,CUST3856,REV28940
ORD18941,5,399,2/10/2024,Returned,Credit Card,PROD107,CUST5786,REV28941
ORD18942,1,59,27/04/2025,Cancelled,PayPal,PROD111,CUST1792,REV28942
ORD18943,3,199,10/12/2023,Cancelled,Cash on Delivery,PROD112,CUST1554,REV28943
ORD18944,1,129,5/12/2022,Returned,PayPal,PROD109,CUST1937,REV28944
ORD18945,4,59,24/08/2023,Cancelled,Credit Card,PROD103,CUST3514,REV28945
ORD18946,5,129,8/12/2024,Returned,PayPal,PROD109,CUST2232,REV28946
ORD18947,3,149,25/01/2023,Delivered,PayPal,PROD113,CUST4368,REV28947
ORD18948,1,59,18/11/2023,Cancelled,Cash on Delivery,PROD111,CUST4236,REV28948
ORD18949,1,199,10/08/2024,Cancelled,PayPal,PROD102,CUST4184,REV28949
ORD18950,1,399,21/12/2023,Pending,Cash on Delivery,PROD107,CUST1233,REV28950
ORD18951,4,149,16/12/2023,Shipped,PayPal,PROD113,CUST3845,REV28951
ORD18952,4,999,15/02/2023,Shipped,Cash on Delivery,PROD100,CUST4575,REV28952
ORD18953,4,59,22/10/2024,Pending,Credit Card,PROD111,CUST5817,REV28953
ORD18954,3,199,8/12/2022,Delivered,Credit Card,PROD102,CUST3099,REV28954
ORD18955,3,80,1/03/2025,Pending,Credit Card,PROD110,CUST3334,REV28955
ORD18956,1,129,1/04/2024,Cancelled,Credit Card,PROD109,CUST1089,REV28956
ORD18957,1,199,27/12/2023,Returned,PayPal,PROD112,CUST1848,REV28957
ORD18958,4,999,5/04/2023,Cancelled,PayPal,PROD100,CUST5124,REV28958
ORD18959,3,129,18/02/2024,Cancelled,Cash on Delivery,PROD109,CUST2696,REV28959
ORD18960,3,80,3/06/2023,Cancelled,PayPal,PROD110,CUST4072,REV28960
ORD18961,2,99,6/08/2024,Delivered,PayPal,PROD106,CUST4241,REV28961
ORD18962,5,149,11/06/2024,Returned,Cash on Delivery,PROD113,CUST5817,REV28962
ORD18963,1,59,28/07/2024,Cancelled,Credit Card,PROD111,CUST2413,REV28963
ORD18964,1,80,1/05/2025,Shipped,Cash on Delivery,PROD110,CUST3726,REV28964
ORD18965,3,199,16/12/2022,Cancelled,PayPal,PROD112,CUST4730,REV28965
ORD18966,3,899,9/08/2025,Pending,Credit Card,PROD101,CUST2062,REV28966
ORD18967,5,229,20/10/2024,Delivered,Cash on Delivery,PROD108,CUST3781,REV28967
ORD18968,2,99,17/01/2023,Returned,Credit Card,PROD106,CUST4931,REV28968
ORD18969,1,110,7/01/2023,Cancelled,PayPal,PROD105,CUST4710,REV28969
ORD18970,5,999,18/07/2024,Delivered,Cash on Delivery,PROD100,CUST4427,REV28970
ORD18971,5,120,14/09/2024,Delivered,PayPal,PROD104,CUST4422,REV28971
ORD18972,2,199,24/01/2023,Shipped,Credit Card,PROD112,CUST4976,REV28972
ORD18973,1,199,14/10/2023,Shipped,Credit Card,PROD112,CUST4388,REV28973
ORD18974,4,229,12/06/2024,Delivered,Credit Card,PROD108,CUST5038,REV28974
ORD18975,4,110,24/03/2024,Shipped,PayPal,PROD105,CUST4879,REV28975
ORD18976,3,899,25/05/2025,Shipped,Cash on Delivery,PROD101,CUST2692,REV28976
ORD18977,1,229,27/10/2024,Pending,Credit Card,PROD108,CUST4768,REV28977
ORD18978,2,99,18/02/2023,Returned,Credit Card,PROD106,CUST5507,REV28978
ORD18979,4,110,21/09/2024,Returned,Cash on Delivery,PROD105,CUST3094,REV28979
ORD18980,1,25,19/04/2025,Shipped,Credit Card,PROD114,CUST2562,REV28980
ORD18981,3,120,26/03/2025,Returned,PayPal,PROD104,CUST3339,REV28981
ORD18982,2,25,10/05/2023,Cancelled,Credit Card,PROD114,CUST3226,REV28982
ORD18983,1,229,19/12/2024,Returned,Cash on Delivery,PROD108,CUST5046,REV28983
ORD18984,5,59,17/07/2024,Cancelled,PayPal,PROD111,CUST4926,REV28984
ORD18985,3,59,10/06/2023,Cancelled,PayPal,PROD103,CUST2526,REV28985
ORD18986,1,199,26/02/2024,Cancelled,PayPal,PROD102,CUST1506,REV28986
ORD18987,2,80,16/06/2024,Returned,Cash on Delivery,PROD110,CUST5599,REV28987
ORD18988,4,120,11/03/2025,Cancelled,PayPal,PROD104,CUST2118,REV28988
ORD18989,3,199,26/01/2025,Pending,Credit Card,PROD112,CUST1952,REV28989
ORD18990,5,129,8/04/2025,Pending,PayPal,PROD109,CUST1763,REV28990
ORD18991,4,199,22/06/2025,Delivered,Credit Card,PROD102,CUST2445,REV28991
ORD18992,5,999,14/02/2025,Pending,Cash on Delivery,PROD100,CUST2542,REV28992
ORD18993,5,899,9/07/2025,Cancelled,Cash on Delivery,PROD101,CUST4526,REV28993
ORD18994,5,120,12/02/2023,Pending,Cash on Delivery,PROD104,CUST3154,REV28994
ORD18995,5,129,17/03/2024,Shipped,PayPal,PROD109,CUST1070,REV28995
ORD18996,3,199,12/06/2023,Shipped,Credit Card,PROD102,CUST1587,REV28996
ORD18997,3,25,30/09/2024,Cancelled,Cash on Delivery,PROD114,CUST1114,REV28997
ORD18998,1,59,10/04/2025,Shipped,Cash on Delivery,PROD111,CUST1257,REV28998
ORD18999,4,25,30/01/2025,Pending,Credit Card,PROD114,CUST4848,REV28999
ORD19000,5,110,22/06/2025,Pending,Credit Card,PROD105,CUST5297,REV29000
ORD19001,4,59,13/11/2023,Shipped,Credit Card,PROD111,CUST5624,REV29001
ORD19002,4,999,2/11/2023,Cancelled,PayPal,PROD100,CUST2489,REV29002
ORD19003,5,399,1/03/2024,Delivered,PayPal,PROD107,CUST3729,REV29003
ORD19004,1,129,9/09/2022,Pending,Cash on Delivery,PROD109,CUST5745,REV29004
ORD19005,1,59,18/05/2024,Delivered,PayPal,PROD111,CUST5013,REV29005
ORD19006,3,80,28/11/2022,Pending,Credit Card,PROD110,CUST2660,REV29006
ORD19007,2,110,13/08/2023,Shipped,Credit Card,PROD105,CUST5336,REV29007
ORD19008,4,199,20/02/2023,Pending,Cash on Delivery,PROD112,CUST5898,REV29008
ORD19009,3,129,7/11/2023,Cancelled,Credit Card,PROD109,CUST1773,REV29009
ORD19010,3,99,20/02/2025,Pending,Credit Card,PROD106,CUST2517,REV29010
ORD19011,3,899,26/02/2023,Returned,PayPal,PROD101,CUST3862,REV29011
ORD19012,5,399,29/09/2023,Returned,Credit Card,PROD107,CUST4957,REV29012
ORD19013,2,129,28/05/2025,Returned,PayPal,PROD109,CUST3091,REV29013
ORD19014,1,110,22/11/2024,Cancelled,Cash on Delivery,PROD105,CUST5745,REV29014
ORD19015,5,59,27/05/2025,Cancelled,PayPal,PROD103,CUST1234,REV29015
ORD19016,1,199,25/06/2024,Shipped,Cash on Delivery,PROD112,CUST1510,REV29016
ORD19017,5,25,19/04/2024,Returned,Cash on Delivery,PROD114,CUST4204,REV29017
ORD19018,2,99,7/01/2023,Shipped,PayPal,PROD106,CUST3501,REV29018
ORD19019,1,59,27/05/2023,Shipped,PayPal,PROD111,CUST3705,REV29019
ORD19020,5,399,6/01/2024,Shipped,Cash on Delivery,PROD107,CUST3530,REV29020
ORD19021,4,199,14/02/2024,Shipped,Cash on Delivery,PROD102,CUST3146,REV29021
ORD19022,2,199,3/06/2024,Delivered,Credit Card,PROD102,CUST2319,REV29022
ORD19023,5,399,9/05/2025,Shipped,Cash on Delivery,PROD107,CUST2613,REV29023
ORD19024,1,999,16/07/2025,Delivered,Credit Card,PROD100,CUST5595,REV29024
ORD19025,5,399,12/10/2023,Shipped,Cash on Delivery,PROD107,CUST2399,REV29025
ORD19026,4,80,24/08/2025,Returned,PayPal,PROD110,CUST1891,REV29026
ORD19027,5,199,6/11/2022,Pending,Credit Card,PROD112,CUST4299,REV29027
ORD19028,2,399,24/06/2024,Shipped,Cash on Delivery,PROD107,CUST5859,REV29028
ORD19029,1,25,19/05/2025,Cancelled,Credit Card,PROD114,CUST1964,REV29029
ORD19030,1,999,14/11/2022,Shipped,PayPal,PROD100,CUST1510,REV29030
ORD19031,4,110,15/05/2023,Shipped,PayPal,PROD105,CUST4892,REV29031
ORD19032,4,59,17/11/2024,Delivered,Cash on Delivery,PROD111,CUST1473,REV29032
ORD19033,3,229,11/10/2022,Shipped,PayPal,PROD108,CUST4993,REV29033
ORD19034,2,80,30/12/2024,Shipped,Credit Card,PROD110,CUST5837,REV29034
ORD19035,4,999,23/12/2023,Delivered,Credit Card,PROD100,CUST3742,REV29035
ORD19036,5,25,6/09/2024,Cancelled,Credit Card,PROD114,CUST1055,REV29036
ORD19037,1,25,19/11/2022,Cancelled,PayPal,PROD114,CUST2773,REV29037
ORD19038,1,149,10/08/2024,Returned,PayPal,PROD113,CUST2970,REV29038
ORD19039,5,199,25/01/2024,Pending,PayPal,PROD112,CUST2897,REV29039
ORD19040,3,120,9/05/2024,Pending,PayPal,PROD104,CUST5190,REV29040
ORD19041,4,129,24/10/2022,Cancelled,Credit Card,PROD109,CUST1031,REV29041
ORD19042,2,25,14/02/2024,Returned,Cash on Delivery,PROD114,CUST3321,REV29042
ORD19043,4,80,30/03/2023,Returned,Credit Card,PROD110,CUST5983,REV29043
ORD19044,2,399,25/06/2025,Pending,Cash on Delivery,PROD107,CUST4214,REV29044
ORD19045,5,399,19/07/2025,Shipped,Credit Card,PROD107,CUST3079,REV29045
ORD19046,5,149,27/04/2023,Delivered,Cash on Delivery,PROD113,CUST2285,REV29046
ORD19047,1,999,26/05/2023,Pending,Cash on Delivery,PROD100,CUST5681,REV29047
ORD19048,3,110,13/01/2024,Cancelled,PayPal,PROD105,CUST3981,REV29048
ORD19049,2,99,30/06/2025,Cancelled,Cash on Delivery,PROD106,CUST3167,REV29049
ORD19050,5,199,11/10/2024,Delivered,Cash on Delivery,PROD112,CUST3361,REV29050
ORD19051,3,129,25/01/2025,Pending,Cash on Delivery,PROD109,CUST1190,REV29051
ORD19052,2,899,15/09/2023,Pending,Credit Card,PROD101,CUST3655,REV29052
ORD19053,1,899,5/01/2023,Returned,Credit Card,PROD101,CUST2817,REV29053
ORD19054,4,999,24/06/2024,Pending,Credit Card,PROD100,CUST3556,REV29054
ORD19055,5,59,3/07/2024,Shipped,Cash on Delivery,PROD111,CUST1173,REV29055
ORD19056,1,399,14/08/2025,Delivered,PayPal,PROD107,CUST3168,REV29056
ORD19057,1,80,17/08/2025,Cancelled,PayPal,PROD110,CUST1140,REV29057
ORD19058,1,199,20/12/2023,Returned,PayPal,PROD102,CUST5303,REV29058
ORD19059,1,25,6/08/2025,Shipped,Cash on Delivery,PROD114,CUST4904,REV29059
ORD19060,3,120,13/11/2024,Cancelled,Cash on Delivery,PROD104,CUST5941,REV29060
ORD19061,2,199,31/07/2025,Delivered,Cash on Delivery,PROD102,CUST3007,REV29061
ORD19062,2,25,22/09/2022,Returned,PayPal,PROD114,CUST5071,REV29062
ORD19063,5,110,17/01/2023,Cancelled,Credit Card,PROD105,CUST2615,REV29063
ORD19064,2,25,7/01/2024,Pending,PayPal,PROD114,CUST4892,REV29064
ORD19065,3,229,20/12/2023,Shipped,Credit Card,PROD108,CUST5423,REV29065
ORD19066,5,110,1/09/2024,Returned,Cash on Delivery,PROD105,CUST4096,REV29066
ORD19067,3,59,17/01/2023,Cancelled,PayPal,PROD111,CUST1281,REV29067
ORD19068,5,199,11/08/2023,Cancelled,Credit Card,PROD112,CUST2940,REV29068
ORD19069,5,399,7/10/2024,Shipped,PayPal,PROD107,CUST4649,REV29069
ORD19070,2,399,14/03/2024,Shipped,Credit Card,PROD107,CUST5206,REV29070
ORD19071,1,110,6/05/2024,Returned,Credit Card,PROD105,CUST1715,REV29071
ORD19072,2,80,7/07/2023,Pending,Cash on Delivery,PROD110,CUST2121,REV29072
ORD19073,5,149,24/01/2025,Returned,Cash on Delivery,PROD113,CUST5388,REV29073
ORD19074,1,59,10/02/2025,Cancelled,Cash on Delivery,PROD111,CUST4359,REV29074
ORD19075,4,110,24/08/2024,Delivered,PayPal,PROD105,CUST3435,REV29075
ORD19076,2,59,19/10/2024,Pending,Cash on Delivery,PROD103,CUST2618,REV29076
ORD19077,5,110,30/06/2025,Cancelled,Credit Card,PROD105,CUST1073,REV29077
ORD19078,5,59,11/09/2024,Cancelled,Cash on Delivery,PROD103,CUST1568,REV29078
ORD19079,2,129,21/08/2025,Pending,PayPal,PROD109,CUST2973,REV29079
ORD19080,1,25,17/03/2025,Shipped,Credit Card,PROD114,CUST3233,REV29080
ORD19081,3,59,28/04/2024,Delivered,Cash on Delivery,PROD103,CUST2584,REV29081
ORD19082,2,129,11/04/2023,Pending,PayPal,PROD109,CUST4779,REV29082
ORD19083,3,149,16/05/2025,Shipped,Credit Card,PROD113,CUST5333,REV29083
ORD19084,1,120,1/12/2022,Cancelled,PayPal,PROD104,CUST5726,REV29084
ORD19085,4,59,17/09/2023,Cancelled,Cash on Delivery,PROD111,CUST1766,REV29085
ORD19086,1,149,15/07/2024,Returned,Credit Card,PROD113,CUST3418,REV29086
ORD19087,4,59,9/05/2024,Cancelled,Cash on Delivery,PROD103,CUST2392,REV29087
ORD19088,2,110,9/03/2025,Cancelled,PayPal,PROD105,CUST4107,REV29088
ORD19089,5,899,1/01/2025,Pending,Credit Card,PROD101,CUST4958,REV29089
ORD19090,1,399,9/07/2023,Shipped,Cash on Delivery,PROD107,CUST1073,REV29090
ORD19091,5,110,22/01/2024,Shipped,Cash on Delivery,PROD105,CUST1663,REV29091
ORD19092,1,120,3/04/2025,Shipped,PayPal,PROD104,CUST3177,REV29092
ORD19093,5,899,15/07/2023,Delivered,PayPal,PROD101,CUST2268,REV29093
ORD19094,4,110,9/04/2024,Delivered,Cash on Delivery,PROD105,CUST1155,REV29094
ORD19095,2,80,16/02/2024,Shipped,PayPal,PROD110,CUST1808,REV29095
ORD19096,5,199,7/07/2024,Shipped,Credit Card,PROD112,CUST5098,REV29096
ORD19097,1,99,30/04/2024,Returned,Cash on Delivery,PROD106,CUST3097,REV29097
ORD19098,2,199,29/05/2023,Delivered,Cash on Delivery,PROD102,CUST4737,REV29098
ORD19099,3,149,7/02/2025,Delivered,Cash on Delivery,PROD113,CUST1134,REV29099
ORD19100,2,59,24/09/2023,Cancelled,Credit Card,PROD111,CUST3698,REV29100
ORD19101,4,149,29/01/2025,Shipped,Cash on Delivery,PROD113,CUST1976,REV29101
ORD19102,5,25,11/02/2025,Delivered,Credit Card,PROD114,CUST3719,REV29102
ORD19103,1,59,27/11/2023,Returned,Credit Card,PROD103,CUST2736,REV29103
ORD19104,2,399,23/07/2024,Returned,Cash on Delivery,PROD107,CUST2007,REV29104
ORD19105,3,59,17/08/2025,Delivered,Cash on Delivery,PROD111,CUST4951,REV29105
ORD19106,2,149,29/04/2023,Shipped,PayPal,PROD113,CUST4446,REV29106
ORD19107,4,149,18/05/2023,Shipped,Credit Card,PROD113,CUST2508,REV29107
ORD19108,1,399,10/02/2023,Returned,PayPal,PROD107,CUST1339,REV29108
ORD19109,2,199,23/06/2025,Delivered,Cash on Delivery,PROD112,CUST4396,REV29109
ORD19110,3,80,7/07/2023,Returned,Credit Card,PROD110,CUST2989,REV29110
ORD19111,3,999,26/05/2025,Shipped,Credit Card,PROD100,CUST3238,REV29111
ORD19112,4,129,30/10/2024,Shipped,PayPal,PROD109,CUST5735,REV29112
ORD19113,5,199,24/04/2025,Returned,Cash on Delivery,PROD102,CUST2634,REV29113
ORD19114,1,899,22/07/2025,Pending,PayPal,PROD101,CUST5838,REV29114
ORD19115,5,120,10/08/2024,Pending,Cash on Delivery,PROD104,CUST2579,REV29115
ORD19116,2,229,6/08/2023,Shipped,Credit Card,PROD108,CUST2265,REV29116
ORD19117,4,59,21/09/2023,Returned,Cash on Delivery,PROD111,CUST5464,REV29117
ORD19118,3,399,10/05/2024,Pending,Cash on Delivery,PROD107,CUST2957,REV29118
ORD19119,1,399,27/09/2022,Pending,PayPal,PROD107,CUST4266,REV29119
ORD19120,1,899,6/10/2022,Returned,Credit Card,PROD101,CUST5943,REV29120
ORD19121,1,110,20/12/2023,Delivered,Credit Card,PROD105,CUST3507,REV29121
ORD19122,4,25,23/09/2022,Shipped,Credit Card,PROD114,CUST4342,REV29122
ORD19123,1,199,28/07/2023,Pending,Cash on Delivery,PROD112,CUST2832,REV29123
ORD19124,1,129,5/09/2022,Delivered,PayPal,PROD109,CUST4627,REV29124
ORD19125,5,110,25/12/2024,Pending,PayPal,PROD105,CUST4272,REV29125
ORD19126,3,129,27/04/2024,Shipped,Cash on Delivery,PROD109,CUST1794,REV29126
ORD19127,4,999,14/05/2023,Cancelled,Cash on Delivery,PROD100,CUST5507,REV29127
ORD19128,4,399,29/02/2024,Pending,Cash on Delivery,PROD107,CUST1562,REV29128
ORD19129,3,129,10/10/2024,Shipped,PayPal,PROD109,CUST5572,REV29129
ORD19130,5,129,22/11/2024,Delivered,Cash on Delivery,PROD109,CUST3219,REV29130
ORD19131,5,59,6/03/2024,Pending,Cash on Delivery,PROD111,CUST4310,REV29131
ORD19132,1,80,10/04/2023,Cancelled,PayPal,PROD110,CUST4508,REV29132
ORD19133,4,80,27/10/2024,Shipped,Credit Card,PROD110,CUST2136,REV29133
ORD19134,1,110,28/01/2025,Shipped,Credit Card,PROD105,CUST1028,REV29134
ORD19135,3,199,16/01/2024,Delivered,PayPal,PROD112,CUST4556,REV29135
ORD19136,5,149,27/11/2023,Delivered,Credit Card,PROD113,CUST1614,REV29136
ORD19137,1,99,12/06/2023,Cancelled,PayPal,PROD106,CUST2131,REV29137
ORD19138,2,99,4/05/2025,Delivered,Credit Card,PROD106,CUST5892,REV29138
ORD19139,2,120,2/04/2024,Cancelled,PayPal,PROD104,CUST3632,REV29139
ORD19140,1,229,26/06/2023,Delivered,PayPal,PROD108,CUST4626,REV29140
ORD19141,4,25,9/03/2025,Delivered,Credit Card,PROD114,CUST5411,REV29141
ORD19142,1,199,24/04/2023,Cancelled,Cash on Delivery,PROD102,CUST1813,REV29142
ORD19143,3,999,22/08/2025,Cancelled,Cash on Delivery,PROD100,CUST4466,REV29143
ORD19144,5,59,21/08/2023,Pending,Cash on Delivery,PROD111,CUST2766,REV29144
ORD19145,3,399,31/12/2022,Delivered,Cash on Delivery,PROD107,CUST4497,REV29145
ORD19146,4,129,7/07/2024,Delivered,Credit Card,PROD109,CUST4223,REV29146
ORD19147,5,399,1/06/2024,Shipped,Credit Card,PROD107,CUST5556,REV29147
ORD19148,3,999,17/03/2023,Returned,Credit Card,PROD100,CUST1192,REV29148
ORD19149,2,59,23/01/2025,Cancelled,Credit Card,PROD103,CUST4682,REV29149
ORD19150,1,899,19/03/2025,Shipped,Cash on Delivery,PROD101,CUST5030,REV29150
ORD19151,3,199,21/10/2022,Delivered,Cash on Delivery,PROD102,CUST2663,REV29151
ORD19152,3,120,20/12/2022,Delivered,PayPal,PROD104,CUST4325,REV29152
ORD19153,1,229,28/12/2024,Returned,PayPal,PROD108,CUST5245,REV29153
ORD19154,4,25,25/04/2023,Cancelled,Cash on Delivery,PROD114,CUST2576,REV29154
ORD19155,4,110,7/02/2025,Pending,Cash on Delivery,PROD105,CUST1460,REV29155
ORD19156,1,110,1/11/2024,Cancelled,Credit Card,PROD105,CUST2965,REV29156
ORD19157,5,120,21/01/2025,Pending,Credit Card,PROD104,CUST1928,REV29157
ORD19158,1,59,3/10/2023,Cancelled,Cash on Delivery,PROD103,CUST5482,REV29158
ORD19159,1,25,24/11/2024,Delivered,PayPal,PROD114,CUST2727,REV29159
ORD19160,1,149,3/07/2025,Shipped,Credit Card,PROD113,CUST3257,REV29160
ORD19161,2,59,28/02/2025,Returned,Credit Card,PROD103,CUST3180,REV29161
ORD19162,1,80,30/04/2025,Returned,Credit Card,PROD110,CUST4526,REV29162
ORD19163,1,399,26/11/2023,Shipped,Cash on Delivery,PROD107,CUST3117,REV29163
ORD19164,3,99,3/01/2024,Shipped,Cash on Delivery,PROD106,CUST1669,REV29164
ORD19165,4,59,12/03/2024,Pending,Cash on Delivery,PROD103,CUST1931,REV29165
ORD19166,1,120,13/08/2024,Cancelled,Credit Card,PROD104,CUST4927,REV29166
ORD19167,5,99,1/05/2023,Returned,Cash on Delivery,PROD106,CUST2962,REV29167
ORD19168,2,199,30/06/2024,Pending,PayPal,PROD112,CUST4643,REV29168
ORD19169,3,899,6/07/2023,Pending,PayPal,PROD101,CUST5383,REV29169
ORD19170,1,110,5/08/2023,Cancelled,Cash on Delivery,PROD105,CUST5978,REV29170
ORD19171,5,110,16/07/2023,Pending,PayPal,PROD105,CUST1695,REV29171
ORD19172,2,59,8/08/2025,Shipped,Cash on Delivery,PROD103,CUST2914,REV29172
ORD19173,1,99,6/12/2022,Delivered,Cash on Delivery,PROD106,CUST5836,REV29173
ORD19174,3,120,24/03/2025,Shipped,PayPal,PROD104,CUST4120,REV29174
ORD19175,4,199,20/07/2024,Delivered,Cash on Delivery,PROD102,CUST2503,REV29175
ORD19176,1,99,25/10/2023,Returned,PayPal,PROD106,CUST2170,REV29176
ORD19177,1,399,11/03/2024,Shipped,Credit Card,PROD107,CUST5154,REV29177
ORD19178,2,25,7/11/2023,Returned,Cash on Delivery,PROD114,CUST2341,REV29178
ORD19179,2,120,24/06/2025,Returned,PayPal,PROD104,CUST2152,REV29179
ORD19180,3,120,15/03/2024,Returned,Cash on Delivery,PROD104,CUST3732,REV29180
ORD19181,5,120,13/06/2023,Pending,Cash on Delivery,PROD104,CUST4830,REV29181
ORD19182,1,129,27/08/2022,Pending,Cash on Delivery,PROD109,CUST4083,REV29182
ORD19183,4,199,12/12/2022,Returned,Cash on Delivery,PROD112,CUST2345,REV29183
ORD19184,1,399,20/09/2023,Delivered,PayPal,PROD107,CUST3660,REV29184
ORD19185,4,120,13/11/2024,Returned,Credit Card,PROD104,CUST2050,REV29185
ORD19186,1,199,21/02/2025,Cancelled,PayPal,PROD112,CUST3124,REV29186
ORD19187,3,59,14/09/2024,Pending,PayPal,PROD103,CUST5984,REV29187
ORD19188,1,899,16/12/2023,Shipped,Credit Card,PROD101,CUST4059,REV29188
ORD19189,1,999,15/08/2025,Returned,PayPal,PROD100,CUST2543,REV29189
ORD19190,2,59,4/05/2024,Pending,Credit Card,PROD111,CUST2635,REV29190
ORD19191,1,999,17/01/2023,Shipped,Cash on Delivery,PROD100,CUST5289,REV29191
ORD19192,4,25,5/12/2024,Shipped,Credit Card,PROD114,CUST2498,REV29192
ORD19193,1,399,9/09/2022,Pending,PayPal,PROD107,CUST5786,REV29193
ORD19194,1,129,28/10/2022,Delivered,Credit Card,PROD109,CUST2943,REV29194
ORD19195,3,120,16/06/2024,Returned,Credit Card,PROD104,CUST1720,REV29195
ORD19196,4,199,16/05/2024,Delivered,Credit Card,PROD112,CUST4078,REV29196
ORD19197,4,120,17/01/2023,Delivered,PayPal,PROD104,CUST3643,REV29197
ORD19198,2,110,29/03/2025,Shipped,PayPal,PROD105,CUST3683,REV29198
ORD19199,4,120,23/07/2025,Pending,Cash on Delivery,PROD104,CUST2371,REV29199
ORD19200,4,149,20/09/2023,Cancelled,Cash on Delivery,PROD113,CUST2568,REV29200
ORD19201,3,199,9/08/2024,Delivered,PayPal,PROD112,CUST3813,REV29201
ORD19202,5,399,30/08/2022,Returned,PayPal,PROD107,CUST5024,REV29202
ORD19203,5,25,28/11/2022,Cancelled,PayPal,PROD114,CUST1547,REV29203
ORD19204,4,399,13/05/2024,Cancelled,PayPal,PROD107,CUST3754,REV29204
ORD19205,2,199,8/04/2024,Shipped,Cash on Delivery,PROD112,CUST5072,REV29205
ORD19206,5,120,13/02/2023,Pending,Cash on Delivery,PROD104,CUST1569,REV29206
ORD19207,1,199,23/11/2024,Returned,Credit Card,PROD102,CUST4597,REV29207
ORD19208,3,229,18/09/2022,Cancelled,PayPal,PROD108,CUST3347,REV29208
ORD19209,5,120,21/09/2022,Cancelled,Credit Card,PROD104,CUST5669,REV29209
ORD19210,5,25,29/11/2024,Shipped,Credit Card,PROD114,CUST3042,REV29210
ORD19211,1,399,16/03/2024,Delivered,PayPal,PROD107,CUST3209,REV29211
ORD19212,4,25,3/12/2023,Cancelled,Cash on Delivery,PROD114,CUST2869,REV29212
ORD19213,2,999,19/09/2024,Returned,Cash on Delivery,PROD100,CUST2226,REV29213
ORD19214,1,199,21/05/2025,Returned,Cash on Delivery,PROD112,CUST5127,REV29214
ORD19215,3,59,16/07/2024,Returned,PayPal,PROD103,CUST2484,REV29215
ORD19216,3,99,14/09/2024,Delivered,Cash on Delivery,PROD106,CUST1931,REV29216
ORD19217,1,149,29/11/2022,Shipped,Cash on Delivery,PROD113,CUST2192,REV29217
ORD19218,3,99,12/10/2022,Shipped,Cash on Delivery,PROD106,CUST2747,REV29218
ORD19219,1,59,16/11/2023,Shipped,PayPal,PROD111,CUST5400,REV29219
ORD19220,3,59,24/02/2024,Returned,Credit Card,PROD111,CUST4296,REV29220
ORD19221,3,120,22/09/2022,Returned,Cash on Delivery,PROD104,CUST1685,REV29221
ORD19222,4,999,28/02/2025,Returned,Credit Card,PROD100,CUST1360,REV29222
ORD19223,5,59,2/04/2024,Returned,Credit Card,PROD111,CUST2636,REV29223
ORD19224,4,149,30/10/2024,Delivered,Cash on Delivery,PROD113,CUST4363,REV29224
ORD19225,1,199,18/07/2025,Delivered,Cash on Delivery,PROD112,CUST2907,REV29225
ORD19226,5,999,23/05/2025,Cancelled,Cash on Delivery,PROD100,CUST5142,REV29226
ORD19227,1,110,15/03/2024,Shipped,Credit Card,PROD105,CUST4024,REV29227
ORD19228,1,59,3/11/2023,Cancelled,Cash on Delivery,PROD111,CUST1861,REV29228
ORD19229,3,80,12/11/2023,Shipped,Credit Card,PROD110,CUST1807,REV29229
ORD19230,2,199,11/12/2022,Returned,PayPal,PROD112,CUST5075,REV29230
ORD19231,5,25,5/02/2023,Delivered,PayPal,PROD114,CUST5528,REV29231
ORD19232,2,110,3/04/2025,Pending,Credit Card,PROD105,CUST4946,REV29232
ORD19233,5,25,5/10/2024,Shipped,Credit Card,PROD114,CUST3584,REV29233
ORD19234,4,399,17/11/2024,Returned,Credit Card,PROD107,CUST5636,REV29234
ORD19235,5,110,1/07/2025,Cancelled,Credit Card,PROD105,CUST1022,REV29235
ORD19236,3,229,5/03/2023,Pending,PayPal,PROD108,CUST1165,REV29236
ORD19237,3,80,6/04/2024,Returned,Credit Card,PROD110,CUST1151,REV29237
ORD19238,1,199,31/07/2025,Shipped,PayPal,PROD112,CUST5660,REV29238
ORD19239,5,129,4/11/2022,Shipped,PayPal,PROD109,CUST3232,REV29239
ORD19240,2,80,3/08/2024,Pending,Cash on Delivery,PROD110,CUST3667,REV29240
ORD19241,3,120,16/01/2023,Pending,Cash on Delivery,PROD104,CUST1072,REV29241
ORD19242,3,25,27/08/2022,Cancelled,Credit Card,PROD114,CUST4911,REV29242
ORD19243,2,25,15/09/2023,Pending,PayPal,PROD114,CUST3728,REV29243
ORD19244,4,25,1/02/2024,Returned,Cash on Delivery,PROD114,CUST1107,REV29244
ORD19245,1,59,9/05/2023,Returned,PayPal,PROD103,CUST3971,REV29245
ORD19246,3,99,10/09/2022,Returned,Cash on Delivery,PROD106,CUST1514,REV29246
ORD19247,4,149,5/05/2025,Returned,Cash on Delivery,PROD113,CUST3039,REV29247
ORD19248,2,25,15/03/2025,Shipped,PayPal,PROD114,CUST4890,REV29248
ORD19249,4,80,4/05/2024,Returned,Cash on Delivery,PROD110,CUST4452,REV29249
ORD19250,1,199,6/09/2023,Cancelled,Credit Card,PROD112,CUST5301,REV29250
ORD19251,5,899,5/12/2024,Pending,Credit Card,PROD101,CUST3813,REV29251
ORD19252,2,129,30/07/2025,Cancelled,PayPal,PROD109,CUST4702,REV29252
ORD19253,1,110,20/03/2024,Shipped,Credit Card,PROD105,CUST3430,REV29253
ORD19254,2,399,2/06/2025,Cancelled,Cash on Delivery,PROD107,CUST1956,REV29254
ORD19255,3,199,20/01/2025,Cancelled,Credit Card,PROD102,CUST2241,REV29255
ORD19256,4,999,31/07/2025,Returned,Credit Card,PROD100,CUST2542,REV29256
ORD19257,1,99,19/11/2022,Returned,Cash on Delivery,PROD106,CUST4828,REV29257
ORD19258,2,25,29/02/2024,Returned,Cash on Delivery,PROD114,CUST5021,REV29258
ORD19259,4,149,3/01/2025,Returned,Cash on Delivery,PROD113,CUST5048,REV29259
ORD19260,1,899,21/12/2022,Delivered,Credit Card,PROD101,CUST3479,REV29260
ORD19261,4,129,19/01/2025,Shipped,PayPal,PROD109,CUST2990,REV29261
ORD19262,4,80,8/06/2025,Shipped,Cash on Delivery,PROD110,CUST5605,REV29262
ORD19263,1,120,12/05/2023,Delivered,Cash on Delivery,PROD104,CUST3097,REV29263
ORD19264,4,149,4/02/2023,Pending,Credit Card,PROD113,CUST1688,REV29264
ORD19265,3,199,12/07/2023,Cancelled,PayPal,PROD102,CUST4949,REV29265
ORD19266,1,25,5/12/2024,Cancelled,Credit Card,PROD114,CUST1027,REV29266
ORD19267,3,399,25/11/2023,Pending,Cash on Delivery,PROD107,CUST5418,REV29267
ORD19268,5,80,8/10/2022,Cancelled,PayPal,PROD110,CUST4471,REV29268
ORD19269,5,129,17/02/2025,Returned,Cash on Delivery,PROD109,CUST1912,REV29269
ORD19270,2,899,11/10/2023,Pending,Credit Card,PROD101,CUST4938,REV29270
ORD19271,1,129,3/07/2023,Pending,PayPal,PROD109,CUST3181,REV29271
ORD19272,1,59,15/01/2023,Shipped,Cash on Delivery,PROD111,CUST1738,REV29272
ORD19273,2,129,17/11/2023,Delivered,Cash on Delivery,PROD109,CUST5589,REV29273
ORD19274,1,399,2/05/2024,Delivered,PayPal,PROD107,CUST1332,REV29274
ORD19275,3,199,30/05/2025,Returned,Cash on Delivery,PROD112,CUST2437,REV29275
ORD19276,3,80,1/05/2023,Shipped,Cash on Delivery,PROD110,CUST2233,REV29276
ORD19277,2,899,16/10/2022,Pending,Credit Card,PROD101,CUST4006,REV29277
ORD19278,5,199,6/02/2023,Returned,PayPal,PROD102,CUST3194,REV29278
ORD19279,4,120,6/11/2024,Returned,Credit Card,PROD104,CUST3628,REV29279
ORD19280,4,229,9/03/2024,Returned,PayPal,PROD108,CUST3184,REV29280
ORD19281,5,999,6/07/2023,Shipped,Credit Card,PROD100,CUST4339,REV29281
ORD19282,1,59,23/07/2023,Returned,Credit Card,PROD111,CUST2937,REV29282
ORD19283,3,59,3/03/2025,Returned,Cash on Delivery,PROD103,CUST1269,REV29283
ORD19284,3,59,21/03/2023,Delivered,Credit Card,PROD111,CUST4905,REV29284
ORD19285,5,999,13/10/2023,Delivered,PayPal,PROD100,CUST5348,REV29285
ORD19286,2,999,13/07/2025,Shipped,Credit Card,PROD100,CUST1184,REV29286
ORD19287,4,999,1/05/2025,Shipped,Cash on Delivery,PROD100,CUST2957,REV29287
ORD19288,2,120,20/04/2023,Cancelled,Credit Card,PROD104,CUST3433,REV29288
ORD19289,1,199,20/12/2022,Delivered,Cash on Delivery,PROD112,CUST3510,REV29289
ORD19290,5,110,31/05/2023,Returned,Cash on Delivery,PROD105,CUST2139,REV29290
ORD19291,2,199,16/11/2022,Cancelled,Cash on Delivery,PROD112,CUST1673,REV29291
ORD19292,1,59,28/08/2023,Pending,Cash on Delivery,PROD103,CUST2698,REV29292
ORD19293,2,110,1/09/2024,Delivered,Cash on Delivery,PROD105,CUST4462,REV29293
ORD19294,1,110,31/01/2025,Pending,Cash on Delivery,PROD105,CUST5854,REV29294
ORD19295,4,59,12/06/2023,Shipped,Credit Card,PROD103,CUST5736,REV29295
ORD19296,5,999,29/05/2024,Returned,Cash on Delivery,PROD100,CUST1283,REV29296
ORD19297,5,59,3/07/2025,Cancelled,PayPal,PROD103,CUST1300,REV29297
ORD19298,3,120,14/07/2025,Shipped,PayPal,PROD104,CUST3941,REV29298
ORD19299,5,80,29/12/2022,Returned,Cash on Delivery,PROD110,CUST1781,REV29299
ORD19300,5,99,7/04/2023,Cancelled,Credit Card,PROD106,CUST1766,REV29300
ORD19301,2,110,14/06/2024,Pending,PayPal,PROD105,CUST4142,REV29301
ORD19302,4,999,25/03/2023,Shipped,PayPal,PROD100,CUST1925,REV29302
ORD19303,5,899,12/03/2023,Cancelled,PayPal,PROD101,CUST1571,REV29303
ORD19304,4,59,26/06/2024,Delivered,Cash on Delivery,PROD103,CUST2402,REV29304
ORD19305,3,149,31/08/2022,Delivered,Cash on Delivery,PROD113,CUST5691,REV29305
ORD19306,5,59,20/01/2025,Delivered,Cash on Delivery,PROD111,CUST1944,REV29306
ORD19307,2,25,24/03/2025,Pending,Credit Card,PROD114,CUST1338,REV29307
ORD19308,1,199,6/04/2024,Delivered,Cash on Delivery,PROD102,CUST3636,REV29308
ORD19309,1,25,5/12/2024,Shipped,Cash on Delivery,PROD114,CUST1175,REV29309
ORD19310,3,149,24/05/2025,Pending,PayPal,PROD113,CUST3150,REV29310
ORD19311,5,129,9/12/2022,Pending,Credit Card,PROD109,CUST3626,REV29311
ORD19312,1,110,1/12/2022,Delivered,PayPal,PROD105,CUST3942,REV29312
ORD19313,3,399,24/08/2024,Delivered,Cash on Delivery,PROD107,CUST4324,REV29313
ORD19314,2,129,10/11/2024,Shipped,Cash on Delivery,PROD109,CUST3746,REV29314
ORD19315,4,199,13/09/2022,Delivered,Cash on Delivery,PROD102,CUST5371,REV29315
ORD19316,4,399,11/01/2025,Returned,PayPal,PROD107,CUST3063,REV29316
ORD19317,3,129,4/04/2024,Cancelled,Credit Card,PROD109,CUST5075,REV29317
ORD19318,2,59,7/06/2025,Pending,PayPal,PROD103,CUST4336,REV29318
ORD19319,4,59,11/04/2024,Returned,Cash on Delivery,PROD103,CUST3170,REV29319
ORD19320,4,399,20/11/2022,Shipped,PayPal,PROD107,CUST5558,REV29320
ORD19321,1,59,8/02/2024,Returned,Cash on Delivery,PROD111,CUST1635,REV29321
ORD19322,4,899,11/02/2024,Shipped,Credit Card,PROD101,CUST2391,REV29322
ORD19323,4,25,13/10/2022,Pending,Cash on Delivery,PROD114,CUST3413,REV29323
ORD19324,4,110,10/01/2023,Delivered,PayPal,PROD105,CUST2679,REV29324
ORD19325,4,229,28/12/2022,Shipped,Credit Card,PROD108,CUST5605,REV29325
ORD19326,5,120,2/05/2024,Pending,Cash on Delivery,PROD104,CUST2091,REV29326
ORD19327,3,199,28/11/2022,Pending,Cash on Delivery,PROD112,CUST3793,REV29327
ORD19328,5,899,3/02/2025,Shipped,Credit Card,PROD101,CUST1710,REV29328
ORD19329,1,59,8/08/2023,Delivered,Credit Card,PROD103,CUST3891,REV29329
ORD19330,5,999,25/01/2023,Pending,PayPal,PROD100,CUST2141,REV29330
ORD19331,5,399,9/02/2023,Cancelled,PayPal,PROD107,CUST4608,REV29331
ORD19332,3,199,18/04/2024,Shipped,Credit Card,PROD112,CUST1350,REV29332
ORD19333,3,99,28/05/2023,Shipped,PayPal,PROD106,CUST4036,REV29333
ORD19334,2,99,20/10/2023,Delivered,Cash on Delivery,PROD106,CUST2221,REV29334
ORD19335,2,999,2/11/2022,Cancelled,Credit Card,PROD100,CUST2634,REV29335
ORD19336,5,199,30/04/2025,Delivered,PayPal,PROD102,CUST2687,REV29336
ORD19337,4,229,30/08/2024,Shipped,Cash on Delivery,PROD108,CUST4678,REV29337
ORD19338,3,129,30/11/2024,Returned,Cash on Delivery,PROD109,CUST3978,REV29338
ORD19339,1,129,19/10/2024,Delivered,PayPal,PROD109,CUST4676,REV29339
ORD19340,4,899,14/07/2023,Shipped,PayPal,PROD101,CUST1687,REV29340
ORD19341,2,199,16/09/2022,Shipped,Cash on Delivery,PROD112,CUST3321,REV29341
ORD19342,1,399,16/07/2025,Cancelled,Credit Card,PROD107,CUST3091,REV29342
ORD19343,5,899,7/06/2025,Cancelled,Cash on Delivery,PROD101,CUST5065,REV29343
ORD19344,3,120,17/01/2023,Shipped,Cash on Delivery,PROD104,CUST3591,REV29344
ORD19345,2,899,14/06/2025,Cancelled,Cash on Delivery,PROD101,CUST1628,REV29345
ORD19346,5,120,8/01/2023,Shipped,PayPal,PROD104,CUST2453,REV29346
ORD19347,5,199,14/08/2025,Delivered,Credit Card,PROD102,CUST1192,REV29347
ORD19348,5,199,16/01/2025,Delivered,Cash on Delivery,PROD102,CUST5270,REV29348
ORD19349,2,59,9/12/2024,Cancelled,PayPal,PROD111,CUST1895,REV29349
ORD19350,2,99,31/07/2023,Returned,PayPal,PROD106,CUST4381,REV29350
ORD19351,4,999,25/02/2025,Shipped,Credit Card,PROD100,CUST3688,REV29351
ORD19352,2,59,24/08/2024,Pending,PayPal,PROD103,CUST3753,REV29352
ORD19353,5,80,5/04/2024,Delivered,Cash on Delivery,PROD110,CUST3365,REV29353
ORD19354,1,229,24/05/2023,Cancelled,Credit Card,PROD108,CUST1280,REV29354
ORD19355,5,399,2/11/2022,Cancelled,Credit Card,PROD107,CUST3364,REV29355
ORD19356,1,229,30/10/2022,Shipped,Credit Card,PROD108,CUST5357,REV29356
ORD19357,3,120,10/01/2024,Cancelled,Credit Card,PROD104,CUST5765,REV29357
ORD19358,2,399,2/02/2025,Pending,Credit Card,PROD107,CUST3452,REV29358
ORD19359,1,399,28/09/2024,Pending,Cash on Delivery,PROD107,CUST1574,REV29359
ORD19360,2,199,23/07/2025,Cancelled,Credit Card,PROD112,CUST1590,REV29360
ORD19361,1,199,17/12/2023,Cancelled,PayPal,PROD102,CUST2970,REV29361
ORD19362,3,59,6/05/2025,Delivered,Cash on Delivery,PROD103,CUST5258,REV29362
ORD19363,3,25,28/11/2022,Delivered,PayPal,PROD114,CUST4084,REV29363
ORD19364,1,229,14/10/2024,Delivered,Cash on Delivery,PROD108,CUST5928,REV29364
ORD19365,5,199,14/02/2024,Pending,PayPal,PROD112,CUST4356,REV29365
ORD19366,5,59,27/03/2024,Shipped,PayPal,PROD111,CUST2118,REV29366
ORD19367,3,25,16/10/2023,Delivered,Cash on Delivery,PROD114,CUST2218,REV29367
ORD19368,1,149,18/11/2022,Delivered,Credit Card,PROD113,CUST2177,REV29368
ORD19369,5,149,28/11/2022,Pending,Cash on Delivery,PROD113,CUST2848,REV29369
ORD19370,4,80,19/09/2022,Returned,Cash on Delivery,PROD110,CUST1951,REV29370
ORD19371,3,149,13/08/2024,Pending,Credit Card,PROD113,CUST2724,REV29371
ORD19372,5,59,22/04/2024,Cancelled,PayPal,PROD103,CUST1587,REV29372
ORD19373,4,99,7/09/2024,Pending,Credit Card,PROD106,CUST5920,REV29373
ORD19374,3,59,21/02/2023,Cancelled,Credit Card,PROD103,CUST2020,REV29374
ORD19375,3,149,8/04/2024,Returned,PayPal,PROD113,CUST5049,REV29375
ORD19376,2,129,1/03/2023,Returned,Cash on Delivery,PROD109,CUST2080,REV29376
ORD19377,5,999,13/11/2023,Pending,Cash on Delivery,PROD100,CUST2599,REV29377
ORD19378,2,199,18/12/2024,Cancelled,PayPal,PROD102,CUST3302,REV29378
ORD19379,1,129,4/05/2023,Cancelled,Cash on Delivery,PROD109,CUST3878,REV29379
ORD19380,1,999,8/04/2025,Delivered,Cash on Delivery,PROD100,CUST1635,REV29380
ORD19381,2,149,9/07/2024,Delivered,Cash on Delivery,PROD113,CUST5698,REV29381
ORD19382,5,120,16/03/2023,Returned,PayPal,PROD104,CUST5066,REV29382
ORD19383,2,999,6/03/2025,Delivered,PayPal,PROD100,CUST1209,REV29383
ORD19384,1,120,9/04/2023,Shipped,Credit Card,PROD104,CUST1353,REV29384
ORD19385,3,59,27/03/2024,Shipped,Credit Card,PROD111,CUST2452,REV29385
ORD19386,4,25,30/12/2023,Shipped,Cash on Delivery,PROD114,CUST3490,REV29386
ORD19387,2,110,31/08/2022,Pending,Cash on Delivery,PROD105,CUST5667,REV29387
ORD19388,3,229,26/02/2024,Delivered,Credit Card,PROD108,CUST1119,REV29388
ORD19389,4,199,29/11/2023,Returned,Credit Card,PROD102,CUST2616,REV29389
ORD19390,2,59,14/05/2024,Returned,Cash on Delivery,PROD111,CUST1346,REV29390
ORD19391,1,199,25/11/2024,Cancelled,Cash on Delivery,PROD102,CUST5176,REV29391
ORD19392,4,899,15/08/2024,Pending,Credit Card,PROD101,CUST2425,REV29392
ORD19393,2,59,25/01/2025,Returned,PayPal,PROD111,CUST1832,REV29393
ORD19394,5,999,20/09/2023,Shipped,Cash on Delivery,PROD100,CUST4731,REV29394
ORD19395,2,99,8/02/2025,Delivered,Cash on Delivery,PROD106,CUST4593,REV29395
ORD19396,4,199,27/11/2024,Shipped,PayPal,PROD102,CUST1661,REV29396
ORD19397,1,25,28/12/2024,Cancelled,PayPal,PROD114,CUST1291,REV29397
ORD19398,3,120,4/07/2025,Pending,Cash on Delivery,PROD104,CUST5528,REV29398
ORD19399,4,399,8/11/2024,Returned,Credit Card,PROD107,CUST1278,REV29399
ORD19400,5,999,21/11/2023,Shipped,Credit Card,PROD100,CUST4434,REV29400
ORD19401,4,199,25/11/2022,Cancelled,PayPal,PROD102,CUST3307,REV29401
ORD19402,3,25,5/09/2022,Pending,Cash on Delivery,PROD114,CUST3117,REV29402
ORD19403,4,99,27/05/2024,Cancelled,PayPal,PROD106,CUST5099,REV29403
ORD19404,3,25,21/11/2023,Pending,Credit Card,PROD114,CUST4514,REV29404
ORD19405,4,25,10/04/2024,Pending,Cash on Delivery,PROD114,CUST2936,REV29405
ORD19406,5,229,7/09/2023,Pending,Cash on Delivery,PROD108,CUST2995,REV29406
ORD19407,4,80,5/01/2024,Delivered,Cash on Delivery,PROD110,CUST3242,REV29407
ORD19408,2,120,17/03/2023,Cancelled,Credit Card,PROD104,CUST4061,REV29408
ORD19409,5,229,21/07/2023,Cancelled,PayPal,PROD108,CUST2301,REV29409
ORD19410,1,59,9/10/2024,Pending,PayPal,PROD103,CUST5407,REV29410
ORD19411,2,59,23/10/2023,Returned,Credit Card,PROD103,CUST4680,REV29411
ORD19412,4,110,18/08/2023,Shipped,Cash on Delivery,PROD105,CUST4534,REV29412
ORD19413,5,129,14/09/2022,Delivered,Credit Card,PROD109,CUST4638,REV29413
ORD19414,4,99,16/02/2025,Pending,Cash on Delivery,PROD106,CUST1376,REV29414
ORD19415,2,399,13/03/2023,Pending,Credit Card,PROD107,CUST2977,REV29415
ORD19416,1,999,16/04/2024,Pending,PayPal,PROD100,CUST2106,REV29416
ORD19417,3,99,17/03/2023,Cancelled,Cash on Delivery,PROD106,CUST5876,REV29417
ORD19418,4,129,28/04/2023,Delivered,Credit Card,PROD109,CUST5743,REV29418
ORD19419,2,149,21/10/2023,Pending,Cash on Delivery,PROD113,CUST4736,REV29419
ORD19420,3,110,29/04/2025,Cancelled,Credit Card,PROD105,CUST5634,REV29420
ORD19421,5,129,2/07/2025,Returned,Cash on Delivery,PROD109,CUST1068,REV29421
ORD19422,5,120,19/02/2023,Cancelled,Cash on Delivery,PROD104,CUST3848,REV29422
ORD19423,4,899,21/07/2024,Delivered,Credit Card,PROD101,CUST2417,REV29423
ORD19424,5,399,31/12/2022,Pending,PayPal,PROD107,CUST3929,REV29424
ORD19425,4,399,4/07/2025,Cancelled,Credit Card,PROD107,CUST1166,REV29425
ORD19426,5,199,30/07/2024,Shipped,Cash on Delivery,PROD112,CUST2718,REV29426
ORD19427,3,25,9/03/2023,Pending,PayPal,PROD114,CUST5375,REV29427
ORD19428,5,199,22/02/2023,Shipped,Cash on Delivery,PROD112,CUST1949,REV29428
ORD19429,2,129,22/01/2024,Shipped,Cash on Delivery,PROD109,CUST4355,REV29429
ORD19430,5,149,30/07/2023,Shipped,Credit Card,PROD113,CUST2282,REV29430
ORD19431,5,59,15/05/2025,Returned,Cash on Delivery,PROD111,CUST2255,REV29431
ORD19432,4,149,29/11/2023,Shipped,PayPal,PROD113,CUST3026,REV29432
ORD19433,5,199,26/10/2023,Delivered,Cash on Delivery,PROD102,CUST1801,REV29433
ORD19434,5,199,5/05/2024,Pending,PayPal,PROD102,CUST5568,REV29434
ORD19435,2,99,2/03/2023,Pending,Credit Card,PROD106,CUST3646,REV29435
ORD19436,1,149,29/03/2025,Returned,PayPal,PROD113,CUST3783,REV29436
ORD19437,3,399,17/11/2023,Returned,Cash on Delivery,PROD107,CUST5164,REV29437
ORD19438,4,399,14/03/2024,Cancelled,Cash on Delivery,PROD107,CUST4679,REV29438
ORD19439,1,999,17/03/2024,Cancelled,PayPal,PROD100,CUST3437,REV29439
ORD19440,2,399,19/11/2023,Shipped,Cash on Delivery,PROD107,CUST2926,REV29440
ORD19441,4,199,24/08/2025,Shipped,Credit Card,PROD102,CUST2103,REV29441
ORD19442,2,199,6/02/2025,Pending,Cash on Delivery,PROD112,CUST4765,REV29442
ORD19443,1,110,1/03/2023,Delivered,Credit Card,PROD105,CUST1557,REV29443
ORD19444,2,59,16/04/2023,Returned,Cash on Delivery,PROD111,CUST1168,REV29444
ORD19445,2,399,26/02/2023,Returned,PayPal,PROD107,CUST4109,REV29445
ORD19446,1,149,23/02/2025,Returned,Cash on Delivery,PROD113,CUST1781,REV29446
ORD19447,5,149,1/09/2024,Cancelled,PayPal,PROD113,CUST5312,REV29447
ORD19448,4,25,9/01/2025,Pending,Credit Card,PROD114,CUST1220,REV29448
ORD19449,2,110,8/10/2024,Pending,PayPal,PROD105,CUST1632,REV29449
ORD19450,1,80,17/08/2025,Shipped,PayPal,PROD110,CUST1928,REV29450
ORD19451,1,129,21/04/2024,Cancelled,PayPal,PROD109,CUST2934,REV29451
ORD19452,2,899,6/06/2025,Delivered,Cash on Delivery,PROD101,CUST2385,REV29452
ORD19453,2,199,13/10/2023,Shipped,PayPal,PROD112,CUST5291,REV29453
ORD19454,4,59,1/06/2023,Returned,PayPal,PROD103,CUST1135,REV29454
ORD19455,2,99,1/07/2025,Returned,PayPal,PROD106,CUST4527,REV29455
ORD19456,1,99,24/01/2023,Returned,Cash on Delivery,PROD106,CUST4344,REV29456
ORD19457,1,110,7/07/2025,Shipped,PayPal,PROD105,CUST2981,REV29457
ORD19458,3,120,15/10/2023,Pending,Credit Card,PROD104,CUST1733,REV29458
ORD19459,5,149,9/03/2025,Returned,Cash on Delivery,PROD113,CUST5044,REV29459
ORD19460,2,59,29/09/2022,Cancelled,Cash on Delivery,PROD103,CUST4723,REV29460
ORD19461,3,129,4/02/2024,Returned,PayPal,PROD109,CUST5263,REV29461
ORD19462,2,199,9/06/2024,Returned,Cash on Delivery,PROD102,CUST3917,REV29462
ORD19463,2,99,31/08/2022,Pending,Credit Card,PROD106,CUST3075,REV29463
ORD19464,4,999,28/12/2023,Returned,Credit Card,PROD100,CUST4574,REV29464
ORD19465,3,25,12/05/2023,Pending,Credit Card,PROD114,CUST3814,REV29465
ORD19466,4,120,16/03/2024,Delivered,Cash on Delivery,PROD104,CUST1702,REV29466
ORD19467,4,149,15/07/2023,Pending,PayPal,PROD113,CUST5799,REV29467
ORD19468,2,110,21/11/2024,Shipped,Cash on Delivery,PROD105,CUST3626,REV29468
ORD19469,2,999,16/03/2023,Delivered,PayPal,PROD100,CUST2151,REV29469
ORD19470,4,120,29/06/2025,Delivered,PayPal,PROD104,CUST5074,REV29470
ORD19471,4,59,1/09/2023,Returned,Cash on Delivery,PROD103,CUST4359,REV29471
ORD19472,1,59,22/08/2023,Pending,Credit Card,PROD103,CUST5398,REV29472
ORD19473,4,99,15/08/2025,Delivered,Credit Card,PROD106,CUST4884,REV29473
ORD19474,2,199,23/07/2024,Delivered,Cash on Delivery,PROD102,CUST5871,REV29474
ORD19475,2,25,12/11/2024,Pending,Credit Card,PROD114,CUST4801,REV29475
ORD19476,2,120,17/02/2024,Delivered,PayPal,PROD104,CUST3079,REV29476
ORD19477,1,120,15/03/2025,Delivered,Cash on Delivery,PROD104,CUST4767,REV29477
ORD19478,5,110,18/02/2024,Shipped,Cash on Delivery,PROD105,CUST2047,REV29478
ORD19479,3,399,30/07/2025,Pending,Cash on Delivery,PROD107,CUST1257,REV29479
ORD19480,5,59,4/06/2025,Pending,PayPal,PROD103,CUST2398,REV29480
ORD19481,3,229,1/02/2023,Delivered,Credit Card,PROD108,CUST4351,REV29481
ORD19482,2,25,15/11/2022,Cancelled,Credit Card,PROD114,CUST4703,REV29482
ORD19483,3,899,1/10/2024,Delivered,PayPal,PROD101,CUST2114,REV29483
ORD19484,5,199,13/08/2024,Pending,PayPal,PROD112,CUST4647,REV29484
ORD19485,1,399,8/04/2025,Delivered,Cash on Delivery,PROD107,CUST1363,REV29485
ORD19486,2,399,2/03/2023,Cancelled,PayPal,PROD107,CUST2090,REV29486
ORD19487,3,99,27/09/2022,Shipped,PayPal,PROD106,CUST4515,REV29487
ORD19488,4,399,14/09/2024,Delivered,Cash on Delivery,PROD107,CUST1738,REV29488
ORD19489,3,899,2/12/2022,Pending,Credit Card,PROD101,CUST3980,REV29489
ORD19490,5,80,25/11/2022,Shipped,Credit Card,PROD110,CUST5052,REV29490
ORD19491,2,199,26/02/2023,Shipped,Cash on Delivery,PROD102,CUST3548,REV29491
ORD19492,2,199,27/08/2023,Pending,Cash on Delivery,PROD112,CUST3421,REV29492
ORD19493,2,25,13/06/2023,Delivered,PayPal,PROD114,CUST1210,REV29493
ORD19494,5,899,22/12/2023,Cancelled,Credit Card,PROD101,CUST4080,REV29494
ORD19495,2,229,17/10/2024,Pending,PayPal,PROD108,CUST5469,REV29495
ORD19496,3,999,5/07/2023,Cancelled,Cash on Delivery,PROD100,CUST4202,REV29496
ORD19497,5,399,20/05/2023,Cancelled,Credit Card,PROD107,CUST3330,REV29497
ORD19498,4,399,28/10/2022,Returned,PayPal,PROD107,CUST2478,REV29498
ORD19499,5,59,24/10/2024,Cancelled,Credit Card,PROD111,CUST3914,REV29499
ORD19500,4,59,5/11/2023,Returned,Cash on Delivery,PROD103,CUST4817,REV29500
ORD19501,4,59,12/05/2024,Shipped,Cash on Delivery,PROD111,CUST2822,REV29501
ORD19502,5,25,7/06/2023,Returned,PayPal,PROD114,CUST2043,REV29502
ORD19503,1,110,24/01/2024,Returned,PayPal,PROD105,CUST4214,REV29503
ORD19504,2,110,24/05/2024,Returned,Cash on Delivery,PROD105,CUST4714,REV29504
ORD19505,2,120,15/08/2025,Cancelled,PayPal,PROD104,CUST4016,REV29505
ORD19506,4,229,16/09/2023,Delivered,Credit Card,PROD108,CUST1437,REV29506
ORD19507,3,899,24/02/2025,Shipped,PayPal,PROD101,CUST1833,REV29507
ORD19508,4,199,12/01/2025,Delivered,PayPal,PROD102,CUST3412,REV29508
ORD19509,5,25,5/02/2025,Shipped,Credit Card,PROD114,CUST5808,REV29509
ORD19510,5,229,15/06/2023,Returned,Cash on Delivery,PROD108,CUST5836,REV29510
ORD19511,3,120,26/11/2022,Shipped,Credit Card,PROD104,CUST1831,REV29511
ORD19512,4,999,15/08/2025,Returned,Credit Card,PROD100,CUST5541,REV29512
ORD19513,3,399,9/09/2023,Delivered,Credit Card,PROD107,CUST2857,REV29513
ORD19514,3,59,13/08/2025,Delivered,Credit Card,PROD103,CUST2681,REV29514
ORD19515,1,399,1/02/2023,Delivered,Credit Card,PROD107,CUST1553,REV29515
ORD19516,2,59,16/03/2025,Shipped,PayPal,PROD103,CUST3966,REV29516
ORD19517,2,899,14/05/2023,Pending,Cash on Delivery,PROD101,CUST3336,REV29517
ORD19518,2,149,26/07/2023,Pending,PayPal,PROD113,CUST2576,REV29518
ORD19519,1,199,20/02/2025,Shipped,Cash on Delivery,PROD112,CUST3223,REV29519
ORD19520,1,229,8/02/2024,Returned,Cash on Delivery,PROD108,CUST5770,REV29520
ORD19521,1,99,12/04/2023,Returned,Credit Card,PROD106,CUST3981,REV29521
ORD19522,3,149,12/07/2024,Shipped,PayPal,PROD113,CUST2897,REV29522
ORD19523,5,129,19/07/2024,Cancelled,Cash on Delivery,PROD109,CUST2111,REV29523
ORD19524,2,25,28/07/2023,Delivered,PayPal,PROD114,CUST3741,REV29524
ORD19525,5,229,29/08/2022,Pending,PayPal,PROD108,CUST3964,REV29525
ORD19526,5,199,18/07/2025,Returned,PayPal,PROD102,CUST5957,REV29526
ORD19527,2,25,18/01/2023,Delivered,Cash on Delivery,PROD114,CUST5874,REV29527
ORD19528,1,59,6/10/2024,Returned,Cash on Delivery,PROD111,CUST1690,REV29528
ORD19529,2,25,31/12/2022,Shipped,Credit Card,PROD114,CUST2457,REV29529
ORD19530,2,229,15/06/2025,Cancelled,Cash on Delivery,PROD108,CUST3801,REV29530
ORD19531,5,80,15/02/2023,Cancelled,Credit Card,PROD110,CUST1752,REV29531
ORD19532,1,120,25/03/2025,Pending,Cash on Delivery,PROD104,CUST2106,REV29532
ORD19533,1,199,25/09/2024,Pending,Cash on Delivery,PROD112,CUST5858,REV29533
ORD19534,5,149,16/08/2023,Shipped,Credit Card,PROD113,CUST3854,REV29534
ORD19535,5,899,26/04/2025,Cancelled,Cash on Delivery,PROD101,CUST5606,REV29535
ORD19536,5,199,28/04/2023,Cancelled,Cash on Delivery,PROD102,CUST2351,REV29536
ORD19537,1,99,10/02/2025,Delivered,Cash on Delivery,PROD106,CUST4118,REV29537
ORD19538,3,149,23/06/2023,Delivered,PayPal,PROD113,CUST3388,REV29538
ORD19539,2,129,9/11/2023,Shipped,Credit Card,PROD109,CUST3844,REV29539
ORD19540,3,129,31/10/2022,Cancelled,PayPal,PROD109,CUST2727,REV29540
ORD19541,5,120,31/10/2024,Delivered,Credit Card,PROD104,CUST1392,REV29541
ORD19542,2,199,27/01/2024,Returned,Cash on Delivery,PROD112,CUST4436,REV29542
ORD19543,5,59,19/07/2025,Shipped,Cash on Delivery,PROD111,CUST3987,REV29543
ORD19544,3,59,4/07/2024,Shipped,Credit Card,PROD111,CUST4677,REV29544
ORD19545,4,999,20/03/2024,Shipped,Credit Card,PROD100,CUST1784,REV29545
ORD19546,4,199,13/05/2024,Delivered,Credit Card,PROD102,CUST5023,REV29546
ORD19547,2,129,19/08/2025,Delivered,Cash on Delivery,PROD109,CUST2542,REV29547
ORD19548,5,899,16/04/2023,Cancelled,Cash on Delivery,PROD101,CUST2966,REV29548
ORD19549,2,199,21/01/2024,Returned,Cash on Delivery,PROD112,CUST5757,REV29549
ORD19550,2,80,2/06/2023,Shipped,Cash on Delivery,PROD110,CUST2632,REV29550
ORD19551,4,120,28/02/2024,Returned,Cash on Delivery,PROD104,CUST4186,REV29551
ORD19552,4,99,1/03/2024,Shipped,Cash on Delivery,PROD106,CUST1172,REV29552
ORD19553,4,80,2/12/2023,Delivered,Cash on Delivery,PROD110,CUST2504,REV29553
ORD19554,1,129,29/12/2024,Cancelled,Credit Card,PROD109,CUST1712,REV29554
ORD19555,2,120,2/07/2024,Pending,PayPal,PROD104,CUST2059,REV29555
ORD19556,2,229,29/07/2024,Returned,Credit Card,PROD108,CUST1037,REV29556
ORD19557,1,59,26/09/2024,Delivered,Cash on Delivery,PROD111,CUST3565,REV29557
ORD19558,5,899,27/06/2024,Pending,PayPal,PROD101,CUST1029,REV29558
ORD19559,1,59,13/10/2022,Shipped,PayPal,PROD111,CUST4992,REV29559
ORD19560,5,199,22/02/2023,Cancelled,Cash on Delivery,PROD112,CUST1272,REV29560
ORD19561,4,399,21/03/2025,Returned,PayPal,PROD107,CUST2917,REV29561
ORD19562,1,99,8/04/2023,Returned,Credit Card,PROD106,CUST2081,REV29562
ORD19563,5,110,21/04/2023,Cancelled,Credit Card,PROD105,CUST1893,REV29563
ORD19564,1,59,1/03/2023,Shipped,PayPal,PROD111,CUST1376,REV29564
ORD19565,4,399,26/01/2024,Pending,PayPal,PROD107,CUST3705,REV29565
ORD19566,2,199,12/01/2025,Cancelled,PayPal,PROD112,CUST2597,REV29566
ORD19567,2,229,15/03/2023,Delivered,PayPal,PROD108,CUST5289,REV29567
ORD19568,5,110,5/09/2023,Returned,Credit Card,PROD105,CUST3568,REV29568
ORD19569,4,149,21/11/2024,Cancelled,Credit Card,PROD113,CUST3817,REV29569
ORD19570,4,120,25/12/2022,Returned,PayPal,PROD104,CUST2340,REV29570
ORD19571,2,229,27/08/2023,Shipped,Credit Card,PROD108,CUST5228,REV29571
ORD19572,1,59,2/05/2025,Returned,PayPal,PROD103,CUST2092,REV29572
ORD19573,5,999,21/06/2024,Cancelled,PayPal,PROD100,CUST1687,REV29573
ORD19574,5,199,17/04/2024,Returned,Cash on Delivery,PROD102,CUST4676,REV29574
ORD19575,2,149,19/02/2023,Returned,Credit Card,PROD113,CUST1851,REV29575
ORD19576,2,199,21/05/2024,Delivered,Cash on Delivery,PROD102,CUST2255,REV29576
ORD19577,2,229,24/04/2025,Pending,Credit Card,PROD108,CUST5023,REV29577
ORD19578,5,999,4/03/2023,Returned,Cash on Delivery,PROD100,CUST2770,REV29578
ORD19579,2,899,21/06/2025,Returned,Credit Card,PROD101,CUST1982,REV29579
ORD19580,3,59,12/10/2024,Delivered,PayPal,PROD111,CUST3680,REV29580
ORD19581,4,229,22/04/2025,Pending,PayPal,PROD108,CUST4537,REV29581
ORD19582,1,129,28/01/2025,Returned,Cash on Delivery,PROD109,CUST4957,REV29582
ORD19583,4,229,14/03/2023,Pending,Credit Card,PROD108,CUST1741,REV29583
ORD19584,2,99,17/06/2023,Returned,Credit Card,PROD106,CUST1087,REV29584
ORD19585,5,80,29/05/2023,Shipped,PayPal,PROD110,CUST4320,REV29585
ORD19586,4,120,5/10/2023,Shipped,PayPal,PROD104,CUST1861,REV29586
ORD19587,3,99,13/10/2022,Returned,Cash on Delivery,PROD106,CUST1438,REV29587
ORD19588,2,199,11/01/2025,Pending,Cash on Delivery,PROD112,CUST1182,REV29588
ORD19589,2,229,3/03/2025,Delivered,Cash on Delivery,PROD108,CUST3406,REV29589
ORD19590,1,120,17/10/2024,Shipped,Credit Card,PROD104,CUST4413,REV29590
ORD19591,1,129,15/02/2023,Cancelled,PayPal,PROD109,CUST4614,REV29591
ORD19592,4,999,1/12/2024,Pending,PayPal,PROD100,CUST4255,REV29592
ORD19593,2,99,4/06/2025,Pending,Cash on Delivery,PROD106,CUST5777,REV29593
ORD19594,4,999,31/08/2022,Cancelled,PayPal,PROD100,CUST5510,REV29594
ORD19595,5,229,29/04/2024,Cancelled,PayPal,PROD108,CUST2165,REV29595
ORD19596,5,59,24/05/2023,Delivered,Cash on Delivery,PROD111,CUST2906,REV29596
ORD19597,4,229,21/07/2024,Shipped,Cash on Delivery,PROD108,CUST4110,REV29597
ORD19598,4,59,3/01/2024,Pending,Credit Card,PROD103,CUST5705,REV29598
ORD19599,5,199,9/04/2023,Pending,Credit Card,PROD112,CUST5762,REV29599
ORD19600,1,399,7/06/2024,Pending,Credit Card,PROD107,CUST2865,REV29600
ORD19601,3,199,15/03/2023,Pending,Cash on Delivery,PROD112,CUST3569,REV29601
ORD19602,3,399,14/05/2025,Delivered,Cash on Delivery,PROD107,CUST2967,REV29602
ORD19603,5,229,4/08/2025,Returned,Credit Card,PROD108,CUST3523,REV29603
ORD19604,1,149,5/06/2024,Shipped,PayPal,PROD113,CUST5091,REV29604
ORD19605,3,80,26/02/2025,Delivered,Credit Card,PROD110,CUST4996,REV29605
ORD19606,3,399,19/05/2024,Cancelled,Credit Card,PROD107,CUST3089,REV29606
ORD19607,3,59,20/11/2022,Shipped,Credit Card,PROD111,CUST1098,REV29607
ORD19608,5,999,17/05/2024,Delivered,Credit Card,PROD100,CUST1286,REV29608
ORD19609,4,149,12/03/2024,Shipped,Credit Card,PROD113,CUST5621,REV29609
ORD19610,3,25,17/12/2022,Delivered,Cash on Delivery,PROD114,CUST2023,REV29610
ORD19611,5,99,9/07/2023,Shipped,PayPal,PROD106,CUST4321,REV29611
ORD19612,1,99,1/09/2023,Shipped,PayPal,PROD106,CUST3580,REV29612
ORD19613,4,129,12/05/2024,Pending,Credit Card,PROD109,CUST2529,REV29613
ORD19614,4,199,23/04/2025,Delivered,PayPal,PROD102,CUST2197,REV29614
ORD19615,5,999,7/11/2024,Shipped,Cash on Delivery,PROD100,CUST5079,REV29615
ORD19616,5,129,22/12/2024,Pending,Cash on Delivery,PROD109,CUST1990,REV29616
ORD19617,3,59,22/01/2024,Returned,PayPal,PROD103,CUST3804,REV29617
ORD19618,4,80,19/03/2024,Delivered,Cash on Delivery,PROD110,CUST5960,REV29618
ORD19619,4,110,22/12/2023,Delivered,Cash on Delivery,PROD105,CUST2171,REV29619
ORD19620,3,99,30/10/2022,Shipped,Credit Card,PROD106,CUST2122,REV29620
ORD19621,3,149,22/03/2023,Delivered,Cash on Delivery,PROD113,CUST4559,REV29621
ORD19622,2,25,14/03/2024,Cancelled,PayPal,PROD114,CUST1032,REV29622
ORD19623,3,149,22/01/2023,Cancelled,Credit Card,PROD113,CUST5861,REV29623
ORD19624,3,199,30/11/2023,Pending,Cash on Delivery,PROD112,CUST4308,REV29624
ORD19625,3,99,24/09/2022,Returned,Credit Card,PROD106,CUST1649,REV29625
ORD19626,2,25,16/04/2023,Shipped,Credit Card,PROD114,CUST2379,REV29626
ORD19627,1,999,28/02/2025,Delivered,PayPal,PROD100,CUST3157,REV29627
ORD19628,1,80,3/05/2025,Delivered,Cash on Delivery,PROD110,CUST5236,REV29628
ORD19629,4,999,29/11/2022,Cancelled,Credit Card,PROD100,CUST5372,REV29629
ORD19630,5,149,22/11/2022,Returned,PayPal,PROD113,CUST1215,REV29630
ORD19631,3,129,28/10/2024,Returned,Credit Card,PROD109,CUST1619,REV29631
ORD19632,2,199,18/08/2024,Shipped,Credit Card,PROD102,CUST4346,REV29632
ORD19633,3,80,31/07/2024,Cancelled,PayPal,PROD110,CUST1015,REV29633
ORD19634,4,899,24/10/2024,Delivered,Credit Card,PROD101,CUST5566,REV29634
ORD19635,3,80,29/03/2024,Delivered,PayPal,PROD110,CUST3870,REV29635
ORD19636,1,149,26/06/2025,Delivered,Cash on Delivery,PROD113,CUST2421,REV29636
ORD19637,4,399,17/11/2023,Delivered,Credit Card,PROD107,CUST3675,REV29637
ORD19638,4,80,1/08/2023,Delivered,Credit Card,PROD110,CUST1645,REV29638
ORD19639,5,149,7/07/2023,Cancelled,PayPal,PROD113,CUST5892,REV29639
ORD19640,4,199,26/02/2024,Returned,Cash on Delivery,PROD102,CUST5484,REV29640
ORD19641,5,59,15/05/2025,Pending,Credit Card,PROD103,CUST5667,REV29641
ORD19642,3,59,2/08/2023,Shipped,Cash on Delivery,PROD111,CUST4600,REV29642
ORD19643,2,80,20/07/2023,Cancelled,Credit Card,PROD110,CUST3986,REV29643
ORD19644,3,199,19/11/2022,Shipped,Cash on Delivery,PROD102,CUST3687,REV29644
ORD19645,4,899,21/06/2024,Cancelled,Cash on Delivery,PROD101,CUST3104,REV29645
ORD19646,5,149,18/12/2024,Returned,Credit Card,PROD113,CUST2367,REV29646
ORD19647,2,399,28/04/2024,Returned,Credit Card,PROD107,CUST2684,REV29647
ORD19648,1,59,17/03/2025,Shipped,Credit Card,PROD103,CUST3649,REV29648
ORD19649,3,59,8/10/2023,Cancelled,PayPal,PROD111,CUST1387,REV29649
ORD19650,5,59,6/10/2022,Cancelled,Cash on Delivery,PROD111,CUST5338,REV29650
ORD19651,3,229,16/07/2025,Cancelled,Cash on Delivery,PROD108,CUST3917,REV29651
ORD19652,1,149,1/03/2025,Delivered,Cash on Delivery,PROD113,CUST2342,REV29652
ORD19653,3,199,21/10/2023,Shipped,Cash on Delivery,PROD102,CUST5742,REV29653
ORD19654,1,99,19/07/2023,Delivered,PayPal,PROD106,CUST1119,REV29654
ORD19655,1,149,22/01/2024,Cancelled,Cash on Delivery,PROD113,CUST2127,REV29655
ORD19656,4,199,17/02/2025,Shipped,PayPal,PROD112,CUST5977,REV29656
ORD19657,2,899,16/08/2024,Cancelled,PayPal,PROD101,CUST1338,REV29657
ORD19658,5,80,18/07/2025,Shipped,Cash on Delivery,PROD110,CUST3259,REV29658
ORD19659,4,999,10/04/2024,Shipped,Credit Card,PROD100,CUST3289,REV29659
ORD19660,5,59,28/11/2024,Cancelled,PayPal,PROD103,CUST2453,REV29660
ORD19661,1,199,16/02/2023,Cancelled,Credit Card,PROD102,CUST4146,REV29661
ORD19662,2,899,30/11/2022,Delivered,Credit Card,PROD101,CUST4960,REV29662
ORD19663,1,199,26/04/2025,Shipped,Credit Card,PROD102,CUST2495,REV29663
ORD19664,4,120,22/10/2022,Delivered,PayPal,PROD104,CUST2490,REV29664
ORD19665,5,80,20/05/2025,Delivered,Cash on Delivery,PROD110,CUST3134,REV29665
ORD19666,1,999,22/01/2023,Pending,Credit Card,PROD100,CUST2553,REV29666
ORD19667,1,110,20/12/2023,Shipped,PayPal,PROD105,CUST1812,REV29667
ORD19668,5,199,1/02/2023,Cancelled,Cash on Delivery,PROD102,CUST4192,REV29668
ORD19669,3,80,31/07/2023,Returned,Credit Card,PROD110,CUST1806,REV29669
ORD19670,3,110,20/06/2025,Shipped,Credit Card,PROD105,CUST4714,REV29670
ORD19671,5,129,15/02/2023,Cancelled,Cash on Delivery,PROD109,CUST1261,REV29671
ORD19672,1,399,23/08/2024,Shipped,Credit Card,PROD107,CUST2933,REV29672
ORD19673,3,120,23/12/2024,Pending,Credit Card,PROD104,CUST1937,REV29673
ORD19674,5,59,30/06/2023,Delivered,Cash on Delivery,PROD103,CUST5234,REV29674
ORD19675,5,25,12/02/2023,Shipped,Cash on Delivery,PROD114,CUST3436,REV29675
ORD19676,5,199,20/08/2024,Delivered,PayPal,PROD112,CUST2529,REV29676
ORD19677,1,229,2/01/2024,Returned,PayPal,PROD108,CUST1906,REV29677
ORD19678,2,149,6/09/2023,Shipped,Credit Card,PROD113,CUST2326,REV29678
ORD19679,2,199,7/02/2023,Pending,Credit Card,PROD102,CUST3908,REV29679
ORD19680,4,149,9/08/2025,Cancelled,Cash on Delivery,PROD113,CUST5860,REV29680
ORD19681,1,59,4/12/2023,Returned,Credit Card,PROD103,CUST5691,REV29681
ORD19682,3,99,22/08/2025,Shipped,Credit Card,PROD106,CUST5010,REV29682
ORD19683,3,199,20/12/2023,Returned,Cash on Delivery,PROD112,CUST2191,REV29683
ORD19684,2,25,4/06/2024,Returned,Credit Card,PROD114,CUST4322,REV29684
ORD19685,5,59,8/03/2024,Pending,Cash on Delivery,PROD111,CUST1064,REV29685
ORD19686,2,59,9/07/2024,Shipped,PayPal,PROD111,CUST5276,REV29686
ORD19687,2,25,28/02/2024,Delivered,PayPal,PROD114,CUST4316,REV29687
ORD19688,3,59,18/12/2024,Delivered,Credit Card,PROD111,CUST5652,REV29688
ORD19689,5,199,13/02/2023,Returned,PayPal,PROD112,CUST5094,REV29689
ORD19690,2,80,20/01/2025,Shipped,PayPal,PROD110,CUST4723,REV29690
ORD19691,4,199,28/02/2023,Returned,PayPal,PROD102,CUST3735,REV29691
ORD19692,1,99,2/03/2023,Delivered,Cash on Delivery,PROD106,CUST4222,REV29692
ORD19693,5,110,8/03/2023,Delivered,PayPal,PROD105,CUST2482,REV29693
ORD19694,2,399,10/02/2023,Pending,PayPal,PROD107,CUST5042,REV29694
ORD19695,2,129,28/10/2022,Delivered,PayPal,PROD109,CUST4307,REV29695
ORD19696,2,999,13/12/2024,Shipped,PayPal,PROD100,CUST2847,REV29696
ORD19697,2,999,25/03/2024,Shipped,PayPal,PROD100,CUST3493,REV29697
ORD19698,3,110,23/02/2024,Shipped,Credit Card,PROD105,CUST1285,REV29698
ORD19699,2,899,20/05/2025,Cancelled,Cash on Delivery,PROD101,CUST2455,REV29699
ORD19700,3,199,1/11/2022,Shipped,Cash on Delivery,PROD112,CUST4045,REV29700
ORD19701,3,59,11/11/2023,Shipped,Credit Card,PROD103,CUST2376,REV29701
ORD19702,3,59,2/12/2022,Cancelled,PayPal,PROD111,CUST3438,REV29702
ORD19703,2,199,15/09/2022,Shipped,Credit Card,PROD102,CUST2610,REV29703
ORD19704,5,129,9/02/2025,Delivered,PayPal,PROD109,CUST4746,REV29704
ORD19705,3,25,26/01/2023,Returned,Credit Card,PROD114,CUST4990,REV29705
ORD19706,3,229,8/09/2022,Delivered,Cash on Delivery,PROD108,CUST1394,REV29706
ORD19707,2,129,2/04/2023,Pending,PayPal,PROD109,CUST4800,REV29707
ORD19708,5,99,4/02/2023,Returned,Cash on Delivery,PROD106,CUST1027,REV29708
ORD19709,4,59,30/11/2024,Pending,Credit Card,PROD103,CUST5227,REV29709
ORD19710,1,80,19/06/2025,Cancelled,PayPal,PROD110,CUST2259,REV29710
ORD19711,5,59,21/01/2025,Cancelled,Credit Card,PROD103,CUST1901,REV29711
ORD19712,3,899,23/10/2023,Cancelled,Cash on Delivery,PROD101,CUST2637,REV29712
ORD19713,2,199,21/08/2025,Returned,Cash on Delivery,PROD112,CUST5545,REV29713
ORD19714,2,999,4/10/2024,Returned,Cash on Delivery,PROD100,CUST2826,REV29714
ORD19715,5,199,11/04/2023,Shipped,Cash on Delivery,PROD102,CUST1152,REV29715
ORD19716,3,999,17/11/2024,Delivered,Cash on Delivery,PROD100,CUST4627,REV29716
ORD19717,2,399,5/06/2025,Pending,Credit Card,PROD107,CUST1999,REV29717
ORD19718,3,129,7/10/2022,Returned,Cash on Delivery,PROD109,CUST5444,REV29718
ORD19719,2,25,4/04/2024,Shipped,Credit Card,PROD114,CUST4433,REV29719
ORD19720,2,59,31/12/2023,Shipped,PayPal,PROD111,CUST4471,REV29720
ORD19721,2,229,13/03/2024,Delivered,Credit Card,PROD108,CUST1599,REV29721
ORD19722,5,229,20/06/2023,Cancelled,Credit Card,PROD108,CUST2772,REV29722
ORD19723,2,199,6/06/2023,Delivered,Cash on Delivery,PROD102,CUST5770,REV29723
ORD19724,5,25,28/11/2023,Cancelled,PayPal,PROD114,CUST3702,REV29724
ORD19725,3,999,22/04/2024,Cancelled,Credit Card,PROD100,CUST5698,REV29725
ORD19726,3,80,20/06/2024,Delivered,Cash on Delivery,PROD110,CUST3254,REV29726
ORD19727,4,99,17/03/2025,Pending,Credit Card,PROD106,CUST1449,REV29727
ORD19728,5,899,14/06/2025,Returned,PayPal,PROD101,CUST1441,REV29728
ORD19729,3,59,23/09/2022,Cancelled,Credit Card,PROD103,CUST3990,REV29729
ORD19730,3,199,11/05/2023,Pending,Credit Card,PROD112,CUST5797,REV29730
ORD19731,2,199,10/04/2025,Shipped,PayPal,PROD112,CUST1860,REV29731
ORD19732,3,229,2/08/2023,Cancelled,Credit Card,PROD108,CUST1152,REV29732
ORD19733,3,25,10/10/2022,Delivered,PayPal,PROD114,CUST5507,REV29733
ORD19734,4,399,1/08/2024,Delivered,PayPal,PROD107,CUST3614,REV29734
ORD19735,1,120,26/11/2023,Pending,Cash on Delivery,PROD104,CUST5769,REV29735
ORD19736,2,59,1/10/2022,Delivered,Credit Card,PROD103,CUST5867,REV29736
ORD19737,4,110,27/05/2023,Delivered,Cash on Delivery,PROD105,CUST5900,REV29737
ORD19738,3,129,13/05/2025,Cancelled,PayPal,PROD109,CUST5059,REV29738
ORD19739,3,399,9/10/2022,Delivered,PayPal,PROD107,CUST3184,REV29739
ORD19740,3,399,10/06/2023,Shipped,PayPal,PROD107,CUST2886,REV29740
ORD19741,5,199,9/11/2023,Returned,PayPal,PROD112,CUST3906,REV29741
ORD19742,3,80,6/10/2022,Delivered,Cash on Delivery,PROD110,CUST3552,REV29742
ORD19743,1,399,11/11/2022,Pending,Credit Card,PROD107,CUST2197,REV29743
ORD19744,1,59,9/01/2023,Pending,Credit Card,PROD111,CUST3723,REV29744
ORD19745,1,129,18/02/2025,Cancelled,Cash on Delivery,PROD109,CUST5192,REV29745
ORD19746,1,129,18/10/2022,Returned,Cash on Delivery,PROD109,CUST2250,REV29746
ORD19747,2,25,31/10/2024,Cancelled,PayPal,PROD114,CUST2353,REV29747
ORD19748,5,110,29/07/2025,Pending,PayPal,PROD105,CUST4302,REV29748
ORD19749,5,59,3/03/2025,Cancelled,Credit Card,PROD103,CUST2468,REV29749
ORD19750,3,899,13/02/2023,Shipped,Cash on Delivery,PROD101,CUST2589,REV29750
ORD19751,2,399,9/12/2024,Shipped,PayPal,PROD107,CUST3537,REV29751
ORD19752,4,59,30/10/2022,Pending,PayPal,PROD103,CUST5505,REV29752
ORD19753,4,899,15/02/2025,Pending,PayPal,PROD101,CUST3033,REV29753
ORD19754,1,59,18/11/2022,Returned,Cash on Delivery,PROD103,CUST1676,REV29754
ORD19755,5,110,20/04/2025,Delivered,PayPal,PROD105,CUST4474,REV29755
ORD19756,4,80,23/01/2024,Delivered,Credit Card,PROD110,CUST1703,REV29756
ORD19757,2,120,24/01/2024,Cancelled,Credit Card,PROD104,CUST4630,REV29757
ORD19758,5,399,2/07/2023,Shipped,Cash on Delivery,PROD107,CUST2375,REV29758
ORD19759,4,99,10/04/2025,Pending,PayPal,PROD106,CUST2591,REV29759
ORD19760,4,129,28/11/2024,Cancelled,Credit Card,PROD109,CUST1856,REV29760
ORD19761,4,999,7/08/2025,Returned,Credit Card,PROD100,CUST4338,REV29761
ORD19762,3,59,10/03/2024,Shipped,PayPal,PROD103,CUST2769,REV29762
ORD19763,1,25,4/07/2023,Shipped,PayPal,PROD114,CUST1934,REV29763
ORD19764,4,80,6/07/2025,Pending,Credit Card,PROD110,CUST4076,REV29764
ORD19765,5,120,16/09/2022,Cancelled,PayPal,PROD104,CUST3309,REV29765
ORD19766,3,110,4/01/2023,Delivered,Credit Card,PROD105,CUST3800,REV29766
ORD19767,3,120,27/11/2024,Returned,PayPal,PROD104,CUST1509,REV29767
ORD19768,4,120,12/07/2024,Cancelled,Credit Card,PROD104,CUST4787,REV29768
ORD19769,2,110,18/05/2024,Pending,Cash on Delivery,PROD105,CUST2805,REV29769
ORD19770,2,399,18/03/2024,Shipped,Cash on Delivery,PROD107,CUST4889,REV29770
ORD19771,3,129,30/08/2022,Pending,PayPal,PROD109,CUST5051,REV29771
ORD19772,4,199,9/01/2024,Delivered,PayPal,PROD102,CUST1375,REV29772
ORD19773,5,120,3/11/2023,Returned,Credit Card,PROD104,CUST4099,REV29773
ORD19774,2,59,11/08/2024,Cancelled,Credit Card,PROD111,CUST2192,REV29774
ORD19775,5,199,14/04/2023,Returned,Cash on Delivery,PROD102,CUST3695,REV29775
ORD19776,5,99,5/05/2023,Pending,PayPal,PROD106,CUST2271,REV29776
ORD19777,1,199,14/12/2024,Shipped,Credit Card,PROD112,CUST4413,REV29777
ORD19778,3,25,24/07/2025,Cancelled,Credit Card,PROD114,CUST4843,REV29778
ORD19779,1,59,11/09/2024,Shipped,PayPal,PROD103,CUST3209,REV29779
ORD19780,3,120,12/03/2023,Cancelled,Cash on Delivery,PROD104,CUST5146,REV29780
ORD19781,2,59,2/04/2023,Returned,Credit Card,PROD103,CUST4116,REV29781
ORD19782,3,59,4/04/2025,Pending,PayPal,PROD111,CUST2570,REV29782
ORD19783,2,59,9/08/2024,Shipped,Credit Card,PROD103,CUST5286,REV29783
ORD19784,2,229,19/05/2023,Shipped,PayPal,PROD108,CUST1942,REV29784
ORD19785,3,199,2/06/2025,Cancelled,Cash on Delivery,PROD112,CUST2980,REV29785
ORD19786,3,199,8/12/2023,Pending,PayPal,PROD112,CUST3519,REV29786
ORD19787,1,149,7/06/2025,Delivered,PayPal,PROD113,CUST1156,REV29787
ORD19788,3,149,28/11/2022,Delivered,Cash on Delivery,PROD113,CUST2586,REV29788
ORD19789,5,110,27/08/2022,Returned,Cash on Delivery,PROD105,CUST2957,REV29789
ORD19790,1,59,7/02/2025,Cancelled,Credit Card,PROD111,CUST3157,REV29790
ORD19791,3,899,13/10/2024,Shipped,PayPal,PROD101,CUST2558,REV29791
ORD19792,1,129,1/02/2023,Pending,Credit Card,PROD109,CUST4072,REV29792
ORD19793,3,199,27/11/2024,Delivered,Cash on Delivery,PROD102,CUST2059,REV29793
ORD19794,5,120,5/03/2025,Returned,Cash on Delivery,PROD104,CUST4580,REV29794
ORD19795,2,199,7/02/2025,Pending,Credit Card,PROD112,CUST1737,REV29795
ORD19796,2,999,27/09/2024,Returned,PayPal,PROD100,CUST5034,REV29796
ORD19797,5,999,16/02/2023,Delivered,Credit Card,PROD100,CUST3781,REV29797
ORD19798,5,149,11/09/2023,Returned,Credit Card,PROD113,CUST4581,REV29798
ORD19799,4,99,1/06/2024,Pending,Credit Card,PROD106,CUST4983,REV29799
ORD19800,5,110,1/03/2025,Returned,Cash on Delivery,PROD105,CUST4087,REV29800
ORD19801,1,59,21/11/2024,Pending,PayPal,PROD111,CUST3958,REV29801
ORD19802,1,199,23/10/2022,Returned,Cash on Delivery,PROD112,CUST5711,REV29802
ORD19803,5,199,15/02/2025,Delivered,Cash on Delivery,PROD102,CUST1805,REV29803
ORD19804,5,110,15/12/2022,Shipped,Credit Card,PROD105,CUST2088,REV29804
ORD19805,5,229,27/04/2024,Shipped,PayPal,PROD108,CUST3652,REV29805
ORD19806,1,120,28/04/2023,Pending,Cash on Delivery,PROD104,CUST1455,REV29806
ORD19807,3,120,16/09/2022,Returned,Cash on Delivery,PROD104,CUST4244,REV29807
ORD19808,2,120,3/11/2022,Cancelled,Credit Card,PROD104,CUST4836,REV29808
ORD19809,5,999,7/03/2025,Cancelled,PayPal,PROD100,CUST5077,REV29809
ORD19810,5,120,1/06/2024,Cancelled,PayPal,PROD104,CUST1476,REV29810
ORD19811,3,80,9/11/2024,Delivered,Credit Card,PROD110,CUST1968,REV29811
ORD19812,4,199,27/04/2023,Cancelled,Cash on Delivery,PROD102,CUST1224,REV29812
ORD19813,5,229,5/01/2025,Shipped,Credit Card,PROD108,CUST2528,REV29813
ORD19814,3,59,31/08/2024,Pending,PayPal,PROD111,CUST3984,REV29814
ORD19815,3,110,12/03/2024,Pending,Credit Card,PROD105,CUST4325,REV29815
ORD19816,4,59,11/09/2022,Shipped,Cash on Delivery,PROD111,CUST2736,REV29816
ORD19817,3,120,20/11/2024,Returned,PayPal,PROD104,CUST3383,REV29817
ORD19818,5,120,3/04/2023,Delivered,PayPal,PROD104,CUST4390,REV29818
ORD19819,3,199,3/04/2023,Shipped,PayPal,PROD102,CUST2182,REV29819
ORD19820,2,229,26/08/2024,Delivered,Cash on Delivery,PROD108,CUST5153,REV29820
ORD19821,1,199,5/09/2022,Cancelled,Cash on Delivery,PROD102,CUST5617,REV29821
ORD19822,3,110,16/12/2022,Delivered,Cash on Delivery,PROD105,CUST3157,REV29822
ORD19823,2,899,24/05/2023,Shipped,Credit Card,PROD101,CUST5586,REV29823
ORD19824,4,149,6/10/2023,Shipped,Cash on Delivery,PROD113,CUST1109,REV29824
ORD19825,1,59,13/05/2024,Returned,PayPal,PROD103,CUST3634,REV29825
ORD19826,5,399,14/11/2024,Cancelled,Cash on Delivery,PROD107,CUST5429,REV29826
ORD19827,1,99,16/11/2022,Shipped,Cash on Delivery,PROD106,CUST4975,REV29827
ORD19828,1,120,20/05/2025,Pending,Credit Card,PROD104,CUST3606,REV29828
ORD19829,1,149,11/03/2023,Pending,PayPal,PROD113,CUST5252,REV29829
ORD19830,2,80,12/12/2024,Returned,PayPal,PROD110,CUST5812,REV29830
ORD19831,2,199,1/12/2024,Pending,PayPal,PROD112,CUST2956,REV29831
ORD19832,5,199,27/08/2022,Returned,PayPal,PROD112,CUST2479,REV29832
ORD19833,4,129,16/09/2022,Cancelled,PayPal,PROD109,CUST4278,REV29833
ORD19834,3,129,29/09/2022,Delivered,Credit Card,PROD109,CUST4277,REV29834
ORD19835,1,120,12/12/2023,Returned,Cash on Delivery,PROD104,CUST4509,REV29835
ORD19836,4,80,31/07/2024,Delivered,PayPal,PROD110,CUST2123,REV29836
ORD19837,5,229,28/08/2024,Delivered,Credit Card,PROD108,CUST4346,REV29837
ORD19838,5,199,23/11/2023,Cancelled,Cash on Delivery,PROD112,CUST4550,REV29838
ORD19839,5,59,10/02/2023,Cancelled,PayPal,PROD103,CUST4547,REV29839
ORD19840,5,129,17/02/2024,Returned,PayPal,PROD109,CUST1009,REV29840
ORD19841,4,120,17/01/2025,Returned,Cash on Delivery,PROD104,CUST1972,REV29841
ORD19842,4,59,16/07/2024,Delivered,Cash on Delivery,PROD103,CUST2774,REV29842
ORD19843,1,110,17/11/2022,Pending,PayPal,PROD105,CUST5685,REV29843
ORD19844,5,110,14/01/2024,Cancelled,Credit Card,PROD105,CUST3810,REV29844
ORD19845,5,199,4/08/2025,Shipped,Cash on Delivery,PROD102,CUST2760,REV29845
ORD19846,2,99,12/12/2022,Returned,PayPal,PROD106,CUST4773,REV29846
ORD19847,2,25,28/07/2023,Pending,Cash on Delivery,PROD114,CUST2535,REV29847
ORD19848,5,199,7/03/2023,Cancelled,PayPal,PROD102,CUST3195,REV29848
ORD19849,2,59,8/07/2024,Delivered,PayPal,PROD111,CUST5125,REV29849
ORD19850,4,99,13/11/2024,Pending,Cash on Delivery,PROD106,CUST5990,REV29850
ORD19851,4,199,5/08/2023,Returned,Credit Card,PROD102,CUST3524,REV29851
ORD19852,5,110,16/09/2022,Cancelled,PayPal,PROD105,CUST3513,REV29852
ORD19853,5,199,23/10/2022,Returned,Credit Card,PROD102,CUST3535,REV29853
ORD19854,3,999,22/06/2024,Delivered,Credit Card,PROD100,CUST3952,REV29854
ORD19855,5,199,20/02/2023,Returned,PayPal,PROD102,CUST4746,REV29855
ORD19856,5,59,24/12/2023,Cancelled,Credit Card,PROD111,CUST3658,REV29856
ORD19857,3,59,29/05/2023,Shipped,Credit Card,PROD111,CUST5684,REV29857
ORD19858,2,129,21/11/2024,Returned,Cash on Delivery,PROD109,CUST2168,REV29858
ORD19859,3,399,9/01/2025,Shipped,Credit Card,PROD107,CUST1538,REV29859
ORD19860,4,899,3/11/2024,Pending,PayPal,PROD101,CUST1888,REV29860
ORD19861,1,99,2/09/2022,Returned,Credit Card,PROD106,CUST3503,REV29861
ORD19862,3,99,11/08/2023,Returned,Cash on Delivery,PROD106,CUST4998,REV29862
ORD19863,2,120,6/11/2022,Shipped,PayPal,PROD104,CUST5499,REV29863
ORD19864,4,199,6/11/2024,Pending,Credit Card,PROD102,CUST3004,REV29864
ORD19865,5,59,11/02/2023,Cancelled,Cash on Delivery,PROD103,CUST4350,REV29865
ORD19866,4,120,12/05/2025,Returned,Credit Card,PROD104,CUST2212,REV29866
ORD19867,3,120,2/10/2022,Pending,Credit Card,PROD104,CUST5098,REV29867
ORD19868,2,120,2/10/2024,Pending,Credit Card,PROD104,CUST4665,REV29868
ORD19869,2,199,21/06/2024,Shipped,Credit Card,PROD112,CUST4452,REV29869
ORD19870,5,80,3/02/2025,Shipped,Cash on Delivery,PROD110,CUST2763,REV29870
ORD19871,5,120,2/03/2024,Pending,Cash on Delivery,PROD104,CUST2056,REV29871
ORD19872,4,59,23/11/2024,Cancelled,PayPal,PROD111,CUST3113,REV29872
ORD19873,5,229,14/04/2023,Cancelled,PayPal,PROD108,CUST5962,REV29873
ORD19874,5,59,7/09/2024,Returned,Cash on Delivery,PROD111,CUST2313,REV29874
ORD19875,2,129,27/08/2024,Pending,Credit Card,PROD109,CUST2642,REV29875
ORD19876,4,120,26/01/2024,Returned,Credit Card,PROD104,CUST2091,REV29876
ORD19877,1,149,21/11/2023,Shipped,Credit Card,PROD113,CUST4314,REV29877
ORD19878,1,120,24/10/2024,Delivered,Cash on Delivery,PROD104,CUST5803,REV29878
ORD19879,2,59,14/03/2023,Shipped,Credit Card,PROD111,CUST4436,REV29879
ORD19880,1,229,13/08/2024,Delivered,Credit Card,PROD108,CUST2816,REV29880
ORD19881,1,899,8/06/2023,Pending,Cash on Delivery,PROD101,CUST5799,REV29881
ORD19882,1,59,24/04/2025,Returned,Cash on Delivery,PROD103,CUST1750,REV29882
ORD19883,4,59,20/12/2023,Returned,Cash on Delivery,PROD103,CUST3043,REV29883
ORD19884,5,120,26/04/2023,Delivered,Cash on Delivery,PROD104,CUST2118,REV29884
ORD19885,4,229,2/04/2025,Returned,Cash on Delivery,PROD108,CUST4250,REV29885
ORD19886,3,25,4/06/2023,Cancelled,Cash on Delivery,PROD114,CUST5397,REV29886
ORD19887,3,399,1/03/2024,Shipped,Credit Card,PROD107,CUST4922,REV29887
ORD19888,1,59,19/05/2023,Returned,Credit Card,PROD103,CUST3732,REV29888
ORD19889,1,999,9/08/2025,Returned,PayPal,PROD100,CUST4170,REV29889
ORD19890,2,149,29/03/2023,Returned,Credit Card,PROD113,CUST4562,REV29890
ORD19891,5,899,19/08/2023,Pending,PayPal,PROD101,CUST5485,REV29891
ORD19892,5,229,25/11/2023,Delivered,PayPal,PROD108,CUST5339,REV29892
ORD19893,4,59,6/05/2024,Returned,Credit Card,PROD111,CUST5998,REV29893
ORD19894,3,399,22/07/2024,Cancelled,Credit Card,PROD107,CUST3945,REV29894
ORD19895,2,120,29/09/2024,Delivered,Cash on Delivery,PROD104,CUST1723,REV29895
ORD19896,4,999,19/06/2023,Pending,Credit Card,PROD100,CUST5985,REV29896
ORD19897,1,229,22/08/2023,Delivered,Credit Card,PROD108,CUST1018,REV29897
ORD19898,5,110,19/09/2022,Delivered,Credit Card,PROD105,CUST1206,REV29898
ORD19899,3,149,9/07/2024,Delivered,PayPal,PROD113,CUST3856,REV29899
ORD19900,1,149,12/06/2025,Returned,PayPal,PROD113,CUST4338,REV29900
ORD19901,5,129,17/05/2025,Cancelled,PayPal,PROD109,CUST4853,REV29901
ORD19902,1,999,18/06/2024,Pending,Credit Card,PROD100,CUST4201,REV29902
ORD19903,3,120,14/06/2023,Shipped,Credit Card,PROD104,CUST2480,REV29903
ORD19904,5,199,14/04/2025,Returned,PayPal,PROD112,CUST3179,REV29904
ORD19905,4,99,19/03/2023,Returned,PayPal,PROD106,CUST3673,REV29905
ORD19906,4,199,28/01/2023,Delivered,PayPal,PROD102,CUST2435,REV29906
ORD19907,2,399,27/04/2025,Delivered,Cash on Delivery,PROD107,CUST2049,REV29907
ORD19908,2,199,17/11/2022,Delivered,Cash on Delivery,PROD112,CUST4691,REV29908
ORD19909,3,129,13/05/2023,Shipped,Credit Card,PROD109,CUST2731,REV29909
ORD19910,4,110,12/12/2024,Delivered,Credit Card,PROD105,CUST2328,REV29910
ORD19911,2,25,30/05/2025,Pending,Cash on Delivery,PROD114,CUST3552,REV29911
ORD19912,2,59,8/05/2025,Shipped,Credit Card,PROD103,CUST1672,REV29912
ORD19913,3,110,15/06/2024,Pending,Cash on Delivery,PROD105,CUST1008,REV29913
ORD19914,2,199,9/03/2024,Returned,Credit Card,PROD112,CUST5135,REV29914
ORD19915,3,199,21/06/2023,Pending,PayPal,PROD112,CUST5715,REV29915
ORD19916,1,149,17/02/2024,Delivered,Credit Card,PROD113,CUST4503,REV29916
ORD19917,3,120,24/02/2024,Pending,Credit Card,PROD104,CUST2133,REV29917
ORD19918,1,999,28/01/2023,Pending,PayPal,PROD100,CUST4903,REV29918
ORD19919,3,59,14/02/2023,Returned,PayPal,PROD103,CUST5497,REV29919
ORD19920,1,110,22/03/2023,Pending,Cash on Delivery,PROD105,CUST5114,REV29920
ORD19921,5,110,29/06/2024,Shipped,Credit Card,PROD105,CUST2394,REV29921
ORD19922,1,399,9/07/2023,Delivered,PayPal,PROD107,CUST2557,REV29922
ORD19923,5,59,29/10/2024,Shipped,Credit Card,PROD111,CUST1779,REV29923
ORD19924,3,149,3/04/2024,Pending,Credit Card,PROD113,CUST5111,REV29924
ORD19925,3,149,1/02/2024,Delivered,Credit Card,PROD113,CUST1205,REV29925
ORD19926,5,399,27/04/2025,Cancelled,PayPal,PROD107,CUST2088,REV29926
ORD19927,4,25,24/12/2022,Shipped,PayPal,PROD114,CUST2521,REV29927
ORD19928,3,59,21/04/2023,Pending,PayPal,PROD103,CUST1540,REV29928
ORD19929,5,120,9/06/2023,Shipped,PayPal,PROD104,CUST5761,REV29929
ORD19930,5,99,6/02/2023,Shipped,Cash on Delivery,PROD106,CUST2231,REV29930
ORD19931,5,229,8/01/2025,Returned,Credit Card,PROD108,CUST4706,REV29931
ORD19932,1,59,3/10/2023,Pending,PayPal,PROD103,CUST4181,REV29932
ORD19933,5,25,29/06/2024,Delivered,PayPal,PROD114,CUST3830,REV29933
ORD19934,5,110,26/12/2023,Returned,PayPal,PROD105,CUST3256,REV29934
ORD19935,1,999,25/08/2024,Delivered,Cash on Delivery,PROD100,CUST2578,REV29935
ORD19936,1,59,10/07/2025,Shipped,Cash on Delivery,PROD103,CUST5270,REV29936
ORD19937,1,229,17/05/2023,Shipped,Credit Card,PROD108,CUST1492,REV29937
ORD19938,1,25,24/10/2024,Shipped,Credit Card,PROD114,CUST4060,REV29938
ORD19939,1,110,26/09/2023,Shipped,Credit Card,PROD105,CUST1259,REV29939
ORD19940,5,59,25/04/2025,Delivered,Credit Card,PROD103,CUST3538,REV29940
ORD19941,2,59,14/02/2023,Shipped,Cash on Delivery,PROD111,CUST2354,REV29941
ORD19942,1,59,30/06/2025,Pending,Credit Card,PROD111,CUST1923,REV29942
ORD19943,4,399,31/03/2025,Returned,Credit Card,PROD107,CUST4599,REV29943
ORD19944,3,110,5/08/2024,Cancelled,PayPal,PROD105,CUST2147,REV29944
ORD19945,1,120,19/11/2023,Cancelled,PayPal,PROD104,CUST3876,REV29945
ORD19946,5,120,12/07/2024,Pending,Credit Card,PROD104,CUST2997,REV29946
ORD19947,5,999,20/08/2024,Cancelled,Credit Card,PROD100,CUST2777,REV29947
ORD19948,3,110,9/10/2023,Shipped,Cash on Delivery,PROD105,CUST1282,REV29948
ORD19949,5,59,5/11/2024,Delivered,Cash on Delivery,PROD103,CUST4138,REV29949
ORD19950,2,110,10/03/2025,Returned,Credit Card,PROD105,CUST1113,REV29950
ORD19951,1,899,24/07/2025,Delivered,PayPal,PROD101,CUST4964,REV29951
ORD19952,2,199,23/03/2023,Pending,Credit Card,PROD112,CUST5892,REV29952
ORD19953,2,229,4/07/2024,Cancelled,Credit Card,PROD108,CUST2546,REV29953
ORD19954,2,110,2/02/2024,Cancelled,Cash on Delivery,PROD105,CUST5436,REV29954
ORD19955,3,80,15/01/2025,Cancelled,Cash on Delivery,PROD110,CUST2102,REV29955
ORD19956,5,25,6/12/2022,Cancelled,PayPal,PROD114,CUST1460,REV29956
ORD19957,5,59,29/11/2022,Cancelled,Credit Card,PROD111,CUST4593,REV29957
ORD19958,1,199,22/10/2024,Delivered,Cash on Delivery,PROD112,CUST5992,REV29958
ORD19959,5,229,14/11/2022,Returned,Credit Card,PROD108,CUST5177,REV29959
ORD19960,2,80,19/07/2024,Shipped,Cash on Delivery,PROD110,CUST3236,REV29960
ORD19961,5,59,1/01/2024,Returned,Credit Card,PROD103,CUST4326,REV29961
ORD19962,2,59,27/03/2023,Returned,Credit Card,PROD111,CUST5602,REV29962
ORD19963,2,110,28/07/2023,Returned,PayPal,PROD105,CUST3594,REV29963
ORD19964,2,149,14/11/2023,Delivered,Cash on Delivery,PROD113,CUST5146,REV29964
ORD19965,5,899,2/09/2023,Pending,Credit Card,PROD101,CUST5554,REV29965
ORD19966,4,110,7/03/2024,Cancelled,PayPal,PROD105,CUST2765,REV29966
ORD19967,2,120,23/08/2023,Delivered,Credit Card,PROD104,CUST5456,REV29967
ORD19968,3,99,12/07/2024,Pending,Credit Card,PROD106,CUST2689,REV29968
ORD19969,5,25,24/06/2025,Delivered,Credit Card,PROD114,CUST5987,REV29969
ORD19970,2,25,30/10/2022,Pending,PayPal,PROD114,CUST5665,REV29970
ORD19971,4,149,26/08/2022,Returned,PayPal,PROD113,CUST5531,REV29971
ORD19972,3,399,9/11/2023,Shipped,Cash on Delivery,PROD107,CUST4700,REV29972
ORD19973,4,80,29/10/2024,Pending,Cash on Delivery,PROD110,CUST4278,REV29973
ORD19974,4,59,5/02/2025,Returned,PayPal,PROD111,CUST4815,REV29974
ORD19975,1,25,27/06/2025,Pending,Cash on Delivery,PROD114,CUST4323,REV29975
ORD19976,4,229,20/11/2023,Shipped,PayPal,PROD108,CUST2150,REV29976
ORD19977,1,59,21/12/2022,Shipped,PayPal,PROD103,CUST3881,REV29977
ORD19978,3,899,8/09/2023,Shipped,Cash on Delivery,PROD101,CUST2411,REV29978
ORD19979,2,229,10/07/2023,Returned,Credit Card,PROD108,CUST1109,REV29979
ORD19980,1,129,13/02/2024,Delivered,Credit Card,PROD109,CUST4366,REV29980
ORD19981,5,149,29/05/2023,Pending,Cash on Delivery,PROD113,CUST5567,REV29981
ORD19982,5,99,16/10/2024,Returned,PayPal,PROD106,CUST5465,REV29982
ORD19983,5,199,29/06/2024,Cancelled,Cash on Delivery,PROD102,CUST5762,REV29983
ORD19984,4,59,31/01/2025,Pending,PayPal,PROD103,CUST1112,REV29984
ORD19985,4,59,20/07/2023,Returned,PayPal,PROD111,CUST3519,REV29985
ORD19986,3,25,25/02/2025,Delivered,PayPal,PROD114,CUST1869,REV29986
ORD19987,1,999,15/02/2025,Cancelled,PayPal,PROD100,CUST3788,REV29987
ORD19988,4,59,7/11/2022,Delivered,PayPal,PROD111,CUST4960,REV29988
ORD19989,1,199,16/01/2025,Returned,PayPal,PROD112,CUST2673,REV29989
ORD19990,4,110,26/12/2024,Pending,Cash on Delivery,PROD105,CUST2385,REV29990
ORD19991,4,199,4/09/2022,Shipped,Cash on Delivery,PROD112,CUST2503,REV29991
ORD19992,3,80,16/03/2023,Shipped,PayPal,PROD110,CUST5987,REV29992
ORD19993,1,59,21/05/2025,Delivered,Cash on Delivery,PROD111,CUST5900,REV29993
ORD19994,1,199,24/02/2025,Returned,Credit Card,PROD112,CUST5192,REV29994
ORD19995,5,129,7/06/2023,Delivered,PayPal,PROD109,CUST2529,REV29995
ORD19996,5,129,5/08/2025,Returned,PayPal,PROD109,CUST4602,REV29996
ORD19997,5,399,23/12/2023,Returned,Cash on Delivery,PROD107,CUST1448,REV29997
ORD19998,3,399,30/08/2022,Cancelled,Credit Card,PROD107,CUST1343,REV29998
ORD19999,5,129,10/07/2025,Pending,PayPal,PROD109,CUST1779,REV29999
