id,rating,review_text,order_id,product_id,customer_id
REV20000,2,bad,ORD10000,PROD108,CUST2353
REV20001,2,bad,ORD10001,PROD103,CUST4463
REV20002,5,"very good",ORD10002,PROD111,CUST4512
REV20003,2,bad,ORD10003,PROD107,CUST5711
REV20004,1,"very bad",ORD10004,PROD105,CUST1296
REV20005,3,average,ORD10005,PROD108,CUST2790
REV20006,4,good,ORD10006,PROD106,CUST2442
REV20007,1,"very bad",ORD10007,PROD103,CUST2451
REV20008,3,average,ORD10008,PROD102,CUST2364
REV20009,5,"very good",ORD10009,PROD107,CUST4713
REV20010,2,bad,ORD10010,PROD107,CUST1469
REV20011,4,good,ORD10011,PROD113,CUST5953
REV20012,1,"very bad",ORD10012,PROD109,CUST1438
REV20013,1,"very bad",ORD10013,PROD100,CUST2488
REV20014,3,average,ORD10014,PROD112,CUST1413
REV20015,3,average,ORD10015,PROD105,CUST2160
REV20016,1,"very bad",ORD10016,PROD109,CUST3830
REV20017,2,bad,ORD10017,PROD113,CUST4174
REV20018,1,"very bad",ORD10018,PROD110,CUST3281
REV20019,4,good,ORD10019,PROD108,CUST3410
REV20020,4,good,ORD10020,PROD112,CUST3147
REV20021,1,"very bad",ORD10021,PROD112,CUST4051
REV20022,1,"very bad",ORD10022,PROD104,CUST1089
REV20023,1,"very bad",ORD10023,PROD109,CUST2314
REV20024,5,"very good",ORD10024,PROD100,CUST5205
REV20025,2,bad,ORD10025,PROD105,CUST2997
REV20026,4,good,ORD10026,PROD109,CUST2945
REV20027,4,good,ORD10027,PROD101,CUST3650
REV20028,2,bad,ORD10028,PROD108,CUST5755
REV20029,5,"very good",ORD10029,PROD102,CUST2895
REV20030,2,bad,ORD10030,PROD101,CUST3589
REV20031,4,good,ORD10031,PROD107,CUST5161
REV20032,1,"very bad",ORD10032,PROD105,CUST2370
REV20033,5,"very good",ORD10033,PROD109,CUST4430
REV20034,3,average,ORD10034,PROD101,CUST3021
REV20035,5,"very good",ORD10035,PROD113,CUST1182
REV20036,3,average,ORD10036,PROD102,CUST4791
REV20037,1,"very bad",ORD10037,PROD100,CUST3310
REV20038,2,bad,ORD10038,PROD100,CUST3661
REV20039,1,"very bad",ORD10039,PROD104,CUST1500
REV20040,2,bad,ORD10040,PROD103,CUST5684
REV20041,4,good,ORD10041,PROD109,CUST1186
REV20042,5,"very good",ORD10042,PROD106,CUST1241
REV20043,1,"very bad",ORD10043,PROD108,CUST4082
REV20044,2,bad,ORD10044,PROD103,CUST3728
REV20045,1,"very bad",ORD10045,PROD112,CUST1742
REV20046,4,good,ORD10046,PROD101,CUST3349
REV20047,1,"very bad",ORD10047,PROD112,CUST4751
REV20048,3,average,ORD10048,PROD110,CUST2954
REV20049,3,average,ORD10049,PROD103,CUST4905
REV20050,4,good,ORD10050,PROD107,CUST4613
REV20051,3,average,ORD10051,PROD108,CUST1209
REV20052,3,average,ORD10052,PROD108,CUST5685
REV20053,2,bad,ORD10053,PROD111,CUST2016
REV20054,3,average,ORD10054,PROD102,CUST5282
REV20055,3,average,ORD10055,PROD100,CUST5144
REV20056,3,average,ORD10056,PROD112,CUST2871
REV20057,3,average,ORD10057,PROD108,CUST4853
REV20058,2,bad,ORD10058,PROD105,CUST3810
REV20059,3,average,ORD10059,PROD100,CUST4294
REV20060,1,"very bad",ORD10060,PROD107,CUST3033
REV20061,5,"very good",ORD10061,PROD112,CUST3784
REV20062,5,"very good",ORD10062,PROD110,CUST2808
REV20063,1,"very bad",ORD10063,PROD114,CUST2357
REV20064,2,bad,ORD10064,PROD102,CUST2617
REV20065,5,"very good",ORD10065,PROD106,CUST4265
REV20066,1,"very bad",ORD10066,PROD105,CUST3414
REV20067,2,bad,ORD10067,PROD113,CUST3933
REV20068,1,"very bad",ORD10068,PROD113,CUST3963
REV20069,2,bad,ORD10069,PROD103,CUST3029
REV20070,2,bad,ORD10070,PROD105,CUST2383
REV20071,3,average,ORD10071,PROD113,CUST1138
REV20072,3,average,ORD10072,PROD106,CUST4400
REV20073,1,"very bad",ORD10073,PROD102,CUST1693
REV20074,4,good,ORD10074,PROD105,CUST1371
REV20075,1,"very bad",ORD10075,PROD112,CUST5445
REV20076,3,average,ORD10076,PROD105,CUST1539
REV20077,5,"very good",ORD10077,PROD103,CUST1892
REV20078,2,bad,ORD10078,PROD103,CUST5088
REV20079,4,good,ORD10079,PROD108,CUST3422
REV20080,5,"very good",ORD10080,PROD111,CUST2079
REV20081,4,good,ORD10081,PROD109,CUST1624
REV20082,3,average,ORD10082,PROD108,CUST4048
REV20083,1,"very bad",ORD10083,PROD104,CUST2089
REV20084,1,"very bad",ORD10084,PROD103,CUST4354
REV20085,1,"very bad",ORD10085,PROD101,CUST5300
REV20086,3,average,ORD10086,PROD109,CUST3660
REV20087,2,bad,ORD10087,PROD101,CUST5297
REV20088,3,average,ORD10088,PROD104,CUST4458
REV20089,5,"very good",ORD10089,PROD113,CUST2896
REV20090,5,"very good",ORD10090,PROD102,CUST3739
REV20091,5,"very good",ORD10091,PROD102,CUST1832
REV20092,2,bad,ORD10092,PROD114,CUST1647
REV20093,2,bad,ORD10093,PROD113,CUST1807
REV20094,2,bad,ORD10094,PROD104,CUST4296
REV20095,5,"very good",ORD10095,PROD105,CUST1254
REV20096,4,good,ORD10096,PROD114,CUST1033
REV20097,4,good,ORD10097,PROD103,CUST1698
REV20098,5,"very good",ORD10098,PROD101,CUST2386
REV20099,3,average,ORD10099,PROD110,CUST3511
REV20100,4,good,ORD10100,PROD107,CUST4247
REV20101,5,"very good",ORD10101,PROD107,CUST1711
REV20102,1,"very bad",ORD10102,PROD112,CUST4202
REV20103,1,"very bad",ORD10103,PROD111,CUST2644
REV20104,2,bad,ORD10104,PROD104,CUST4536
REV20105,2,bad,ORD10105,PROD108,CUST4165
REV20106,5,"very good",ORD10106,PROD114,CUST1925
REV20107,5,"very good",ORD10107,PROD103,CUST4417
REV20108,4,good,ORD10108,PROD114,CUST2226
REV20109,1,"very bad",ORD10109,PROD110,CUST3865
REV20110,2,bad,ORD10110,PROD101,CUST4945
REV20111,1,"very bad",ORD10111,PROD103,CUST2427
REV20112,5,"very good",ORD10112,PROD102,CUST4196
REV20113,2,bad,ORD10113,PROD103,CUST3804
REV20114,2,bad,ORD10114,PROD108,CUST4589
REV20115,2,bad,ORD10115,PROD114,CUST4582
REV20116,1,"very bad",ORD10116,PROD110,CUST5308
REV20117,1,"very bad",ORD10117,PROD112,CUST5920
REV20118,5,"very good",ORD10118,PROD101,CUST5795
REV20119,3,average,ORD10119,PROD113,CUST1585
REV20120,1,"very bad",ORD10120,PROD103,CUST4058
REV20121,5,"very good",ORD10121,PROD110,CUST1287
REV20122,1,"very bad",ORD10122,PROD104,CUST3404
REV20123,3,average,ORD10123,PROD101,CUST4226
REV20124,2,bad,ORD10124,PROD110,CUST5542
REV20125,5,"very good",ORD10125,PROD105,CUST4004
REV20126,2,bad,ORD10126,PROD102,CUST1197
REV20127,5,"very good",ORD10127,PROD100,CUST4677
REV20128,4,good,ORD10128,PROD100,CUST4076
REV20129,5,"very good",ORD10129,PROD100,CUST4734
REV20130,1,"very bad",ORD10130,PROD101,CUST2380
REV20131,4,good,ORD10131,PROD105,CUST2688
REV20132,5,"very good",ORD10132,PROD103,CUST4943
REV20133,4,good,ORD10133,PROD102,CUST1648
REV20134,4,good,ORD10134,PROD107,CUST1340
REV20135,5,"very good",ORD10135,PROD112,CUST4603
REV20136,5,"very good",ORD10136,PROD112,CUST4267
REV20137,1,"very bad",ORD10137,PROD108,CUST1974
REV20138,4,good,ORD10138,PROD100,CUST5305
REV20139,5,"very good",ORD10139,PROD111,CUST4964
REV20140,3,average,ORD10140,PROD108,CUST4916
REV20141,2,bad,ORD10141,PROD102,CUST2328
REV20142,4,good,ORD10142,PROD108,CUST1192
REV20143,4,good,ORD10143,PROD109,CUST5839
REV20144,3,average,ORD10144,PROD102,CUST4245
REV20145,2,bad,ORD10145,PROD105,CUST4244
REV20146,2,bad,ORD10146,PROD103,CUST4733
REV20147,2,bad,ORD10147,PROD112,CUST2820
REV20148,5,"very good",ORD10148,PROD101,CUST5014
REV20149,1,"very bad",ORD10149,PROD111,CUST1716
REV20150,1,"very bad",ORD10150,PROD106,CUST1987
REV20151,5,"very good",ORD10151,PROD111,CUST4033
REV20152,4,good,ORD10152,PROD110,CUST1292
REV20153,4,good,ORD10153,PROD109,CUST1200
REV20154,1,"very bad",ORD10154,PROD102,CUST5230
REV20155,3,average,ORD10155,PROD101,CUST5498
REV20156,4,good,ORD10156,PROD112,CUST3570
REV20157,2,bad,ORD10157,PROD114,CUST3430
REV20158,4,good,ORD10158,PROD107,CUST1422
REV20159,2,bad,ORD10159,PROD112,CUST3247
REV20160,4,good,ORD10160,PROD109,CUST1148
REV20161,3,average,ORD10161,PROD102,CUST4993
REV20162,4,good,ORD10162,PROD112,CUST5481
REV20163,1,"very bad",ORD10163,PROD106,CUST3163
REV20164,3,average,ORD10164,PROD109,CUST2223
REV20165,3,average,ORD10165,PROD106,CUST3450
REV20166,5,"very good",ORD10166,PROD101,CUST5229
REV20167,3,average,ORD10167,PROD107,CUST4120
REV20168,2,bad,ORD10168,PROD110,CUST3343
REV20169,3,average,ORD10169,PROD108,CUST5255
REV20170,5,"very good",ORD10170,PROD112,CUST1552
REV20171,3,average,ORD10171,PROD105,CUST5599
REV20172,3,average,ORD10172,PROD101,CUST3400
REV20173,2,bad,ORD10173,PROD106,CUST4387
REV20174,4,good,ORD10174,PROD108,CUST1562
REV20175,4,good,ORD10175,PROD110,CUST5652
REV20176,1,"very bad",ORD10176,PROD111,CUST5448
REV20177,3,average,ORD10177,PROD104,CUST5125
REV20178,5,"very good",ORD10178,PROD108,CUST4573
REV20179,2,bad,ORD10179,PROD103,CUST2946
REV20180,3,average,ORD10180,PROD113,CUST2644
REV20181,4,good,ORD10181,PROD102,CUST3372
REV20182,1,"very bad",ORD10182,PROD109,CUST5534
REV20183,4,good,ORD10183,PROD108,CUST5286
REV20184,4,good,ORD10184,PROD104,CUST4941
REV20185,4,good,ORD10185,PROD106,CUST5175
REV20186,4,good,ORD10186,PROD102,CUST2193
REV20187,4,good,ORD10187,PROD112,CUST2784
REV20188,4,good,ORD10188,PROD101,CUST3466
REV20189,4,good,ORD10189,PROD109,CUST4591
REV20190,4,good,ORD10190,PROD113,CUST3835
REV20191,5,"very good",ORD10191,PROD105,CUST2840
REV20192,2,bad,ORD10192,PROD102,CUST4438
REV20193,5,"very good",ORD10193,PROD100,CUST4442
REV20194,5,"very good",ORD10194,PROD111,CUST2982
REV20195,5,"very good",ORD10195,PROD105,CUST1710
REV20196,4,good,ORD10196,PROD112,CUST4662
REV20197,2,bad,ORD10197,PROD113,CUST5602
REV20198,2,bad,ORD10198,PROD104,CUST5363
REV20199,2,bad,ORD10199,PROD103,CUST5530
REV20200,2,bad,ORD10200,PROD107,CUST5616
REV20201,1,"very bad",ORD10201,PROD106,CUST4600
REV20202,2,bad,ORD10202,PROD107,CUST3934
REV20203,2,bad,ORD10203,PROD100,CUST4591
REV20204,2,bad,ORD10204,PROD108,CUST3190
REV20205,2,bad,ORD10205,PROD111,CUST3490
REV20206,5,"very good",ORD10206,PROD102,CUST1558
REV20207,4,good,ORD10207,PROD101,CUST5416
REV20208,1,"very bad",ORD10208,PROD111,CUST2812
REV20209,1,"very bad",ORD10209,PROD114,CUST3492
REV20210,4,good,ORD10210,PROD109,CUST2367
REV20211,4,good,ORD10211,PROD100,CUST2702
REV20212,5,"very good",ORD10212,PROD109,CUST5639
REV20213,1,"very bad",ORD10213,PROD109,CUST4161
REV20214,4,good,ORD10214,PROD112,CUST5048
REV20215,1,"very bad",ORD10215,PROD103,CUST1907
REV20216,3,average,ORD10216,PROD103,CUST3149
REV20217,4,good,ORD10217,PROD113,CUST4951
REV20218,4,good,ORD10218,PROD108,CUST3317
REV20219,3,average,ORD10219,PROD109,CUST1776
REV20220,5,"very good",ORD10220,PROD104,CUST2634
REV20221,2,bad,ORD10221,PROD111,CUST2081
REV20222,5,"very good",ORD10222,PROD104,CUST1379
REV20223,3,average,ORD10223,PROD109,CUST5727
REV20224,1,"very bad",ORD10224,PROD113,CUST1654
REV20225,2,bad,ORD10225,PROD106,CUST5054
REV20226,5,"very good",ORD10226,PROD110,CUST2263
REV20227,3,average,ORD10227,PROD106,CUST5922
REV20228,2,bad,ORD10228,PROD113,CUST5769
REV20229,1,"very bad",ORD10229,PROD105,CUST1948
REV20230,4,good,ORD10230,PROD113,CUST3153
REV20231,1,"very bad",ORD10231,PROD101,CUST2188
REV20232,3,average,ORD10232,PROD111,CUST2162
REV20233,2,bad,ORD10233,PROD106,CUST3181
REV20234,4,good,ORD10234,PROD104,CUST1011
REV20235,3,average,ORD10235,PROD104,CUST1587
REV20236,2,bad,ORD10236,PROD102,CUST3656
REV20237,3,average,ORD10237,PROD104,CUST1366
REV20238,5,"very good",ORD10238,PROD108,CUST2406
REV20239,4,good,ORD10239,PROD113,CUST2944
REV20240,4,good,ORD10240,PROD100,CUST2640
REV20241,4,good,ORD10241,PROD102,CUST5457
REV20242,2,bad,ORD10242,PROD107,CUST1395
REV20243,1,"very bad",ORD10243,PROD101,CUST5595
REV20244,4,good,ORD10244,PROD102,CUST2500
REV20245,2,bad,ORD10245,PROD101,CUST3649
REV20246,4,good,ORD10246,PROD105,CUST4988
REV20247,1,"very bad",ORD10247,PROD107,CUST5522
REV20248,5,"very good",ORD10248,PROD102,CUST3766
REV20249,5,"very good",ORD10249,PROD105,CUST2332
REV20250,4,good,ORD10250,PROD101,CUST5409
REV20251,3,average,ORD10251,PROD100,CUST1101
REV20252,1,"very bad",ORD10252,PROD106,CUST4425
REV20253,4,good,ORD10253,PROD110,CUST4623
REV20254,2,bad,ORD10254,PROD114,CUST1872
REV20255,2,bad,ORD10255,PROD114,CUST3649
REV20256,3,average,ORD10256,PROD109,CUST1662
REV20257,5,"very good",ORD10257,PROD108,CUST2020
REV20258,5,"very good",ORD10258,PROD104,CUST1954
REV20259,3,average,ORD10259,PROD101,CUST3325
REV20260,5,"very good",ORD10260,PROD102,CUST1133
REV20261,1,"very bad",ORD10261,PROD101,CUST1762
REV20262,5,"very good",ORD10262,PROD108,CUST1518
REV20263,5,"very good",ORD10263,PROD111,CUST4258
REV20264,2,bad,ORD10264,PROD109,CUST3773
REV20265,3,average,ORD10265,PROD107,CUST4410
REV20266,4,good,ORD10266,PROD107,CUST1103
REV20267,1,"very bad",ORD10267,PROD107,CUST3327
REV20268,5,"very good",ORD10268,PROD106,CUST2917
REV20269,1,"very bad",ORD10269,PROD108,CUST3174
REV20270,3,average,ORD10270,PROD102,CUST5419
REV20271,5,"very good",ORD10271,PROD114,CUST4068
REV20272,3,average,ORD10272,PROD100,CUST3909
REV20273,4,good,ORD10273,PROD102,CUST5886
REV20274,3,average,ORD10274,PROD109,CUST5198
REV20275,1,"very bad",ORD10275,PROD100,CUST2961
REV20276,3,average,ORD10276,PROD107,CUST3245
REV20277,2,bad,ORD10277,PROD109,CUST4040
REV20278,1,"very bad",ORD10278,PROD103,CUST1375
REV20279,2,bad,ORD10279,PROD114,CUST4647
REV20280,2,bad,ORD10280,PROD112,CUST4359
REV20281,4,good,ORD10281,PROD103,CUST5540
REV20282,2,bad,ORD10282,PROD107,CUST3904
REV20283,4,good,ORD10283,PROD103,CUST1742
REV20284,3,average,ORD10284,PROD100,CUST4273
REV20285,2,bad,ORD10285,PROD101,CUST5346
REV20286,3,average,ORD10286,PROD108,CUST5324
REV20287,1,"very bad",ORD10287,PROD108,CUST2838
REV20288,2,bad,ORD10288,PROD111,CUST1581
REV20289,3,average,ORD10289,PROD114,CUST1579
REV20290,2,bad,ORD10290,PROD111,CUST3487
REV20291,5,"very good",ORD10291,PROD104,CUST5561
REV20292,5,"very good",ORD10292,PROD110,CUST5616
REV20293,4,good,ORD10293,PROD114,CUST4708
REV20294,5,"very good",ORD10294,PROD114,CUST5644
REV20295,5,"very good",ORD10295,PROD112,CUST2957
REV20296,3,average,ORD10296,PROD101,CUST2019
REV20297,5,"very good",ORD10297,PROD105,CUST5221
REV20298,1,"very bad",ORD10298,PROD103,CUST4237
REV20299,2,bad,ORD10299,PROD113,CUST3172
REV20300,5,"very good",ORD10300,PROD107,CUST2321
REV20301,2,bad,ORD10301,PROD110,CUST5839
REV20302,2,bad,ORD10302,PROD111,CUST2117
REV20303,5,"very good",ORD10303,PROD105,CUST1544
REV20304,3,average,ORD10304,PROD106,CUST3146
REV20305,2,bad,ORD10305,PROD114,CUST5063
REV20306,2,bad,ORD10306,PROD110,CUST2522
REV20307,1,"very bad",ORD10307,PROD106,CUST2928
REV20308,1,"very bad",ORD10308,PROD105,CUST1953
REV20309,3,average,ORD10309,PROD113,CUST5329
REV20310,1,"very bad",ORD10310,PROD106,CUST2734
REV20311,5,"very good",ORD10311,PROD103,CUST3282
REV20312,1,"very bad",ORD10312,PROD105,CUST2894
REV20313,4,good,ORD10313,PROD104,CUST3453
REV20314,5,"very good",ORD10314,PROD103,CUST1359
REV20315,2,bad,ORD10315,PROD102,CUST2179
REV20316,3,average,ORD10316,PROD114,CUST5812
REV20317,4,good,ORD10317,PROD100,CUST3746
REV20318,5,"very good",ORD10318,PROD100,CUST5966
REV20319,2,bad,ORD10319,PROD110,CUST3175
REV20320,5,"very good",ORD10320,PROD109,CUST1430
REV20321,3,average,ORD10321,PROD113,CUST1731
REV20322,1,"very bad",ORD10322,PROD106,CUST2874
REV20323,3,average,ORD10323,PROD111,CUST1224
REV20324,4,good,ORD10324,PROD111,CUST1180
REV20325,5,"very good",ORD10325,PROD113,CUST1139
REV20326,2,bad,ORD10326,PROD110,CUST2404
REV20327,1,"very bad",ORD10327,PROD101,CUST3438
REV20328,3,average,ORD10328,PROD111,CUST2854
REV20329,3,average,ORD10329,PROD110,CUST1434
REV20330,2,bad,ORD10330,PROD100,CUST1829
REV20331,4,good,ORD10331,PROD111,CUST5677
REV20332,5,"very good",ORD10332,PROD100,CUST1782
REV20333,5,"very good",ORD10333,PROD100,CUST5827
REV20334,5,"very good",ORD10334,PROD112,CUST1318
REV20335,2,bad,ORD10335,PROD108,CUST1802
REV20336,5,"very good",ORD10336,PROD110,CUST3346
REV20337,5,"very good",ORD10337,PROD103,CUST4417
REV20338,2,bad,ORD10338,PROD100,CUST4516
REV20339,1,"very bad",ORD10339,PROD103,CUST5739
REV20340,1,"very bad",ORD10340,PROD106,CUST2638
REV20341,5,"very good",ORD10341,PROD113,CUST3037
REV20342,4,good,ORD10342,PROD101,CUST5246
REV20343,1,"very bad",ORD10343,PROD107,CUST1008
REV20344,5,"very good",ORD10344,PROD100,CUST4854
REV20345,1,"very bad",ORD10345,PROD109,CUST4085
REV20346,2,bad,ORD10346,PROD103,CUST4964
REV20347,1,"very bad",ORD10347,PROD103,CUST5752
REV20348,3,average,ORD10348,PROD107,CUST2923
REV20349,3,average,ORD10349,PROD112,CUST1509
REV20350,2,bad,ORD10350,PROD109,CUST5722
REV20351,3,average,ORD10351,PROD111,CUST4191
REV20352,1,"very bad",ORD10352,PROD112,CUST5111
REV20353,5,"very good",ORD10353,PROD112,CUST1363
REV20354,1,"very bad",ORD10354,PROD112,CUST5665
REV20355,2,bad,ORD10355,PROD110,CUST5925
REV20356,4,good,ORD10356,PROD103,CUST4949
REV20357,4,good,ORD10357,PROD102,CUST3141
REV20358,3,average,ORD10358,PROD107,CUST5435
REV20359,2,bad,ORD10359,PROD106,CUST3978
REV20360,2,bad,ORD10360,PROD101,CUST2181
REV20361,3,average,ORD10361,PROD107,CUST4101
REV20362,5,"very good",ORD10362,PROD108,CUST1859
REV20363,2,bad,ORD10363,PROD101,CUST5637
REV20364,3,average,ORD10364,PROD114,CUST1950
REV20365,5,"very good",ORD10365,PROD102,CUST4958
REV20366,4,good,ORD10366,PROD107,CUST1603
REV20367,4,good,ORD10367,PROD101,CUST5529
REV20368,5,"very good",ORD10368,PROD100,CUST1183
REV20369,4,good,ORD10369,PROD104,CUST3931
REV20370,5,"very good",ORD10370,PROD104,CUST2238
REV20371,1,"very bad",ORD10371,PROD102,CUST2696
REV20372,5,"very good",ORD10372,PROD107,CUST4530
REV20373,1,"very bad",ORD10373,PROD101,CUST2419
REV20374,4,good,ORD10374,PROD109,CUST2592
REV20375,5,"very good",ORD10375,PROD114,CUST2547
REV20376,1,"very bad",ORD10376,PROD106,CUST4021
REV20377,3,average,ORD10377,PROD106,CUST3733
REV20378,3,average,ORD10378,PROD100,CUST3098
REV20379,5,"very good",ORD10379,PROD111,CUST5183
REV20380,2,bad,ORD10380,PROD101,CUST5023
REV20381,3,average,ORD10381,PROD112,CUST2257
REV20382,1,"very bad",ORD10382,PROD109,CUST4986
REV20383,1,"very bad",ORD10383,PROD101,CUST2361
REV20384,4,good,ORD10384,PROD114,CUST1205
REV20385,2,bad,ORD10385,PROD106,CUST1388
REV20386,1,"very bad",ORD10386,PROD104,CUST4534
REV20387,2,bad,ORD10387,PROD105,CUST3643
REV20388,2,bad,ORD10388,PROD107,CUST3031
REV20389,2,bad,ORD10389,PROD102,CUST5243
REV20390,4,good,ORD10390,PROD102,CUST5050
REV20391,5,"very good",ORD10391,PROD106,CUST1064
REV20392,5,"very good",ORD10392,PROD100,CUST5014
REV20393,4,good,ORD10393,PROD100,CUST2633
REV20394,5,"very good",ORD10394,PROD105,CUST5678
REV20395,1,"very bad",ORD10395,PROD107,CUST2954
REV20396,4,good,ORD10396,PROD104,CUST3737
REV20397,2,bad,ORD10397,PROD100,CUST3060
REV20398,3,average,ORD10398,PROD104,CUST3332
REV20399,1,"very bad",ORD10399,PROD108,CUST2985
REV20400,1,"very bad",ORD10400,PROD100,CUST1707
REV20401,2,bad,ORD10401,PROD104,CUST4239
REV20402,1,"very bad",ORD10402,PROD108,CUST2686
REV20403,2,bad,ORD10403,PROD112,CUST3774
REV20404,1,"very bad",ORD10404,PROD105,CUST3392
REV20405,4,good,ORD10405,PROD107,CUST1541
REV20406,4,good,ORD10406,PROD111,CUST4678
REV20407,2,bad,ORD10407,PROD110,CUST2438
REV20408,3,average,ORD10408,PROD104,CUST2206
REV20409,3,average,ORD10409,PROD114,CUST1976
REV20410,4,good,ORD10410,PROD103,CUST2742
REV20411,1,"very bad",ORD10411,PROD110,CUST5251
REV20412,5,"very good",ORD10412,PROD113,CUST1319
REV20413,5,"very good",ORD10413,PROD103,CUST5318
REV20414,4,good,ORD10414,PROD103,CUST5441
REV20415,1,"very bad",ORD10415,PROD109,CUST1637
REV20416,3,average,ORD10416,PROD111,CUST3096
REV20417,1,"very bad",ORD10417,PROD104,CUST5619
REV20418,2,bad,ORD10418,PROD102,CUST3497
REV20419,1,"very bad",ORD10419,PROD107,CUST1281
REV20420,2,bad,ORD10420,PROD110,CUST3502
REV20421,2,bad,ORD10421,PROD106,CUST4671
REV20422,4,good,ORD10422,PROD101,CUST1258
REV20423,2,bad,ORD10423,PROD114,CUST1204
REV20424,5,"very good",ORD10424,PROD110,CUST2988
REV20425,2,bad,ORD10425,PROD106,CUST3225
REV20426,5,"very good",ORD10426,PROD107,CUST4090
REV20427,3,average,ORD10427,PROD107,CUST5919
REV20428,3,average,ORD10428,PROD101,CUST3221
REV20429,4,good,ORD10429,PROD105,CUST5306
REV20430,5,"very good",ORD10430,PROD113,CUST4192
REV20431,4,good,ORD10431,PROD112,CUST3839
REV20432,1,"very bad",ORD10432,PROD108,CUST2436
REV20433,5,"very good",ORD10433,PROD101,CUST1857
REV20434,5,"very good",ORD10434,PROD106,CUST3958
REV20435,5,"very good",ORD10435,PROD104,CUST1640
REV20436,1,"very bad",ORD10436,PROD102,CUST1302
REV20437,5,"very good",ORD10437,PROD103,CUST5366
REV20438,4,good,ORD10438,PROD104,CUST3808
REV20439,5,"very good",ORD10439,PROD112,CUST5610
REV20440,5,"very good",ORD10440,PROD112,CUST1875
REV20441,1,"very bad",ORD10441,PROD101,CUST5811
REV20442,1,"very bad",ORD10442,PROD105,CUST1939
REV20443,1,"very bad",ORD10443,PROD108,CUST1083
REV20444,3,average,ORD10444,PROD100,CUST5627
REV20445,4,good,ORD10445,PROD109,CUST2216
REV20446,4,good,ORD10446,PROD108,CUST4396
REV20447,1,"very bad",ORD10447,PROD103,CUST2220
REV20448,1,"very bad",ORD10448,PROD110,CUST2713
REV20449,1,"very bad",ORD10449,PROD110,CUST4346
REV20450,2,bad,ORD10450,PROD114,CUST4118
REV20451,3,average,ORD10451,PROD100,CUST5325
REV20452,4,good,ORD10452,PROD101,CUST5462
REV20453,3,average,ORD10453,PROD102,CUST4364
REV20454,2,bad,ORD10454,PROD110,CUST1389
REV20455,2,bad,ORD10455,PROD113,CUST3346
REV20456,4,good,ORD10456,PROD109,CUST1029
REV20457,4,good,ORD10457,PROD107,CUST4080
REV20458,4,good,ORD10458,PROD102,CUST4995
REV20459,2,bad,ORD10459,PROD114,CUST1350
REV20460,4,good,ORD10460,PROD100,CUST5182
REV20461,3,average,ORD10461,PROD100,CUST1917
REV20462,1,"very bad",ORD10462,PROD114,CUST4543
REV20463,1,"very bad",ORD10463,PROD108,CUST3612
REV20464,2,bad,ORD10464,PROD109,CUST3254
REV20465,2,bad,ORD10465,PROD104,CUST1111
REV20466,5,"very good",ORD10466,PROD108,CUST5028
REV20467,4,good,ORD10467,PROD102,CUST4624
REV20468,4,good,ORD10468,PROD106,CUST1129
REV20469,1,"very bad",ORD10469,PROD111,CUST3819
REV20470,2,bad,ORD10470,PROD112,CUST1320
REV20471,3,average,ORD10471,PROD103,CUST5048
REV20472,3,average,ORD10472,PROD106,CUST4573
REV20473,4,good,ORD10473,PROD110,CUST1275
REV20474,2,bad,ORD10474,PROD107,CUST1178
REV20475,4,good,ORD10475,PROD112,CUST2576
REV20476,4,good,ORD10476,PROD101,CUST5203
REV20477,5,"very good",ORD10477,PROD113,CUST4408
REV20478,3,average,ORD10478,PROD104,CUST5597
REV20479,5,"very good",ORD10479,PROD111,CUST3832
REV20480,2,bad,ORD10480,PROD114,CUST4407
REV20481,4,good,ORD10481,PROD106,CUST3790
REV20482,3,average,ORD10482,PROD108,CUST3995
REV20483,5,"very good",ORD10483,PROD108,CUST3692
REV20484,2,bad,ORD10484,PROD102,CUST2626
REV20485,3,average,ORD10485,PROD112,CUST2201
REV20486,1,"very bad",ORD10486,PROD109,CUST1182
REV20487,2,bad,ORD10487,PROD110,CUST1168
REV20488,4,good,ORD10488,PROD113,CUST4686
REV20489,3,average,ORD10489,PROD102,CUST4145
REV20490,5,"very good",ORD10490,PROD107,CUST2679
REV20491,2,bad,ORD10491,PROD109,CUST2683
REV20492,2,bad,ORD10492,PROD107,CUST4112
REV20493,5,"very good",ORD10493,PROD109,CUST1241
REV20494,5,"very good",ORD10494,PROD103,CUST4208
REV20495,4,good,ORD10495,PROD114,CUST1283
REV20496,5,"very good",ORD10496,PROD101,CUST4981
REV20497,1,"very bad",ORD10497,PROD111,CUST3974
REV20498,5,"very good",ORD10498,PROD113,CUST5518
REV20499,5,"very good",ORD10499,PROD113,CUST5274
REV20500,2,bad,ORD10500,PROD110,CUST4009
REV20501,4,good,ORD10501,PROD111,CUST3002
REV20502,1,"very bad",ORD10502,PROD113,CUST4137
REV20503,4,good,ORD10503,PROD102,CUST4045
REV20504,4,good,ORD10504,PROD100,CUST1438
REV20505,1,"very bad",ORD10505,PROD101,CUST3891
REV20506,5,"very good",ORD10506,PROD104,CUST5045
REV20507,4,good,ORD10507,PROD109,CUST4757
REV20508,5,"very good",ORD10508,PROD102,CUST4304
REV20509,2,bad,ORD10509,PROD114,CUST2578
REV20510,2,bad,ORD10510,PROD105,CUST2993
REV20511,3,average,ORD10511,PROD111,CUST1839
REV20512,5,"very good",ORD10512,PROD106,CUST3325
REV20513,2,bad,ORD10513,PROD112,CUST3598
REV20514,1,"very bad",ORD10514,PROD104,CUST5513
REV20515,1,"very bad",ORD10515,PROD111,CUST1691
REV20516,3,average,ORD10516,PROD114,CUST2811
REV20517,3,average,ORD10517,PROD103,CUST5594
REV20518,3,average,ORD10518,PROD104,CUST3060
REV20519,4,good,ORD10519,PROD102,CUST4924
REV20520,3,average,ORD10520,PROD114,CUST1747
REV20521,2,bad,ORD10521,PROD100,CUST2929
REV20522,5,"very good",ORD10522,PROD102,CUST3695
REV20523,4,good,ORD10523,PROD114,CUST2710
REV20524,5,"very good",ORD10524,PROD102,CUST4288
REV20525,2,bad,ORD10525,PROD104,CUST5402
REV20526,5,"very good",ORD10526,PROD107,CUST4088
REV20527,3,average,ORD10527,PROD112,CUST4586
REV20528,5,"very good",ORD10528,PROD114,CUST4363
REV20529,4,good,ORD10529,PROD106,CUST5356
REV20530,3,average,ORD10530,PROD110,CUST4338
REV20531,4,good,ORD10531,PROD101,CUST5427
REV20532,5,"very good",ORD10532,PROD113,CUST1332
REV20533,4,good,ORD10533,PROD101,CUST3940
REV20534,5,"very good",ORD10534,PROD100,CUST2137
REV20535,3,average,ORD10535,PROD113,CUST2896
REV20536,1,"very bad",ORD10536,PROD103,CUST3610
REV20537,5,"very good",ORD10537,PROD114,CUST5478
REV20538,5,"very good",ORD10538,PROD102,CUST1033
REV20539,3,average,ORD10539,PROD104,CUST4858
REV20540,1,"very bad",ORD10540,PROD108,CUST1064
REV20541,5,"very good",ORD10541,PROD100,CUST4237
REV20542,2,bad,ORD10542,PROD106,CUST3262
REV20543,5,"very good",ORD10543,PROD107,CUST2712
REV20544,2,bad,ORD10544,PROD102,CUST4085
REV20545,4,good,ORD10545,PROD112,CUST2758
REV20546,3,average,ORD10546,PROD106,CUST4659
REV20547,4,good,ORD10547,PROD109,CUST3740
REV20548,4,good,ORD10548,PROD110,CUST3925
REV20549,5,"very good",ORD10549,PROD101,CUST2203
REV20550,5,"very good",ORD10550,PROD104,CUST2170
REV20551,5,"very good",ORD10551,PROD105,CUST4541
REV20552,2,bad,ORD10552,PROD100,CUST2467
REV20553,4,good,ORD10553,PROD103,CUST3889
REV20554,3,average,ORD10554,PROD107,CUST5093
REV20555,3,average,ORD10555,PROD107,CUST5355
REV20556,1,"very bad",ORD10556,PROD113,CUST3542
REV20557,4,good,ORD10557,PROD102,CUST3229
REV20558,4,good,ORD10558,PROD103,CUST2552
REV20559,4,good,ORD10559,PROD114,CUST2740
REV20560,3,average,ORD10560,PROD112,CUST3412
REV20561,3,average,ORD10561,PROD103,CUST2384
REV20562,5,"very good",ORD10562,PROD110,CUST2535
REV20563,3,average,ORD10563,PROD113,CUST2289
REV20564,4,good,ORD10564,PROD109,CUST5618
REV20565,3,average,ORD10565,PROD110,CUST2207
REV20566,1,"very bad",ORD10566,PROD104,CUST5319
REV20567,1,"very bad",ORD10567,PROD113,CUST2896
REV20568,2,bad,ORD10568,PROD110,CUST1461
REV20569,4,good,ORD10569,PROD105,CUST3977
REV20570,1,"very bad",ORD10570,PROD100,CUST3240
REV20571,2,bad,ORD10571,PROD109,CUST4516
REV20572,1,"very bad",ORD10572,PROD109,CUST4822
REV20573,4,good,ORD10573,PROD110,CUST2050
REV20574,4,good,ORD10574,PROD108,CUST3308
REV20575,5,"very good",ORD10575,PROD110,CUST1399
REV20576,1,"very bad",ORD10576,PROD102,CUST3343
REV20577,2,bad,ORD10577,PROD109,CUST5003
REV20578,1,"very bad",ORD10578,PROD107,CUST3483
REV20579,5,"very good",ORD10579,PROD108,CUST2725
REV20580,2,bad,ORD10580,PROD112,CUST5866
REV20581,4,good,ORD10581,PROD112,CUST4646
REV20582,3,average,ORD10582,PROD109,CUST1981
REV20583,4,good,ORD10583,PROD107,CUST3185
REV20584,1,"very bad",ORD10584,PROD113,CUST1473
REV20585,1,"very bad",ORD10585,PROD111,CUST5278
REV20586,2,bad,ORD10586,PROD104,CUST2432
REV20587,4,good,ORD10587,PROD113,CUST5767
REV20588,1,"very bad",ORD10588,PROD114,CUST4450
REV20589,1,"very bad",ORD10589,PROD103,CUST4081
REV20590,1,"very bad",ORD10590,PROD114,CUST5693
REV20591,4,good,ORD10591,PROD109,CUST5540
REV20592,4,good,ORD10592,PROD106,CUST4306
REV20593,3,average,ORD10593,PROD106,CUST1089
REV20594,2,bad,ORD10594,PROD102,CUST2457
REV20595,3,average,ORD10595,PROD101,CUST4150
REV20596,3,average,ORD10596,PROD102,CUST1824
REV20597,1,"very bad",ORD10597,PROD109,CUST1339
REV20598,5,"very good",ORD10598,PROD100,CUST4129
REV20599,2,bad,ORD10599,PROD110,CUST2130
REV20600,3,average,ORD10600,PROD111,CUST5653
REV20601,5,"very good",ORD10601,PROD103,CUST5101
REV20602,3,average,ORD10602,PROD105,CUST5284
REV20603,5,"very good",ORD10603,PROD113,CUST1411
REV20604,5,"very good",ORD10604,PROD110,CUST3590
REV20605,5,"very good",ORD10605,PROD107,CUST2641
REV20606,5,"very good",ORD10606,PROD100,CUST1400
REV20607,2,bad,ORD10607,PROD113,CUST5215
REV20608,4,good,ORD10608,PROD105,CUST3248
REV20609,5,"very good",ORD10609,PROD101,CUST2706
REV20610,2,bad,ORD10610,PROD113,CUST1342
REV20611,5,"very good",ORD10611,PROD101,CUST2332
REV20612,5,"very good",ORD10612,PROD114,CUST5254
REV20613,1,"very bad",ORD10613,PROD105,CUST2708
REV20614,2,bad,ORD10614,PROD107,CUST2047
REV20615,1,"very bad",ORD10615,PROD104,CUST1092
REV20616,3,average,ORD10616,PROD107,CUST1058
REV20617,3,average,ORD10617,PROD105,CUST2249
REV20618,4,good,ORD10618,PROD114,CUST1008
REV20619,2,bad,ORD10619,PROD110,CUST2352
REV20620,2,bad,ORD10620,PROD111,CUST2210
REV20621,3,average,ORD10621,PROD112,CUST2783
REV20622,2,bad,ORD10622,PROD108,CUST2728
REV20623,3,average,ORD10623,PROD114,CUST3232
REV20624,2,bad,ORD10624,PROD113,CUST3494
REV20625,4,good,ORD10625,PROD104,CUST2541
REV20626,5,"very good",ORD10626,PROD113,CUST2055
REV20627,3,average,ORD10627,PROD104,CUST2595
REV20628,3,average,ORD10628,PROD106,CUST4760
REV20629,5,"very good",ORD10629,PROD114,CUST3203
REV20630,2,bad,ORD10630,PROD105,CUST3484
REV20631,2,bad,ORD10631,PROD101,CUST2913
REV20632,3,average,ORD10632,PROD105,CUST1109
REV20633,1,"very bad",ORD10633,PROD110,CUST2479
REV20634,5,"very good",ORD10634,PROD109,CUST1358
REV20635,5,"very good",ORD10635,PROD100,CUST2213
REV20636,5,"very good",ORD10636,PROD111,CUST3302
REV20637,2,bad,ORD10637,PROD107,CUST5809
REV20638,5,"very good",ORD10638,PROD111,CUST1021
REV20639,2,bad,ORD10639,PROD112,CUST4481
REV20640,5,"very good",ORD10640,PROD110,CUST5783
REV20641,1,"very bad",ORD10641,PROD105,CUST1376
REV20642,3,average,ORD10642,PROD102,CUST3122
REV20643,1,"very bad",ORD10643,PROD105,CUST1274
REV20644,3,average,ORD10644,PROD113,CUST4847
REV20645,4,good,ORD10645,PROD110,CUST5175
REV20646,2,bad,ORD10646,PROD101,CUST1359
REV20647,4,good,ORD10647,PROD114,CUST5207
REV20648,4,good,ORD10648,PROD100,CUST5136
REV20649,4,good,ORD10649,PROD103,CUST1025
REV20650,4,good,ORD10650,PROD104,CUST3996
REV20651,1,"very bad",ORD10651,PROD101,CUST5500
REV20652,5,"very good",ORD10652,PROD100,CUST4781
REV20653,3,average,ORD10653,PROD114,CUST1566
REV20654,2,bad,ORD10654,PROD111,CUST2959
REV20655,5,"very good",ORD10655,PROD107,CUST2943
REV20656,1,"very bad",ORD10656,PROD108,CUST5285
REV20657,1,"very bad",ORD10657,PROD113,CUST5619
REV20658,3,average,ORD10658,PROD104,CUST2076
REV20659,3,average,ORD10659,PROD108,CUST3663
REV20660,4,good,ORD10660,PROD111,CUST2919
REV20661,5,"very good",ORD10661,PROD107,CUST4399
REV20662,5,"very good",ORD10662,PROD112,CUST5430
REV20663,1,"very bad",ORD10663,PROD111,CUST3877
REV20664,4,good,ORD10664,PROD103,CUST4868
REV20665,2,bad,ORD10665,PROD110,CUST1628
REV20666,3,average,ORD10666,PROD113,CUST5497
REV20667,4,good,ORD10667,PROD105,CUST1988
REV20668,4,good,ORD10668,PROD107,CUST4865
REV20669,5,"very good",ORD10669,PROD109,CUST2822
REV20670,5,"very good",ORD10670,PROD106,CUST1580
REV20671,4,good,ORD10671,PROD107,CUST5962
REV20672,5,"very good",ORD10672,PROD111,CUST2527
REV20673,3,average,ORD10673,PROD110,CUST3877
REV20674,3,average,ORD10674,PROD100,CUST3469
REV20675,3,average,ORD10675,PROD113,CUST5576
REV20676,5,"very good",ORD10676,PROD104,CUST4385
REV20677,1,"very bad",ORD10677,PROD104,CUST1499
REV20678,2,bad,ORD10678,PROD102,CUST3692
REV20679,3,average,ORD10679,PROD108,CUST2913
REV20680,5,"very good",ORD10680,PROD106,CUST3597
REV20681,2,bad,ORD10681,PROD105,CUST2381
REV20682,3,average,ORD10682,PROD105,CUST2474
REV20683,4,good,ORD10683,PROD109,CUST4517
REV20684,4,good,ORD10684,PROD109,CUST3560
REV20685,3,average,ORD10685,PROD106,CUST3858
REV20686,2,bad,ORD10686,PROD103,CUST5461
REV20687,1,"very bad",ORD10687,PROD111,CUST4955
REV20688,2,bad,ORD10688,PROD108,CUST1107
REV20689,3,average,ORD10689,PROD107,CUST3150
REV20690,5,"very good",ORD10690,PROD113,CUST4905
REV20691,5,"very good",ORD10691,PROD112,CUST3304
REV20692,2,bad,ORD10692,PROD114,CUST4053
REV20693,2,bad,ORD10693,PROD105,CUST2685
REV20694,4,good,ORD10694,PROD105,CUST2999
REV20695,1,"very bad",ORD10695,PROD109,CUST3235
REV20696,1,"very bad",ORD10696,PROD107,CUST4764
REV20697,4,good,ORD10697,PROD101,CUST5744
REV20698,4,good,ORD10698,PROD107,CUST1902
REV20699,1,"very bad",ORD10699,PROD110,CUST2226
REV20700,3,average,ORD10700,PROD103,CUST2310
REV20701,2,bad,ORD10701,PROD103,CUST2605
REV20702,2,bad,ORD10702,PROD113,CUST3948
REV20703,5,"very good",ORD10703,PROD105,CUST4044
REV20704,1,"very bad",ORD10704,PROD109,CUST3035
REV20705,3,average,ORD10705,PROD101,CUST4826
REV20706,4,good,ORD10706,PROD110,CUST1977
REV20707,5,"very good",ORD10707,PROD105,CUST5818
REV20708,2,bad,ORD10708,PROD112,CUST4096
REV20709,2,bad,ORD10709,PROD110,CUST3379
REV20710,4,good,ORD10710,PROD112,CUST4892
REV20711,5,"very good",ORD10711,PROD108,CUST4649
REV20712,4,good,ORD10712,PROD101,CUST5229
REV20713,4,good,ORD10713,PROD110,CUST5172
REV20714,2,bad,ORD10714,PROD104,CUST5721
REV20715,1,"very bad",ORD10715,PROD109,CUST2798
REV20716,5,"very good",ORD10716,PROD114,CUST5392
REV20717,3,average,ORD10717,PROD109,CUST2664
REV20718,5,"very good",ORD10718,PROD107,CUST5482
REV20719,3,average,ORD10719,PROD102,CUST5405
REV20720,1,"very bad",ORD10720,PROD107,CUST5945
REV20721,1,"very bad",ORD10721,PROD114,CUST2695
REV20722,5,"very good",ORD10722,PROD109,CUST3954
REV20723,1,"very bad",ORD10723,PROD112,CUST2577
REV20724,4,good,ORD10724,PROD100,CUST5064
REV20725,3,average,ORD10725,PROD103,CUST1255
REV20726,4,good,ORD10726,PROD101,CUST5777
REV20727,5,"very good",ORD10727,PROD112,CUST1332
REV20728,5,"very good",ORD10728,PROD108,CUST4239
REV20729,3,average,ORD10729,PROD102,CUST5981
REV20730,3,average,ORD10730,PROD113,CUST4309
REV20731,2,bad,ORD10731,PROD108,CUST5022
REV20732,5,"very good",ORD10732,PROD103,CUST3307
REV20733,1,"very bad",ORD10733,PROD110,CUST2955
REV20734,3,average,ORD10734,PROD101,CUST4709
REV20735,4,good,ORD10735,PROD107,CUST5279
REV20736,1,"very bad",ORD10736,PROD103,CUST5825
REV20737,1,"very bad",ORD10737,PROD110,CUST1515
REV20738,3,average,ORD10738,PROD109,CUST4458
REV20739,4,good,ORD10739,PROD105,CUST2134
REV20740,2,bad,ORD10740,PROD100,CUST3982
REV20741,3,average,ORD10741,PROD114,CUST4658
REV20742,1,"very bad",ORD10742,PROD114,CUST2298
REV20743,1,"very bad",ORD10743,PROD113,CUST5561
REV20744,5,"very good",ORD10744,PROD102,CUST2983
REV20745,3,average,ORD10745,PROD110,CUST2294
REV20746,1,"very bad",ORD10746,PROD113,CUST2532
REV20747,3,average,ORD10747,PROD104,CUST5221
REV20748,5,"very good",ORD10748,PROD111,CUST5661
REV20749,3,average,ORD10749,PROD110,CUST2991
REV20750,4,good,ORD10750,PROD114,CUST2131
REV20751,2,bad,ORD10751,PROD114,CUST1863
REV20752,2,bad,ORD10752,PROD106,CUST4020
REV20753,1,"very bad",ORD10753,PROD112,CUST2826
REV20754,3,average,ORD10754,PROD100,CUST3732
REV20755,3,average,ORD10755,PROD102,CUST1724
REV20756,5,"very good",ORD10756,PROD102,CUST3966
REV20757,5,"very good",ORD10757,PROD108,CUST3347
REV20758,2,bad,ORD10758,PROD108,CUST5254
REV20759,1,"very bad",ORD10759,PROD110,CUST1348
REV20760,2,bad,ORD10760,PROD114,CUST5766
REV20761,2,bad,ORD10761,PROD105,CUST1708
REV20762,1,"very bad",ORD10762,PROD109,CUST2841
REV20763,1,"very bad",ORD10763,PROD114,CUST2138
REV20764,5,"very good",ORD10764,PROD114,CUST4168
REV20765,4,good,ORD10765,PROD113,CUST1719
REV20766,4,good,ORD10766,PROD101,CUST3346
REV20767,2,bad,ORD10767,PROD109,CUST5195
REV20768,3,average,ORD10768,PROD104,CUST2732
REV20769,4,good,ORD10769,PROD104,CUST5441
REV20770,2,bad,ORD10770,PROD109,CUST1981
REV20771,5,"very good",ORD10771,PROD106,CUST1655
REV20772,2,bad,ORD10772,PROD105,CUST1951
REV20773,4,good,ORD10773,PROD111,CUST4294
REV20774,1,"very bad",ORD10774,PROD100,CUST5494
REV20775,5,"very good",ORD10775,PROD102,CUST5027
REV20776,1,"very bad",ORD10776,PROD108,CUST4851
REV20777,2,bad,ORD10777,PROD109,CUST1297
REV20778,5,"very good",ORD10778,PROD112,CUST4717
REV20779,3,average,ORD10779,PROD104,CUST4582
REV20780,1,"very bad",ORD10780,PROD100,CUST5832
REV20781,2,bad,ORD10781,PROD111,CUST2111
REV20782,2,bad,ORD10782,PROD107,CUST2413
REV20783,1,"very bad",ORD10783,PROD100,CUST1917
REV20784,2,bad,ORD10784,PROD113,CUST2100
REV20785,5,"very good",ORD10785,PROD100,CUST5394
REV20786,2,bad,ORD10786,PROD101,CUST3574
REV20787,4,good,ORD10787,PROD113,CUST1310
REV20788,5,"very good",ORD10788,PROD100,CUST1521
REV20789,4,good,ORD10789,PROD106,CUST2301
REV20790,5,"very good",ORD10790,PROD110,CUST4376
REV20791,5,"very good",ORD10791,PROD114,CUST2700
REV20792,3,average,ORD10792,PROD107,CUST4127
REV20793,1,"very bad",ORD10793,PROD104,CUST4522
REV20794,2,bad,ORD10794,PROD100,CUST5065
REV20795,5,"very good",ORD10795,PROD106,CUST4930
REV20796,3,average,ORD10796,PROD104,CUST4066
REV20797,4,good,ORD10797,PROD100,CUST1103
REV20798,1,"very bad",ORD10798,PROD111,CUST4049
REV20799,2,bad,ORD10799,PROD109,CUST4174
REV20800,4,good,ORD10800,PROD104,CUST5628
REV20801,5,"very good",ORD10801,PROD112,CUST5987
REV20802,3,average,ORD10802,PROD105,CUST5056
REV20803,1,"very bad",ORD10803,PROD103,CUST2067
REV20804,3,average,ORD10804,PROD100,CUST1059
REV20805,5,"very good",ORD10805,PROD101,CUST5544
REV20806,3,average,ORD10806,PROD104,CUST3363
REV20807,2,bad,ORD10807,PROD108,CUST5578
REV20808,2,bad,ORD10808,PROD100,CUST1765
REV20809,5,"very good",ORD10809,PROD109,CUST1605
REV20810,5,"very good",ORD10810,PROD108,CUST3524
REV20811,4,good,ORD10811,PROD112,CUST1982
REV20812,4,good,ORD10812,PROD105,CUST2693
REV20813,1,"very bad",ORD10813,PROD105,CUST1317
REV20814,1,"very bad",ORD10814,PROD105,CUST5096
REV20815,2,bad,ORD10815,PROD101,CUST2305
REV20816,3,average,ORD10816,PROD106,CUST5274
REV20817,4,good,ORD10817,PROD106,CUST1023
REV20818,2,bad,ORD10818,PROD112,CUST1722
REV20819,1,"very bad",ORD10819,PROD113,CUST4746
REV20820,5,"very good",ORD10820,PROD113,CUST1031
REV20821,3,average,ORD10821,PROD113,CUST3633
REV20822,4,good,ORD10822,PROD106,CUST4786
REV20823,4,good,ORD10823,PROD106,CUST3229
REV20824,3,average,ORD10824,PROD101,CUST4456
REV20825,1,"very bad",ORD10825,PROD104,CUST4920
REV20826,1,"very bad",ORD10826,PROD104,CUST3438
REV20827,1,"very bad",ORD10827,PROD103,CUST5441
REV20828,5,"very good",ORD10828,PROD108,CUST5670
REV20829,1,"very bad",ORD10829,PROD109,CUST1453
REV20830,1,"very bad",ORD10830,PROD104,CUST2020
REV20831,5,"very good",ORD10831,PROD108,CUST2898
REV20832,1,"very bad",ORD10832,PROD103,CUST1788
REV20833,5,"very good",ORD10833,PROD107,CUST4732
REV20834,3,average,ORD10834,PROD102,CUST3140
REV20835,3,average,ORD10835,PROD101,CUST4717
REV20836,3,average,ORD10836,PROD103,CUST5392
REV20837,2,bad,ORD10837,PROD112,CUST5026
REV20838,5,"very good",ORD10838,PROD102,CUST3182
REV20839,3,average,ORD10839,PROD113,CUST4826
REV20840,2,bad,ORD10840,PROD114,CUST2114
REV20841,1,"very bad",ORD10841,PROD101,CUST5920
REV20842,1,"very bad",ORD10842,PROD109,CUST1294
REV20843,2,bad,ORD10843,PROD108,CUST5624
REV20844,4,good,ORD10844,PROD106,CUST2832
REV20845,5,"very good",ORD10845,PROD113,CUST2130
REV20846,4,good,ORD10846,PROD102,CUST5766
REV20847,2,bad,ORD10847,PROD109,CUST1958
REV20848,3,average,ORD10848,PROD109,CUST3620
REV20849,5,"very good",ORD10849,PROD107,CUST3136
REV20850,3,average,ORD10850,PROD111,CUST1959
REV20851,3,average,ORD10851,PROD111,CUST5211
REV20852,2,bad,ORD10852,PROD114,CUST1756
REV20853,5,"very good",ORD10853,PROD108,CUST3219
REV20854,4,good,ORD10854,PROD102,CUST5507
REV20855,2,bad,ORD10855,PROD111,CUST1952
REV20856,2,bad,ORD10856,PROD101,CUST5187
REV20857,3,average,ORD10857,PROD101,CUST2850
REV20858,5,"very good",ORD10858,PROD106,CUST2948
REV20859,3,average,ORD10859,PROD102,CUST1333
REV20860,1,"very bad",ORD10860,PROD114,CUST2244
REV20861,2,bad,ORD10861,PROD104,CUST5679
REV20862,3,average,ORD10862,PROD107,CUST1800
REV20863,1,"very bad",ORD10863,PROD108,CUST4492
REV20864,4,good,ORD10864,PROD105,CUST5637
REV20865,5,"very good",ORD10865,PROD109,CUST2356
REV20866,1,"very bad",ORD10866,PROD102,CUST2099
REV20867,1,"very bad",ORD10867,PROD108,CUST2913
REV20868,3,average,ORD10868,PROD111,CUST4191
REV20869,1,"very bad",ORD10869,PROD112,CUST2412
REV20870,5,"very good",ORD10870,PROD107,CUST3231
REV20871,5,"very good",ORD10871,PROD105,CUST3167
REV20872,1,"very bad",ORD10872,PROD106,CUST3967
REV20873,4,good,ORD10873,PROD109,CUST3700
REV20874,4,good,ORD10874,PROD105,CUST3683
REV20875,2,bad,ORD10875,PROD107,CUST2693
REV20876,1,"very bad",ORD10876,PROD107,CUST3598
REV20877,1,"very bad",ORD10877,PROD108,CUST2574
REV20878,1,"very bad",ORD10878,PROD110,CUST4793
REV20879,5,"very good",ORD10879,PROD103,CUST3134
REV20880,5,"very good",ORD10880,PROD109,CUST1047
REV20881,1,"very bad",ORD10881,PROD101,CUST5168
REV20882,4,good,ORD10882,PROD108,CUST2982
REV20883,3,average,ORD10883,PROD111,CUST2367
REV20884,1,"very bad",ORD10884,PROD114,CUST5992
REV20885,1,"very bad",ORD10885,PROD101,CUST2915
REV20886,2,bad,ORD10886,PROD100,CUST4131
REV20887,2,bad,ORD10887,PROD105,CUST4828
REV20888,2,bad,ORD10888,PROD100,CUST1837
REV20889,2,bad,ORD10889,PROD105,CUST2263
REV20890,2,bad,ORD10890,PROD102,CUST4987
REV20891,4,good,ORD10891,PROD108,CUST2908
REV20892,3,average,ORD10892,PROD112,CUST1454
REV20893,5,"very good",ORD10893,PROD112,CUST1483
REV20894,2,bad,ORD10894,PROD104,CUST5895
REV20895,5,"very good",ORD10895,PROD106,CUST5101
REV20896,2,bad,ORD10896,PROD103,CUST3566
REV20897,1,"very bad",ORD10897,PROD108,CUST2173
REV20898,2,bad,ORD10898,PROD108,CUST1086
REV20899,5,"very good",ORD10899,PROD113,CUST3888
REV20900,4,good,ORD10900,PROD101,CUST4502
REV20901,3,average,ORD10901,PROD108,CUST5987
REV20902,4,good,ORD10902,PROD113,CUST2333
REV20903,1,"very bad",ORD10903,PROD108,CUST5830
REV20904,3,average,ORD10904,PROD104,CUST4210
REV20905,2,bad,ORD10905,PROD107,CUST2845
REV20906,3,average,ORD10906,PROD103,CUST1704
REV20907,4,good,ORD10907,PROD101,CUST1335
REV20908,3,average,ORD10908,PROD113,CUST3173
REV20909,4,good,ORD10909,PROD107,CUST1223
REV20910,2,bad,ORD10910,PROD102,CUST1052
REV20911,1,"very bad",ORD10911,PROD111,CUST1687
REV20912,3,average,ORD10912,PROD102,CUST4978
REV20913,2,bad,ORD10913,PROD108,CUST4850
REV20914,5,"very good",ORD10914,PROD112,CUST1491
REV20915,4,good,ORD10915,PROD109,CUST1431
REV20916,4,good,ORD10916,PROD108,CUST2458
REV20917,4,good,ORD10917,PROD106,CUST1957
REV20918,1,"very bad",ORD10918,PROD106,CUST2140
REV20919,4,good,ORD10919,PROD109,CUST4881
REV20920,3,average,ORD10920,PROD109,CUST2149
REV20921,5,"very good",ORD10921,PROD109,CUST1234
REV20922,5,"very good",ORD10922,PROD101,CUST1123
REV20923,3,average,ORD10923,PROD104,CUST4931
REV20924,3,average,ORD10924,PROD104,CUST5450
REV20925,1,"very bad",ORD10925,PROD103,CUST5087
REV20926,1,"very bad",ORD10926,PROD108,CUST5856
REV20927,5,"very good",ORD10927,PROD110,CUST1764
REV20928,1,"very bad",ORD10928,PROD105,CUST3422
REV20929,1,"very bad",ORD10929,PROD105,CUST3589
REV20930,1,"very bad",ORD10930,PROD103,CUST5222
REV20931,3,average,ORD10931,PROD104,CUST3548
REV20932,5,"very good",ORD10932,PROD111,CUST2902
REV20933,3,average,ORD10933,PROD100,CUST4410
REV20934,5,"very good",ORD10934,PROD105,CUST2315
REV20935,5,"very good",ORD10935,PROD101,CUST5669
REV20936,2,bad,ORD10936,PROD111,CUST3122
REV20937,5,"very good",ORD10937,PROD109,CUST5422
REV20938,2,bad,ORD10938,PROD100,CUST1473
REV20939,5,"very good",ORD10939,PROD104,CUST2596
REV20940,1,"very bad",ORD10940,PROD104,CUST2324
REV20941,2,bad,ORD10941,PROD101,CUST1040
REV20942,5,"very good",ORD10942,PROD112,CUST4580
REV20943,1,"very bad",ORD10943,PROD104,CUST2596
REV20944,3,average,ORD10944,PROD104,CUST2656
REV20945,2,bad,ORD10945,PROD101,CUST3471
REV20946,5,"very good",ORD10946,PROD104,CUST5491
REV20947,1,"very bad",ORD10947,PROD103,CUST4909
REV20948,3,average,ORD10948,PROD106,CUST5548
REV20949,2,bad,ORD10949,PROD101,CUST4995
REV20950,1,"very bad",ORD10950,PROD112,CUST1957
REV20951,2,bad,ORD10951,PROD102,CUST4186
REV20952,3,average,ORD10952,PROD113,CUST1532
REV20953,5,"very good",ORD10953,PROD108,CUST5948
REV20954,5,"very good",ORD10954,PROD100,CUST3970
REV20955,3,average,ORD10955,PROD110,CUST5736
REV20956,1,"very bad",ORD10956,PROD113,CUST4261
REV20957,4,good,ORD10957,PROD111,CUST5128
REV20958,3,average,ORD10958,PROD113,CUST2050
REV20959,3,average,ORD10959,PROD113,CUST1400
REV20960,2,bad,ORD10960,PROD103,CUST4885
REV20961,5,"very good",ORD10961,PROD109,CUST3946
REV20962,5,"very good",ORD10962,PROD105,CUST5180
REV20963,3,average,ORD10963,PROD101,CUST1608
REV20964,1,"very bad",ORD10964,PROD108,CUST2923
REV20965,3,average,ORD10965,PROD104,CUST5043
REV20966,1,"very bad",ORD10966,PROD108,CUST1108
REV20967,1,"very bad",ORD10967,PROD107,CUST2715
REV20968,4,good,ORD10968,PROD102,CUST1439
REV20969,2,bad,ORD10969,PROD113,CUST4728
REV20970,1,"very bad",ORD10970,PROD101,CUST4857
REV20971,5,"very good",ORD10971,PROD110,CUST5982
REV20972,4,good,ORD10972,PROD102,CUST5979
REV20973,2,bad,ORD10973,PROD110,CUST3660
REV20974,4,good,ORD10974,PROD103,CUST3873
REV20975,5,"very good",ORD10975,PROD108,CUST1117
REV20976,2,bad,ORD10976,PROD113,CUST1209
REV20977,1,"very bad",ORD10977,PROD107,CUST2974
REV20978,2,bad,ORD10978,PROD100,CUST1400
REV20979,5,"very good",ORD10979,PROD112,CUST4931
REV20980,4,good,ORD10980,PROD114,CUST2133
REV20981,4,good,ORD10981,PROD105,CUST1543
REV20982,1,"very bad",ORD10982,PROD101,CUST1165
REV20983,3,average,ORD10983,PROD100,CUST2341
REV20984,4,good,ORD10984,PROD113,CUST4121
REV20985,5,"very good",ORD10985,PROD103,CUST3926
REV20986,1,"very bad",ORD10986,PROD102,CUST5739
REV20987,5,"very good",ORD10987,PROD112,CUST4507
REV20988,4,good,ORD10988,PROD105,CUST5821
REV20989,1,"very bad",ORD10989,PROD107,CUST4445
REV20990,5,"very good",ORD10990,PROD105,CUST4041
REV20991,4,good,ORD10991,PROD113,CUST4091
REV20992,2,bad,ORD10992,PROD108,CUST4905
REV20993,2,bad,ORD10993,PROD113,CUST4284
REV20994,3,average,ORD10994,PROD111,CUST4052
REV20995,5,"very good",ORD10995,PROD107,CUST2033
REV20996,4,good,ORD10996,PROD113,CUST2812
REV20997,4,good,ORD10997,PROD113,CUST2694
REV20998,3,average,ORD10998,PROD111,CUST2413
REV20999,1,"very bad",ORD10999,PROD103,CUST1215
REV21000,2,bad,ORD11000,PROD107,CUST5212
REV21001,4,good,ORD11001,PROD103,CUST4954
REV21002,3,average,ORD11002,PROD112,CUST4311
REV21003,5,"very good",ORD11003,PROD105,CUST2827
REV21004,5,"very good",ORD11004,PROD106,CUST5601
REV21005,4,good,ORD11005,PROD104,CUST1530
REV21006,3,average,ORD11006,PROD106,CUST5804
REV21007,1,"very bad",ORD11007,PROD102,CUST3087
REV21008,5,"very good",ORD11008,PROD104,CUST4918
REV21009,1,"very bad",ORD11009,PROD102,CUST5781
REV21010,1,"very bad",ORD11010,PROD114,CUST4595
REV21011,2,bad,ORD11011,PROD101,CUST3282
REV21012,3,average,ORD11012,PROD103,CUST4948
REV21013,3,average,ORD11013,PROD102,CUST2805
REV21014,5,"very good",ORD11014,PROD103,CUST2348
REV21015,5,"very good",ORD11015,PROD109,CUST1014
REV21016,4,good,ORD11016,PROD109,CUST2335
REV21017,4,good,ORD11017,PROD104,CUST3199
REV21018,2,bad,ORD11018,PROD100,CUST1668
REV21019,1,"very bad",ORD11019,PROD100,CUST4862
REV21020,1,"very bad",ORD11020,PROD101,CUST4392
REV21021,2,bad,ORD11021,PROD103,CUST5464
REV21022,1,"very bad",ORD11022,PROD110,CUST3473
REV21023,4,good,ORD11023,PROD108,CUST4656
REV21024,3,average,ORD11024,PROD102,CUST4245
REV21025,2,bad,ORD11025,PROD105,CUST5012
REV21026,4,good,ORD11026,PROD104,CUST3262
REV21027,2,bad,ORD11027,PROD102,CUST1846
REV21028,4,good,ORD11028,PROD111,CUST3453
REV21029,5,"very good",ORD11029,PROD109,CUST3759
REV21030,4,good,ORD11030,PROD100,CUST3612
REV21031,5,"very good",ORD11031,PROD101,CUST4637
REV21032,2,bad,ORD11032,PROD100,CUST4656
REV21033,2,bad,ORD11033,PROD110,CUST5130
REV21034,3,average,ORD11034,PROD113,CUST2792
REV21035,5,"very good",ORD11035,PROD100,CUST5754
REV21036,5,"very good",ORD11036,PROD112,CUST2483
REV21037,5,"very good",ORD11037,PROD113,CUST2045
REV21038,1,"very bad",ORD11038,PROD114,CUST4471
REV21039,4,good,ORD11039,PROD109,CUST4459
REV21040,5,"very good",ORD11040,PROD107,CUST3259
REV21041,2,bad,ORD11041,PROD111,CUST1391
REV21042,4,good,ORD11042,PROD101,CUST1591
REV21043,3,average,ORD11043,PROD114,CUST3122
REV21044,2,bad,ORD11044,PROD108,CUST4211
REV21045,5,"very good",ORD11045,PROD112,CUST2451
REV21046,5,"very good",ORD11046,PROD113,CUST4906
REV21047,1,"very bad",ORD11047,PROD110,CUST2354
REV21048,1,"very bad",ORD11048,PROD102,CUST3840
REV21049,5,"very good",ORD11049,PROD101,CUST1291
REV21050,4,good,ORD11050,PROD111,CUST5672
REV21051,4,good,ORD11051,PROD112,CUST4180
REV21052,4,good,ORD11052,PROD111,CUST2674
REV21053,2,bad,ORD11053,PROD107,CUST4199
REV21054,4,good,ORD11054,PROD107,CUST4471
REV21055,4,good,ORD11055,PROD102,CUST2819
REV21056,5,"very good",ORD11056,PROD102,CUST4574
REV21057,2,bad,ORD11057,PROD106,CUST3740
REV21058,5,"very good",ORD11058,PROD107,CUST1349
REV21059,4,good,ORD11059,PROD100,CUST5565
REV21060,3,average,ORD11060,PROD104,CUST3107
REV21061,1,"very bad",ORD11061,PROD105,CUST5208
REV21062,5,"very good",ORD11062,PROD104,CUST4415
REV21063,1,"very bad",ORD11063,PROD106,CUST3716
REV21064,2,bad,ORD11064,PROD110,CUST5126
REV21065,4,good,ORD11065,PROD108,CUST4132
REV21066,2,bad,ORD11066,PROD100,CUST5872
REV21067,4,good,ORD11067,PROD100,CUST3230
REV21068,5,"very good",ORD11068,PROD107,CUST3410
REV21069,3,average,ORD11069,PROD109,CUST1882
REV21070,3,average,ORD11070,PROD104,CUST1118
REV21071,1,"very bad",ORD11071,PROD103,CUST2429
REV21072,2,bad,ORD11072,PROD106,CUST2410
REV21073,5,"very good",ORD11073,PROD107,CUST1104
REV21074,3,average,ORD11074,PROD113,CUST3105
REV21075,5,"very good",ORD11075,PROD104,CUST4728
REV21076,4,good,ORD11076,PROD102,CUST5756
REV21077,5,"very good",ORD11077,PROD110,CUST5720
REV21078,2,bad,ORD11078,PROD110,CUST2715
REV21079,4,good,ORD11079,PROD104,CUST4610
REV21080,1,"very bad",ORD11080,PROD105,CUST2979
REV21081,4,good,ORD11081,PROD109,CUST1656
REV21082,1,"very bad",ORD11082,PROD107,CUST1882
REV21083,1,"very bad",ORD11083,PROD111,CUST1343
REV21084,3,average,ORD11084,PROD102,CUST1453
REV21085,5,"very good",ORD11085,PROD106,CUST5548
REV21086,2,bad,ORD11086,PROD106,CUST2871
REV21087,3,average,ORD11087,PROD109,CUST5748
REV21088,2,bad,ORD11088,PROD107,CUST5126
REV21089,5,"very good",ORD11089,PROD110,CUST1448
REV21090,5,"very good",ORD11090,PROD100,CUST2149
REV21091,4,good,ORD11091,PROD113,CUST5253
REV21092,5,"very good",ORD11092,PROD111,CUST4219
REV21093,5,"very good",ORD11093,PROD101,CUST2067
REV21094,1,"very bad",ORD11094,PROD111,CUST4016
REV21095,1,"very bad",ORD11095,PROD114,CUST2061
REV21096,2,bad,ORD11096,PROD105,CUST2699
REV21097,4,good,ORD11097,PROD109,CUST1050
REV21098,3,average,ORD11098,PROD100,CUST3174
REV21099,5,"very good",ORD11099,PROD102,CUST3099
REV21100,5,"very good",ORD11100,PROD111,CUST1760
REV21101,3,average,ORD11101,PROD106,CUST4079
REV21102,5,"very good",ORD11102,PROD114,CUST1606
REV21103,2,bad,ORD11103,PROD105,CUST3179
REV21104,4,good,ORD11104,PROD104,CUST3024
REV21105,5,"very good",ORD11105,PROD103,CUST2199
REV21106,5,"very good",ORD11106,PROD113,CUST3421
REV21107,1,"very bad",ORD11107,PROD107,CUST2223
REV21108,2,bad,ORD11108,PROD113,CUST2630
REV21109,1,"very bad",ORD11109,PROD103,CUST4104
REV21110,3,average,ORD11110,PROD109,CUST4253
REV21111,2,bad,ORD11111,PROD109,CUST1230
REV21112,5,"very good",ORD11112,PROD107,CUST1384
REV21113,3,average,ORD11113,PROD106,CUST1282
REV21114,5,"very good",ORD11114,PROD114,CUST3770
REV21115,3,average,ORD11115,PROD112,CUST1210
REV21116,5,"very good",ORD11116,PROD103,CUST4090
REV21117,4,good,ORD11117,PROD107,CUST3897
REV21118,1,"very bad",ORD11118,PROD105,CUST4718
REV21119,3,average,ORD11119,PROD101,CUST5540
REV21120,5,"very good",ORD11120,PROD114,CUST2538
REV21121,1,"very bad",ORD11121,PROD112,CUST2208
REV21122,4,good,ORD11122,PROD108,CUST5000
REV21123,3,average,ORD11123,PROD108,CUST4148
REV21124,4,good,ORD11124,PROD109,CUST5600
REV21125,3,average,ORD11125,PROD101,CUST2880
REV21126,5,"very good",ORD11126,PROD110,CUST4380
REV21127,4,good,ORD11127,PROD111,CUST3879
REV21128,5,"very good",ORD11128,PROD114,CUST3572
REV21129,2,bad,ORD11129,PROD108,CUST5868
REV21130,2,bad,ORD11130,PROD105,CUST1033
REV21131,5,"very good",ORD11131,PROD114,CUST1260
REV21132,1,"very bad",ORD11132,PROD114,CUST2679
REV21133,5,"very good",ORD11133,PROD109,CUST5982
REV21134,5,"very good",ORD11134,PROD105,CUST5868
REV21135,1,"very bad",ORD11135,PROD111,CUST3442
REV21136,4,good,ORD11136,PROD103,CUST4150
REV21137,4,good,ORD11137,PROD105,CUST1522
REV21138,1,"very bad",ORD11138,PROD101,CUST4602
REV21139,3,average,ORD11139,PROD112,CUST2329
REV21140,2,bad,ORD11140,PROD112,CUST3917
REV21141,3,average,ORD11141,PROD100,CUST1827
REV21142,2,bad,ORD11142,PROD100,CUST1079
REV21143,4,good,ORD11143,PROD100,CUST2937
REV21144,5,"very good",ORD11144,PROD102,CUST4379
REV21145,2,bad,ORD11145,PROD103,CUST2444
REV21146,3,average,ORD11146,PROD110,CUST2416
REV21147,4,good,ORD11147,PROD110,CUST5359
REV21148,3,average,ORD11148,PROD110,CUST3078
REV21149,5,"very good",ORD11149,PROD110,CUST5741
REV21150,2,bad,ORD11150,PROD108,CUST4131
REV21151,1,"very bad",ORD11151,PROD113,CUST5055
REV21152,1,"very bad",ORD11152,PROD111,CUST5404
REV21153,4,good,ORD11153,PROD111,CUST5412
REV21154,2,bad,ORD11154,PROD103,CUST4960
REV21155,3,average,ORD11155,PROD107,CUST4158
REV21156,3,average,ORD11156,PROD107,CUST5708
REV21157,5,"very good",ORD11157,PROD107,CUST5300
REV21158,5,"very good",ORD11158,PROD110,CUST3152
REV21159,4,good,ORD11159,PROD110,CUST4459
REV21160,1,"very bad",ORD11160,PROD109,CUST1614
REV21161,4,good,ORD11161,PROD114,CUST5893
REV21162,2,bad,ORD11162,PROD110,CUST4495
REV21163,2,bad,ORD11163,PROD113,CUST3737
REV21164,1,"very bad",ORD11164,PROD104,CUST4214
REV21165,3,average,ORD11165,PROD112,CUST3138
REV21166,1,"very bad",ORD11166,PROD106,CUST3465
REV21167,5,"very good",ORD11167,PROD103,CUST1125
REV21168,3,average,ORD11168,PROD108,CUST3958
REV21169,3,average,ORD11169,PROD103,CUST1307
REV21170,5,"very good",ORD11170,PROD108,CUST3689
REV21171,1,"very bad",ORD11171,PROD102,CUST5817
REV21172,2,bad,ORD11172,PROD108,CUST1050
REV21173,3,average,ORD11173,PROD108,CUST4509
REV21174,2,bad,ORD11174,PROD111,CUST1696
REV21175,2,bad,ORD11175,PROD107,CUST5413
REV21176,5,"very good",ORD11176,PROD112,CUST1193
REV21177,3,average,ORD11177,PROD110,CUST5262
REV21178,2,bad,ORD11178,PROD103,CUST4635
REV21179,3,average,ORD11179,PROD101,CUST5922
REV21180,2,bad,ORD11180,PROD113,CUST5635
REV21181,5,"very good",ORD11181,PROD105,CUST3788
REV21182,1,"very bad",ORD11182,PROD105,CUST1944
REV21183,3,average,ORD11183,PROD104,CUST4335
REV21184,4,good,ORD11184,PROD108,CUST1332
REV21185,4,good,ORD11185,PROD109,CUST5489
REV21186,5,"very good",ORD11186,PROD109,CUST5226
REV21187,5,"very good",ORD11187,PROD109,CUST1125
REV21188,4,good,ORD11188,PROD100,CUST5832
REV21189,2,bad,ORD11189,PROD112,CUST5650
REV21190,3,average,ORD11190,PROD112,CUST3711
REV21191,4,good,ORD11191,PROD104,CUST1690
REV21192,1,"very bad",ORD11192,PROD100,CUST3877
REV21193,5,"very good",ORD11193,PROD102,CUST2523
REV21194,3,average,ORD11194,PROD103,CUST5060
REV21195,4,good,ORD11195,PROD108,CUST5165
REV21196,4,good,ORD11196,PROD105,CUST3452
REV21197,5,"very good",ORD11197,PROD114,CUST1461
REV21198,1,"very bad",ORD11198,PROD110,CUST4568
REV21199,2,bad,ORD11199,PROD102,CUST3703
REV21200,4,good,ORD11200,PROD112,CUST5740
REV21201,1,"very bad",ORD11201,PROD108,CUST2807
REV21202,5,"very good",ORD11202,PROD113,CUST1068
REV21203,1,"very bad",ORD11203,PROD106,CUST2356
REV21204,3,average,ORD11204,PROD107,CUST1143
REV21205,3,average,ORD11205,PROD103,CUST4692
REV21206,4,good,ORD11206,PROD101,CUST1216
REV21207,2,bad,ORD11207,PROD107,CUST2613
REV21208,3,average,ORD11208,PROD109,CUST5750
REV21209,5,"very good",ORD11209,PROD101,CUST4551
REV21210,3,average,ORD11210,PROD113,CUST3299
REV21211,4,good,ORD11211,PROD103,CUST5603
REV21212,1,"very bad",ORD11212,PROD100,CUST5952
REV21213,4,good,ORD11213,PROD101,CUST2661
REV21214,1,"very bad",ORD11214,PROD100,CUST4676
REV21215,5,"very good",ORD11215,PROD110,CUST5200
REV21216,4,good,ORD11216,PROD113,CUST3761
REV21217,5,"very good",ORD11217,PROD101,CUST2010
REV21218,3,average,ORD11218,PROD107,CUST3817
REV21219,5,"very good",ORD11219,PROD112,CUST4383
REV21220,5,"very good",ORD11220,PROD105,CUST5774
REV21221,4,good,ORD11221,PROD101,CUST1921
REV21222,5,"very good",ORD11222,PROD102,CUST3552
REV21223,1,"very bad",ORD11223,PROD111,CUST2128
REV21224,4,good,ORD11224,PROD112,CUST5017
REV21225,3,average,ORD11225,PROD105,CUST4076
REV21226,2,bad,ORD11226,PROD107,CUST1351
REV21227,1,"very bad",ORD11227,PROD109,CUST4911
REV21228,3,average,ORD11228,PROD109,CUST5790
REV21229,5,"very good",ORD11229,PROD105,CUST5165
REV21230,2,bad,ORD11230,PROD101,CUST4259
REV21231,1,"very bad",ORD11231,PROD114,CUST4688
REV21232,2,bad,ORD11232,PROD105,CUST1196
REV21233,3,average,ORD11233,PROD108,CUST1739
REV21234,2,bad,ORD11234,PROD113,CUST5473
REV21235,3,average,ORD11235,PROD102,CUST1268
REV21236,4,good,ORD11236,PROD113,CUST2778
REV21237,3,average,ORD11237,PROD109,CUST3180
REV21238,4,good,ORD11238,PROD111,CUST2192
REV21239,4,good,ORD11239,PROD112,CUST2119
REV21240,1,"very bad",ORD11240,PROD104,CUST4188
REV21241,3,average,ORD11241,PROD111,CUST2352
REV21242,3,average,ORD11242,PROD100,CUST2947
REV21243,2,bad,ORD11243,PROD111,CUST1555
REV21244,4,good,ORD11244,PROD107,CUST4484
REV21245,1,"very bad",ORD11245,PROD100,CUST5093
REV21246,1,"very bad",ORD11246,PROD105,CUST2919
REV21247,5,"very good",ORD11247,PROD109,CUST2133
REV21248,2,bad,ORD11248,PROD109,CUST5217
REV21249,4,good,ORD11249,PROD110,CUST5802
REV21250,1,"very bad",ORD11250,PROD113,CUST4344
REV21251,5,"very good",ORD11251,PROD103,CUST5979
REV21252,4,good,ORD11252,PROD105,CUST3414
REV21253,5,"very good",ORD11253,PROD106,CUST3562
REV21254,5,"very good",ORD11254,PROD110,CUST3507
REV21255,2,bad,ORD11255,PROD113,CUST4201
REV21256,1,"very bad",ORD11256,PROD112,CUST3331
REV21257,2,bad,ORD11257,PROD104,CUST5991
REV21258,5,"very good",ORD11258,PROD108,CUST4561
REV21259,4,good,ORD11259,PROD112,CUST3868
REV21260,1,"very bad",ORD11260,PROD110,CUST4634
REV21261,4,good,ORD11261,PROD109,CUST4670
REV21262,2,bad,ORD11262,PROD113,CUST4724
REV21263,4,good,ORD11263,PROD100,CUST5079
REV21264,1,"very bad",ORD11264,PROD106,CUST4590
REV21265,1,"very bad",ORD11265,PROD110,CUST2758
REV21266,2,bad,ORD11266,PROD101,CUST3933
REV21267,2,bad,ORD11267,PROD112,CUST3210
REV21268,3,average,ORD11268,PROD103,CUST4130
REV21269,2,bad,ORD11269,PROD106,CUST2892
REV21270,4,good,ORD11270,PROD106,CUST2473
REV21271,1,"very bad",ORD11271,PROD104,CUST2311
REV21272,3,average,ORD11272,PROD113,CUST5636
REV21273,4,good,ORD11273,PROD104,CUST4954
REV21274,3,average,ORD11274,PROD102,CUST1137
REV21275,2,bad,ORD11275,PROD110,CUST2620
REV21276,4,good,ORD11276,PROD101,CUST1164
REV21277,5,"very good",ORD11277,PROD102,CUST2341
REV21278,5,"very good",ORD11278,PROD114,CUST4326
REV21279,4,good,ORD11279,PROD114,CUST2434
REV21280,2,bad,ORD11280,PROD106,CUST5196
REV21281,3,average,ORD11281,PROD101,CUST3320
REV21282,2,bad,ORD11282,PROD112,CUST3314
REV21283,3,average,ORD11283,PROD108,CUST3566
REV21284,3,average,ORD11284,PROD112,CUST4977
REV21285,4,good,ORD11285,PROD109,CUST2614
REV21286,2,bad,ORD11286,PROD100,CUST2963
REV21287,5,"very good",ORD11287,PROD100,CUST4665
REV21288,4,good,ORD11288,PROD106,CUST2452
REV21289,2,bad,ORD11289,PROD108,CUST2861
REV21290,4,good,ORD11290,PROD109,CUST5161
REV21291,4,good,ORD11291,PROD107,CUST4506
REV21292,5,"very good",ORD11292,PROD108,CUST5994
REV21293,3,average,ORD11293,PROD110,CUST1666
REV21294,1,"very bad",ORD11294,PROD108,CUST5500
REV21295,1,"very bad",ORD11295,PROD105,CUST1322
REV21296,2,bad,ORD11296,PROD103,CUST4246
REV21297,2,bad,ORD11297,PROD106,CUST3726
REV21298,1,"very bad",ORD11298,PROD108,CUST5156
REV21299,1,"very bad",ORD11299,PROD107,CUST1704
REV21300,3,average,ORD11300,PROD102,CUST4860
REV21301,2,bad,ORD11301,PROD112,CUST1309
REV21302,4,good,ORD11302,PROD110,CUST3684
REV21303,2,bad,ORD11303,PROD114,CUST4467
REV21304,3,average,ORD11304,PROD106,CUST1659
REV21305,5,"very good",ORD11305,PROD109,CUST4847
REV21306,5,"very good",ORD11306,PROD110,CUST2375
REV21307,1,"very bad",ORD11307,PROD103,CUST1358
REV21308,1,"very bad",ORD11308,PROD108,CUST2685
REV21309,2,bad,ORD11309,PROD107,CUST2393
REV21310,1,"very bad",ORD11310,PROD101,CUST5705
REV21311,4,good,ORD11311,PROD100,CUST2069
REV21312,1,"very bad",ORD11312,PROD109,CUST4655
REV21313,4,good,ORD11313,PROD105,CUST4203
REV21314,3,average,ORD11314,PROD102,CUST2241
REV21315,1,"very bad",ORD11315,PROD109,CUST4050
REV21316,2,bad,ORD11316,PROD110,CUST5885
REV21317,2,bad,ORD11317,PROD101,CUST5889
REV21318,3,average,ORD11318,PROD105,CUST5655
REV21319,5,"very good",ORD11319,PROD105,CUST2305
REV21320,2,bad,ORD11320,PROD114,CUST3809
REV21321,2,bad,ORD11321,PROD111,CUST1886
REV21322,1,"very bad",ORD11322,PROD100,CUST5430
REV21323,3,average,ORD11323,PROD112,CUST3121
REV21324,2,bad,ORD11324,PROD105,CUST2548
REV21325,1,"very bad",ORD11325,PROD100,CUST4040
REV21326,3,average,ORD11326,PROD108,CUST4999
REV21327,1,"very bad",ORD11327,PROD109,CUST2750
REV21328,3,average,ORD11328,PROD112,CUST2160
REV21329,2,bad,ORD11329,PROD103,CUST4607
REV21330,2,bad,ORD11330,PROD105,CUST5880
REV21331,5,"very good",ORD11331,PROD111,CUST5422
REV21332,5,"very good",ORD11332,PROD107,CUST1674
REV21333,1,"very bad",ORD11333,PROD105,CUST2476
REV21334,3,average,ORD11334,PROD107,CUST3027
REV21335,1,"very bad",ORD11335,PROD106,CUST2684
REV21336,2,bad,ORD11336,PROD112,CUST5035
REV21337,3,average,ORD11337,PROD101,CUST2429
REV21338,4,good,ORD11338,PROD107,CUST1793
REV21339,2,bad,ORD11339,PROD105,CUST3763
REV21340,2,bad,ORD11340,PROD111,CUST4358
REV21341,5,"very good",ORD11341,PROD109,CUST3731
REV21342,3,average,ORD11342,PROD102,CUST3479
REV21343,1,"very bad",ORD11343,PROD100,CUST5937
REV21344,4,good,ORD11344,PROD106,CUST2119
REV21345,2,bad,ORD11345,PROD114,CUST1624
REV21346,5,"very good",ORD11346,PROD111,CUST5605
REV21347,1,"very bad",ORD11347,PROD113,CUST2234
REV21348,3,average,ORD11348,PROD100,CUST3967
REV21349,2,bad,ORD11349,PROD105,CUST4718
REV21350,1,"very bad",ORD11350,PROD107,CUST5410
REV21351,2,bad,ORD11351,PROD109,CUST2352
REV21352,3,average,ORD11352,PROD100,CUST1355
REV21353,5,"very good",ORD11353,PROD105,CUST1631
REV21354,1,"very bad",ORD11354,PROD110,CUST5606
REV21355,2,bad,ORD11355,PROD111,CUST4647
REV21356,5,"very good",ORD11356,PROD103,CUST3619
REV21357,3,average,ORD11357,PROD101,CUST1115
REV21358,2,bad,ORD11358,PROD113,CUST1928
REV21359,5,"very good",ORD11359,PROD101,CUST2962
REV21360,5,"very good",ORD11360,PROD107,CUST3373
REV21361,4,good,ORD11361,PROD102,CUST3868
REV21362,2,bad,ORD11362,PROD112,CUST5969
REV21363,3,average,ORD11363,PROD102,CUST1267
REV21364,4,good,ORD11364,PROD110,CUST3716
REV21365,3,average,ORD11365,PROD107,CUST4568
REV21366,5,"very good",ORD11366,PROD111,CUST2971
REV21367,2,bad,ORD11367,PROD107,CUST2318
REV21368,5,"very good",ORD11368,PROD102,CUST4123
REV21369,4,good,ORD11369,PROD112,CUST5745
REV21370,4,good,ORD11370,PROD102,CUST5147
REV21371,3,average,ORD11371,PROD101,CUST2158
REV21372,2,bad,ORD11372,PROD105,CUST2896
REV21373,3,average,ORD11373,PROD100,CUST4642
REV21374,2,bad,ORD11374,PROD110,CUST2674
REV21375,1,"very bad",ORD11375,PROD113,CUST4473
REV21376,3,average,ORD11376,PROD108,CUST2186
REV21377,3,average,ORD11377,PROD104,CUST3525
REV21378,2,bad,ORD11378,PROD110,CUST4953
REV21379,5,"very good",ORD11379,PROD102,CUST3719
REV21380,2,bad,ORD11380,PROD112,CUST1098
REV21381,1,"very bad",ORD11381,PROD108,CUST3784
REV21382,5,"very good",ORD11382,PROD102,CUST1958
REV21383,2,bad,ORD11383,PROD106,CUST1214
REV21384,3,average,ORD11384,PROD106,CUST5258
REV21385,5,"very good",ORD11385,PROD100,CUST1762
REV21386,5,"very good",ORD11386,PROD106,CUST3421
REV21387,5,"very good",ORD11387,PROD101,CUST5604
REV21388,4,good,ORD11388,PROD106,CUST5375
REV21389,2,bad,ORD11389,PROD112,CUST2382
REV21390,4,good,ORD11390,PROD112,CUST2231
REV21391,2,bad,ORD11391,PROD112,CUST3151
REV21392,1,"very bad",ORD11392,PROD106,CUST5627
REV21393,3,average,ORD11393,PROD100,CUST4949
REV21394,5,"very good",ORD11394,PROD104,CUST5309
REV21395,1,"very bad",ORD11395,PROD106,CUST3006
REV21396,3,average,ORD11396,PROD104,CUST3279
REV21397,3,average,ORD11397,PROD101,CUST2987
REV21398,2,bad,ORD11398,PROD109,CUST1155
REV21399,1,"very bad",ORD11399,PROD109,CUST2366
REV21400,1,"very bad",ORD11400,PROD106,CUST2930
REV21401,2,bad,ORD11401,PROD108,CUST1301
REV21402,5,"very good",ORD11402,PROD107,CUST3541
REV21403,4,good,ORD11403,PROD101,CUST5539
REV21404,5,"very good",ORD11404,PROD105,CUST4581
REV21405,2,bad,ORD11405,PROD102,CUST4689
REV21406,2,bad,ORD11406,PROD113,CUST5892
REV21407,3,average,ORD11407,PROD113,CUST1940
REV21408,3,average,ORD11408,PROD111,CUST3743
REV21409,2,bad,ORD11409,PROD108,CUST4510
REV21410,2,bad,ORD11410,PROD102,CUST4156
REV21411,3,average,ORD11411,PROD102,CUST5695
REV21412,1,"very bad",ORD11412,PROD108,CUST3560
REV21413,1,"very bad",ORD11413,PROD108,CUST4137
REV21414,4,good,ORD11414,PROD101,CUST4356
REV21415,5,"very good",ORD11415,PROD112,CUST4441
REV21416,5,"very good",ORD11416,PROD112,CUST4049
REV21417,1,"very bad",ORD11417,PROD105,CUST3574
REV21418,4,good,ORD11418,PROD107,CUST4704
REV21419,3,average,ORD11419,PROD113,CUST3698
REV21420,1,"very bad",ORD11420,PROD107,CUST4635
REV21421,1,"very bad",ORD11421,PROD110,CUST4068
REV21422,4,good,ORD11422,PROD113,CUST4556
REV21423,2,bad,ORD11423,PROD105,CUST5258
REV21424,2,bad,ORD11424,PROD104,CUST2276
REV21425,1,"very bad",ORD11425,PROD106,CUST1810
REV21426,3,average,ORD11426,PROD107,CUST1605
REV21427,1,"very bad",ORD11427,PROD104,CUST2268
REV21428,3,average,ORD11428,PROD112,CUST3108
REV21429,1,"very bad",ORD11429,PROD106,CUST2628
REV21430,3,average,ORD11430,PROD111,CUST5022
REV21431,2,bad,ORD11431,PROD102,CUST5057
REV21432,2,bad,ORD11432,PROD102,CUST2054
REV21433,4,good,ORD11433,PROD104,CUST2601
REV21434,4,good,ORD11434,PROD105,CUST1617
REV21435,2,bad,ORD11435,PROD103,CUST3436
REV21436,3,average,ORD11436,PROD103,CUST4341
REV21437,3,average,ORD11437,PROD108,CUST3347
REV21438,4,good,ORD11438,PROD103,CUST4369
REV21439,2,bad,ORD11439,PROD103,CUST4987
REV21440,3,average,ORD11440,PROD114,CUST1911
REV21441,1,"very bad",ORD11441,PROD107,CUST5129
REV21442,5,"very good",ORD11442,PROD101,CUST5837
REV21443,2,bad,ORD11443,PROD112,CUST4406
REV21444,1,"very bad",ORD11444,PROD112,CUST4169
REV21445,1,"very bad",ORD11445,PROD107,CUST1797
REV21446,1,"very bad",ORD11446,PROD111,CUST2708
REV21447,5,"very good",ORD11447,PROD103,CUST1769
REV21448,1,"very bad",ORD11448,PROD114,CUST2580
REV21449,1,"very bad",ORD11449,PROD112,CUST5850
REV21450,2,bad,ORD11450,PROD103,CUST5813
REV21451,3,average,ORD11451,PROD104,CUST2021
REV21452,3,average,ORD11452,PROD108,CUST1833
REV21453,1,"very bad",ORD11453,PROD114,CUST4491
REV21454,1,"very bad",ORD11454,PROD112,CUST3237
REV21455,3,average,ORD11455,PROD104,CUST5598
REV21456,4,good,ORD11456,PROD106,CUST1402
REV21457,4,good,ORD11457,PROD110,CUST1945
REV21458,4,good,ORD11458,PROD108,CUST2063
REV21459,5,"very good",ORD11459,PROD109,CUST4943
REV21460,2,bad,ORD11460,PROD100,CUST1820
REV21461,2,bad,ORD11461,PROD107,CUST1010
REV21462,1,"very bad",ORD11462,PROD104,CUST3502
REV21463,5,"very good",ORD11463,PROD101,CUST3426
REV21464,2,bad,ORD11464,PROD106,CUST2096
REV21465,5,"very good",ORD11465,PROD101,CUST5756
REV21466,1,"very bad",ORD11466,PROD114,CUST5814
REV21467,3,average,ORD11467,PROD104,CUST1383
REV21468,1,"very bad",ORD11468,PROD101,CUST3956
REV21469,2,bad,ORD11469,PROD111,CUST4939
REV21470,5,"very good",ORD11470,PROD111,CUST1425
REV21471,3,average,ORD11471,PROD108,CUST3817
REV21472,3,average,ORD11472,PROD103,CUST3386
REV21473,1,"very bad",ORD11473,PROD102,CUST4037
REV21474,4,good,ORD11474,PROD105,CUST4937
REV21475,3,average,ORD11475,PROD106,CUST2630
REV21476,5,"very good",ORD11476,PROD113,CUST4889
REV21477,4,good,ORD11477,PROD100,CUST4178
REV21478,2,bad,ORD11478,PROD109,CUST4614
REV21479,1,"very bad",ORD11479,PROD100,CUST1839
REV21480,3,average,ORD11480,PROD100,CUST4767
REV21481,5,"very good",ORD11481,PROD114,CUST3287
REV21482,4,good,ORD11482,PROD113,CUST3207
REV21483,1,"very bad",ORD11483,PROD105,CUST3246
REV21484,4,good,ORD11484,PROD114,CUST2332
REV21485,3,average,ORD11485,PROD107,CUST2925
REV21486,4,good,ORD11486,PROD102,CUST3174
REV21487,1,"very bad",ORD11487,PROD101,CUST5110
REV21488,4,good,ORD11488,PROD104,CUST3812
REV21489,2,bad,ORD11489,PROD108,CUST1423
REV21490,3,average,ORD11490,PROD114,CUST2684
REV21491,4,good,ORD11491,PROD107,CUST4704
REV21492,4,good,ORD11492,PROD105,CUST4053
REV21493,5,"very good",ORD11493,PROD101,CUST1703
REV21494,1,"very bad",ORD11494,PROD107,CUST4243
REV21495,2,bad,ORD11495,PROD100,CUST3168
REV21496,4,good,ORD11496,PROD106,CUST5155
REV21497,1,"very bad",ORD11497,PROD114,CUST3965
REV21498,3,average,ORD11498,PROD100,CUST4807
REV21499,3,average,ORD11499,PROD112,CUST2876
REV21500,1,"very bad",ORD11500,PROD105,CUST5799
REV21501,5,"very good",ORD11501,PROD111,CUST5443
REV21502,3,average,ORD11502,PROD106,CUST1097
REV21503,4,good,ORD11503,PROD101,CUST4038
REV21504,1,"very bad",ORD11504,PROD104,CUST4497
REV21505,1,"very bad",ORD11505,PROD110,CUST2382
REV21506,1,"very bad",ORD11506,PROD102,CUST4926
REV21507,1,"very bad",ORD11507,PROD105,CUST5445
REV21508,4,good,ORD11508,PROD113,CUST2192
REV21509,4,good,ORD11509,PROD101,CUST5670
REV21510,2,bad,ORD11510,PROD110,CUST2620
REV21511,4,good,ORD11511,PROD110,CUST2686
REV21512,4,good,ORD11512,PROD101,CUST2525
REV21513,3,average,ORD11513,PROD105,CUST5779
REV21514,3,average,ORD11514,PROD103,CUST1727
REV21515,3,average,ORD11515,PROD108,CUST4866
REV21516,1,"very bad",ORD11516,PROD112,CUST4301
REV21517,1,"very bad",ORD11517,PROD113,CUST4055
REV21518,4,good,ORD11518,PROD105,CUST3476
REV21519,2,bad,ORD11519,PROD106,CUST5513
REV21520,1,"very bad",ORD11520,PROD106,CUST3271
REV21521,3,average,ORD11521,PROD111,CUST3441
REV21522,3,average,ORD11522,PROD105,CUST3745
REV21523,3,average,ORD11523,PROD111,CUST2805
REV21524,5,"very good",ORD11524,PROD112,CUST4333
REV21525,1,"very bad",ORD11525,PROD108,CUST3428
REV21526,4,good,ORD11526,PROD103,CUST5736
REV21527,1,"very bad",ORD11527,PROD106,CUST1541
REV21528,2,bad,ORD11528,PROD106,CUST3424
REV21529,1,"very bad",ORD11529,PROD104,CUST5040
REV21530,2,bad,ORD11530,PROD108,CUST2178
REV21531,4,good,ORD11531,PROD105,CUST2258
REV21532,3,average,ORD11532,PROD101,CUST4194
REV21533,3,average,ORD11533,PROD107,CUST2162
REV21534,4,good,ORD11534,PROD102,CUST1244
REV21535,2,bad,ORD11535,PROD111,CUST2579
REV21536,4,good,ORD11536,PROD112,CUST3589
REV21537,5,"very good",ORD11537,PROD103,CUST5524
REV21538,5,"very good",ORD11538,PROD113,CUST4006
REV21539,2,bad,ORD11539,PROD110,CUST3882
REV21540,2,bad,ORD11540,PROD112,CUST4961
REV21541,1,"very bad",ORD11541,PROD111,CUST3798
REV21542,1,"very bad",ORD11542,PROD103,CUST2833
REV21543,5,"very good",ORD11543,PROD114,CUST5543
REV21544,4,good,ORD11544,PROD108,CUST4925
REV21545,3,average,ORD11545,PROD103,CUST2718
REV21546,3,average,ORD11546,PROD104,CUST3403
REV21547,2,bad,ORD11547,PROD108,CUST2302
REV21548,4,good,ORD11548,PROD110,CUST3002
REV21549,2,bad,ORD11549,PROD110,CUST3801
REV21550,4,good,ORD11550,PROD108,CUST5876
REV21551,3,average,ORD11551,PROD108,CUST1678
REV21552,3,average,ORD11552,PROD100,CUST1274
REV21553,4,good,ORD11553,PROD107,CUST5332
REV21554,2,bad,ORD11554,PROD100,CUST1099
REV21555,3,average,ORD11555,PROD112,CUST4925
REV21556,4,good,ORD11556,PROD106,CUST5160
REV21557,2,bad,ORD11557,PROD111,CUST4503
REV21558,3,average,ORD11558,PROD101,CUST2053
REV21559,1,"very bad",ORD11559,PROD107,CUST4533
REV21560,4,good,ORD11560,PROD106,CUST4904
REV21561,2,bad,ORD11561,PROD108,CUST1859
REV21562,1,"very bad",ORD11562,PROD101,CUST1533
REV21563,5,"very good",ORD11563,PROD104,CUST2045
REV21564,4,good,ORD11564,PROD103,CUST5523
REV21565,4,good,ORD11565,PROD111,CUST4565
REV21566,1,"very bad",ORD11566,PROD113,CUST1094
REV21567,4,good,ORD11567,PROD103,CUST5024
REV21568,2,bad,ORD11568,PROD106,CUST5984
REV21569,5,"very good",ORD11569,PROD106,CUST1575
REV21570,5,"very good",ORD11570,PROD114,CUST2494
REV21571,5,"very good",ORD11571,PROD113,CUST1648
REV21572,5,"very good",ORD11572,PROD112,CUST3465
REV21573,3,average,ORD11573,PROD101,CUST5045
REV21574,1,"very bad",ORD11574,PROD112,CUST5805
REV21575,1,"very bad",ORD11575,PROD109,CUST1280
REV21576,5,"very good",ORD11576,PROD110,CUST3633
REV21577,2,bad,ORD11577,PROD102,CUST1007
REV21578,3,average,ORD11578,PROD105,CUST4534
REV21579,5,"very good",ORD11579,PROD106,CUST2883
REV21580,1,"very bad",ORD11580,PROD109,CUST3335
REV21581,5,"very good",ORD11581,PROD100,CUST5027
REV21582,2,bad,ORD11582,PROD102,CUST5616
REV21583,2,bad,ORD11583,PROD102,CUST4921
REV21584,4,good,ORD11584,PROD108,CUST2236
REV21585,4,good,ORD11585,PROD107,CUST1609
REV21586,2,bad,ORD11586,PROD112,CUST4745
REV21587,1,"very bad",ORD11587,PROD112,CUST1699
REV21588,1,"very bad",ORD11588,PROD114,CUST1952
REV21589,5,"very good",ORD11589,PROD107,CUST1636
REV21590,3,average,ORD11590,PROD108,CUST5005
REV21591,3,average,ORD11591,PROD104,CUST3266
REV21592,1,"very bad",ORD11592,PROD101,CUST2109
REV21593,2,bad,ORD11593,PROD113,CUST2201
REV21594,4,good,ORD11594,PROD110,CUST5983
REV21595,1,"very bad",ORD11595,PROD109,CUST4342
REV21596,1,"very bad",ORD11596,PROD111,CUST1387
REV21597,5,"very good",ORD11597,PROD106,CUST2254
REV21598,3,average,ORD11598,PROD106,CUST1292
REV21599,5,"very good",ORD11599,PROD113,CUST5939
REV21600,5,"very good",ORD11600,PROD101,CUST5156
REV21601,2,bad,ORD11601,PROD102,CUST1739
REV21602,5,"very good",ORD11602,PROD102,CUST3394
REV21603,4,good,ORD11603,PROD112,CUST3436
REV21604,1,"very bad",ORD11604,PROD104,CUST1628
REV21605,2,bad,ORD11605,PROD114,CUST2168
REV21606,2,bad,ORD11606,PROD108,CUST1282
REV21607,3,average,ORD11607,PROD110,CUST1220
REV21608,2,bad,ORD11608,PROD104,CUST4485
REV21609,5,"very good",ORD11609,PROD102,CUST3609
REV21610,4,good,ORD11610,PROD108,CUST4780
REV21611,2,bad,ORD11611,PROD113,CUST3763
REV21612,1,"very bad",ORD11612,PROD100,CUST4836
REV21613,3,average,ORD11613,PROD110,CUST4679
REV21614,3,average,ORD11614,PROD110,CUST5302
REV21615,2,bad,ORD11615,PROD108,CUST4568
REV21616,4,good,ORD11616,PROD106,CUST2723
REV21617,1,"very bad",ORD11617,PROD108,CUST3305
REV21618,3,average,ORD11618,PROD106,CUST5185
REV21619,4,good,ORD11619,PROD103,CUST5726
REV21620,1,"very bad",ORD11620,PROD107,CUST5498
REV21621,5,"very good",ORD11621,PROD108,CUST2576
REV21622,4,good,ORD11622,PROD102,CUST2977
REV21623,1,"very bad",ORD11623,PROD104,CUST3029
REV21624,5,"very good",ORD11624,PROD101,CUST3431
REV21625,4,good,ORD11625,PROD104,CUST4090
REV21626,5,"very good",ORD11626,PROD104,CUST5324
REV21627,2,bad,ORD11627,PROD108,CUST4282
REV21628,2,bad,ORD11628,PROD111,CUST5066
REV21629,1,"very bad",ORD11629,PROD111,CUST3295
REV21630,3,average,ORD11630,PROD103,CUST3398
REV21631,1,"very bad",ORD11631,PROD108,CUST3355
REV21632,5,"very good",ORD11632,PROD100,CUST4526
REV21633,2,bad,ORD11633,PROD102,CUST2913
REV21634,2,bad,ORD11634,PROD114,CUST2209
REV21635,3,average,ORD11635,PROD110,CUST2735
REV21636,2,bad,ORD11636,PROD109,CUST1494
REV21637,5,"very good",ORD11637,PROD101,CUST1425
REV21638,1,"very bad",ORD11638,PROD109,CUST2601
REV21639,4,good,ORD11639,PROD114,CUST5764
REV21640,3,average,ORD11640,PROD103,CUST1029
REV21641,3,average,ORD11641,PROD107,CUST5625
REV21642,4,good,ORD11642,PROD110,CUST5636
REV21643,2,bad,ORD11643,PROD107,CUST5131
REV21644,2,bad,ORD11644,PROD109,CUST3633
REV21645,3,average,ORD11645,PROD113,CUST2811
REV21646,3,average,ORD11646,PROD109,CUST4206
REV21647,1,"very bad",ORD11647,PROD102,CUST3442
REV21648,4,good,ORD11648,PROD104,CUST1141
REV21649,5,"very good",ORD11649,PROD105,CUST4688
REV21650,3,average,ORD11650,PROD109,CUST2883
REV21651,2,bad,ORD11651,PROD106,CUST2788
REV21652,4,good,ORD11652,PROD111,CUST4420
REV21653,5,"very good",ORD11653,PROD103,CUST1655
REV21654,3,average,ORD11654,PROD101,CUST1839
REV21655,1,"very bad",ORD11655,PROD100,CUST2112
REV21656,2,bad,ORD11656,PROD105,CUST3306
REV21657,1,"very bad",ORD11657,PROD113,CUST2129
REV21658,4,good,ORD11658,PROD112,CUST4955
REV21659,5,"very good",ORD11659,PROD108,CUST4075
REV21660,5,"very good",ORD11660,PROD102,CUST1182
REV21661,4,good,ORD11661,PROD101,CUST4905
REV21662,3,average,ORD11662,PROD105,CUST4220
REV21663,4,good,ORD11663,PROD108,CUST4241
REV21664,2,bad,ORD11664,PROD100,CUST1895
REV21665,4,good,ORD11665,PROD103,CUST4480
REV21666,3,average,ORD11666,PROD111,CUST3946
REV21667,3,average,ORD11667,PROD102,CUST3911
REV21668,4,good,ORD11668,PROD110,CUST5388
REV21669,4,good,ORD11669,PROD105,CUST2445
REV21670,5,"very good",ORD11670,PROD111,CUST3352
REV21671,2,bad,ORD11671,PROD110,CUST5046
REV21672,5,"very good",ORD11672,PROD114,CUST1257
REV21673,5,"very good",ORD11673,PROD105,CUST4383
REV21674,1,"very bad",ORD11674,PROD111,CUST3377
REV21675,1,"very bad",ORD11675,PROD113,CUST1623
REV21676,1,"very bad",ORD11676,PROD101,CUST4240
REV21677,4,good,ORD11677,PROD113,CUST5395
REV21678,1,"very bad",ORD11678,PROD110,CUST5827
REV21679,5,"very good",ORD11679,PROD111,CUST5564
REV21680,5,"very good",ORD11680,PROD100,CUST3193
REV21681,5,"very good",ORD11681,PROD107,CUST5461
REV21682,3,average,ORD11682,PROD114,CUST1524
REV21683,5,"very good",ORD11683,PROD114,CUST5650
REV21684,5,"very good",ORD11684,PROD114,CUST4827
REV21685,1,"very bad",ORD11685,PROD106,CUST4272
REV21686,4,good,ORD11686,PROD111,CUST4117
REV21687,3,average,ORD11687,PROD100,CUST2352
REV21688,3,average,ORD11688,PROD113,CUST3665
REV21689,5,"very good",ORD11689,PROD106,CUST2919
REV21690,2,bad,ORD11690,PROD104,CUST4516
REV21691,5,"very good",ORD11691,PROD112,CUST2060
REV21692,3,average,ORD11692,PROD112,CUST1697
REV21693,2,bad,ORD11693,PROD104,CUST1063
REV21694,1,"very bad",ORD11694,PROD100,CUST1084
REV21695,1,"very bad",ORD11695,PROD102,CUST3011
REV21696,5,"very good",ORD11696,PROD110,CUST1451
REV21697,2,bad,ORD11697,PROD103,CUST2585
REV21698,2,bad,ORD11698,PROD113,CUST2029
REV21699,1,"very bad",ORD11699,PROD104,CUST1991
REV21700,5,"very good",ORD11700,PROD104,CUST2330
REV21701,5,"very good",ORD11701,PROD103,CUST4164
REV21702,5,"very good",ORD11702,PROD111,CUST5813
REV21703,1,"very bad",ORD11703,PROD112,CUST5148
REV21704,4,good,ORD11704,PROD102,CUST1354
REV21705,1,"very bad",ORD11705,PROD101,CUST4056
REV21706,2,bad,ORD11706,PROD103,CUST4315
REV21707,1,"very bad",ORD11707,PROD104,CUST4376
REV21708,5,"very good",ORD11708,PROD114,CUST1977
REV21709,1,"very bad",ORD11709,PROD103,CUST2269
REV21710,3,average,ORD11710,PROD110,CUST4872
REV21711,4,good,ORD11711,PROD109,CUST5382
REV21712,2,bad,ORD11712,PROD101,CUST2716
REV21713,5,"very good",ORD11713,PROD105,CUST3420
REV21714,3,average,ORD11714,PROD103,CUST1086
REV21715,4,good,ORD11715,PROD104,CUST5096
REV21716,3,average,ORD11716,PROD100,CUST4071
REV21717,3,average,ORD11717,PROD104,CUST2197
REV21718,3,average,ORD11718,PROD103,CUST1166
REV21719,1,"very bad",ORD11719,PROD108,CUST1382
REV21720,3,average,ORD11720,PROD104,CUST4725
REV21721,1,"very bad",ORD11721,PROD105,CUST2431
REV21722,5,"very good",ORD11722,PROD105,CUST1717
REV21723,4,good,ORD11723,PROD103,CUST3853
REV21724,3,average,ORD11724,PROD107,CUST2179
REV21725,4,good,ORD11725,PROD103,CUST4730
REV21726,5,"very good",ORD11726,PROD102,CUST3554
REV21727,1,"very bad",ORD11727,PROD103,CUST4742
REV21728,5,"very good",ORD11728,PROD106,CUST2492
REV21729,1,"very bad",ORD11729,PROD104,CUST3042
REV21730,5,"very good",ORD11730,PROD112,CUST5054
REV21731,1,"very bad",ORD11731,PROD107,CUST1579
REV21732,4,good,ORD11732,PROD113,CUST4657
REV21733,5,"very good",ORD11733,PROD104,CUST2507
REV21734,5,"very good",ORD11734,PROD110,CUST1826
REV21735,3,average,ORD11735,PROD108,CUST4208
REV21736,5,"very good",ORD11736,PROD109,CUST5065
REV21737,3,average,ORD11737,PROD106,CUST5737
REV21738,5,"very good",ORD11738,PROD107,CUST4079
REV21739,2,bad,ORD11739,PROD112,CUST4594
REV21740,3,average,ORD11740,PROD108,CUST5487
REV21741,2,bad,ORD11741,PROD112,CUST5519
REV21742,4,good,ORD11742,PROD110,CUST3666
REV21743,4,good,ORD11743,PROD101,CUST1702
REV21744,2,bad,ORD11744,PROD105,CUST5091
REV21745,5,"very good",ORD11745,PROD107,CUST1127
REV21746,3,average,ORD11746,PROD113,CUST1688
REV21747,5,"very good",ORD11747,PROD114,CUST2989
REV21748,1,"very bad",ORD11748,PROD114,CUST2061
REV21749,1,"very bad",ORD11749,PROD104,CUST2477
REV21750,3,average,ORD11750,PROD109,CUST5291
REV21751,4,good,ORD11751,PROD103,CUST2327
REV21752,1,"very bad",ORD11752,PROD104,CUST5912
REV21753,1,"very bad",ORD11753,PROD108,CUST2645
REV21754,4,good,ORD11754,PROD108,CUST3768
REV21755,1,"very bad",ORD11755,PROD112,CUST3192
REV21756,1,"very bad",ORD11756,PROD108,CUST1013
REV21757,4,good,ORD11757,PROD114,CUST4956
REV21758,4,good,ORD11758,PROD111,CUST1926
REV21759,1,"very bad",ORD11759,PROD111,CUST2156
REV21760,1,"very bad",ORD11760,PROD107,CUST2557
REV21761,1,"very bad",ORD11761,PROD106,CUST1411
REV21762,2,bad,ORD11762,PROD113,CUST3999
REV21763,2,bad,ORD11763,PROD108,CUST4878
REV21764,2,bad,ORD11764,PROD107,CUST2211
REV21765,5,"very good",ORD11765,PROD107,CUST2185
REV21766,3,average,ORD11766,PROD114,CUST2311
REV21767,3,average,ORD11767,PROD107,CUST4941
REV21768,1,"very bad",ORD11768,PROD113,CUST2733
REV21769,5,"very good",ORD11769,PROD112,CUST3039
REV21770,3,average,ORD11770,PROD103,CUST4797
REV21771,3,average,ORD11771,PROD110,CUST5373
REV21772,1,"very bad",ORD11772,PROD100,CUST4696
REV21773,4,good,ORD11773,PROD114,CUST1804
REV21774,1,"very bad",ORD11774,PROD110,CUST2580
REV21775,1,"very bad",ORD11775,PROD105,CUST3685
REV21776,3,average,ORD11776,PROD114,CUST5799
REV21777,2,bad,ORD11777,PROD102,CUST3216
REV21778,1,"very bad",ORD11778,PROD101,CUST5135
REV21779,2,bad,ORD11779,PROD112,CUST2093
REV21780,3,average,ORD11780,PROD100,CUST4626
REV21781,3,average,ORD11781,PROD112,CUST4337
REV21782,1,"very bad",ORD11782,PROD111,CUST5781
REV21783,2,bad,ORD11783,PROD104,CUST4453
REV21784,5,"very good",ORD11784,PROD113,CUST4351
REV21785,5,"very good",ORD11785,PROD101,CUST3492
REV21786,4,good,ORD11786,PROD103,CUST4424
REV21787,2,bad,ORD11787,PROD114,CUST1809
REV21788,4,good,ORD11788,PROD105,CUST2258
REV21789,5,"very good",ORD11789,PROD110,CUST2859
REV21790,2,bad,ORD11790,PROD109,CUST3991
REV21791,1,"very bad",ORD11791,PROD108,CUST5758
REV21792,4,good,ORD11792,PROD114,CUST4130
REV21793,4,good,ORD11793,PROD103,CUST2603
REV21794,5,"very good",ORD11794,PROD113,CUST5018
REV21795,1,"very bad",ORD11795,PROD112,CUST4016
REV21796,4,good,ORD11796,PROD112,CUST4817
REV21797,4,good,ORD11797,PROD112,CUST3427
REV21798,4,good,ORD11798,PROD112,CUST4290
REV21799,4,good,ORD11799,PROD114,CUST4006
REV21800,5,"very good",ORD11800,PROD105,CUST4204
REV21801,3,average,ORD11801,PROD103,CUST1988
REV21802,2,bad,ORD11802,PROD103,CUST1804
REV21803,4,good,ORD11803,PROD103,CUST4714
REV21804,5,"very good",ORD11804,PROD102,CUST1823
REV21805,2,bad,ORD11805,PROD113,CUST4665
REV21806,2,bad,ORD11806,PROD112,CUST3429
REV21807,5,"very good",ORD11807,PROD111,CUST2079
REV21808,2,bad,ORD11808,PROD113,CUST1972
REV21809,5,"very good",ORD11809,PROD114,CUST3206
REV21810,4,good,ORD11810,PROD107,CUST1369
REV21811,2,bad,ORD11811,PROD103,CUST1946
REV21812,4,good,ORD11812,PROD103,CUST4691
REV21813,1,"very bad",ORD11813,PROD112,CUST3718
REV21814,5,"very good",ORD11814,PROD103,CUST2000
REV21815,3,average,ORD11815,PROD106,CUST3381
REV21816,5,"very good",ORD11816,PROD102,CUST4991
REV21817,4,good,ORD11817,PROD109,CUST5719
REV21818,5,"very good",ORD11818,PROD105,CUST2909
REV21819,4,good,ORD11819,PROD110,CUST5426
REV21820,4,good,ORD11820,PROD111,CUST2176
REV21821,3,average,ORD11821,PROD113,CUST1324
REV21822,5,"very good",ORD11822,PROD106,CUST1101
REV21823,3,average,ORD11823,PROD107,CUST1850
REV21824,4,good,ORD11824,PROD111,CUST3433
REV21825,5,"very good",ORD11825,PROD106,CUST2362
REV21826,3,average,ORD11826,PROD111,CUST4642
REV21827,1,"very bad",ORD11827,PROD113,CUST2505
REV21828,3,average,ORD11828,PROD100,CUST3401
REV21829,5,"very good",ORD11829,PROD100,CUST3995
REV21830,4,good,ORD11830,PROD100,CUST3860
REV21831,2,bad,ORD11831,PROD114,CUST4771
REV21832,2,bad,ORD11832,PROD112,CUST1235
REV21833,4,good,ORD11833,PROD107,CUST3778
REV21834,5,"very good",ORD11834,PROD109,CUST3257
REV21835,3,average,ORD11835,PROD113,CUST5128
REV21836,4,good,ORD11836,PROD109,CUST5463
REV21837,4,good,ORD11837,PROD107,CUST4247
REV21838,4,good,ORD11838,PROD112,CUST3943
REV21839,2,bad,ORD11839,PROD103,CUST1830
REV21840,4,good,ORD11840,PROD112,CUST4871
REV21841,5,"very good",ORD11841,PROD106,CUST3637
REV21842,4,good,ORD11842,PROD104,CUST5654
REV21843,1,"very bad",ORD11843,PROD108,CUST2637
REV21844,2,bad,ORD11844,PROD109,CUST4921
REV21845,4,good,ORD11845,PROD100,CUST5403
REV21846,5,"very good",ORD11846,PROD101,CUST3043
REV21847,5,"very good",ORD11847,PROD110,CUST4989
REV21848,4,good,ORD11848,PROD112,CUST3476
REV21849,5,"very good",ORD11849,PROD111,CUST2660
REV21850,4,good,ORD11850,PROD111,CUST1163
REV21851,2,bad,ORD11851,PROD101,CUST4682
REV21852,2,bad,ORD11852,PROD109,CUST2940
REV21853,4,good,ORD11853,PROD105,CUST1386
REV21854,1,"very bad",ORD11854,PROD110,CUST4227
REV21855,5,"very good",ORD11855,PROD100,CUST3159
REV21856,3,average,ORD11856,PROD105,CUST4706
REV21857,2,bad,ORD11857,PROD109,CUST2412
REV21858,1,"very bad",ORD11858,PROD101,CUST5026
REV21859,4,good,ORD11859,PROD105,CUST4853
REV21860,4,good,ORD11860,PROD100,CUST5010
REV21861,5,"very good",ORD11861,PROD104,CUST1144
REV21862,4,good,ORD11862,PROD105,CUST1001
REV21863,3,average,ORD11863,PROD106,CUST3401
REV21864,1,"very bad",ORD11864,PROD110,CUST4705
REV21865,2,bad,ORD11865,PROD101,CUST3998
REV21866,3,average,ORD11866,PROD108,CUST2678
REV21867,3,average,ORD11867,PROD111,CUST3218
REV21868,4,good,ORD11868,PROD114,CUST3863
REV21869,3,average,ORD11869,PROD103,CUST2100
REV21870,5,"very good",ORD11870,PROD108,CUST5347
REV21871,3,average,ORD11871,PROD107,CUST1510
REV21872,2,bad,ORD11872,PROD100,CUST4516
REV21873,5,"very good",ORD11873,PROD101,CUST2296
REV21874,5,"very good",ORD11874,PROD108,CUST1517
REV21875,4,good,ORD11875,PROD104,CUST3082
REV21876,5,"very good",ORD11876,PROD102,CUST4503
REV21877,5,"very good",ORD11877,PROD108,CUST1821
REV21878,1,"very bad",ORD11878,PROD108,CUST1733
REV21879,1,"very bad",ORD11879,PROD100,CUST1070
REV21880,4,good,ORD11880,PROD111,CUST2842
REV21881,1,"very bad",ORD11881,PROD112,CUST5074
REV21882,2,bad,ORD11882,PROD107,CUST1026
REV21883,5,"very good",ORD11883,PROD105,CUST4317
REV21884,1,"very bad",ORD11884,PROD102,CUST3739
REV21885,1,"very bad",ORD11885,PROD107,CUST2787
REV21886,5,"very good",ORD11886,PROD106,CUST4327
REV21887,3,average,ORD11887,PROD112,CUST2526
REV21888,1,"very bad",ORD11888,PROD101,CUST3926
REV21889,5,"very good",ORD11889,PROD102,CUST2454
REV21890,4,good,ORD11890,PROD108,CUST1690
REV21891,4,good,ORD11891,PROD105,CUST5854
REV21892,3,average,ORD11892,PROD109,CUST5706
REV21893,3,average,ORD11893,PROD107,CUST4886
REV21894,5,"very good",ORD11894,PROD112,CUST2939
REV21895,5,"very good",ORD11895,PROD102,CUST4204
REV21896,1,"very bad",ORD11896,PROD102,CUST2695
REV21897,3,average,ORD11897,PROD109,CUST3456
REV21898,3,average,ORD11898,PROD103,CUST4329
REV21899,1,"very bad",ORD11899,PROD102,CUST5005
REV21900,1,"very bad",ORD11900,PROD100,CUST4464
REV21901,2,bad,ORD11901,PROD107,CUST3760
REV21902,5,"very good",ORD11902,PROD112,CUST2989
REV21903,5,"very good",ORD11903,PROD107,CUST3577
REV21904,4,good,ORD11904,PROD100,CUST4008
REV21905,3,average,ORD11905,PROD100,CUST3855
REV21906,4,good,ORD11906,PROD105,CUST3126
REV21907,3,average,ORD11907,PROD101,CUST5406
REV21908,1,"very bad",ORD11908,PROD112,CUST1671
REV21909,1,"very bad",ORD11909,PROD113,CUST4581
REV21910,1,"very bad",ORD11910,PROD101,CUST3669
REV21911,2,bad,ORD11911,PROD107,CUST5918
REV21912,4,good,ORD11912,PROD114,CUST2182
REV21913,4,good,ORD11913,PROD102,CUST5850
REV21914,3,average,ORD11914,PROD102,CUST3105
REV21915,3,average,ORD11915,PROD113,CUST2080
REV21916,4,good,ORD11916,PROD105,CUST2192
REV21917,1,"very bad",ORD11917,PROD113,CUST3794
REV21918,2,bad,ORD11918,PROD105,CUST5265
REV21919,3,average,ORD11919,PROD106,CUST4394
REV21920,5,"very good",ORD11920,PROD110,CUST2457
REV21921,2,bad,ORD11921,PROD100,CUST4004
REV21922,5,"very good",ORD11922,PROD102,CUST5869
REV21923,3,average,ORD11923,PROD104,CUST3528
REV21924,1,"very bad",ORD11924,PROD101,CUST2292
REV21925,4,good,ORD11925,PROD109,CUST5035
REV21926,4,good,ORD11926,PROD106,CUST1164
REV21927,3,average,ORD11927,PROD114,CUST3673
REV21928,5,"very good",ORD11928,PROD108,CUST4855
REV21929,4,good,ORD11929,PROD114,CUST2213
REV21930,5,"very good",ORD11930,PROD104,CUST5327
REV21931,1,"very bad",ORD11931,PROD108,CUST1189
REV21932,2,bad,ORD11932,PROD107,CUST2946
REV21933,4,good,ORD11933,PROD103,CUST5910
REV21934,5,"very good",ORD11934,PROD100,CUST5639
REV21935,1,"very bad",ORD11935,PROD101,CUST1992
REV21936,2,bad,ORD11936,PROD101,CUST2018
REV21937,3,average,ORD11937,PROD102,CUST1609
REV21938,3,average,ORD11938,PROD114,CUST4445
REV21939,2,bad,ORD11939,PROD109,CUST3150
REV21940,3,average,ORD11940,PROD101,CUST5904
REV21941,1,"very bad",ORD11941,PROD114,CUST5481
REV21942,5,"very good",ORD11942,PROD105,CUST2525
REV21943,4,good,ORD11943,PROD103,CUST3247
REV21944,5,"very good",ORD11944,PROD112,CUST5044
REV21945,1,"very bad",ORD11945,PROD102,CUST1651
REV21946,3,average,ORD11946,PROD102,CUST3027
REV21947,1,"very bad",ORD11947,PROD101,CUST2316
REV21948,3,average,ORD11948,PROD110,CUST2132
REV21949,1,"very bad",ORD11949,PROD101,CUST5905
REV21950,1,"very bad",ORD11950,PROD113,CUST2965
REV21951,2,bad,ORD11951,PROD111,CUST5761
REV21952,4,good,ORD11952,PROD109,CUST3784
REV21953,1,"very bad",ORD11953,PROD101,CUST5016
REV21954,2,bad,ORD11954,PROD108,CUST1199
REV21955,1,"very bad",ORD11955,PROD107,CUST2549
REV21956,2,bad,ORD11956,PROD100,CUST5774
REV21957,2,bad,ORD11957,PROD105,CUST1981
REV21958,5,"very good",ORD11958,PROD100,CUST1026
REV21959,5,"very good",ORD11959,PROD112,CUST3710
REV21960,4,good,ORD11960,PROD104,CUST4828
REV21961,2,bad,ORD11961,PROD109,CUST3619
REV21962,1,"very bad",ORD11962,PROD111,CUST2765
REV21963,3,average,ORD11963,PROD111,CUST2495
REV21964,3,average,ORD11964,PROD101,CUST3521
REV21965,5,"very good",ORD11965,PROD105,CUST5178
REV21966,1,"very bad",ORD11966,PROD107,CUST4844
REV21967,3,average,ORD11967,PROD107,CUST2909
REV21968,5,"very good",ORD11968,PROD106,CUST5550
REV21969,2,bad,ORD11969,PROD112,CUST4924
REV21970,3,average,ORD11970,PROD100,CUST1914
REV21971,5,"very good",ORD11971,PROD102,CUST5506
REV21972,5,"very good",ORD11972,PROD100,CUST4255
REV21973,2,bad,ORD11973,PROD111,CUST2736
REV21974,1,"very bad",ORD11974,PROD109,CUST2252
REV21975,4,good,ORD11975,PROD104,CUST3521
REV21976,2,bad,ORD11976,PROD105,CUST1959
REV21977,1,"very bad",ORD11977,PROD113,CUST1930
REV21978,2,bad,ORD11978,PROD106,CUST1122
REV21979,3,average,ORD11979,PROD112,CUST1830
REV21980,4,good,ORD11980,PROD114,CUST1490
REV21981,4,good,ORD11981,PROD107,CUST5563
REV21982,3,average,ORD11982,PROD105,CUST1142
REV21983,1,"very bad",ORD11983,PROD107,CUST1980
REV21984,5,"very good",ORD11984,PROD111,CUST4776
REV21985,4,good,ORD11985,PROD102,CUST4061
REV21986,4,good,ORD11986,PROD111,CUST1021
REV21987,1,"very bad",ORD11987,PROD114,CUST3978
REV21988,4,good,ORD11988,PROD104,CUST3150
REV21989,4,good,ORD11989,PROD112,CUST1488
REV21990,2,bad,ORD11990,PROD114,CUST4324
REV21991,2,bad,ORD11991,PROD109,CUST4412
REV21992,1,"very bad",ORD11992,PROD100,CUST4083
REV21993,4,good,ORD11993,PROD113,CUST1261
REV21994,1,"very bad",ORD11994,PROD113,CUST4041
REV21995,1,"very bad",ORD11995,PROD106,CUST3402
REV21996,4,good,ORD11996,PROD101,CUST3186
REV21997,1,"very bad",ORD11997,PROD101,CUST3139
REV21998,3,average,ORD11998,PROD107,CUST2655
REV21999,1,"very bad",ORD11999,PROD107,CUST3295
REV22000,4,good,ORD12000,PROD104,CUST1285
REV22001,1,"very bad",ORD12001,PROD112,CUST2415
REV22002,3,average,ORD12002,PROD113,CUST3012
REV22003,1,"very bad",ORD12003,PROD112,CUST1729
REV22004,3,average,ORD12004,PROD102,CUST4452
REV22005,3,average,ORD12005,PROD100,CUST4931
REV22006,3,average,ORD12006,PROD107,CUST5445
REV22007,2,bad,ORD12007,PROD102,CUST5018
REV22008,4,good,ORD12008,PROD112,CUST4213
REV22009,3,average,ORD12009,PROD109,CUST4454
REV22010,1,"very bad",ORD12010,PROD111,CUST4122
REV22011,1,"very bad",ORD12011,PROD109,CUST3866
REV22012,1,"very bad",ORD12012,PROD105,CUST1862
REV22013,1,"very bad",ORD12013,PROD105,CUST4820
REV22014,4,good,ORD12014,PROD111,CUST2215
REV22015,1,"very bad",ORD12015,PROD114,CUST2344
REV22016,3,average,ORD12016,PROD114,CUST4868
REV22017,2,bad,ORD12017,PROD113,CUST2334
REV22018,3,average,ORD12018,PROD103,CUST1964
REV22019,1,"very bad",ORD12019,PROD112,CUST1959
REV22020,4,good,ORD12020,PROD113,CUST1594
REV22021,3,average,ORD12021,PROD111,CUST4479
REV22022,3,average,ORD12022,PROD111,CUST3082
REV22023,5,"very good",ORD12023,PROD105,CUST1763
REV22024,5,"very good",ORD12024,PROD110,CUST2977
REV22025,2,bad,ORD12025,PROD107,CUST5391
REV22026,1,"very bad",ORD12026,PROD107,CUST2938
REV22027,1,"very bad",ORD12027,PROD110,CUST3063
REV22028,4,good,ORD12028,PROD114,CUST2202
REV22029,1,"very bad",ORD12029,PROD111,CUST4494
REV22030,1,"very bad",ORD12030,PROD113,CUST2304
REV22031,4,good,ORD12031,PROD104,CUST4139
REV22032,3,average,ORD12032,PROD108,CUST4447
REV22033,5,"very good",ORD12033,PROD110,CUST1333
REV22034,3,average,ORD12034,PROD106,CUST5579
REV22035,5,"very good",ORD12035,PROD113,CUST1116
REV22036,1,"very bad",ORD12036,PROD105,CUST3897
REV22037,5,"very good",ORD12037,PROD114,CUST4234
REV22038,1,"very bad",ORD12038,PROD109,CUST1586
REV22039,5,"very good",ORD12039,PROD112,CUST4607
REV22040,4,good,ORD12040,PROD112,CUST1203
REV22041,4,good,ORD12041,PROD111,CUST5756
REV22042,2,bad,ORD12042,PROD109,CUST2278
REV22043,4,good,ORD12043,PROD111,CUST4019
REV22044,5,"very good",ORD12044,PROD110,CUST1879
REV22045,5,"very good",ORD12045,PROD112,CUST1627
REV22046,5,"very good",ORD12046,PROD100,CUST2889
REV22047,3,average,ORD12047,PROD113,CUST4375
REV22048,2,bad,ORD12048,PROD111,CUST5267
REV22049,4,good,ORD12049,PROD114,CUST5601
REV22050,5,"very good",ORD12050,PROD107,CUST3310
REV22051,3,average,ORD12051,PROD109,CUST4636
REV22052,2,bad,ORD12052,PROD104,CUST1981
REV22053,5,"very good",ORD12053,PROD103,CUST3668
REV22054,1,"very bad",ORD12054,PROD112,CUST1898
REV22055,3,average,ORD12055,PROD113,CUST3877
REV22056,1,"very bad",ORD12056,PROD113,CUST3985
REV22057,4,good,ORD12057,PROD104,CUST4039
REV22058,1,"very bad",ORD12058,PROD101,CUST5661
REV22059,4,good,ORD12059,PROD111,CUST3462
REV22060,5,"very good",ORD12060,PROD102,CUST2187
REV22061,4,good,ORD12061,PROD114,CUST5697
REV22062,4,good,ORD12062,PROD110,CUST5981
REV22063,1,"very bad",ORD12063,PROD110,CUST3790
REV22064,1,"very bad",ORD12064,PROD105,CUST2635
REV22065,3,average,ORD12065,PROD113,CUST4356
REV22066,5,"very good",ORD12066,PROD100,CUST3096
REV22067,3,average,ORD12067,PROD103,CUST4588
REV22068,3,average,ORD12068,PROD113,CUST5163
REV22069,4,good,ORD12069,PROD105,CUST5694
REV22070,2,bad,ORD12070,PROD109,CUST3393
REV22071,5,"very good",ORD12071,PROD105,CUST1697
REV22072,3,average,ORD12072,PROD105,CUST5819
REV22073,4,good,ORD12073,PROD111,CUST2759
REV22074,2,bad,ORD12074,PROD111,CUST2323
REV22075,3,average,ORD12075,PROD109,CUST3990
REV22076,3,average,ORD12076,PROD102,CUST2732
REV22077,1,"very bad",ORD12077,PROD105,CUST4588
REV22078,4,good,ORD12078,PROD108,CUST1500
REV22079,5,"very good",ORD12079,PROD103,CUST5696
REV22080,2,bad,ORD12080,PROD111,CUST2648
REV22081,1,"very bad",ORD12081,PROD105,CUST4017
REV22082,1,"very bad",ORD12082,PROD103,CUST5040
REV22083,5,"very good",ORD12083,PROD102,CUST1924
REV22084,2,bad,ORD12084,PROD107,CUST1667
REV22085,2,bad,ORD12085,PROD105,CUST1198
REV22086,2,bad,ORD12086,PROD109,CUST2077
REV22087,3,average,ORD12087,PROD109,CUST2420
REV22088,5,"very good",ORD12088,PROD102,CUST5991
REV22089,2,bad,ORD12089,PROD109,CUST4074
REV22090,1,"very bad",ORD12090,PROD109,CUST1577
REV22091,1,"very bad",ORD12091,PROD111,CUST4342
REV22092,1,"very bad",ORD12092,PROD113,CUST2475
REV22093,2,bad,ORD12093,PROD109,CUST5328
REV22094,2,bad,ORD12094,PROD107,CUST2256
REV22095,3,average,ORD12095,PROD110,CUST2243
REV22096,4,good,ORD12096,PROD100,CUST1399
REV22097,2,bad,ORD12097,PROD113,CUST2322
REV22098,4,good,ORD12098,PROD107,CUST5125
REV22099,3,average,ORD12099,PROD102,CUST5082
REV22100,3,average,ORD12100,PROD105,CUST2378
REV22101,3,average,ORD12101,PROD105,CUST2110
REV22102,5,"very good",ORD12102,PROD114,CUST3240
REV22103,5,"very good",ORD12103,PROD113,CUST5552
REV22104,5,"very good",ORD12104,PROD100,CUST1200
REV22105,1,"very bad",ORD12105,PROD107,CUST4881
REV22106,2,bad,ORD12106,PROD108,CUST3372
REV22107,2,bad,ORD12107,PROD114,CUST1248
REV22108,1,"very bad",ORD12108,PROD114,CUST1717
REV22109,2,bad,ORD12109,PROD101,CUST5094
REV22110,1,"very bad",ORD12110,PROD106,CUST1319
REV22111,1,"very bad",ORD12111,PROD106,CUST1285
REV22112,2,bad,ORD12112,PROD109,CUST3592
REV22113,5,"very good",ORD12113,PROD102,CUST4688
REV22114,3,average,ORD12114,PROD103,CUST2462
REV22115,2,bad,ORD12115,PROD100,CUST5782
REV22116,3,average,ORD12116,PROD101,CUST5125
REV22117,5,"very good",ORD12117,PROD105,CUST2385
REV22118,5,"very good",ORD12118,PROD101,CUST4757
REV22119,2,bad,ORD12119,PROD113,CUST4643
REV22120,1,"very bad",ORD12120,PROD111,CUST5045
REV22121,1,"very bad",ORD12121,PROD111,CUST2638
REV22122,1,"very bad",ORD12122,PROD104,CUST1458
REV22123,2,bad,ORD12123,PROD112,CUST3286
REV22124,1,"very bad",ORD12124,PROD114,CUST1741
REV22125,1,"very bad",ORD12125,PROD108,CUST1863
REV22126,1,"very bad",ORD12126,PROD101,CUST3550
REV22127,3,average,ORD12127,PROD103,CUST1659
REV22128,1,"very bad",ORD12128,PROD113,CUST1357
REV22129,3,average,ORD12129,PROD103,CUST4896
REV22130,2,bad,ORD12130,PROD103,CUST3016
REV22131,4,good,ORD12131,PROD102,CUST3660
REV22132,5,"very good",ORD12132,PROD114,CUST4520
REV22133,4,good,ORD12133,PROD101,CUST3841
REV22134,5,"very good",ORD12134,PROD109,CUST5743
REV22135,1,"very bad",ORD12135,PROD108,CUST2363
REV22136,4,good,ORD12136,PROD109,CUST2888
REV22137,3,average,ORD12137,PROD104,CUST3174
REV22138,2,bad,ORD12138,PROD102,CUST1438
REV22139,3,average,ORD12139,PROD110,CUST2429
REV22140,1,"very bad",ORD12140,PROD105,CUST5398
REV22141,4,good,ORD12141,PROD105,CUST2330
REV22142,3,average,ORD12142,PROD107,CUST4917
REV22143,2,bad,ORD12143,PROD113,CUST3063
REV22144,4,good,ORD12144,PROD108,CUST1982
REV22145,2,bad,ORD12145,PROD111,CUST3696
REV22146,2,bad,ORD12146,PROD103,CUST1990
REV22147,3,average,ORD12147,PROD108,CUST1456
REV22148,5,"very good",ORD12148,PROD114,CUST4899
REV22149,4,good,ORD12149,PROD113,CUST1754
REV22150,3,average,ORD12150,PROD113,CUST3421
REV22151,4,good,ORD12151,PROD111,CUST2340
REV22152,4,good,ORD12152,PROD114,CUST4977
REV22153,2,bad,ORD12153,PROD107,CUST5010
REV22154,2,bad,ORD12154,PROD110,CUST1000
REV22155,3,average,ORD12155,PROD109,CUST5003
REV22156,1,"very bad",ORD12156,PROD103,CUST3381
REV22157,2,bad,ORD12157,PROD107,CUST5811
REV22158,2,bad,ORD12158,PROD102,CUST5165
REV22159,1,"very bad",ORD12159,PROD114,CUST5206
REV22160,5,"very good",ORD12160,PROD107,CUST1243
REV22161,4,good,ORD12161,PROD100,CUST4837
REV22162,3,average,ORD12162,PROD109,CUST2424
REV22163,3,average,ORD12163,PROD104,CUST3135
REV22164,1,"very bad",ORD12164,PROD104,CUST4229
REV22165,2,bad,ORD12165,PROD102,CUST3621
REV22166,5,"very good",ORD12166,PROD103,CUST4024
REV22167,2,bad,ORD12167,PROD109,CUST5361
REV22168,4,good,ORD12168,PROD104,CUST4744
REV22169,1,"very bad",ORD12169,PROD106,CUST5529
REV22170,5,"very good",ORD12170,PROD110,CUST1969
REV22171,3,average,ORD12171,PROD102,CUST5148
REV22172,4,good,ORD12172,PROD105,CUST1387
REV22173,5,"very good",ORD12173,PROD104,CUST3783
REV22174,3,average,ORD12174,PROD106,CUST1103
REV22175,3,average,ORD12175,PROD109,CUST3050
REV22176,3,average,ORD12176,PROD111,CUST3242
REV22177,3,average,ORD12177,PROD110,CUST2633
REV22178,5,"very good",ORD12178,PROD107,CUST1104
REV22179,2,bad,ORD12179,PROD107,CUST4723
REV22180,1,"very bad",ORD12180,PROD105,CUST1446
REV22181,2,bad,ORD12181,PROD104,CUST2342
REV22182,2,bad,ORD12182,PROD109,CUST4057
REV22183,3,average,ORD12183,PROD106,CUST3886
REV22184,3,average,ORD12184,PROD107,CUST3620
REV22185,2,bad,ORD12185,PROD111,CUST1053
REV22186,5,"very good",ORD12186,PROD102,CUST5520
REV22187,1,"very bad",ORD12187,PROD113,CUST4552
REV22188,4,good,ORD12188,PROD106,CUST5050
REV22189,1,"very bad",ORD12189,PROD100,CUST2438
REV22190,3,average,ORD12190,PROD104,CUST5519
REV22191,4,good,ORD12191,PROD106,CUST1364
REV22192,2,bad,ORD12192,PROD113,CUST2797
REV22193,5,"very good",ORD12193,PROD101,CUST1478
REV22194,5,"very good",ORD12194,PROD106,CUST4753
REV22195,3,average,ORD12195,PROD112,CUST4177
REV22196,3,average,ORD12196,PROD100,CUST5415
REV22197,3,average,ORD12197,PROD102,CUST1195
REV22198,1,"very bad",ORD12198,PROD108,CUST2109
REV22199,3,average,ORD12199,PROD110,CUST5763
REV22200,2,bad,ORD12200,PROD103,CUST1392
REV22201,4,good,ORD12201,PROD106,CUST2851
REV22202,2,bad,ORD12202,PROD104,CUST4143
REV22203,2,bad,ORD12203,PROD102,CUST2368
REV22204,3,average,ORD12204,PROD101,CUST5532
REV22205,5,"very good",ORD12205,PROD103,CUST1035
REV22206,2,bad,ORD12206,PROD104,CUST4022
REV22207,2,bad,ORD12207,PROD112,CUST3271
REV22208,4,good,ORD12208,PROD112,CUST2792
REV22209,4,good,ORD12209,PROD105,CUST3076
REV22210,3,average,ORD12210,PROD108,CUST4769
REV22211,2,bad,ORD12211,PROD102,CUST1232
REV22212,5,"very good",ORD12212,PROD107,CUST5780
REV22213,5,"very good",ORD12213,PROD104,CUST4885
REV22214,1,"very bad",ORD12214,PROD110,CUST1252
REV22215,3,average,ORD12215,PROD106,CUST4523
REV22216,4,good,ORD12216,PROD100,CUST3801
REV22217,4,good,ORD12217,PROD110,CUST2325
REV22218,4,good,ORD12218,PROD103,CUST5316
REV22219,1,"very bad",ORD12219,PROD105,CUST5114
REV22220,1,"very bad",ORD12220,PROD113,CUST5966
REV22221,5,"very good",ORD12221,PROD105,CUST2945
REV22222,1,"very bad",ORD12222,PROD112,CUST5783
REV22223,3,average,ORD12223,PROD109,CUST4546
REV22224,2,bad,ORD12224,PROD104,CUST3217
REV22225,3,average,ORD12225,PROD109,CUST3120
REV22226,5,"very good",ORD12226,PROD100,CUST3198
REV22227,3,average,ORD12227,PROD104,CUST2928
REV22228,2,bad,ORD12228,PROD103,CUST1413
REV22229,2,bad,ORD12229,PROD110,CUST2595
REV22230,5,"very good",ORD12230,PROD107,CUST2754
REV22231,1,"very bad",ORD12231,PROD112,CUST1395
REV22232,4,good,ORD12232,PROD112,CUST3900
REV22233,4,good,ORD12233,PROD104,CUST5404
REV22234,2,bad,ORD12234,PROD107,CUST5391
REV22235,1,"very bad",ORD12235,PROD101,CUST1681
REV22236,2,bad,ORD12236,PROD108,CUST1405
REV22237,3,average,ORD12237,PROD105,CUST5681
REV22238,3,average,ORD12238,PROD108,CUST3407
REV22239,1,"very bad",ORD12239,PROD101,CUST2434
REV22240,5,"very good",ORD12240,PROD106,CUST5485
REV22241,1,"very bad",ORD12241,PROD110,CUST4835
REV22242,2,bad,ORD12242,PROD111,CUST3272
REV22243,4,good,ORD12243,PROD105,CUST2794
REV22244,5,"very good",ORD12244,PROD103,CUST2559
REV22245,5,"very good",ORD12245,PROD101,CUST4859
REV22246,2,bad,ORD12246,PROD107,CUST4410
REV22247,3,average,ORD12247,PROD109,CUST5101
REV22248,2,bad,ORD12248,PROD105,CUST2483
REV22249,3,average,ORD12249,PROD102,CUST1538
REV22250,1,"very bad",ORD12250,PROD101,CUST3288
REV22251,5,"very good",ORD12251,PROD104,CUST5079
REV22252,4,good,ORD12252,PROD103,CUST5103
REV22253,5,"very good",ORD12253,PROD110,CUST4697
REV22254,4,good,ORD12254,PROD101,CUST1242
REV22255,2,bad,ORD12255,PROD114,CUST5384
REV22256,3,average,ORD12256,PROD101,CUST1232
REV22257,3,average,ORD12257,PROD103,CUST2731
REV22258,2,bad,ORD12258,PROD112,CUST5445
REV22259,4,good,ORD12259,PROD100,CUST2286
REV22260,3,average,ORD12260,PROD101,CUST1428
REV22261,3,average,ORD12261,PROD108,CUST3755
REV22262,2,bad,ORD12262,PROD100,CUST4016
REV22263,2,bad,ORD12263,PROD100,CUST4122
REV22264,3,average,ORD12264,PROD112,CUST4924
REV22265,4,good,ORD12265,PROD103,CUST1416
REV22266,2,bad,ORD12266,PROD107,CUST5060
REV22267,1,"very bad",ORD12267,PROD113,CUST2383
REV22268,2,bad,ORD12268,PROD105,CUST1274
REV22269,3,average,ORD12269,PROD104,CUST3440
REV22270,5,"very good",ORD12270,PROD111,CUST1619
REV22271,3,average,ORD12271,PROD104,CUST5028
REV22272,4,good,ORD12272,PROD101,CUST3937
REV22273,1,"very bad",ORD12273,PROD100,CUST4997
REV22274,4,good,ORD12274,PROD108,CUST4323
REV22275,1,"very bad",ORD12275,PROD106,CUST3166
REV22276,2,bad,ORD12276,PROD111,CUST2010
REV22277,2,bad,ORD12277,PROD113,CUST3331
REV22278,3,average,ORD12278,PROD105,CUST3135
REV22279,1,"very bad",ORD12279,PROD107,CUST4765
REV22280,1,"very bad",ORD12280,PROD102,CUST5744
REV22281,2,bad,ORD12281,PROD110,CUST2586
REV22282,1,"very bad",ORD12282,PROD101,CUST2745
REV22283,4,good,ORD12283,PROD102,CUST5091
REV22284,4,good,ORD12284,PROD103,CUST1376
REV22285,4,good,ORD12285,PROD113,CUST5093
REV22286,3,average,ORD12286,PROD101,CUST1512
REV22287,1,"very bad",ORD12287,PROD113,CUST2403
REV22288,1,"very bad",ORD12288,PROD114,CUST5999
REV22289,1,"very bad",ORD12289,PROD114,CUST2290
REV22290,5,"very good",ORD12290,PROD103,CUST2112
REV22291,5,"very good",ORD12291,PROD103,CUST1120
REV22292,2,bad,ORD12292,PROD110,CUST5153
REV22293,4,good,ORD12293,PROD103,CUST5758
REV22294,1,"very bad",ORD12294,PROD100,CUST2933
REV22295,2,bad,ORD12295,PROD105,CUST1177
REV22296,4,good,ORD12296,PROD114,CUST2160
REV22297,3,average,ORD12297,PROD113,CUST3643
REV22298,3,average,ORD12298,PROD114,CUST1767
REV22299,1,"very bad",ORD12299,PROD110,CUST4243
REV22300,3,average,ORD12300,PROD102,CUST5842
REV22301,2,bad,ORD12301,PROD109,CUST4983
REV22302,1,"very bad",ORD12302,PROD113,CUST2012
REV22303,1,"very bad",ORD12303,PROD110,CUST1176
REV22304,4,good,ORD12304,PROD106,CUST1185
REV22305,5,"very good",ORD12305,PROD103,CUST3303
REV22306,1,"very bad",ORD12306,PROD113,CUST5529
REV22307,2,bad,ORD12307,PROD107,CUST1618
REV22308,2,bad,ORD12308,PROD114,CUST4459
REV22309,2,bad,ORD12309,PROD100,CUST1240
REV22310,1,"very bad",ORD12310,PROD112,CUST5694
REV22311,3,average,ORD12311,PROD109,CUST1459
REV22312,2,bad,ORD12312,PROD112,CUST4924
REV22313,5,"very good",ORD12313,PROD100,CUST1488
REV22314,5,"very good",ORD12314,PROD100,CUST5753
REV22315,2,bad,ORD12315,PROD104,CUST5445
REV22316,4,good,ORD12316,PROD114,CUST1406
REV22317,5,"very good",ORD12317,PROD112,CUST1031
REV22318,4,good,ORD12318,PROD108,CUST4383
REV22319,2,bad,ORD12319,PROD110,CUST2532
REV22320,2,bad,ORD12320,PROD101,CUST1938
REV22321,1,"very bad",ORD12321,PROD106,CUST1049
REV22322,3,average,ORD12322,PROD101,CUST4303
REV22323,2,bad,ORD12323,PROD100,CUST3589
REV22324,3,average,ORD12324,PROD111,CUST1178
REV22325,2,bad,ORD12325,PROD111,CUST5448
REV22326,4,good,ORD12326,PROD106,CUST2572
REV22327,5,"very good",ORD12327,PROD103,CUST5176
REV22328,4,good,ORD12328,PROD110,CUST3625
REV22329,2,bad,ORD12329,PROD106,CUST3916
REV22330,3,average,ORD12330,PROD111,CUST2789
REV22331,1,"very bad",ORD12331,PROD110,CUST3324
REV22332,4,good,ORD12332,PROD110,CUST3331
REV22333,3,average,ORD12333,PROD107,CUST1651
REV22334,4,good,ORD12334,PROD106,CUST5273
REV22335,1,"very bad",ORD12335,PROD109,CUST4986
REV22336,2,bad,ORD12336,PROD107,CUST2835
REV22337,3,average,ORD12337,PROD104,CUST4209
REV22338,2,bad,ORD12338,PROD110,CUST1156
REV22339,3,average,ORD12339,PROD101,CUST5998
REV22340,2,bad,ORD12340,PROD109,CUST1186
REV22341,3,average,ORD12341,PROD110,CUST4353
REV22342,2,bad,ORD12342,PROD102,CUST4118
REV22343,1,"very bad",ORD12343,PROD101,CUST3354
REV22344,5,"very good",ORD12344,PROD107,CUST5086
REV22345,4,good,ORD12345,PROD104,CUST4693
REV22346,1,"very bad",ORD12346,PROD102,CUST5194
REV22347,2,bad,ORD12347,PROD113,CUST2881
REV22348,3,average,ORD12348,PROD103,CUST1085
REV22349,5,"very good",ORD12349,PROD104,CUST1332
REV22350,5,"very good",ORD12350,PROD113,CUST3647
REV22351,2,bad,ORD12351,PROD109,CUST3465
REV22352,3,average,ORD12352,PROD112,CUST2058
REV22353,3,average,ORD12353,PROD104,CUST3985
REV22354,1,"very bad",ORD12354,PROD102,CUST2326
REV22355,1,"very bad",ORD12355,PROD109,CUST2991
REV22356,3,average,ORD12356,PROD103,CUST2767
REV22357,2,bad,ORD12357,PROD112,CUST5051
REV22358,4,good,ORD12358,PROD101,CUST2447
REV22359,4,good,ORD12359,PROD114,CUST1987
REV22360,3,average,ORD12360,PROD105,CUST1489
REV22361,4,good,ORD12361,PROD103,CUST5464
REV22362,1,"very bad",ORD12362,PROD107,CUST4026
REV22363,5,"very good",ORD12363,PROD107,CUST3702
REV22364,5,"very good",ORD12364,PROD105,CUST1531
REV22365,5,"very good",ORD12365,PROD111,CUST2457
REV22366,1,"very bad",ORD12366,PROD109,CUST2079
REV22367,3,average,ORD12367,PROD105,CUST1208
REV22368,4,good,ORD12368,PROD111,CUST2668
REV22369,4,good,ORD12369,PROD111,CUST2948
REV22370,3,average,ORD12370,PROD102,CUST5779
REV22371,2,bad,ORD12371,PROD109,CUST3438
REV22372,4,good,ORD12372,PROD110,CUST3159
REV22373,1,"very bad",ORD12373,PROD113,CUST1333
REV22374,1,"very bad",ORD12374,PROD104,CUST3759
REV22375,1,"very bad",ORD12375,PROD108,CUST1782
REV22376,4,good,ORD12376,PROD106,CUST4194
REV22377,4,good,ORD12377,PROD103,CUST4428
REV22378,5,"very good",ORD12378,PROD107,CUST2824
REV22379,1,"very bad",ORD12379,PROD105,CUST2540
REV22380,4,good,ORD12380,PROD114,CUST5298
REV22381,4,good,ORD12381,PROD106,CUST1576
REV22382,5,"very good",ORD12382,PROD114,CUST2586
REV22383,3,average,ORD12383,PROD109,CUST4479
REV22384,5,"very good",ORD12384,PROD107,CUST3006
REV22385,4,good,ORD12385,PROD103,CUST4635
REV22386,2,bad,ORD12386,PROD111,CUST5610
REV22387,4,good,ORD12387,PROD103,CUST5271
REV22388,5,"very good",ORD12388,PROD113,CUST3006
REV22389,1,"very bad",ORD12389,PROD109,CUST1700
REV22390,3,average,ORD12390,PROD113,CUST3490
REV22391,5,"very good",ORD12391,PROD106,CUST1535
REV22392,1,"very bad",ORD12392,PROD113,CUST3596
REV22393,4,good,ORD12393,PROD108,CUST4452
REV22394,2,bad,ORD12394,PROD113,CUST5587
REV22395,1,"very bad",ORD12395,PROD107,CUST2916
REV22396,1,"very bad",ORD12396,PROD109,CUST2843
REV22397,4,good,ORD12397,PROD106,CUST5135
REV22398,2,bad,ORD12398,PROD109,CUST3079
REV22399,3,average,ORD12399,PROD105,CUST1573
REV22400,2,bad,ORD12400,PROD103,CUST1418
REV22401,5,"very good",ORD12401,PROD104,CUST2794
REV22402,3,average,ORD12402,PROD101,CUST1622
REV22403,2,bad,ORD12403,PROD111,CUST2492
REV22404,4,good,ORD12404,PROD106,CUST5596
REV22405,2,bad,ORD12405,PROD111,CUST3398
REV22406,4,good,ORD12406,PROD111,CUST1354
REV22407,3,average,ORD12407,PROD107,CUST3434
REV22408,1,"very bad",ORD12408,PROD113,CUST4760
REV22409,4,good,ORD12409,PROD101,CUST5514
REV22410,4,good,ORD12410,PROD105,CUST4144
REV22411,4,good,ORD12411,PROD106,CUST2406
REV22412,4,good,ORD12412,PROD104,CUST3470
REV22413,5,"very good",ORD12413,PROD109,CUST3387
REV22414,4,good,ORD12414,PROD113,CUST1768
REV22415,4,good,ORD12415,PROD109,CUST2983
REV22416,4,good,ORD12416,PROD106,CUST5364
REV22417,4,good,ORD12417,PROD103,CUST5086
REV22418,4,good,ORD12418,PROD113,CUST4533
REV22419,2,bad,ORD12419,PROD100,CUST4441
REV22420,1,"very bad",ORD12420,PROD104,CUST1001
REV22421,1,"very bad",ORD12421,PROD110,CUST2951
REV22422,2,bad,ORD12422,PROD108,CUST3132
REV22423,5,"very good",ORD12423,PROD103,CUST5472
REV22424,3,average,ORD12424,PROD102,CUST2100
REV22425,5,"very good",ORD12425,PROD112,CUST2366
REV22426,2,bad,ORD12426,PROD103,CUST2047
REV22427,1,"very bad",ORD12427,PROD104,CUST1085
REV22428,1,"very bad",ORD12428,PROD108,CUST4013
REV22429,4,good,ORD12429,PROD113,CUST1232
REV22430,1,"very bad",ORD12430,PROD106,CUST2217
REV22431,4,good,ORD12431,PROD114,CUST3164
REV22432,3,average,ORD12432,PROD112,CUST3708
REV22433,4,good,ORD12433,PROD102,CUST1769
REV22434,2,bad,ORD12434,PROD100,CUST5505
REV22435,1,"very bad",ORD12435,PROD103,CUST2533
REV22436,3,average,ORD12436,PROD103,CUST3063
REV22437,1,"very bad",ORD12437,PROD114,CUST2293
REV22438,5,"very good",ORD12438,PROD106,CUST5408
REV22439,1,"very bad",ORD12439,PROD106,CUST2401
REV22440,5,"very good",ORD12440,PROD109,CUST4507
REV22441,5,"very good",ORD12441,PROD107,CUST3909
REV22442,3,average,ORD12442,PROD107,CUST5873
REV22443,2,bad,ORD12443,PROD103,CUST1180
REV22444,4,good,ORD12444,PROD114,CUST5097
REV22445,1,"very bad",ORD12445,PROD109,CUST3330
REV22446,2,bad,ORD12446,PROD114,CUST2269
REV22447,3,average,ORD12447,PROD112,CUST2176
REV22448,4,good,ORD12448,PROD100,CUST4765
REV22449,2,bad,ORD12449,PROD114,CUST4083
REV22450,1,"very bad",ORD12450,PROD114,CUST4793
REV22451,2,bad,ORD12451,PROD112,CUST3233
REV22452,5,"very good",ORD12452,PROD108,CUST2231
REV22453,2,bad,ORD12453,PROD108,CUST2766
REV22454,5,"very good",ORD12454,PROD114,CUST4834
REV22455,2,bad,ORD12455,PROD108,CUST2065
REV22456,1,"very bad",ORD12456,PROD107,CUST2073
REV22457,2,bad,ORD12457,PROD106,CUST3288
REV22458,4,good,ORD12458,PROD101,CUST5612
REV22459,1,"very bad",ORD12459,PROD110,CUST5050
REV22460,1,"very bad",ORD12460,PROD105,CUST5880
REV22461,3,average,ORD12461,PROD109,CUST4525
REV22462,4,good,ORD12462,PROD100,CUST4053
REV22463,2,bad,ORD12463,PROD106,CUST5298
REV22464,1,"very bad",ORD12464,PROD111,CUST4225
REV22465,4,good,ORD12465,PROD107,CUST1701
REV22466,4,good,ORD12466,PROD110,CUST2684
REV22467,1,"very bad",ORD12467,PROD103,CUST3887
REV22468,1,"very bad",ORD12468,PROD103,CUST5342
REV22469,4,good,ORD12469,PROD112,CUST4493
REV22470,5,"very good",ORD12470,PROD110,CUST2699
REV22471,1,"very bad",ORD12471,PROD103,CUST3350
REV22472,3,average,ORD12472,PROD100,CUST4922
REV22473,3,average,ORD12473,PROD100,CUST2804
REV22474,5,"very good",ORD12474,PROD113,CUST2477
REV22475,1,"very bad",ORD12475,PROD105,CUST5267
REV22476,4,good,ORD12476,PROD113,CUST4245
REV22477,5,"very good",ORD12477,PROD111,CUST2981
REV22478,2,bad,ORD12478,PROD112,CUST4573
REV22479,5,"very good",ORD12479,PROD105,CUST5902
REV22480,4,good,ORD12480,PROD113,CUST4903
REV22481,1,"very bad",ORD12481,PROD114,CUST2417
REV22482,5,"very good",ORD12482,PROD110,CUST5048
REV22483,2,bad,ORD12483,PROD106,CUST5933
REV22484,4,good,ORD12484,PROD104,CUST5005
REV22485,1,"very bad",ORD12485,PROD105,CUST5234
REV22486,5,"very good",ORD12486,PROD109,CUST3863
REV22487,5,"very good",ORD12487,PROD108,CUST3756
REV22488,1,"very bad",ORD12488,PROD104,CUST2064
REV22489,1,"very bad",ORD12489,PROD107,CUST4539
REV22490,5,"very good",ORD12490,PROD114,CUST2406
REV22491,5,"very good",ORD12491,PROD113,CUST3780
REV22492,1,"very bad",ORD12492,PROD114,CUST4789
REV22493,1,"very bad",ORD12493,PROD110,CUST1199
REV22494,2,bad,ORD12494,PROD110,CUST1401
REV22495,3,average,ORD12495,PROD111,CUST2909
REV22496,2,bad,ORD12496,PROD114,CUST2588
REV22497,4,good,ORD12497,PROD110,CUST3383
REV22498,5,"very good",ORD12498,PROD104,CUST2485
REV22499,2,bad,ORD12499,PROD107,CUST2877
REV22500,4,good,ORD12500,PROD108,CUST3491
REV22501,4,good,ORD12501,PROD113,CUST4296
REV22502,3,average,ORD12502,PROD107,CUST3922
REV22503,5,"very good",ORD12503,PROD112,CUST3876
REV22504,3,average,ORD12504,PROD106,CUST1881
REV22505,2,bad,ORD12505,PROD108,CUST3497
REV22506,1,"very bad",ORD12506,PROD104,CUST4389
REV22507,4,good,ORD12507,PROD103,CUST5079
REV22508,2,bad,ORD12508,PROD110,CUST1761
REV22509,1,"very bad",ORD12509,PROD100,CUST2595
REV22510,3,average,ORD12510,PROD107,CUST4352
REV22511,2,bad,ORD12511,PROD114,CUST3626
REV22512,4,good,ORD12512,PROD100,CUST1103
REV22513,1,"very bad",ORD12513,PROD104,CUST2859
REV22514,5,"very good",ORD12514,PROD111,CUST4005
REV22515,3,average,ORD12515,PROD110,CUST1837
REV22516,1,"very bad",ORD12516,PROD107,CUST5314
REV22517,4,good,ORD12517,PROD107,CUST5805
REV22518,5,"very good",ORD12518,PROD110,CUST2612
REV22519,4,good,ORD12519,PROD109,CUST5874
REV22520,2,bad,ORD12520,PROD110,CUST1478
REV22521,1,"very bad",ORD12521,PROD106,CUST4223
REV22522,2,bad,ORD12522,PROD100,CUST1323
REV22523,5,"very good",ORD12523,PROD112,CUST2587
REV22524,2,bad,ORD12524,PROD108,CUST4565
REV22525,3,average,ORD12525,PROD108,CUST4379
REV22526,1,"very bad",ORD12526,PROD106,CUST1634
REV22527,3,average,ORD12527,PROD108,CUST4630
REV22528,3,average,ORD12528,PROD102,CUST3827
REV22529,1,"very bad",ORD12529,PROD101,CUST1089
REV22530,3,average,ORD12530,PROD111,CUST3483
REV22531,1,"very bad",ORD12531,PROD110,CUST2445
REV22532,2,bad,ORD12532,PROD108,CUST2169
REV22533,5,"very good",ORD12533,PROD104,CUST5410
REV22534,3,average,ORD12534,PROD102,CUST2208
REV22535,3,average,ORD12535,PROD106,CUST1239
REV22536,5,"very good",ORD12536,PROD108,CUST2901
REV22537,3,average,ORD12537,PROD100,CUST2597
REV22538,1,"very bad",ORD12538,PROD111,CUST2653
REV22539,4,good,ORD12539,PROD105,CUST3605
REV22540,4,good,ORD12540,PROD111,CUST4514
REV22541,1,"very bad",ORD12541,PROD100,CUST3945
REV22542,3,average,ORD12542,PROD111,CUST2389
REV22543,5,"very good",ORD12543,PROD108,CUST5856
REV22544,3,average,ORD12544,PROD100,CUST4831
REV22545,1,"very bad",ORD12545,PROD101,CUST1612
REV22546,3,average,ORD12546,PROD114,CUST2670
REV22547,4,good,ORD12547,PROD107,CUST2272
REV22548,4,good,ORD12548,PROD104,CUST1686
REV22549,3,average,ORD12549,PROD105,CUST5889
REV22550,2,bad,ORD12550,PROD110,CUST2387
REV22551,2,bad,ORD12551,PROD101,CUST2055
REV22552,1,"very bad",ORD12552,PROD111,CUST3788
REV22553,2,bad,ORD12553,PROD107,CUST2605
REV22554,2,bad,ORD12554,PROD111,CUST4320
REV22555,5,"very good",ORD12555,PROD101,CUST2391
REV22556,4,good,ORD12556,PROD104,CUST1377
REV22557,2,bad,ORD12557,PROD101,CUST2312
REV22558,4,good,ORD12558,PROD114,CUST2501
REV22559,3,average,ORD12559,PROD102,CUST5047
REV22560,2,bad,ORD12560,PROD102,CUST3152
REV22561,4,good,ORD12561,PROD100,CUST2302
REV22562,4,good,ORD12562,PROD107,CUST2021
REV22563,3,average,ORD12563,PROD111,CUST5775
REV22564,3,average,ORD12564,PROD108,CUST2372
REV22565,5,"very good",ORD12565,PROD105,CUST2544
REV22566,3,average,ORD12566,PROD110,CUST4930
REV22567,5,"very good",ORD12567,PROD110,CUST1912
REV22568,5,"very good",ORD12568,PROD104,CUST3895
REV22569,2,bad,ORD12569,PROD104,CUST3090
REV22570,4,good,ORD12570,PROD114,CUST3099
REV22571,1,"very bad",ORD12571,PROD106,CUST4027
REV22572,4,good,ORD12572,PROD100,CUST5916
REV22573,5,"very good",ORD12573,PROD112,CUST4823
REV22574,3,average,ORD12574,PROD101,CUST3747
REV22575,4,good,ORD12575,PROD109,CUST1105
REV22576,5,"very good",ORD12576,PROD111,CUST1901
REV22577,4,good,ORD12577,PROD113,CUST2664
REV22578,4,good,ORD12578,PROD102,CUST4909
REV22579,2,bad,ORD12579,PROD111,CUST4409
REV22580,3,average,ORD12580,PROD108,CUST4786
REV22581,2,bad,ORD12581,PROD114,CUST2430
REV22582,4,good,ORD12582,PROD103,CUST2968
REV22583,1,"very bad",ORD12583,PROD106,CUST1357
REV22584,5,"very good",ORD12584,PROD111,CUST3904
REV22585,3,average,ORD12585,PROD109,CUST1439
REV22586,4,good,ORD12586,PROD102,CUST2689
REV22587,5,"very good",ORD12587,PROD106,CUST1862
REV22588,5,"very good",ORD12588,PROD107,CUST2165
REV22589,1,"very bad",ORD12589,PROD108,CUST4763
REV22590,5,"very good",ORD12590,PROD101,CUST3906
REV22591,3,average,ORD12591,PROD100,CUST4366
REV22592,5,"very good",ORD12592,PROD114,CUST5808
REV22593,5,"very good",ORD12593,PROD112,CUST3894
REV22594,4,good,ORD12594,PROD109,CUST2225
REV22595,4,good,ORD12595,PROD100,CUST4868
REV22596,2,bad,ORD12596,PROD106,CUST4872
REV22597,2,bad,ORD12597,PROD102,CUST3635
REV22598,4,good,ORD12598,PROD114,CUST5907
REV22599,5,"very good",ORD12599,PROD101,CUST1978
REV22600,1,"very bad",ORD12600,PROD103,CUST4863
REV22601,3,average,ORD12601,PROD100,CUST2031
REV22602,5,"very good",ORD12602,PROD103,CUST3247
REV22603,1,"very bad",ORD12603,PROD106,CUST4377
REV22604,4,good,ORD12604,PROD103,CUST5324
REV22605,1,"very bad",ORD12605,PROD101,CUST2600
REV22606,1,"very bad",ORD12606,PROD114,CUST2329
REV22607,2,bad,ORD12607,PROD108,CUST2668
REV22608,2,bad,ORD12608,PROD100,CUST5771
REV22609,1,"very bad",ORD12609,PROD108,CUST4549
REV22610,2,bad,ORD12610,PROD113,CUST3195
REV22611,4,good,ORD12611,PROD103,CUST3837
REV22612,4,good,ORD12612,PROD101,CUST1060
REV22613,5,"very good",ORD12613,PROD110,CUST5909
REV22614,2,bad,ORD12614,PROD111,CUST4777
REV22615,1,"very bad",ORD12615,PROD103,CUST2771
REV22616,5,"very good",ORD12616,PROD105,CUST1587
REV22617,4,good,ORD12617,PROD109,CUST5377
REV22618,1,"very bad",ORD12618,PROD110,CUST4998
REV22619,3,average,ORD12619,PROD107,CUST5187
REV22620,4,good,ORD12620,PROD100,CUST1163
REV22621,2,bad,ORD12621,PROD105,CUST2658
REV22622,1,"very bad",ORD12622,PROD111,CUST5840
REV22623,1,"very bad",ORD12623,PROD113,CUST2747
REV22624,3,average,ORD12624,PROD102,CUST1347
REV22625,3,average,ORD12625,PROD108,CUST3333
REV22626,4,good,ORD12626,PROD106,CUST1192
REV22627,4,good,ORD12627,PROD104,CUST2370
REV22628,5,"very good",ORD12628,PROD111,CUST1716
REV22629,4,good,ORD12629,PROD113,CUST5848
REV22630,5,"very good",ORD12630,PROD103,CUST4383
REV22631,3,average,ORD12631,PROD105,CUST2137
REV22632,3,average,ORD12632,PROD108,CUST1209
REV22633,3,average,ORD12633,PROD107,CUST5539
REV22634,5,"very good",ORD12634,PROD101,CUST4141
REV22635,2,bad,ORD12635,PROD107,CUST1569
REV22636,1,"very bad",ORD12636,PROD106,CUST1842
REV22637,1,"very bad",ORD12637,PROD108,CUST1000
REV22638,4,good,ORD12638,PROD109,CUST1259
REV22639,4,good,ORD12639,PROD113,CUST5282
REV22640,1,"very bad",ORD12640,PROD111,CUST1268
REV22641,2,bad,ORD12641,PROD105,CUST3607
REV22642,1,"very bad",ORD12642,PROD111,CUST5656
REV22643,2,bad,ORD12643,PROD110,CUST1356
REV22644,5,"very good",ORD12644,PROD109,CUST2843
REV22645,4,good,ORD12645,PROD110,CUST2404
REV22646,1,"very bad",ORD12646,PROD107,CUST2868
REV22647,5,"very good",ORD12647,PROD114,CUST2168
REV22648,1,"very bad",ORD12648,PROD114,CUST4305
REV22649,1,"very bad",ORD12649,PROD109,CUST1733
REV22650,1,"very bad",ORD12650,PROD109,CUST1080
REV22651,4,good,ORD12651,PROD105,CUST1517
REV22652,2,bad,ORD12652,PROD114,CUST1232
REV22653,1,"very bad",ORD12653,PROD111,CUST4803
REV22654,1,"very bad",ORD12654,PROD104,CUST3365
REV22655,1,"very bad",ORD12655,PROD105,CUST5530
REV22656,4,good,ORD12656,PROD108,CUST2628
REV22657,2,bad,ORD12657,PROD112,CUST4264
REV22658,3,average,ORD12658,PROD107,CUST3618
REV22659,1,"very bad",ORD12659,PROD112,CUST1847
REV22660,1,"very bad",ORD12660,PROD114,CUST5852
REV22661,4,good,ORD12661,PROD106,CUST5256
REV22662,4,good,ORD12662,PROD103,CUST5726
REV22663,1,"very bad",ORD12663,PROD112,CUST2224
REV22664,3,average,ORD12664,PROD106,CUST2120
REV22665,3,average,ORD12665,PROD107,CUST4876
REV22666,3,average,ORD12666,PROD109,CUST2285
REV22667,3,average,ORD12667,PROD107,CUST4521
REV22668,1,"very bad",ORD12668,PROD114,CUST4807
REV22669,4,good,ORD12669,PROD113,CUST5722
REV22670,5,"very good",ORD12670,PROD107,CUST5001
REV22671,3,average,ORD12671,PROD108,CUST2499
REV22672,5,"very good",ORD12672,PROD111,CUST4102
REV22673,1,"very bad",ORD12673,PROD113,CUST5104
REV22674,4,good,ORD12674,PROD107,CUST4859
REV22675,5,"very good",ORD12675,PROD101,CUST1779
REV22676,1,"very bad",ORD12676,PROD100,CUST1279
REV22677,3,average,ORD12677,PROD105,CUST1586
REV22678,3,average,ORD12678,PROD114,CUST5808
REV22679,3,average,ORD12679,PROD100,CUST3955
REV22680,2,bad,ORD12680,PROD106,CUST1204
REV22681,5,"very good",ORD12681,PROD107,CUST3326
REV22682,1,"very bad",ORD12682,PROD110,CUST1480
REV22683,2,bad,ORD12683,PROD108,CUST3558
REV22684,3,average,ORD12684,PROD103,CUST1726
REV22685,4,good,ORD12685,PROD110,CUST5020
REV22686,4,good,ORD12686,PROD112,CUST2621
REV22687,5,"very good",ORD12687,PROD113,CUST1819
REV22688,3,average,ORD12688,PROD109,CUST5201
REV22689,5,"very good",ORD12689,PROD104,CUST5916
REV22690,5,"very good",ORD12690,PROD106,CUST3960
REV22691,2,bad,ORD12691,PROD107,CUST4236
REV22692,2,bad,ORD12692,PROD111,CUST1204
REV22693,2,bad,ORD12693,PROD105,CUST1305
REV22694,5,"very good",ORD12694,PROD104,CUST5116
REV22695,1,"very bad",ORD12695,PROD105,CUST5792
REV22696,4,good,ORD12696,PROD109,CUST3702
REV22697,4,good,ORD12697,PROD108,CUST5701
REV22698,4,good,ORD12698,PROD110,CUST3837
REV22699,5,"very good",ORD12699,PROD105,CUST1095
REV22700,5,"very good",ORD12700,PROD110,CUST2760
REV22701,4,good,ORD12701,PROD104,CUST2922
REV22702,4,good,ORD12702,PROD109,CUST3306
REV22703,1,"very bad",ORD12703,PROD109,CUST4155
REV22704,4,good,ORD12704,PROD109,CUST5277
REV22705,5,"very good",ORD12705,PROD113,CUST4921
REV22706,3,average,ORD12706,PROD100,CUST3717
REV22707,4,good,ORD12707,PROD110,CUST1729
REV22708,2,bad,ORD12708,PROD102,CUST1020
REV22709,4,good,ORD12709,PROD106,CUST3089
REV22710,4,good,ORD12710,PROD107,CUST5315
REV22711,4,good,ORD12711,PROD113,CUST2759
REV22712,2,bad,ORD12712,PROD107,CUST5384
REV22713,2,bad,ORD12713,PROD105,CUST2067
REV22714,5,"very good",ORD12714,PROD101,CUST4347
REV22715,5,"very good",ORD12715,PROD107,CUST1833
REV22716,1,"very bad",ORD12716,PROD109,CUST3274
REV22717,2,bad,ORD12717,PROD102,CUST3049
REV22718,2,bad,ORD12718,PROD101,CUST4327
REV22719,3,average,ORD12719,PROD109,CUST5422
REV22720,5,"very good",ORD12720,PROD114,CUST5173
REV22721,5,"very good",ORD12721,PROD110,CUST2868
REV22722,1,"very bad",ORD12722,PROD107,CUST5972
REV22723,4,good,ORD12723,PROD109,CUST4382
REV22724,4,good,ORD12724,PROD106,CUST4017
REV22725,1,"very bad",ORD12725,PROD110,CUST2554
REV22726,2,bad,ORD12726,PROD104,CUST5713
REV22727,2,bad,ORD12727,PROD103,CUST4283
REV22728,3,average,ORD12728,PROD102,CUST3939
REV22729,5,"very good",ORD12729,PROD102,CUST2846
REV22730,5,"very good",ORD12730,PROD110,CUST4193
REV22731,2,bad,ORD12731,PROD106,CUST2948
REV22732,3,average,ORD12732,PROD104,CUST2481
REV22733,4,good,ORD12733,PROD101,CUST4398
REV22734,5,"very good",ORD12734,PROD100,CUST2080
REV22735,4,good,ORD12735,PROD107,CUST2962
REV22736,2,bad,ORD12736,PROD107,CUST3022
REV22737,3,average,ORD12737,PROD104,CUST1712
REV22738,4,good,ORD12738,PROD100,CUST1348
REV22739,2,bad,ORD12739,PROD102,CUST5418
REV22740,3,average,ORD12740,PROD114,CUST3433
REV22741,4,good,ORD12741,PROD109,CUST5176
REV22742,1,"very bad",ORD12742,PROD111,CUST5217
REV22743,1,"very bad",ORD12743,PROD100,CUST2149
REV22744,5,"very good",ORD12744,PROD113,CUST2677
REV22745,5,"very good",ORD12745,PROD105,CUST2055
REV22746,2,bad,ORD12746,PROD114,CUST1724
REV22747,5,"very good",ORD12747,PROD111,CUST5034
REV22748,4,good,ORD12748,PROD112,CUST1945
REV22749,2,bad,ORD12749,PROD114,CUST3052
REV22750,2,bad,ORD12750,PROD102,CUST2444
REV22751,3,average,ORD12751,PROD110,CUST5104
REV22752,2,bad,ORD12752,PROD109,CUST5172
REV22753,3,average,ORD12753,PROD110,CUST2897
REV22754,4,good,ORD12754,PROD103,CUST5009
REV22755,3,average,ORD12755,PROD105,CUST4757
REV22756,5,"very good",ORD12756,PROD109,CUST1342
REV22757,5,"very good",ORD12757,PROD111,CUST4335
REV22758,5,"very good",ORD12758,PROD114,CUST1048
REV22759,4,good,ORD12759,PROD104,CUST2581
REV22760,3,average,ORD12760,PROD108,CUST1953
REV22761,5,"very good",ORD12761,PROD101,CUST2485
REV22762,4,good,ORD12762,PROD106,CUST4592
REV22763,2,bad,ORD12763,PROD105,CUST1616
REV22764,3,average,ORD12764,PROD106,CUST1459
REV22765,3,average,ORD12765,PROD111,CUST3845
REV22766,2,bad,ORD12766,PROD113,CUST1556
REV22767,3,average,ORD12767,PROD107,CUST4033
REV22768,4,good,ORD12768,PROD109,CUST5362
REV22769,2,bad,ORD12769,PROD107,CUST4266
REV22770,5,"very good",ORD12770,PROD110,CUST3260
REV22771,1,"very bad",ORD12771,PROD110,CUST5684
REV22772,1,"very bad",ORD12772,PROD107,CUST5262
REV22773,4,good,ORD12773,PROD105,CUST3721
REV22774,5,"very good",ORD12774,PROD107,CUST1069
REV22775,5,"very good",ORD12775,PROD107,CUST4178
REV22776,3,average,ORD12776,PROD104,CUST1839
REV22777,3,average,ORD12777,PROD101,CUST1846
REV22778,1,"very bad",ORD12778,PROD111,CUST1444
REV22779,2,bad,ORD12779,PROD104,CUST3485
REV22780,2,bad,ORD12780,PROD108,CUST1024
REV22781,2,bad,ORD12781,PROD113,CUST5962
REV22782,3,average,ORD12782,PROD111,CUST1753
REV22783,4,good,ORD12783,PROD112,CUST3195
REV22784,2,bad,ORD12784,PROD107,CUST1160
REV22785,3,average,ORD12785,PROD105,CUST3152
REV22786,1,"very bad",ORD12786,PROD105,CUST3837
REV22787,1,"very bad",ORD12787,PROD112,CUST4535
REV22788,1,"very bad",ORD12788,PROD102,CUST4561
REV22789,3,average,ORD12789,PROD101,CUST2033
REV22790,3,average,ORD12790,PROD112,CUST4737
REV22791,1,"very bad",ORD12791,PROD112,CUST2139
REV22792,1,"very bad",ORD12792,PROD108,CUST1465
REV22793,2,bad,ORD12793,PROD103,CUST3325
REV22794,2,bad,ORD12794,PROD108,CUST1133
REV22795,1,"very bad",ORD12795,PROD101,CUST3757
REV22796,1,"very bad",ORD12796,PROD113,CUST4013
REV22797,1,"very bad",ORD12797,PROD101,CUST3222
REV22798,4,good,ORD12798,PROD109,CUST3993
REV22799,4,good,ORD12799,PROD101,CUST4789
REV22800,3,average,ORD12800,PROD111,CUST4028
REV22801,2,bad,ORD12801,PROD100,CUST3582
REV22802,1,"very bad",ORD12802,PROD107,CUST5151
REV22803,3,average,ORD12803,PROD105,CUST3688
REV22804,5,"very good",ORD12804,PROD108,CUST3279
REV22805,4,good,ORD12805,PROD107,CUST4996
REV22806,5,"very good",ORD12806,PROD113,CUST1053
REV22807,1,"very bad",ORD12807,PROD102,CUST3002
REV22808,1,"very bad",ORD12808,PROD104,CUST4732
REV22809,3,average,ORD12809,PROD110,CUST3984
REV22810,5,"very good",ORD12810,PROD107,CUST2284
REV22811,5,"very good",ORD12811,PROD110,CUST1107
REV22812,5,"very good",ORD12812,PROD107,CUST1642
REV22813,1,"very bad",ORD12813,PROD110,CUST2632
REV22814,5,"very good",ORD12814,PROD107,CUST2268
REV22815,3,average,ORD12815,PROD102,CUST1357
REV22816,3,average,ORD12816,PROD100,CUST4425
REV22817,2,bad,ORD12817,PROD105,CUST2529
REV22818,2,bad,ORD12818,PROD105,CUST3766
REV22819,1,"very bad",ORD12819,PROD101,CUST4005
REV22820,2,bad,ORD12820,PROD111,CUST1681
REV22821,4,good,ORD12821,PROD113,CUST3517
REV22822,3,average,ORD12822,PROD107,CUST5817
REV22823,1,"very bad",ORD12823,PROD111,CUST2794
REV22824,5,"very good",ORD12824,PROD102,CUST3172
REV22825,5,"very good",ORD12825,PROD106,CUST5366
REV22826,4,good,ORD12826,PROD103,CUST3238
REV22827,2,bad,ORD12827,PROD106,CUST3984
REV22828,1,"very bad",ORD12828,PROD100,CUST3051
REV22829,1,"very bad",ORD12829,PROD113,CUST3696
REV22830,4,good,ORD12830,PROD100,CUST2112
REV22831,3,average,ORD12831,PROD106,CUST4098
REV22832,4,good,ORD12832,PROD106,CUST4245
REV22833,3,average,ORD12833,PROD108,CUST1471
REV22834,4,good,ORD12834,PROD101,CUST1096
REV22835,5,"very good",ORD12835,PROD108,CUST1926
REV22836,5,"very good",ORD12836,PROD104,CUST5183
REV22837,2,bad,ORD12837,PROD111,CUST5542
REV22838,4,good,ORD12838,PROD108,CUST2163
REV22839,5,"very good",ORD12839,PROD103,CUST2053
REV22840,4,good,ORD12840,PROD112,CUST5772
REV22841,5,"very good",ORD12841,PROD109,CUST1784
REV22842,5,"very good",ORD12842,PROD100,CUST5652
REV22843,2,bad,ORD12843,PROD110,CUST3815
REV22844,3,average,ORD12844,PROD101,CUST3932
REV22845,3,average,ORD12845,PROD100,CUST4964
REV22846,3,average,ORD12846,PROD114,CUST3751
REV22847,1,"very bad",ORD12847,PROD113,CUST5345
REV22848,4,good,ORD12848,PROD110,CUST4130
REV22849,3,average,ORD12849,PROD112,CUST2270
REV22850,3,average,ORD12850,PROD106,CUST1253
REV22851,3,average,ORD12851,PROD114,CUST4660
REV22852,2,bad,ORD12852,PROD110,CUST1972
REV22853,3,average,ORD12853,PROD109,CUST2501
REV22854,2,bad,ORD12854,PROD112,CUST5400
REV22855,1,"very bad",ORD12855,PROD114,CUST1520
REV22856,4,good,ORD12856,PROD100,CUST1201
REV22857,1,"very bad",ORD12857,PROD102,CUST4467
REV22858,1,"very bad",ORD12858,PROD114,CUST5173
REV22859,2,bad,ORD12859,PROD101,CUST2794
REV22860,5,"very good",ORD12860,PROD112,CUST2866
REV22861,3,average,ORD12861,PROD102,CUST5884
REV22862,2,bad,ORD12862,PROD103,CUST4639
REV22863,1,"very bad",ORD12863,PROD111,CUST5468
REV22864,5,"very good",ORD12864,PROD104,CUST1658
REV22865,2,bad,ORD12865,PROD101,CUST1860
REV22866,2,bad,ORD12866,PROD108,CUST5263
REV22867,1,"very bad",ORD12867,PROD108,CUST3621
REV22868,5,"very good",ORD12868,PROD100,CUST4169
REV22869,1,"very bad",ORD12869,PROD112,CUST1139
REV22870,2,bad,ORD12870,PROD112,CUST3798
REV22871,1,"very bad",ORD12871,PROD109,CUST2854
REV22872,4,good,ORD12872,PROD103,CUST4307
REV22873,1,"very bad",ORD12873,PROD101,CUST5502
REV22874,5,"very good",ORD12874,PROD102,CUST4593
REV22875,4,good,ORD12875,PROD105,CUST1920
REV22876,2,bad,ORD12876,PROD102,CUST5500
REV22877,3,average,ORD12877,PROD102,CUST5066
REV22878,2,bad,ORD12878,PROD107,CUST2310
REV22879,1,"very bad",ORD12879,PROD111,CUST3415
REV22880,4,good,ORD12880,PROD109,CUST4554
REV22881,5,"very good",ORD12881,PROD106,CUST4001
REV22882,5,"very good",ORD12882,PROD107,CUST1898
REV22883,5,"very good",ORD12883,PROD105,CUST1787
REV22884,5,"very good",ORD12884,PROD107,CUST3927
REV22885,1,"very bad",ORD12885,PROD113,CUST2390
REV22886,4,good,ORD12886,PROD107,CUST4018
REV22887,1,"very bad",ORD12887,PROD109,CUST4646
REV22888,5,"very good",ORD12888,PROD101,CUST2973
REV22889,4,good,ORD12889,PROD102,CUST1575
REV22890,1,"very bad",ORD12890,PROD107,CUST4538
REV22891,4,good,ORD12891,PROD114,CUST2781
REV22892,3,average,ORD12892,PROD101,CUST4756
REV22893,5,"very good",ORD12893,PROD112,CUST2107
REV22894,4,good,ORD12894,PROD103,CUST3442
REV22895,1,"very bad",ORD12895,PROD113,CUST4076
REV22896,3,average,ORD12896,PROD108,CUST1716
REV22897,3,average,ORD12897,PROD106,CUST2857
REV22898,4,good,ORD12898,PROD102,CUST4366
REV22899,4,good,ORD12899,PROD104,CUST5856
REV22900,3,average,ORD12900,PROD111,CUST2965
REV22901,5,"very good",ORD12901,PROD107,CUST3800
REV22902,2,bad,ORD12902,PROD100,CUST1385
REV22903,2,bad,ORD12903,PROD110,CUST4967
REV22904,3,average,ORD12904,PROD107,CUST4524
REV22905,5,"very good",ORD12905,PROD111,CUST1271
REV22906,2,bad,ORD12906,PROD113,CUST5881
REV22907,3,average,ORD12907,PROD113,CUST1038
REV22908,4,good,ORD12908,PROD112,CUST5516
REV22909,5,"very good",ORD12909,PROD114,CUST4739
REV22910,4,good,ORD12910,PROD104,CUST5734
REV22911,5,"very good",ORD12911,PROD100,CUST5601
REV22912,3,average,ORD12912,PROD100,CUST1742
REV22913,1,"very bad",ORD12913,PROD112,CUST4673
REV22914,3,average,ORD12914,PROD112,CUST3776
REV22915,3,average,ORD12915,PROD100,CUST1630
REV22916,2,bad,ORD12916,PROD104,CUST4073
REV22917,2,bad,ORD12917,PROD103,CUST2456
REV22918,5,"very good",ORD12918,PROD106,CUST4533
REV22919,4,good,ORD12919,PROD110,CUST3652
REV22920,5,"very good",ORD12920,PROD111,CUST5039
REV22921,3,average,ORD12921,PROD104,CUST4953
REV22922,5,"very good",ORD12922,PROD112,CUST4574
REV22923,3,average,ORD12923,PROD104,CUST2250
REV22924,1,"very bad",ORD12924,PROD112,CUST2045
REV22925,5,"very good",ORD12925,PROD106,CUST2167
REV22926,5,"very good",ORD12926,PROD105,CUST4195
REV22927,1,"very bad",ORD12927,PROD104,CUST1084
REV22928,4,good,ORD12928,PROD102,CUST1454
REV22929,5,"very good",ORD12929,PROD104,CUST4559
REV22930,1,"very bad",ORD12930,PROD102,CUST5147
REV22931,2,bad,ORD12931,PROD103,CUST5194
REV22932,5,"very good",ORD12932,PROD111,CUST2206
REV22933,5,"very good",ORD12933,PROD103,CUST3355
REV22934,5,"very good",ORD12934,PROD103,CUST4086
REV22935,2,bad,ORD12935,PROD108,CUST4482
REV22936,1,"very bad",ORD12936,PROD102,CUST2902
REV22937,5,"very good",ORD12937,PROD100,CUST2488
REV22938,3,average,ORD12938,PROD109,CUST1315
REV22939,3,average,ORD12939,PROD107,CUST4375
REV22940,1,"very bad",ORD12940,PROD110,CUST4289
REV22941,5,"very good",ORD12941,PROD114,CUST2021
REV22942,1,"very bad",ORD12942,PROD107,CUST2470
REV22943,2,bad,ORD12943,PROD109,CUST4698
REV22944,2,bad,ORD12944,PROD102,CUST3482
REV22945,4,good,ORD12945,PROD104,CUST3134
REV22946,1,"very bad",ORD12946,PROD101,CUST2148
REV22947,3,average,ORD12947,PROD107,CUST3411
REV22948,5,"very good",ORD12948,PROD104,CUST2427
REV22949,4,good,ORD12949,PROD108,CUST4559
REV22950,4,good,ORD12950,PROD104,CUST1943
REV22951,3,average,ORD12951,PROD113,CUST3692
REV22952,3,average,ORD12952,PROD100,CUST4807
REV22953,1,"very bad",ORD12953,PROD109,CUST2724
REV22954,5,"very good",ORD12954,PROD110,CUST3240
REV22955,4,good,ORD12955,PROD107,CUST5424
REV22956,1,"very bad",ORD12956,PROD109,CUST1465
REV22957,1,"very bad",ORD12957,PROD113,CUST3564
REV22958,4,good,ORD12958,PROD108,CUST1919
REV22959,2,bad,ORD12959,PROD107,CUST2896
REV22960,3,average,ORD12960,PROD111,CUST3102
REV22961,5,"very good",ORD12961,PROD109,CUST1896
REV22962,5,"very good",ORD12962,PROD104,CUST1349
REV22963,3,average,ORD12963,PROD112,CUST4830
REV22964,4,good,ORD12964,PROD110,CUST2489
REV22965,4,good,ORD12965,PROD106,CUST5084
REV22966,1,"very bad",ORD12966,PROD108,CUST3175
REV22967,5,"very good",ORD12967,PROD112,CUST5954
REV22968,1,"very bad",ORD12968,PROD102,CUST2742
REV22969,1,"very bad",ORD12969,PROD107,CUST1444
REV22970,1,"very bad",ORD12970,PROD110,CUST2853
REV22971,3,average,ORD12971,PROD105,CUST5730
REV22972,5,"very good",ORD12972,PROD114,CUST5921
REV22973,4,good,ORD12973,PROD104,CUST1359
REV22974,1,"very bad",ORD12974,PROD103,CUST3156
REV22975,2,bad,ORD12975,PROD104,CUST3296
REV22976,3,average,ORD12976,PROD114,CUST3323
REV22977,3,average,ORD12977,PROD100,CUST1725
REV22978,2,bad,ORD12978,PROD104,CUST1849
REV22979,3,average,ORD12979,PROD105,CUST3931
REV22980,3,average,ORD12980,PROD102,CUST5630
REV22981,5,"very good",ORD12981,PROD104,CUST5041
REV22982,5,"very good",ORD12982,PROD107,CUST1456
REV22983,3,average,ORD12983,PROD108,CUST5449
REV22984,5,"very good",ORD12984,PROD113,CUST2947
REV22985,3,average,ORD12985,PROD110,CUST1193
REV22986,4,good,ORD12986,PROD102,CUST2501
REV22987,2,bad,ORD12987,PROD101,CUST2098
REV22988,3,average,ORD12988,PROD109,CUST1328
REV22989,1,"very bad",ORD12989,PROD101,CUST3418
REV22990,2,bad,ORD12990,PROD113,CUST3555
REV22991,2,bad,ORD12991,PROD110,CUST1055
REV22992,2,bad,ORD12992,PROD103,CUST1079
REV22993,5,"very good",ORD12993,PROD103,CUST2306
REV22994,4,good,ORD12994,PROD108,CUST2716
REV22995,3,average,ORD12995,PROD110,CUST1145
REV22996,2,bad,ORD12996,PROD111,CUST1730
REV22997,2,bad,ORD12997,PROD111,CUST3438
REV22998,2,bad,ORD12998,PROD106,CUST4021
REV22999,5,"very good",ORD12999,PROD110,CUST4217
REV23000,5,"very good",ORD13000,PROD104,CUST3647
REV23001,4,good,ORD13001,PROD104,CUST1095
REV23002,2,bad,ORD13002,PROD106,CUST2921
REV23003,1,"very bad",ORD13003,PROD106,CUST2596
REV23004,5,"very good",ORD13004,PROD113,CUST3137
REV23005,1,"very bad",ORD13005,PROD100,CUST3431
REV23006,3,average,ORD13006,PROD109,CUST3065
REV23007,1,"very bad",ORD13007,PROD113,CUST3003
REV23008,3,average,ORD13008,PROD103,CUST5242
REV23009,2,bad,ORD13009,PROD104,CUST3174
REV23010,5,"very good",ORD13010,PROD112,CUST1504
REV23011,5,"very good",ORD13011,PROD110,CUST2410
REV23012,4,good,ORD13012,PROD114,CUST1698
REV23013,1,"very bad",ORD13013,PROD110,CUST5435
REV23014,1,"very bad",ORD13014,PROD101,CUST2354
REV23015,2,bad,ORD13015,PROD100,CUST4752
REV23016,5,"very good",ORD13016,PROD108,CUST4086
REV23017,5,"very good",ORD13017,PROD110,CUST5411
REV23018,3,average,ORD13018,PROD113,CUST5930
REV23019,4,good,ORD13019,PROD107,CUST4219
REV23020,1,"very bad",ORD13020,PROD108,CUST3505
REV23021,3,average,ORD13021,PROD108,CUST4606
REV23022,1,"very bad",ORD13022,PROD100,CUST1878
REV23023,1,"very bad",ORD13023,PROD111,CUST1961
REV23024,3,average,ORD13024,PROD107,CUST1337
REV23025,2,bad,ORD13025,PROD106,CUST5446
REV23026,3,average,ORD13026,PROD105,CUST4114
REV23027,2,bad,ORD13027,PROD110,CUST2460
REV23028,2,bad,ORD13028,PROD105,CUST4492
REV23029,5,"very good",ORD13029,PROD102,CUST5547
REV23030,2,bad,ORD13030,PROD100,CUST5371
REV23031,2,bad,ORD13031,PROD100,CUST2930
REV23032,2,bad,ORD13032,PROD111,CUST2540
REV23033,3,average,ORD13033,PROD109,CUST3083
REV23034,3,average,ORD13034,PROD110,CUST4497
REV23035,2,bad,ORD13035,PROD105,CUST4636
REV23036,5,"very good",ORD13036,PROD108,CUST4824
REV23037,2,bad,ORD13037,PROD113,CUST5663
REV23038,2,bad,ORD13038,PROD106,CUST5956
REV23039,5,"very good",ORD13039,PROD108,CUST4928
REV23040,3,average,ORD13040,PROD108,CUST3547
REV23041,5,"very good",ORD13041,PROD102,CUST4326
REV23042,3,average,ORD13042,PROD106,CUST5928
REV23043,4,good,ORD13043,PROD101,CUST1647
REV23044,4,good,ORD13044,PROD104,CUST1015
REV23045,3,average,ORD13045,PROD110,CUST5457
REV23046,3,average,ORD13046,PROD114,CUST2622
REV23047,4,good,ORD13047,PROD103,CUST4387
REV23048,5,"very good",ORD13048,PROD107,CUST3727
REV23049,3,average,ORD13049,PROD108,CUST4678
REV23050,3,average,ORD13050,PROD105,CUST3801
REV23051,2,bad,ORD13051,PROD108,CUST5523
REV23052,1,"very bad",ORD13052,PROD110,CUST2687
REV23053,1,"very bad",ORD13053,PROD103,CUST5001
REV23054,1,"very bad",ORD13054,PROD113,CUST4828
REV23055,4,good,ORD13055,PROD107,CUST2524
REV23056,4,good,ORD13056,PROD111,CUST2713
REV23057,3,average,ORD13057,PROD106,CUST4313
REV23058,1,"very bad",ORD13058,PROD107,CUST3263
REV23059,4,good,ORD13059,PROD112,CUST2109
REV23060,1,"very bad",ORD13060,PROD100,CUST3411
REV23061,5,"very good",ORD13061,PROD105,CUST3114
REV23062,4,good,ORD13062,PROD106,CUST1646
REV23063,4,good,ORD13063,PROD102,CUST4969
REV23064,1,"very bad",ORD13064,PROD100,CUST1358
REV23065,4,good,ORD13065,PROD110,CUST5184
REV23066,5,"very good",ORD13066,PROD108,CUST5768
REV23067,3,average,ORD13067,PROD102,CUST5217
REV23068,1,"very bad",ORD13068,PROD105,CUST5785
REV23069,4,good,ORD13069,PROD112,CUST4345
REV23070,3,average,ORD13070,PROD102,CUST4173
REV23071,1,"very bad",ORD13071,PROD106,CUST2716
REV23072,1,"very bad",ORD13072,PROD114,CUST4499
REV23073,4,good,ORD13073,PROD108,CUST2653
REV23074,2,bad,ORD13074,PROD113,CUST2185
REV23075,4,good,ORD13075,PROD113,CUST3961
REV23076,3,average,ORD13076,PROD101,CUST2251
REV23077,1,"very bad",ORD13077,PROD109,CUST5299
REV23078,2,bad,ORD13078,PROD101,CUST4271
REV23079,3,average,ORD13079,PROD110,CUST1850
REV23080,1,"very bad",ORD13080,PROD108,CUST1693
REV23081,4,good,ORD13081,PROD113,CUST3202
REV23082,4,good,ORD13082,PROD105,CUST5418
REV23083,4,good,ORD13083,PROD107,CUST1307
REV23084,3,average,ORD13084,PROD103,CUST3678
REV23085,3,average,ORD13085,PROD104,CUST2348
REV23086,3,average,ORD13086,PROD108,CUST5813
REV23087,3,average,ORD13087,PROD109,CUST2977
REV23088,5,"very good",ORD13088,PROD108,CUST3551
REV23089,1,"very bad",ORD13089,PROD114,CUST1496
REV23090,3,average,ORD13090,PROD103,CUST4771
REV23091,1,"very bad",ORD13091,PROD106,CUST3453
REV23092,4,good,ORD13092,PROD101,CUST3904
REV23093,5,"very good",ORD13093,PROD113,CUST5775
REV23094,4,good,ORD13094,PROD100,CUST1664
REV23095,1,"very bad",ORD13095,PROD105,CUST3792
REV23096,1,"very bad",ORD13096,PROD102,CUST5140
REV23097,1,"very bad",ORD13097,PROD107,CUST2860
REV23098,2,bad,ORD13098,PROD100,CUST4413
REV23099,3,average,ORD13099,PROD114,CUST4948
REV23100,1,"very bad",ORD13100,PROD106,CUST4874
REV23101,3,average,ORD13101,PROD105,CUST3711
REV23102,3,average,ORD13102,PROD109,CUST1754
REV23103,2,bad,ORD13103,PROD100,CUST1671
REV23104,3,average,ORD13104,PROD102,CUST1381
REV23105,2,bad,ORD13105,PROD105,CUST2928
REV23106,4,good,ORD13106,PROD108,CUST2294
REV23107,2,bad,ORD13107,PROD107,CUST1179
REV23108,2,bad,ORD13108,PROD107,CUST2456
REV23109,3,average,ORD13109,PROD105,CUST4418
REV23110,3,average,ORD13110,PROD101,CUST3703
REV23111,2,bad,ORD13111,PROD104,CUST3302
REV23112,2,bad,ORD13112,PROD106,CUST2827
REV23113,3,average,ORD13113,PROD108,CUST5915
REV23114,1,"very bad",ORD13114,PROD106,CUST1612
REV23115,3,average,ORD13115,PROD105,CUST3533
REV23116,3,average,ORD13116,PROD100,CUST2158
REV23117,5,"very good",ORD13117,PROD104,CUST3421
REV23118,4,good,ORD13118,PROD108,CUST1671
REV23119,5,"very good",ORD13119,PROD110,CUST5639
REV23120,2,bad,ORD13120,PROD106,CUST2270
REV23121,4,good,ORD13121,PROD114,CUST1500
REV23122,1,"very bad",ORD13122,PROD100,CUST1380
REV23123,3,average,ORD13123,PROD108,CUST3675
REV23124,5,"very good",ORD13124,PROD107,CUST5429
REV23125,2,bad,ORD13125,PROD108,CUST2656
REV23126,5,"very good",ORD13126,PROD109,CUST5814
REV23127,5,"very good",ORD13127,PROD109,CUST5905
REV23128,1,"very bad",ORD13128,PROD113,CUST5052
REV23129,1,"very bad",ORD13129,PROD113,CUST1652
REV23130,1,"very bad",ORD13130,PROD106,CUST4000
REV23131,3,average,ORD13131,PROD113,CUST2308
REV23132,3,average,ORD13132,PROD112,CUST1180
REV23133,3,average,ORD13133,PROD107,CUST3441
REV23134,3,average,ORD13134,PROD100,CUST1176
REV23135,3,average,ORD13135,PROD107,CUST3311
REV23136,4,good,ORD13136,PROD110,CUST5619
REV23137,3,average,ORD13137,PROD114,CUST3487
REV23138,5,"very good",ORD13138,PROD111,CUST1875
REV23139,5,"very good",ORD13139,PROD103,CUST4884
REV23140,1,"very bad",ORD13140,PROD111,CUST5144
REV23141,4,good,ORD13141,PROD102,CUST1309
REV23142,2,bad,ORD13142,PROD100,CUST4603
REV23143,3,average,ORD13143,PROD113,CUST2484
REV23144,1,"very bad",ORD13144,PROD107,CUST3652
REV23145,3,average,ORD13145,PROD114,CUST1651
REV23146,5,"very good",ORD13146,PROD109,CUST1171
REV23147,1,"very bad",ORD13147,PROD102,CUST5635
REV23148,3,average,ORD13148,PROD111,CUST3792
REV23149,3,average,ORD13149,PROD104,CUST3211
REV23150,5,"very good",ORD13150,PROD105,CUST1150
REV23151,4,good,ORD13151,PROD113,CUST1028
REV23152,4,good,ORD13152,PROD109,CUST5908
REV23153,4,good,ORD13153,PROD107,CUST2102
REV23154,1,"very bad",ORD13154,PROD111,CUST5045
REV23155,4,good,ORD13155,PROD113,CUST3284
REV23156,2,bad,ORD13156,PROD104,CUST4716
REV23157,3,average,ORD13157,PROD112,CUST3694
REV23158,5,"very good",ORD13158,PROD109,CUST4753
REV23159,1,"very bad",ORD13159,PROD112,CUST2442
REV23160,3,average,ORD13160,PROD101,CUST5706
REV23161,3,average,ORD13161,PROD110,CUST1377
REV23162,5,"very good",ORD13162,PROD114,CUST2148
REV23163,4,good,ORD13163,PROD101,CUST3909
REV23164,3,average,ORD13164,PROD105,CUST3842
REV23165,5,"very good",ORD13165,PROD110,CUST5865
REV23166,3,average,ORD13166,PROD103,CUST2540
REV23167,2,bad,ORD13167,PROD108,CUST1608
REV23168,1,"very bad",ORD13168,PROD103,CUST3072
REV23169,4,good,ORD13169,PROD100,CUST2657
REV23170,5,"very good",ORD13170,PROD111,CUST1477
REV23171,4,good,ORD13171,PROD103,CUST4121
REV23172,1,"very bad",ORD13172,PROD112,CUST5001
REV23173,4,good,ORD13173,PROD109,CUST3900
REV23174,2,bad,ORD13174,PROD106,CUST4179
REV23175,5,"very good",ORD13175,PROD108,CUST1401
REV23176,4,good,ORD13176,PROD103,CUST1977
REV23177,1,"very bad",ORD13177,PROD112,CUST2965
REV23178,5,"very good",ORD13178,PROD112,CUST3992
REV23179,1,"very bad",ORD13179,PROD114,CUST5689
REV23180,2,bad,ORD13180,PROD105,CUST5006
REV23181,5,"very good",ORD13181,PROD112,CUST4866
REV23182,3,average,ORD13182,PROD108,CUST4047
REV23183,1,"very bad",ORD13183,PROD103,CUST4192
REV23184,5,"very good",ORD13184,PROD107,CUST1712
REV23185,4,good,ORD13185,PROD109,CUST2830
REV23186,2,bad,ORD13186,PROD114,CUST4693
REV23187,1,"very bad",ORD13187,PROD100,CUST4894
REV23188,1,"very bad",ORD13188,PROD111,CUST1412
REV23189,5,"very good",ORD13189,PROD100,CUST2261
REV23190,4,good,ORD13190,PROD114,CUST1590
REV23191,4,good,ORD13191,PROD108,CUST4681
REV23192,3,average,ORD13192,PROD114,CUST4045
REV23193,2,bad,ORD13193,PROD109,CUST2274
REV23194,5,"very good",ORD13194,PROD100,CUST2694
REV23195,1,"very bad",ORD13195,PROD109,CUST4389
REV23196,5,"very good",ORD13196,PROD105,CUST5874
REV23197,1,"very bad",ORD13197,PROD103,CUST2552
REV23198,1,"very bad",ORD13198,PROD104,CUST1825
REV23199,5,"very good",ORD13199,PROD108,CUST1560
REV23200,1,"very bad",ORD13200,PROD101,CUST2454
REV23201,2,bad,ORD13201,PROD101,CUST4890
REV23202,2,bad,ORD13202,PROD105,CUST4819
REV23203,4,good,ORD13203,PROD106,CUST3585
REV23204,2,bad,ORD13204,PROD103,CUST1724
REV23205,2,bad,ORD13205,PROD111,CUST5915
REV23206,3,average,ORD13206,PROD104,CUST1648
REV23207,1,"very bad",ORD13207,PROD114,CUST3260
REV23208,1,"very bad",ORD13208,PROD107,CUST5596
REV23209,1,"very bad",ORD13209,PROD101,CUST2520
REV23210,1,"very bad",ORD13210,PROD114,CUST2192
REV23211,3,average,ORD13211,PROD106,CUST2304
REV23212,5,"very good",ORD13212,PROD101,CUST2721
REV23213,1,"very bad",ORD13213,PROD111,CUST3043
REV23214,4,good,ORD13214,PROD108,CUST1612
REV23215,2,bad,ORD13215,PROD110,CUST1241
REV23216,2,bad,ORD13216,PROD107,CUST2681
REV23217,5,"very good",ORD13217,PROD110,CUST4173
REV23218,1,"very bad",ORD13218,PROD112,CUST1650
REV23219,5,"very good",ORD13219,PROD103,CUST1962
REV23220,2,bad,ORD13220,PROD112,CUST1529
REV23221,1,"very bad",ORD13221,PROD100,CUST2262
REV23222,5,"very good",ORD13222,PROD104,CUST1061
REV23223,3,average,ORD13223,PROD101,CUST3360
REV23224,4,good,ORD13224,PROD102,CUST4994
REV23225,1,"very bad",ORD13225,PROD114,CUST5378
REV23226,2,bad,ORD13226,PROD107,CUST1285
REV23227,4,good,ORD13227,PROD107,CUST2693
REV23228,4,good,ORD13228,PROD111,CUST5266
REV23229,2,bad,ORD13229,PROD100,CUST3960
REV23230,3,average,ORD13230,PROD112,CUST5767
REV23231,4,good,ORD13231,PROD112,CUST3132
REV23232,5,"very good",ORD13232,PROD102,CUST5348
REV23233,2,bad,ORD13233,PROD112,CUST2535
REV23234,3,average,ORD13234,PROD109,CUST3614
REV23235,3,average,ORD13235,PROD105,CUST5264
REV23236,4,good,ORD13236,PROD108,CUST2459
REV23237,3,average,ORD13237,PROD108,CUST5467
REV23238,1,"very bad",ORD13238,PROD100,CUST5135
REV23239,2,bad,ORD13239,PROD108,CUST5408
REV23240,3,average,ORD13240,PROD113,CUST2730
REV23241,2,bad,ORD13241,PROD111,CUST1429
REV23242,3,average,ORD13242,PROD110,CUST5758
REV23243,2,bad,ORD13243,PROD100,CUST2443
REV23244,5,"very good",ORD13244,PROD105,CUST4968
REV23245,3,average,ORD13245,PROD101,CUST3435
REV23246,5,"very good",ORD13246,PROD113,CUST5735
REV23247,3,average,ORD13247,PROD101,CUST5472
REV23248,1,"very bad",ORD13248,PROD104,CUST2180
REV23249,2,bad,ORD13249,PROD105,CUST2162
REV23250,4,good,ORD13250,PROD108,CUST2984
REV23251,1,"very bad",ORD13251,PROD103,CUST5282
REV23252,3,average,ORD13252,PROD106,CUST1406
REV23253,5,"very good",ORD13253,PROD101,CUST4622
REV23254,2,bad,ORD13254,PROD112,CUST2477
REV23255,2,bad,ORD13255,PROD108,CUST2146
REV23256,4,good,ORD13256,PROD112,CUST4846
REV23257,4,good,ORD13257,PROD107,CUST1880
REV23258,3,average,ORD13258,PROD105,CUST5795
REV23259,1,"very bad",ORD13259,PROD101,CUST4881
REV23260,1,"very bad",ORD13260,PROD107,CUST4872
REV23261,2,bad,ORD13261,PROD110,CUST4168
REV23262,4,good,ORD13262,PROD111,CUST5875
REV23263,5,"very good",ORD13263,PROD101,CUST2855
REV23264,1,"very bad",ORD13264,PROD112,CUST2432
REV23265,4,good,ORD13265,PROD108,CUST2249
REV23266,5,"very good",ORD13266,PROD101,CUST3761
REV23267,3,average,ORD13267,PROD113,CUST2963
REV23268,5,"very good",ORD13268,PROD110,CUST5427
REV23269,3,average,ORD13269,PROD112,CUST2096
REV23270,3,average,ORD13270,PROD104,CUST2986
REV23271,3,average,ORD13271,PROD102,CUST2389
REV23272,2,bad,ORD13272,PROD101,CUST4927
REV23273,5,"very good",ORD13273,PROD104,CUST5160
REV23274,5,"very good",ORD13274,PROD111,CUST1334
REV23275,5,"very good",ORD13275,PROD112,CUST5922
REV23276,3,average,ORD13276,PROD105,CUST4138
REV23277,4,good,ORD13277,PROD111,CUST4670
REV23278,1,"very bad",ORD13278,PROD100,CUST3650
REV23279,3,average,ORD13279,PROD100,CUST1542
REV23280,4,good,ORD13280,PROD101,CUST3226
REV23281,1,"very bad",ORD13281,PROD107,CUST3819
REV23282,1,"very bad",ORD13282,PROD107,CUST4094
REV23283,5,"very good",ORD13283,PROD110,CUST2120
REV23284,5,"very good",ORD13284,PROD109,CUST1123
REV23285,4,good,ORD13285,PROD100,CUST4574
REV23286,3,average,ORD13286,PROD104,CUST5348
REV23287,4,good,ORD13287,PROD105,CUST3293
REV23288,3,average,ORD13288,PROD100,CUST2667
REV23289,5,"very good",ORD13289,PROD107,CUST2133
REV23290,3,average,ORD13290,PROD105,CUST5494
REV23291,2,bad,ORD13291,PROD101,CUST4047
REV23292,2,bad,ORD13292,PROD105,CUST3643
REV23293,3,average,ORD13293,PROD105,CUST5736
REV23294,5,"very good",ORD13294,PROD114,CUST5910
REV23295,3,average,ORD13295,PROD110,CUST2270
REV23296,5,"very good",ORD13296,PROD110,CUST5683
REV23297,5,"very good",ORD13297,PROD109,CUST1337
REV23298,5,"very good",ORD13298,PROD106,CUST3516
REV23299,2,bad,ORD13299,PROD112,CUST2501
REV23300,3,average,ORD13300,PROD104,CUST2066
REV23301,5,"very good",ORD13301,PROD101,CUST1299
REV23302,4,good,ORD13302,PROD111,CUST4538
REV23303,4,good,ORD13303,PROD112,CUST1656
REV23304,5,"very good",ORD13304,PROD100,CUST4749
REV23305,2,bad,ORD13305,PROD114,CUST3416
REV23306,5,"very good",ORD13306,PROD102,CUST2741
REV23307,1,"very bad",ORD13307,PROD101,CUST4121
REV23308,3,average,ORD13308,PROD105,CUST3754
REV23309,3,average,ORD13309,PROD112,CUST4027
REV23310,5,"very good",ORD13310,PROD109,CUST5111
REV23311,1,"very bad",ORD13311,PROD101,CUST1148
REV23312,3,average,ORD13312,PROD110,CUST4850
REV23313,3,average,ORD13313,PROD110,CUST3376
REV23314,2,bad,ORD13314,PROD109,CUST2393
REV23315,2,bad,ORD13315,PROD111,CUST5699
REV23316,3,average,ORD13316,PROD103,CUST5819
REV23317,1,"very bad",ORD13317,PROD101,CUST4298
REV23318,5,"very good",ORD13318,PROD105,CUST3127
REV23319,3,average,ORD13319,PROD110,CUST3246
REV23320,1,"very bad",ORD13320,PROD101,CUST5417
REV23321,2,bad,ORD13321,PROD101,CUST1187
REV23322,2,bad,ORD13322,PROD108,CUST2474
REV23323,2,bad,ORD13323,PROD103,CUST1823
REV23324,3,average,ORD13324,PROD110,CUST2301
REV23325,3,average,ORD13325,PROD107,CUST1325
REV23326,2,bad,ORD13326,PROD102,CUST3515
REV23327,5,"very good",ORD13327,PROD104,CUST5061
REV23328,5,"very good",ORD13328,PROD103,CUST2196
REV23329,2,bad,ORD13329,PROD105,CUST3856
REV23330,1,"very bad",ORD13330,PROD109,CUST3690
REV23331,4,good,ORD13331,PROD113,CUST1643
REV23332,3,average,ORD13332,PROD107,CUST5095
REV23333,5,"very good",ORD13333,PROD106,CUST4209
REV23334,3,average,ORD13334,PROD100,CUST4960
REV23335,5,"very good",ORD13335,PROD111,CUST1284
REV23336,4,good,ORD13336,PROD102,CUST3563
REV23337,4,good,ORD13337,PROD105,CUST4846
REV23338,5,"very good",ORD13338,PROD109,CUST4469
REV23339,4,good,ORD13339,PROD105,CUST4240
REV23340,4,good,ORD13340,PROD109,CUST5576
REV23341,5,"very good",ORD13341,PROD107,CUST4761
REV23342,3,average,ORD13342,PROD106,CUST1453
REV23343,4,good,ORD13343,PROD105,CUST1593
REV23344,4,good,ORD13344,PROD100,CUST4032
REV23345,2,bad,ORD13345,PROD111,CUST5838
REV23346,3,average,ORD13346,PROD108,CUST4701
REV23347,3,average,ORD13347,PROD114,CUST1043
REV23348,1,"very bad",ORD13348,PROD110,CUST1988
REV23349,4,good,ORD13349,PROD109,CUST3983
REV23350,1,"very bad",ORD13350,PROD114,CUST3095
REV23351,3,average,ORD13351,PROD107,CUST4402
REV23352,3,average,ORD13352,PROD102,CUST3345
REV23353,1,"very bad",ORD13353,PROD105,CUST1311
REV23354,4,good,ORD13354,PROD100,CUST2497
REV23355,2,bad,ORD13355,PROD108,CUST4516
REV23356,4,good,ORD13356,PROD110,CUST1970
REV23357,1,"very bad",ORD13357,PROD109,CUST2943
REV23358,5,"very good",ORD13358,PROD103,CUST3076
REV23359,5,"very good",ORD13359,PROD101,CUST3190
REV23360,4,good,ORD13360,PROD102,CUST4950
REV23361,2,bad,ORD13361,PROD102,CUST5047
REV23362,5,"very good",ORD13362,PROD109,CUST2212
REV23363,1,"very bad",ORD13363,PROD103,CUST2724
REV23364,3,average,ORD13364,PROD109,CUST5701
REV23365,3,average,ORD13365,PROD101,CUST4814
REV23366,4,good,ORD13366,PROD104,CUST2285
REV23367,4,good,ORD13367,PROD107,CUST2054
REV23368,1,"very bad",ORD13368,PROD104,CUST3406
REV23369,1,"very bad",ORD13369,PROD111,CUST5278
REV23370,5,"very good",ORD13370,PROD101,CUST2393
REV23371,1,"very bad",ORD13371,PROD105,CUST4316
REV23372,4,good,ORD13372,PROD106,CUST3746
REV23373,3,average,ORD13373,PROD114,CUST4040
REV23374,4,good,ORD13374,PROD112,CUST4800
REV23375,5,"very good",ORD13375,PROD108,CUST2729
REV23376,5,"very good",ORD13376,PROD101,CUST3200
REV23377,4,good,ORD13377,PROD102,CUST4320
REV23378,3,average,ORD13378,PROD101,CUST5548
REV23379,2,bad,ORD13379,PROD105,CUST1139
REV23380,1,"very bad",ORD13380,PROD111,CUST4372
REV23381,5,"very good",ORD13381,PROD107,CUST2192
REV23382,3,average,ORD13382,PROD102,CUST4940
REV23383,2,bad,ORD13383,PROD101,CUST3895
REV23384,3,average,ORD13384,PROD106,CUST3479
REV23385,4,good,ORD13385,PROD105,CUST3429
REV23386,4,good,ORD13386,PROD105,CUST3088
REV23387,5,"very good",ORD13387,PROD104,CUST3931
REV23388,5,"very good",ORD13388,PROD112,CUST4042
REV23389,3,average,ORD13389,PROD113,CUST3655
REV23390,4,good,ORD13390,PROD110,CUST3241
REV23391,5,"very good",ORD13391,PROD105,CUST4897
REV23392,4,good,ORD13392,PROD102,CUST4942
REV23393,4,good,ORD13393,PROD107,CUST1910
REV23394,2,bad,ORD13394,PROD100,CUST5800
REV23395,1,"very bad",ORD13395,PROD106,CUST2049
REV23396,3,average,ORD13396,PROD112,CUST5669
REV23397,1,"very bad",ORD13397,PROD107,CUST1676
REV23398,2,bad,ORD13398,PROD108,CUST4100
REV23399,1,"very bad",ORD13399,PROD106,CUST2210
REV23400,3,average,ORD13400,PROD105,CUST4303
REV23401,5,"very good",ORD13401,PROD107,CUST4237
REV23402,2,bad,ORD13402,PROD104,CUST2516
REV23403,3,average,ORD13403,PROD112,CUST4525
REV23404,1,"very bad",ORD13404,PROD103,CUST3011
REV23405,4,good,ORD13405,PROD110,CUST4841
REV23406,2,bad,ORD13406,PROD109,CUST2646
REV23407,3,average,ORD13407,PROD101,CUST3363
REV23408,2,bad,ORD13408,PROD101,CUST1059
REV23409,4,good,ORD13409,PROD110,CUST3482
REV23410,2,bad,ORD13410,PROD106,CUST5737
REV23411,3,average,ORD13411,PROD102,CUST5978
REV23412,5,"very good",ORD13412,PROD109,CUST1252
REV23413,4,good,ORD13413,PROD105,CUST4850
REV23414,4,good,ORD13414,PROD100,CUST4058
REV23415,5,"very good",ORD13415,PROD111,CUST1163
REV23416,4,good,ORD13416,PROD110,CUST5702
REV23417,5,"very good",ORD13417,PROD112,CUST4043
REV23418,3,average,ORD13418,PROD105,CUST3942
REV23419,1,"very bad",ORD13419,PROD113,CUST5124
REV23420,5,"very good",ORD13420,PROD112,CUST1641
REV23421,5,"very good",ORD13421,PROD101,CUST4097
REV23422,5,"very good",ORD13422,PROD108,CUST2740
REV23423,4,good,ORD13423,PROD111,CUST1340
REV23424,4,good,ORD13424,PROD111,CUST2152
REV23425,3,average,ORD13425,PROD107,CUST2877
REV23426,4,good,ORD13426,PROD101,CUST2970
REV23427,1,"very bad",ORD13427,PROD107,CUST4354
REV23428,1,"very bad",ORD13428,PROD102,CUST1632
REV23429,1,"very bad",ORD13429,PROD105,CUST5929
REV23430,3,average,ORD13430,PROD110,CUST3518
REV23431,4,good,ORD13431,PROD109,CUST2354
REV23432,2,bad,ORD13432,PROD101,CUST3262
REV23433,5,"very good",ORD13433,PROD105,CUST1846
REV23434,2,bad,ORD13434,PROD109,CUST4688
REV23435,1,"very bad",ORD13435,PROD112,CUST3639
REV23436,5,"very good",ORD13436,PROD109,CUST5210
REV23437,3,average,ORD13437,PROD110,CUST5227
REV23438,5,"very good",ORD13438,PROD114,CUST5107
REV23439,1,"very bad",ORD13439,PROD109,CUST5365
REV23440,2,bad,ORD13440,PROD105,CUST3425
REV23441,3,average,ORD13441,PROD109,CUST5501
REV23442,2,bad,ORD13442,PROD105,CUST3427
REV23443,1,"very bad",ORD13443,PROD110,CUST1363
REV23444,2,bad,ORD13444,PROD106,CUST3702
REV23445,5,"very good",ORD13445,PROD110,CUST5546
REV23446,5,"very good",ORD13446,PROD104,CUST5428
REV23447,5,"very good",ORD13447,PROD106,CUST2365
REV23448,3,average,ORD13448,PROD109,CUST2461
REV23449,5,"very good",ORD13449,PROD113,CUST2459
REV23450,5,"very good",ORD13450,PROD100,CUST5229
REV23451,3,average,ORD13451,PROD107,CUST3281
REV23452,1,"very bad",ORD13452,PROD104,CUST5818
REV23453,5,"very good",ORD13453,PROD102,CUST1254
REV23454,2,bad,ORD13454,PROD109,CUST4911
REV23455,3,average,ORD13455,PROD109,CUST2843
REV23456,1,"very bad",ORD13456,PROD114,CUST3394
REV23457,3,average,ORD13457,PROD112,CUST5943
REV23458,5,"very good",ORD13458,PROD108,CUST2941
REV23459,3,average,ORD13459,PROD103,CUST4974
REV23460,3,average,ORD13460,PROD113,CUST4128
REV23461,2,bad,ORD13461,PROD104,CUST2614
REV23462,5,"very good",ORD13462,PROD102,CUST2231
REV23463,3,average,ORD13463,PROD106,CUST4803
REV23464,3,average,ORD13464,PROD102,CUST5988
REV23465,4,good,ORD13465,PROD106,CUST5000
REV23466,3,average,ORD13466,PROD108,CUST1542
REV23467,5,"very good",ORD13467,PROD109,CUST2524
REV23468,4,good,ORD13468,PROD104,CUST2372
REV23469,4,good,ORD13469,PROD100,CUST1218
REV23470,5,"very good",ORD13470,PROD101,CUST5140
REV23471,2,bad,ORD13471,PROD104,CUST3450
REV23472,3,average,ORD13472,PROD105,CUST3585
REV23473,1,"very bad",ORD13473,PROD107,CUST4910
REV23474,3,average,ORD13474,PROD101,CUST3998
REV23475,4,good,ORD13475,PROD108,CUST5592
REV23476,5,"very good",ORD13476,PROD112,CUST4632
REV23477,4,good,ORD13477,PROD112,CUST5012
REV23478,3,average,ORD13478,PROD100,CUST2730
REV23479,4,good,ORD13479,PROD107,CUST3162
REV23480,5,"very good",ORD13480,PROD102,CUST3124
REV23481,3,average,ORD13481,PROD105,CUST3633
REV23482,1,"very bad",ORD13482,PROD105,CUST2644
REV23483,3,average,ORD13483,PROD109,CUST5722
REV23484,3,average,ORD13484,PROD106,CUST3201
REV23485,1,"very bad",ORD13485,PROD103,CUST5930
REV23486,1,"very bad",ORD13486,PROD103,CUST5600
REV23487,4,good,ORD13487,PROD114,CUST3540
REV23488,4,good,ORD13488,PROD106,CUST5274
REV23489,4,good,ORD13489,PROD106,CUST1902
REV23490,1,"very bad",ORD13490,PROD104,CUST5086
REV23491,4,good,ORD13491,PROD110,CUST4158
REV23492,3,average,ORD13492,PROD109,CUST1551
REV23493,5,"very good",ORD13493,PROD113,CUST1423
REV23494,3,average,ORD13494,PROD101,CUST4859
REV23495,5,"very good",ORD13495,PROD113,CUST4577
REV23496,5,"very good",ORD13496,PROD113,CUST4581
REV23497,3,average,ORD13497,PROD101,CUST3994
REV23498,3,average,ORD13498,PROD113,CUST1851
REV23499,3,average,ORD13499,PROD107,CUST2409
REV23500,1,"very bad",ORD13500,PROD114,CUST5493
REV23501,2,bad,ORD13501,PROD100,CUST4284
REV23502,3,average,ORD13502,PROD105,CUST4784
REV23503,1,"very bad",ORD13503,PROD110,CUST4740
REV23504,1,"very bad",ORD13504,PROD110,CUST1989
REV23505,4,good,ORD13505,PROD112,CUST4460
REV23506,2,bad,ORD13506,PROD100,CUST5325
REV23507,2,bad,ORD13507,PROD108,CUST5184
REV23508,1,"very bad",ORD13508,PROD106,CUST5589
REV23509,5,"very good",ORD13509,PROD101,CUST2701
REV23510,2,bad,ORD13510,PROD106,CUST3488
REV23511,2,bad,ORD13511,PROD103,CUST4428
REV23512,2,bad,ORD13512,PROD110,CUST4500
REV23513,3,average,ORD13513,PROD106,CUST3869
REV23514,1,"very bad",ORD13514,PROD101,CUST3811
REV23515,2,bad,ORD13515,PROD112,CUST3111
REV23516,4,good,ORD13516,PROD113,CUST5608
REV23517,2,bad,ORD13517,PROD114,CUST2838
REV23518,5,"very good",ORD13518,PROD114,CUST1608
REV23519,3,average,ORD13519,PROD111,CUST5441
REV23520,5,"very good",ORD13520,PROD105,CUST4668
REV23521,4,good,ORD13521,PROD110,CUST1840
REV23522,4,good,ORD13522,PROD107,CUST3280
REV23523,2,bad,ORD13523,PROD114,CUST2431
REV23524,4,good,ORD13524,PROD113,CUST1549
REV23525,5,"very good",ORD13525,PROD100,CUST1244
REV23526,4,good,ORD13526,PROD106,CUST3194
REV23527,2,bad,ORD13527,PROD108,CUST4618
REV23528,4,good,ORD13528,PROD102,CUST1184
REV23529,1,"very bad",ORD13529,PROD103,CUST3979
REV23530,5,"very good",ORD13530,PROD109,CUST3032
REV23531,2,bad,ORD13531,PROD113,CUST4456
REV23532,1,"very bad",ORD13532,PROD102,CUST3429
REV23533,2,bad,ORD13533,PROD113,CUST4451
REV23534,2,bad,ORD13534,PROD103,CUST5156
REV23535,5,"very good",ORD13535,PROD110,CUST5601
REV23536,2,bad,ORD13536,PROD113,CUST3635
REV23537,3,average,ORD13537,PROD102,CUST1511
REV23538,3,average,ORD13538,PROD111,CUST5872
REV23539,1,"very bad",ORD13539,PROD101,CUST3967
REV23540,1,"very bad",ORD13540,PROD110,CUST3552
REV23541,3,average,ORD13541,PROD105,CUST2066
REV23542,1,"very bad",ORD13542,PROD104,CUST2182
REV23543,4,good,ORD13543,PROD100,CUST4048
REV23544,1,"very bad",ORD13544,PROD101,CUST2132
REV23545,5,"very good",ORD13545,PROD100,CUST2723
REV23546,1,"very bad",ORD13546,PROD112,CUST5494
REV23547,4,good,ORD13547,PROD103,CUST3091
REV23548,1,"very bad",ORD13548,PROD105,CUST5509
REV23549,1,"very bad",ORD13549,PROD103,CUST4210
REV23550,1,"very bad",ORD13550,PROD108,CUST4325
REV23551,3,average,ORD13551,PROD113,CUST5754
REV23552,1,"very bad",ORD13552,PROD100,CUST4509
REV23553,3,average,ORD13553,PROD100,CUST1268
REV23554,1,"very bad",ORD13554,PROD103,CUST1528
REV23555,3,average,ORD13555,PROD100,CUST5167
REV23556,4,good,ORD13556,PROD108,CUST4856
REV23557,3,average,ORD13557,PROD111,CUST4637
REV23558,5,"very good",ORD13558,PROD101,CUST1466
REV23559,1,"very bad",ORD13559,PROD103,CUST2940
REV23560,4,good,ORD13560,PROD106,CUST4520
REV23561,3,average,ORD13561,PROD103,CUST5610
REV23562,1,"very bad",ORD13562,PROD111,CUST2781
REV23563,2,bad,ORD13563,PROD100,CUST4840
REV23564,1,"very bad",ORD13564,PROD114,CUST1680
REV23565,3,average,ORD13565,PROD112,CUST3513
REV23566,5,"very good",ORD13566,PROD102,CUST1000
REV23567,2,bad,ORD13567,PROD113,CUST5673
REV23568,4,good,ORD13568,PROD109,CUST4223
REV23569,2,bad,ORD13569,PROD100,CUST3078
REV23570,2,bad,ORD13570,PROD107,CUST5864
REV23571,1,"very bad",ORD13571,PROD107,CUST5366
REV23572,4,good,ORD13572,PROD106,CUST1435
REV23573,1,"very bad",ORD13573,PROD107,CUST1763
REV23574,4,good,ORD13574,PROD108,CUST1767
REV23575,4,good,ORD13575,PROD113,CUST1692
REV23576,4,good,ORD13576,PROD105,CUST3012
REV23577,2,bad,ORD13577,PROD104,CUST4937
REV23578,3,average,ORD13578,PROD101,CUST3666
REV23579,2,bad,ORD13579,PROD113,CUST2396
REV23580,4,good,ORD13580,PROD112,CUST3738
REV23581,4,good,ORD13581,PROD113,CUST5209
REV23582,4,good,ORD13582,PROD105,CUST3446
REV23583,1,"very bad",ORD13583,PROD109,CUST3580
REV23584,5,"very good",ORD13584,PROD110,CUST3967
REV23585,5,"very good",ORD13585,PROD100,CUST3883
REV23586,4,good,ORD13586,PROD108,CUST3601
REV23587,5,"very good",ORD13587,PROD111,CUST3689
REV23588,1,"very bad",ORD13588,PROD105,CUST1324
REV23589,2,bad,ORD13589,PROD101,CUST5834
REV23590,5,"very good",ORD13590,PROD105,CUST2604
REV23591,1,"very bad",ORD13591,PROD112,CUST1475
REV23592,4,good,ORD13592,PROD104,CUST4094
REV23593,4,good,ORD13593,PROD104,CUST5122
REV23594,4,good,ORD13594,PROD114,CUST4334
REV23595,4,good,ORD13595,PROD114,CUST1321
REV23596,1,"very bad",ORD13596,PROD102,CUST5852
REV23597,2,bad,ORD13597,PROD101,CUST2529
REV23598,3,average,ORD13598,PROD113,CUST2328
REV23599,3,average,ORD13599,PROD102,CUST1761
REV23600,5,"very good",ORD13600,PROD110,CUST3423
REV23601,2,bad,ORD13601,PROD104,CUST5851
REV23602,3,average,ORD13602,PROD105,CUST1892
REV23603,2,bad,ORD13603,PROD114,CUST3350
REV23604,4,good,ORD13604,PROD107,CUST5466
REV23605,3,average,ORD13605,PROD113,CUST5236
REV23606,1,"very bad",ORD13606,PROD108,CUST2415
REV23607,3,average,ORD13607,PROD102,CUST2344
REV23608,4,good,ORD13608,PROD102,CUST5957
REV23609,5,"very good",ORD13609,PROD112,CUST3499
REV23610,3,average,ORD13610,PROD106,CUST3457
REV23611,4,good,ORD13611,PROD100,CUST1712
REV23612,1,"very bad",ORD13612,PROD114,CUST5558
REV23613,3,average,ORD13613,PROD112,CUST1642
REV23614,4,good,ORD13614,PROD110,CUST4488
REV23615,3,average,ORD13615,PROD109,CUST3435
REV23616,1,"very bad",ORD13616,PROD111,CUST5094
REV23617,2,bad,ORD13617,PROD109,CUST5154
REV23618,2,bad,ORD13618,PROD110,CUST4544
REV23619,4,good,ORD13619,PROD108,CUST5427
REV23620,2,bad,ORD13620,PROD103,CUST1248
REV23621,4,good,ORD13621,PROD107,CUST3639
REV23622,3,average,ORD13622,PROD111,CUST1510
REV23623,4,good,ORD13623,PROD106,CUST4978
REV23624,1,"very bad",ORD13624,PROD104,CUST4616
REV23625,4,good,ORD13625,PROD105,CUST5251
REV23626,3,average,ORD13626,PROD101,CUST5623
REV23627,3,average,ORD13627,PROD102,CUST2238
REV23628,5,"very good",ORD13628,PROD101,CUST3967
REV23629,1,"very bad",ORD13629,PROD110,CUST2259
REV23630,1,"very bad",ORD13630,PROD108,CUST1386
REV23631,3,average,ORD13631,PROD102,CUST3992
REV23632,4,good,ORD13632,PROD112,CUST2215
REV23633,1,"very bad",ORD13633,PROD104,CUST3023
REV23634,3,average,ORD13634,PROD102,CUST5456
REV23635,5,"very good",ORD13635,PROD102,CUST2372
REV23636,3,average,ORD13636,PROD110,CUST1101
REV23637,1,"very bad",ORD13637,PROD111,CUST3673
REV23638,4,good,ORD13638,PROD104,CUST2815
REV23639,1,"very bad",ORD13639,PROD110,CUST4938
REV23640,5,"very good",ORD13640,PROD101,CUST3959
REV23641,4,good,ORD13641,PROD109,CUST5133
REV23642,5,"very good",ORD13642,PROD103,CUST4862
REV23643,4,good,ORD13643,PROD101,CUST2831
REV23644,3,average,ORD13644,PROD103,CUST3385
REV23645,3,average,ORD13645,PROD103,CUST3103
REV23646,2,bad,ORD13646,PROD107,CUST1067
REV23647,4,good,ORD13647,PROD106,CUST2758
REV23648,3,average,ORD13648,PROD108,CUST2358
REV23649,4,good,ORD13649,PROD103,CUST4124
REV23650,2,bad,ORD13650,PROD106,CUST1237
REV23651,4,good,ORD13651,PROD107,CUST5640
REV23652,4,good,ORD13652,PROD111,CUST4057
REV23653,4,good,ORD13653,PROD103,CUST5214
REV23654,1,"very bad",ORD13654,PROD101,CUST1414
REV23655,3,average,ORD13655,PROD102,CUST2911
REV23656,2,bad,ORD13656,PROD110,CUST3344
REV23657,3,average,ORD13657,PROD105,CUST2576
REV23658,2,bad,ORD13658,PROD104,CUST2751
REV23659,4,good,ORD13659,PROD108,CUST4029
REV23660,4,good,ORD13660,PROD100,CUST5118
REV23661,1,"very bad",ORD13661,PROD112,CUST2128
REV23662,1,"very bad",ORD13662,PROD114,CUST2399
REV23663,4,good,ORD13663,PROD104,CUST4183
REV23664,2,bad,ORD13664,PROD107,CUST1272
REV23665,2,bad,ORD13665,PROD106,CUST5819
REV23666,1,"very bad",ORD13666,PROD108,CUST1492
REV23667,5,"very good",ORD13667,PROD110,CUST2170
REV23668,5,"very good",ORD13668,PROD103,CUST2132
REV23669,2,bad,ORD13669,PROD105,CUST5342
REV23670,4,good,ORD13670,PROD100,CUST3138
REV23671,1,"very bad",ORD13671,PROD104,CUST5226
REV23672,1,"very bad",ORD13672,PROD110,CUST4529
REV23673,4,good,ORD13673,PROD106,CUST1481
REV23674,1,"very bad",ORD13674,PROD109,CUST4415
REV23675,1,"very bad",ORD13675,PROD102,CUST5881
REV23676,4,good,ORD13676,PROD112,CUST4517
REV23677,2,bad,ORD13677,PROD105,CUST5939
REV23678,3,average,ORD13678,PROD112,CUST1279
REV23679,4,good,ORD13679,PROD109,CUST5200
REV23680,3,average,ORD13680,PROD108,CUST3286
REV23681,5,"very good",ORD13681,PROD109,CUST2210
REV23682,1,"very bad",ORD13682,PROD105,CUST3876
REV23683,5,"very good",ORD13683,PROD113,CUST1321
REV23684,1,"very bad",ORD13684,PROD108,CUST4481
REV23685,1,"very bad",ORD13685,PROD110,CUST5727
REV23686,1,"very bad",ORD13686,PROD102,CUST4203
REV23687,4,good,ORD13687,PROD108,CUST2942
REV23688,3,average,ORD13688,PROD110,CUST4699
REV23689,2,bad,ORD13689,PROD108,CUST1241
REV23690,3,average,ORD13690,PROD108,CUST3713
REV23691,2,bad,ORD13691,PROD102,CUST1480
REV23692,3,average,ORD13692,PROD103,CUST4422
REV23693,4,good,ORD13693,PROD107,CUST3096
REV23694,2,bad,ORD13694,PROD106,CUST3900
REV23695,3,average,ORD13695,PROD110,CUST1617
REV23696,2,bad,ORD13696,PROD103,CUST2400
REV23697,4,good,ORD13697,PROD107,CUST4245
REV23698,5,"very good",ORD13698,PROD109,CUST5378
REV23699,2,bad,ORD13699,PROD102,CUST1116
REV23700,2,bad,ORD13700,PROD100,CUST1007
REV23701,1,"very bad",ORD13701,PROD114,CUST1862
REV23702,4,good,ORD13702,PROD112,CUST1915
REV23703,5,"very good",ORD13703,PROD111,CUST2699
REV23704,3,average,ORD13704,PROD114,CUST4135
REV23705,5,"very good",ORD13705,PROD114,CUST2832
REV23706,3,average,ORD13706,PROD113,CUST2696
REV23707,3,average,ORD13707,PROD105,CUST5880
REV23708,5,"very good",ORD13708,PROD107,CUST1641
REV23709,2,bad,ORD13709,PROD107,CUST5481
REV23710,5,"very good",ORD13710,PROD105,CUST5116
REV23711,4,good,ORD13711,PROD107,CUST4557
REV23712,5,"very good",ORD13712,PROD113,CUST2150
REV23713,3,average,ORD13713,PROD108,CUST1992
REV23714,3,average,ORD13714,PROD102,CUST5354
REV23715,5,"very good",ORD13715,PROD109,CUST3524
REV23716,1,"very bad",ORD13716,PROD101,CUST4494
REV23717,5,"very good",ORD13717,PROD100,CUST5765
REV23718,1,"very bad",ORD13718,PROD104,CUST5350
REV23719,3,average,ORD13719,PROD102,CUST5649
REV23720,2,bad,ORD13720,PROD105,CUST3059
REV23721,2,bad,ORD13721,PROD113,CUST4606
REV23722,4,good,ORD13722,PROD100,CUST4895
REV23723,2,bad,ORD13723,PROD106,CUST1683
REV23724,4,good,ORD13724,PROD112,CUST1027
REV23725,5,"very good",ORD13725,PROD109,CUST3727
REV23726,1,"very bad",ORD13726,PROD109,CUST3086
REV23727,2,bad,ORD13727,PROD109,CUST3704
REV23728,2,bad,ORD13728,PROD106,CUST2161
REV23729,2,bad,ORD13729,PROD105,CUST4445
REV23730,2,bad,ORD13730,PROD108,CUST4046
REV23731,3,average,ORD13731,PROD104,CUST2378
REV23732,1,"very bad",ORD13732,PROD111,CUST2596
REV23733,3,average,ORD13733,PROD113,CUST2977
REV23734,1,"very bad",ORD13734,PROD110,CUST1790
REV23735,5,"very good",ORD13735,PROD100,CUST2351
REV23736,4,good,ORD13736,PROD111,CUST1485
REV23737,2,bad,ORD13737,PROD103,CUST2444
REV23738,2,bad,ORD13738,PROD100,CUST1164
REV23739,4,good,ORD13739,PROD104,CUST4734
REV23740,4,good,ORD13740,PROD112,CUST2862
REV23741,3,average,ORD13741,PROD112,CUST4621
REV23742,5,"very good",ORD13742,PROD105,CUST4244
REV23743,2,bad,ORD13743,PROD114,CUST5892
REV23744,5,"very good",ORD13744,PROD104,CUST5089
REV23745,4,good,ORD13745,PROD110,CUST4065
REV23746,1,"very bad",ORD13746,PROD110,CUST1444
REV23747,2,bad,ORD13747,PROD111,CUST5182
REV23748,4,good,ORD13748,PROD102,CUST1829
REV23749,2,bad,ORD13749,PROD103,CUST3778
REV23750,5,"very good",ORD13750,PROD102,CUST4525
REV23751,5,"very good",ORD13751,PROD101,CUST5661
REV23752,5,"very good",ORD13752,PROD102,CUST1234
REV23753,2,bad,ORD13753,PROD100,CUST2752
REV23754,1,"very bad",ORD13754,PROD100,CUST4581
REV23755,5,"very good",ORD13755,PROD107,CUST4664
REV23756,2,bad,ORD13756,PROD109,CUST1464
REV23757,3,average,ORD13757,PROD113,CUST3842
REV23758,1,"very bad",ORD13758,PROD103,CUST1851
REV23759,5,"very good",ORD13759,PROD110,CUST5887
REV23760,2,bad,ORD13760,PROD106,CUST4489
REV23761,1,"very bad",ORD13761,PROD105,CUST2059
REV23762,2,bad,ORD13762,PROD106,CUST3663
REV23763,4,good,ORD13763,PROD103,CUST1805
REV23764,3,average,ORD13764,PROD112,CUST5171
REV23765,1,"very bad",ORD13765,PROD110,CUST1015
REV23766,1,"very bad",ORD13766,PROD112,CUST3780
REV23767,1,"very bad",ORD13767,PROD100,CUST2782
REV23768,4,good,ORD13768,PROD101,CUST5590
REV23769,5,"very good",ORD13769,PROD111,CUST2068
REV23770,4,good,ORD13770,PROD106,CUST1072
REV23771,4,good,ORD13771,PROD112,CUST5284
REV23772,5,"very good",ORD13772,PROD109,CUST2448
REV23773,4,good,ORD13773,PROD107,CUST4920
REV23774,4,good,ORD13774,PROD108,CUST3917
REV23775,1,"very bad",ORD13775,PROD100,CUST2287
REV23776,1,"very bad",ORD13776,PROD111,CUST2893
REV23777,5,"very good",ORD13777,PROD107,CUST4761
REV23778,4,good,ORD13778,PROD109,CUST1892
REV23779,3,average,ORD13779,PROD107,CUST4431
REV23780,5,"very good",ORD13780,PROD104,CUST5724
REV23781,4,good,ORD13781,PROD103,CUST1522
REV23782,3,average,ORD13782,PROD103,CUST2155
REV23783,2,bad,ORD13783,PROD112,CUST1437
REV23784,3,average,ORD13784,PROD113,CUST2396
REV23785,1,"very bad",ORD13785,PROD100,CUST1996
REV23786,4,good,ORD13786,PROD102,CUST2744
REV23787,4,good,ORD13787,PROD114,CUST4483
REV23788,4,good,ORD13788,PROD109,CUST3334
REV23789,3,average,ORD13789,PROD109,CUST1158
REV23790,4,good,ORD13790,PROD104,CUST4894
REV23791,1,"very bad",ORD13791,PROD108,CUST1186
REV23792,4,good,ORD13792,PROD110,CUST5492
REV23793,5,"very good",ORD13793,PROD102,CUST2861
REV23794,1,"very bad",ORD13794,PROD106,CUST3237
REV23795,4,good,ORD13795,PROD104,CUST5468
REV23796,4,good,ORD13796,PROD113,CUST4583
REV23797,1,"very bad",ORD13797,PROD106,CUST4500
REV23798,3,average,ORD13798,PROD111,CUST1474
REV23799,1,"very bad",ORD13799,PROD109,CUST5485
REV23800,4,good,ORD13800,PROD106,CUST1263
REV23801,2,bad,ORD13801,PROD105,CUST1969
REV23802,2,bad,ORD13802,PROD100,CUST3378
REV23803,4,good,ORD13803,PROD111,CUST3752
REV23804,2,bad,ORD13804,PROD103,CUST5391
REV23805,1,"very bad",ORD13805,PROD102,CUST4075
REV23806,2,bad,ORD13806,PROD113,CUST1667
REV23807,1,"very bad",ORD13807,PROD107,CUST2011
REV23808,2,bad,ORD13808,PROD103,CUST3934
REV23809,5,"very good",ORD13809,PROD104,CUST4218
REV23810,5,"very good",ORD13810,PROD100,CUST2954
REV23811,2,bad,ORD13811,PROD111,CUST1620
REV23812,4,good,ORD13812,PROD107,CUST1838
REV23813,4,good,ORD13813,PROD104,CUST1558
REV23814,3,average,ORD13814,PROD104,CUST3520
REV23815,4,good,ORD13815,PROD104,CUST4201
REV23816,2,bad,ORD13816,PROD111,CUST3836
REV23817,5,"very good",ORD13817,PROD108,CUST4252
REV23818,4,good,ORD13818,PROD113,CUST1244
REV23819,1,"very bad",ORD13819,PROD105,CUST1486
REV23820,4,good,ORD13820,PROD104,CUST1175
REV23821,4,good,ORD13821,PROD103,CUST5164
REV23822,1,"very bad",ORD13822,PROD104,CUST1073
REV23823,2,bad,ORD13823,PROD106,CUST1249
REV23824,4,good,ORD13824,PROD110,CUST3499
REV23825,5,"very good",ORD13825,PROD100,CUST2630
REV23826,1,"very bad",ORD13826,PROD110,CUST3756
REV23827,2,bad,ORD13827,PROD104,CUST4470
REV23828,5,"very good",ORD13828,PROD101,CUST2773
REV23829,3,average,ORD13829,PROD100,CUST4703
REV23830,3,average,ORD13830,PROD111,CUST2775
REV23831,4,good,ORD13831,PROD113,CUST2495
REV23832,2,bad,ORD13832,PROD111,CUST3868
REV23833,4,good,ORD13833,PROD106,CUST1097
REV23834,2,bad,ORD13834,PROD101,CUST5604
REV23835,4,good,ORD13835,PROD110,CUST1194
REV23836,2,bad,ORD13836,PROD106,CUST2397
REV23837,1,"very bad",ORD13837,PROD105,CUST4900
REV23838,1,"very bad",ORD13838,PROD107,CUST4925
REV23839,2,bad,ORD13839,PROD110,CUST2624
REV23840,1,"very bad",ORD13840,PROD109,CUST3447
REV23841,5,"very good",ORD13841,PROD101,CUST2097
REV23842,2,bad,ORD13842,PROD108,CUST3462
REV23843,2,bad,ORD13843,PROD101,CUST3151
REV23844,4,good,ORD13844,PROD106,CUST3999
REV23845,3,average,ORD13845,PROD103,CUST5707
REV23846,5,"very good",ORD13846,PROD108,CUST3041
REV23847,5,"very good",ORD13847,PROD102,CUST2541
REV23848,1,"very bad",ORD13848,PROD109,CUST2152
REV23849,1,"very bad",ORD13849,PROD112,CUST4646
REV23850,4,good,ORD13850,PROD110,CUST5410
REV23851,5,"very good",ORD13851,PROD102,CUST1547
REV23852,1,"very bad",ORD13852,PROD102,CUST5197
REV23853,3,average,ORD13853,PROD103,CUST4021
REV23854,5,"very good",ORD13854,PROD107,CUST3600
REV23855,2,bad,ORD13855,PROD107,CUST1533
REV23856,4,good,ORD13856,PROD100,CUST3838
REV23857,1,"very bad",ORD13857,PROD105,CUST3328
REV23858,4,good,ORD13858,PROD104,CUST3813
REV23859,4,good,ORD13859,PROD100,CUST1969
REV23860,2,bad,ORD13860,PROD114,CUST4116
REV23861,2,bad,ORD13861,PROD114,CUST3258
REV23862,5,"very good",ORD13862,PROD113,CUST1917
REV23863,1,"very bad",ORD13863,PROD110,CUST4076
REV23864,4,good,ORD13864,PROD104,CUST3511
REV23865,2,bad,ORD13865,PROD104,CUST1279
REV23866,4,good,ORD13866,PROD106,CUST4080
REV23867,5,"very good",ORD13867,PROD111,CUST2877
REV23868,2,bad,ORD13868,PROD108,CUST1455
REV23869,3,average,ORD13869,PROD106,CUST5714
REV23870,5,"very good",ORD13870,PROD100,CUST2014
REV23871,1,"very bad",ORD13871,PROD114,CUST3085
REV23872,4,good,ORD13872,PROD101,CUST3415
REV23873,1,"very bad",ORD13873,PROD102,CUST2316
REV23874,5,"very good",ORD13874,PROD103,CUST4923
REV23875,3,average,ORD13875,PROD102,CUST1798
REV23876,5,"very good",ORD13876,PROD102,CUST2393
REV23877,3,average,ORD13877,PROD111,CUST2865
REV23878,4,good,ORD13878,PROD100,CUST2620
REV23879,2,bad,ORD13879,PROD110,CUST3409
REV23880,4,good,ORD13880,PROD101,CUST4837
REV23881,5,"very good",ORD13881,PROD110,CUST4413
REV23882,1,"very bad",ORD13882,PROD112,CUST3072
REV23883,1,"very bad",ORD13883,PROD111,CUST5514
REV23884,3,average,ORD13884,PROD101,CUST5324
REV23885,1,"very bad",ORD13885,PROD103,CUST5568
REV23886,4,good,ORD13886,PROD109,CUST5393
REV23887,1,"very bad",ORD13887,PROD113,CUST1914
REV23888,1,"very bad",ORD13888,PROD111,CUST5603
REV23889,5,"very good",ORD13889,PROD110,CUST3598
REV23890,1,"very bad",ORD13890,PROD103,CUST2960
REV23891,3,average,ORD13891,PROD107,CUST2447
REV23892,1,"very bad",ORD13892,PROD100,CUST2281
REV23893,5,"very good",ORD13893,PROD113,CUST3202
REV23894,3,average,ORD13894,PROD100,CUST3835
REV23895,1,"very bad",ORD13895,PROD108,CUST1157
REV23896,5,"very good",ORD13896,PROD105,CUST4627
REV23897,1,"very bad",ORD13897,PROD114,CUST4079
REV23898,5,"very good",ORD13898,PROD106,CUST3631
REV23899,3,average,ORD13899,PROD113,CUST5023
REV23900,3,average,ORD13900,PROD106,CUST5119
REV23901,4,good,ORD13901,PROD105,CUST5203
REV23902,5,"very good",ORD13902,PROD102,CUST1932
REV23903,4,good,ORD13903,PROD110,CUST3859
REV23904,3,average,ORD13904,PROD102,CUST1458
REV23905,2,bad,ORD13905,PROD111,CUST3375
REV23906,1,"very bad",ORD13906,PROD114,CUST2827
REV23907,1,"very bad",ORD13907,PROD101,CUST1628
REV23908,4,good,ORD13908,PROD109,CUST3870
REV23909,2,bad,ORD13909,PROD110,CUST4341
REV23910,2,bad,ORD13910,PROD107,CUST1103
REV23911,2,bad,ORD13911,PROD107,CUST5512
REV23912,3,average,ORD13912,PROD112,CUST1421
REV23913,2,bad,ORD13913,PROD108,CUST2691
REV23914,1,"very bad",ORD13914,PROD112,CUST1076
REV23915,4,good,ORD13915,PROD103,CUST1208
REV23916,5,"very good",ORD13916,PROD101,CUST1717
REV23917,3,average,ORD13917,PROD106,CUST1054
REV23918,4,good,ORD13918,PROD109,CUST1533
REV23919,3,average,ORD13919,PROD108,CUST4861
REV23920,2,bad,ORD13920,PROD105,CUST3371
REV23921,2,bad,ORD13921,PROD111,CUST5625
REV23922,2,bad,ORD13922,PROD113,CUST1127
REV23923,3,average,ORD13923,PROD103,CUST4098
REV23924,4,good,ORD13924,PROD102,CUST1874
REV23925,5,"very good",ORD13925,PROD107,CUST5906
REV23926,5,"very good",ORD13926,PROD111,CUST1884
REV23927,2,bad,ORD13927,PROD113,CUST4958
REV23928,4,good,ORD13928,PROD107,CUST3122
REV23929,1,"very bad",ORD13929,PROD111,CUST4771
REV23930,3,average,ORD13930,PROD106,CUST3806
REV23931,3,average,ORD13931,PROD104,CUST1933
REV23932,2,bad,ORD13932,PROD105,CUST2729
REV23933,2,bad,ORD13933,PROD105,CUST1909
REV23934,5,"very good",ORD13934,PROD111,CUST3391
REV23935,5,"very good",ORD13935,PROD102,CUST1657
REV23936,3,average,ORD13936,PROD112,CUST4338
REV23937,5,"very good",ORD13937,PROD111,CUST5078
REV23938,4,good,ORD13938,PROD112,CUST3948
REV23939,1,"very bad",ORD13939,PROD112,CUST3993
REV23940,5,"very good",ORD13940,PROD104,CUST3672
REV23941,1,"very bad",ORD13941,PROD103,CUST1622
REV23942,1,"very bad",ORD13942,PROD114,CUST1222
REV23943,4,good,ORD13943,PROD112,CUST3289
REV23944,5,"very good",ORD13944,PROD106,CUST4246
REV23945,5,"very good",ORD13945,PROD109,CUST4895
REV23946,2,bad,ORD13946,PROD109,CUST3462
REV23947,1,"very bad",ORD13947,PROD105,CUST2455
REV23948,3,average,ORD13948,PROD110,CUST3611
REV23949,4,good,ORD13949,PROD104,CUST3073
REV23950,3,average,ORD13950,PROD111,CUST2676
REV23951,5,"very good",ORD13951,PROD101,CUST1360
REV23952,4,good,ORD13952,PROD103,CUST2189
REV23953,2,bad,ORD13953,PROD113,CUST4216
REV23954,3,average,ORD13954,PROD112,CUST4377
REV23955,1,"very bad",ORD13955,PROD108,CUST3165
REV23956,1,"very bad",ORD13956,PROD101,CUST4941
REV23957,3,average,ORD13957,PROD109,CUST3327
REV23958,5,"very good",ORD13958,PROD103,CUST1968
REV23959,2,bad,ORD13959,PROD108,CUST3565
REV23960,1,"very bad",ORD13960,PROD100,CUST5704
REV23961,1,"very bad",ORD13961,PROD103,CUST4450
REV23962,4,good,ORD13962,PROD108,CUST3542
REV23963,3,average,ORD13963,PROD107,CUST1084
REV23964,3,average,ORD13964,PROD107,CUST1412
REV23965,1,"very bad",ORD13965,PROD106,CUST1877
REV23966,5,"very good",ORD13966,PROD109,CUST4468
REV23967,1,"very bad",ORD13967,PROD103,CUST5006
REV23968,1,"very bad",ORD13968,PROD111,CUST2203
REV23969,4,good,ORD13969,PROD100,CUST2490
REV23970,2,bad,ORD13970,PROD108,CUST4611
REV23971,4,good,ORD13971,PROD104,CUST1539
REV23972,5,"very good",ORD13972,PROD105,CUST1535
REV23973,3,average,ORD13973,PROD108,CUST4160
REV23974,2,bad,ORD13974,PROD105,CUST1530
REV23975,3,average,ORD13975,PROD100,CUST4526
REV23976,1,"very bad",ORD13976,PROD106,CUST1967
REV23977,3,average,ORD13977,PROD111,CUST1260
REV23978,5,"very good",ORD13978,PROD109,CUST1916
REV23979,1,"very bad",ORD13979,PROD113,CUST2317
REV23980,1,"very bad",ORD13980,PROD108,CUST2125
REV23981,4,good,ORD13981,PROD113,CUST3051
REV23982,4,good,ORD13982,PROD112,CUST1082
REV23983,2,bad,ORD13983,PROD102,CUST4899
REV23984,4,good,ORD13984,PROD108,CUST2456
REV23985,2,bad,ORD13985,PROD103,CUST2253
REV23986,3,average,ORD13986,PROD114,CUST5620
REV23987,5,"very good",ORD13987,PROD112,CUST5727
REV23988,3,average,ORD13988,PROD111,CUST4713
REV23989,2,bad,ORD13989,PROD104,CUST2003
REV23990,3,average,ORD13990,PROD110,CUST4063
REV23991,2,bad,ORD13991,PROD113,CUST4873
REV23992,2,bad,ORD13992,PROD104,CUST1430
REV23993,1,"very bad",ORD13993,PROD109,CUST2400
REV23994,4,good,ORD13994,PROD112,CUST1969
REV23995,4,good,ORD13995,PROD111,CUST3759
REV23996,4,good,ORD13996,PROD102,CUST4688
REV23997,3,average,ORD13997,PROD113,CUST3623
REV23998,1,"very bad",ORD13998,PROD106,CUST1980
REV23999,4,good,ORD13999,PROD113,CUST2328
REV24000,4,good,ORD14000,PROD111,CUST4623
REV24001,1,"very bad",ORD14001,PROD114,CUST3053
REV24002,2,bad,ORD14002,PROD108,CUST1340
REV24003,1,"very bad",ORD14003,PROD108,CUST3342
REV24004,2,bad,ORD14004,PROD101,CUST2891
REV24005,3,average,ORD14005,PROD109,CUST2608
REV24006,3,average,ORD14006,PROD101,CUST2055
REV24007,2,bad,ORD14007,PROD105,CUST4247
REV24008,4,good,ORD14008,PROD100,CUST1179
REV24009,4,good,ORD14009,PROD102,CUST4234
REV24010,1,"very bad",ORD14010,PROD105,CUST3012
REV24011,3,average,ORD14011,PROD106,CUST2786
REV24012,1,"very bad",ORD14012,PROD103,CUST5313
REV24013,3,average,ORD14013,PROD106,CUST4683
REV24014,3,average,ORD14014,PROD107,CUST3789
REV24015,5,"very good",ORD14015,PROD107,CUST1072
REV24016,2,bad,ORD14016,PROD102,CUST2910
REV24017,3,average,ORD14017,PROD111,CUST1602
REV24018,4,good,ORD14018,PROD109,CUST4689
REV24019,1,"very bad",ORD14019,PROD114,CUST1603
REV24020,5,"very good",ORD14020,PROD110,CUST1711
REV24021,3,average,ORD14021,PROD101,CUST4092
REV24022,2,bad,ORD14022,PROD113,CUST4549
REV24023,4,good,ORD14023,PROD112,CUST5902
REV24024,2,bad,ORD14024,PROD113,CUST2092
REV24025,5,"very good",ORD14025,PROD105,CUST2875
REV24026,2,bad,ORD14026,PROD107,CUST2385
REV24027,1,"very bad",ORD14027,PROD104,CUST1867
REV24028,1,"very bad",ORD14028,PROD106,CUST3550
REV24029,3,average,ORD14029,PROD106,CUST2716
REV24030,2,bad,ORD14030,PROD102,CUST3019
REV24031,2,bad,ORD14031,PROD112,CUST4259
REV24032,3,average,ORD14032,PROD112,CUST5825
REV24033,2,bad,ORD14033,PROD105,CUST1375
REV24034,5,"very good",ORD14034,PROD102,CUST2810
REV24035,3,average,ORD14035,PROD102,CUST4618
REV24036,5,"very good",ORD14036,PROD106,CUST4577
REV24037,2,bad,ORD14037,PROD106,CUST3233
REV24038,5,"very good",ORD14038,PROD102,CUST5021
REV24039,3,average,ORD14039,PROD100,CUST3551
REV24040,3,average,ORD14040,PROD112,CUST5394
REV24041,3,average,ORD14041,PROD105,CUST5418
REV24042,2,bad,ORD14042,PROD102,CUST2665
REV24043,4,good,ORD14043,PROD109,CUST5023
REV24044,4,good,ORD14044,PROD111,CUST1389
REV24045,4,good,ORD14045,PROD104,CUST2130
REV24046,5,"very good",ORD14046,PROD114,CUST3703
REV24047,2,bad,ORD14047,PROD113,CUST2225
REV24048,2,bad,ORD14048,PROD103,CUST4523
REV24049,1,"very bad",ORD14049,PROD103,CUST5155
REV24050,2,bad,ORD14050,PROD102,CUST5238
REV24051,1,"very bad",ORD14051,PROD113,CUST4384
REV24052,1,"very bad",ORD14052,PROD109,CUST2886
REV24053,2,bad,ORD14053,PROD102,CUST5126
REV24054,3,average,ORD14054,PROD109,CUST3252
REV24055,3,average,ORD14055,PROD106,CUST3125
REV24056,3,average,ORD14056,PROD103,CUST2995
REV24057,5,"very good",ORD14057,PROD102,CUST2109
REV24058,5,"very good",ORD14058,PROD112,CUST5600
REV24059,1,"very bad",ORD14059,PROD105,CUST3455
REV24060,1,"very bad",ORD14060,PROD113,CUST4497
REV24061,2,bad,ORD14061,PROD100,CUST4254
REV24062,1,"very bad",ORD14062,PROD106,CUST3278
REV24063,3,average,ORD14063,PROD106,CUST5116
REV24064,3,average,ORD14064,PROD111,CUST1130
REV24065,3,average,ORD14065,PROD103,CUST2533
REV24066,2,bad,ORD14066,PROD111,CUST2558
REV24067,1,"very bad",ORD14067,PROD114,CUST5990
REV24068,1,"very bad",ORD14068,PROD101,CUST3072
REV24069,2,bad,ORD14069,PROD113,CUST1304
REV24070,1,"very bad",ORD14070,PROD114,CUST2681
REV24071,5,"very good",ORD14071,PROD101,CUST1441
REV24072,3,average,ORD14072,PROD104,CUST5018
REV24073,1,"very bad",ORD14073,PROD108,CUST5623
REV24074,5,"very good",ORD14074,PROD112,CUST3712
REV24075,1,"very bad",ORD14075,PROD107,CUST1289
REV24076,4,good,ORD14076,PROD107,CUST2260
REV24077,4,good,ORD14077,PROD110,CUST1598
REV24078,2,bad,ORD14078,PROD100,CUST1407
REV24079,2,bad,ORD14079,PROD112,CUST1132
REV24080,2,bad,ORD14080,PROD109,CUST3908
REV24081,4,good,ORD14081,PROD102,CUST5440
REV24082,3,average,ORD14082,PROD114,CUST5338
REV24083,3,average,ORD14083,PROD113,CUST3182
REV24084,4,good,ORD14084,PROD108,CUST3310
REV24085,4,good,ORD14085,PROD107,CUST3192
REV24086,1,"very bad",ORD14086,PROD111,CUST5352
REV24087,1,"very bad",ORD14087,PROD113,CUST5803
REV24088,4,good,ORD14088,PROD111,CUST4025
REV24089,1,"very bad",ORD14089,PROD104,CUST2139
REV24090,4,good,ORD14090,PROD105,CUST1908
REV24091,5,"very good",ORD14091,PROD114,CUST1612
REV24092,3,average,ORD14092,PROD101,CUST1193
REV24093,2,bad,ORD14093,PROD101,CUST4156
REV24094,3,average,ORD14094,PROD113,CUST5990
REV24095,5,"very good",ORD14095,PROD114,CUST2386
REV24096,2,bad,ORD14096,PROD113,CUST2489
REV24097,5,"very good",ORD14097,PROD104,CUST4984
REV24098,4,good,ORD14098,PROD113,CUST3208
REV24099,5,"very good",ORD14099,PROD101,CUST3298
REV24100,3,average,ORD14100,PROD103,CUST3798
REV24101,4,good,ORD14101,PROD107,CUST5428
REV24102,1,"very bad",ORD14102,PROD103,CUST5975
REV24103,2,bad,ORD14103,PROD112,CUST4085
REV24104,3,average,ORD14104,PROD104,CUST2481
REV24105,1,"very bad",ORD14105,PROD104,CUST1910
REV24106,4,good,ORD14106,PROD105,CUST1447
REV24107,4,good,ORD14107,PROD101,CUST5898
REV24108,1,"very bad",ORD14108,PROD113,CUST2583
REV24109,4,good,ORD14109,PROD112,CUST4537
REV24110,4,good,ORD14110,PROD105,CUST3776
REV24111,3,average,ORD14111,PROD102,CUST1340
REV24112,2,bad,ORD14112,PROD102,CUST4064
REV24113,2,bad,ORD14113,PROD100,CUST5299
REV24114,4,good,ORD14114,PROD101,CUST3200
REV24115,1,"very bad",ORD14115,PROD108,CUST4272
REV24116,4,good,ORD14116,PROD105,CUST2800
REV24117,2,bad,ORD14117,PROD110,CUST5668
REV24118,5,"very good",ORD14118,PROD106,CUST4585
REV24119,2,bad,ORD14119,PROD112,CUST4824
REV24120,5,"very good",ORD14120,PROD111,CUST4149
REV24121,3,average,ORD14121,PROD109,CUST1150
REV24122,1,"very bad",ORD14122,PROD104,CUST1863
REV24123,4,good,ORD14123,PROD114,CUST3921
REV24124,2,bad,ORD14124,PROD102,CUST4005
REV24125,2,bad,ORD14125,PROD100,CUST5338
REV24126,5,"very good",ORD14126,PROD105,CUST4633
REV24127,5,"very good",ORD14127,PROD106,CUST5353
REV24128,1,"very bad",ORD14128,PROD114,CUST2884
REV24129,1,"very bad",ORD14129,PROD106,CUST3456
REV24130,1,"very bad",ORD14130,PROD101,CUST4066
REV24131,2,bad,ORD14131,PROD102,CUST2702
REV24132,3,average,ORD14132,PROD113,CUST2038
REV24133,1,"very bad",ORD14133,PROD105,CUST3633
REV24134,1,"very bad",ORD14134,PROD110,CUST5162
REV24135,3,average,ORD14135,PROD108,CUST4606
REV24136,2,bad,ORD14136,PROD103,CUST2373
REV24137,1,"very bad",ORD14137,PROD108,CUST1952
REV24138,5,"very good",ORD14138,PROD110,CUST2669
REV24139,4,good,ORD14139,PROD108,CUST4975
REV24140,2,bad,ORD14140,PROD109,CUST1074
REV24141,1,"very bad",ORD14141,PROD100,CUST2722
REV24142,2,bad,ORD14142,PROD105,CUST1121
REV24143,4,good,ORD14143,PROD111,CUST5417
REV24144,5,"very good",ORD14144,PROD109,CUST2716
REV24145,5,"very good",ORD14145,PROD105,CUST5823
REV24146,4,good,ORD14146,PROD104,CUST2206
REV24147,4,good,ORD14147,PROD103,CUST1322
REV24148,4,good,ORD14148,PROD100,CUST4618
REV24149,4,good,ORD14149,PROD100,CUST1606
REV24150,3,average,ORD14150,PROD112,CUST5410
REV24151,1,"very bad",ORD14151,PROD109,CUST3857
REV24152,1,"very bad",ORD14152,PROD108,CUST2981
REV24153,5,"very good",ORD14153,PROD102,CUST2562
REV24154,3,average,ORD14154,PROD109,CUST5985
REV24155,3,average,ORD14155,PROD109,CUST4130
REV24156,3,average,ORD14156,PROD105,CUST1616
REV24157,2,bad,ORD14157,PROD113,CUST1590
REV24158,2,bad,ORD14158,PROD102,CUST5308
REV24159,2,bad,ORD14159,PROD108,CUST1282
REV24160,5,"very good",ORD14160,PROD113,CUST4884
REV24161,4,good,ORD14161,PROD108,CUST1695
REV24162,1,"very bad",ORD14162,PROD102,CUST5356
REV24163,3,average,ORD14163,PROD114,CUST1311
REV24164,3,average,ORD14164,PROD113,CUST3005
REV24165,3,average,ORD14165,PROD105,CUST5805
REV24166,3,average,ORD14166,PROD110,CUST2068
REV24167,4,good,ORD14167,PROD105,CUST3632
REV24168,4,good,ORD14168,PROD109,CUST1737
REV24169,4,good,ORD14169,PROD106,CUST5032
REV24170,1,"very bad",ORD14170,PROD105,CUST4054
REV24171,1,"very bad",ORD14171,PROD109,CUST4923
REV24172,2,bad,ORD14172,PROD111,CUST2920
REV24173,3,average,ORD14173,PROD103,CUST5388
REV24174,5,"very good",ORD14174,PROD103,CUST4202
REV24175,1,"very bad",ORD14175,PROD109,CUST2795
REV24176,2,bad,ORD14176,PROD104,CUST2526
REV24177,3,average,ORD14177,PROD105,CUST3786
REV24178,2,bad,ORD14178,PROD105,CUST4253
REV24179,2,bad,ORD14179,PROD107,CUST3904
REV24180,3,average,ORD14180,PROD107,CUST4234
REV24181,2,bad,ORD14181,PROD110,CUST2066
REV24182,4,good,ORD14182,PROD113,CUST4006
REV24183,2,bad,ORD14183,PROD108,CUST5965
REV24184,3,average,ORD14184,PROD102,CUST1404
REV24185,4,good,ORD14185,PROD112,CUST4678
REV24186,1,"very bad",ORD14186,PROD102,CUST5268
REV24187,4,good,ORD14187,PROD108,CUST5156
REV24188,1,"very bad",ORD14188,PROD108,CUST3701
REV24189,3,average,ORD14189,PROD111,CUST1767
REV24190,3,average,ORD14190,PROD105,CUST1806
REV24191,3,average,ORD14191,PROD105,CUST1151
REV24192,3,average,ORD14192,PROD108,CUST4181
REV24193,2,bad,ORD14193,PROD102,CUST2716
REV24194,1,"very bad",ORD14194,PROD110,CUST5766
REV24195,2,bad,ORD14195,PROD103,CUST1817
REV24196,3,average,ORD14196,PROD109,CUST4578
REV24197,1,"very bad",ORD14197,PROD113,CUST4386
REV24198,3,average,ORD14198,PROD114,CUST5990
REV24199,5,"very good",ORD14199,PROD103,CUST5974
REV24200,1,"very bad",ORD14200,PROD101,CUST4544
REV24201,3,average,ORD14201,PROD109,CUST2232
REV24202,2,bad,ORD14202,PROD101,CUST4645
REV24203,4,good,ORD14203,PROD100,CUST2824
REV24204,4,good,ORD14204,PROD110,CUST5710
REV24205,3,average,ORD14205,PROD108,CUST5113
REV24206,3,average,ORD14206,PROD110,CUST1586
REV24207,5,"very good",ORD14207,PROD110,CUST4429
REV24208,5,"very good",ORD14208,PROD101,CUST1259
REV24209,1,"very bad",ORD14209,PROD114,CUST3909
REV24210,1,"very bad",ORD14210,PROD110,CUST4142
REV24211,1,"very bad",ORD14211,PROD108,CUST1782
REV24212,1,"very bad",ORD14212,PROD110,CUST4861
REV24213,2,bad,ORD14213,PROD111,CUST1541
REV24214,2,bad,ORD14214,PROD112,CUST1871
REV24215,2,bad,ORD14215,PROD105,CUST4228
REV24216,1,"very bad",ORD14216,PROD111,CUST4752
REV24217,3,average,ORD14217,PROD112,CUST3714
REV24218,5,"very good",ORD14218,PROD113,CUST3893
REV24219,1,"very bad",ORD14219,PROD100,CUST3346
REV24220,3,average,ORD14220,PROD108,CUST4794
REV24221,3,average,ORD14221,PROD105,CUST1849
REV24222,3,average,ORD14222,PROD110,CUST2491
REV24223,5,"very good",ORD14223,PROD104,CUST1973
REV24224,5,"very good",ORD14224,PROD114,CUST1280
REV24225,2,bad,ORD14225,PROD109,CUST1193
REV24226,4,good,ORD14226,PROD107,CUST3049
REV24227,4,good,ORD14227,PROD102,CUST1116
REV24228,3,average,ORD14228,PROD103,CUST5813
REV24229,5,"very good",ORD14229,PROD111,CUST1371
REV24230,4,good,ORD14230,PROD101,CUST2866
REV24231,4,good,ORD14231,PROD103,CUST3777
REV24232,1,"very bad",ORD14232,PROD107,CUST4096
REV24233,1,"very bad",ORD14233,PROD105,CUST4107
REV24234,1,"very bad",ORD14234,PROD105,CUST1645
REV24235,3,average,ORD14235,PROD109,CUST2186
REV24236,2,bad,ORD14236,PROD104,CUST5647
REV24237,2,bad,ORD14237,PROD112,CUST2798
REV24238,5,"very good",ORD14238,PROD114,CUST1611
REV24239,2,bad,ORD14239,PROD109,CUST3940
REV24240,1,"very bad",ORD14240,PROD107,CUST5041
REV24241,1,"very bad",ORD14241,PROD103,CUST4401
REV24242,4,good,ORD14242,PROD109,CUST2990
REV24243,5,"very good",ORD14243,PROD106,CUST1471
REV24244,4,good,ORD14244,PROD111,CUST4483
REV24245,4,good,ORD14245,PROD101,CUST3640
REV24246,5,"very good",ORD14246,PROD114,CUST2409
REV24247,1,"very bad",ORD14247,PROD106,CUST3416
REV24248,1,"very bad",ORD14248,PROD109,CUST4344
REV24249,1,"very bad",ORD14249,PROD113,CUST2868
REV24250,3,average,ORD14250,PROD106,CUST2146
REV24251,3,average,ORD14251,PROD102,CUST3854
REV24252,2,bad,ORD14252,PROD113,CUST4092
REV24253,2,bad,ORD14253,PROD102,CUST1840
REV24254,3,average,ORD14254,PROD109,CUST5004
REV24255,1,"very bad",ORD14255,PROD106,CUST3649
REV24256,5,"very good",ORD14256,PROD106,CUST5490
REV24257,2,bad,ORD14257,PROD101,CUST1914
REV24258,5,"very good",ORD14258,PROD101,CUST3226
REV24259,1,"very bad",ORD14259,PROD114,CUST3210
REV24260,3,average,ORD14260,PROD105,CUST4361
REV24261,4,good,ORD14261,PROD105,CUST2306
REV24262,4,good,ORD14262,PROD108,CUST1046
REV24263,3,average,ORD14263,PROD107,CUST5684
REV24264,1,"very bad",ORD14264,PROD114,CUST4666
REV24265,1,"very bad",ORD14265,PROD106,CUST5662
REV24266,1,"very bad",ORD14266,PROD106,CUST4133
REV24267,1,"very bad",ORD14267,PROD100,CUST3893
REV24268,5,"very good",ORD14268,PROD109,CUST4563
REV24269,1,"very bad",ORD14269,PROD113,CUST4399
REV24270,1,"very bad",ORD14270,PROD112,CUST5822
REV24271,5,"very good",ORD14271,PROD100,CUST2049
REV24272,3,average,ORD14272,PROD114,CUST1632
REV24273,5,"very good",ORD14273,PROD114,CUST3710
REV24274,1,"very bad",ORD14274,PROD112,CUST5436
REV24275,5,"very good",ORD14275,PROD100,CUST1646
REV24276,1,"very bad",ORD14276,PROD106,CUST1758
REV24277,4,good,ORD14277,PROD101,CUST3205
REV24278,5,"very good",ORD14278,PROD112,CUST1667
REV24279,5,"very good",ORD14279,PROD105,CUST2647
REV24280,5,"very good",ORD14280,PROD103,CUST5500
REV24281,2,bad,ORD14281,PROD107,CUST2792
REV24282,5,"very good",ORD14282,PROD101,CUST4589
REV24283,1,"very bad",ORD14283,PROD114,CUST2097
REV24284,1,"very bad",ORD14284,PROD108,CUST3051
REV24285,5,"very good",ORD14285,PROD106,CUST3473
REV24286,2,bad,ORD14286,PROD104,CUST4307
REV24287,4,good,ORD14287,PROD114,CUST2364
REV24288,5,"very good",ORD14288,PROD114,CUST2163
REV24289,1,"very bad",ORD14289,PROD111,CUST1486
REV24290,2,bad,ORD14290,PROD104,CUST3436
REV24291,2,bad,ORD14291,PROD106,CUST5611
REV24292,3,average,ORD14292,PROD108,CUST3327
REV24293,2,bad,ORD14293,PROD101,CUST1341
REV24294,1,"very bad",ORD14294,PROD101,CUST1359
REV24295,4,good,ORD14295,PROD106,CUST4237
REV24296,1,"very bad",ORD14296,PROD108,CUST3191
REV24297,2,bad,ORD14297,PROD110,CUST4282
REV24298,2,bad,ORD14298,PROD103,CUST1003
REV24299,2,bad,ORD14299,PROD102,CUST3318
REV24300,4,good,ORD14300,PROD102,CUST4888
REV24301,4,good,ORD14301,PROD112,CUST1716
REV24302,3,average,ORD14302,PROD108,CUST5148
REV24303,1,"very bad",ORD14303,PROD103,CUST5886
REV24304,2,bad,ORD14304,PROD110,CUST1496
REV24305,3,average,ORD14305,PROD112,CUST1178
REV24306,4,good,ORD14306,PROD112,CUST4343
REV24307,2,bad,ORD14307,PROD100,CUST2594
REV24308,5,"very good",ORD14308,PROD108,CUST1277
REV24309,5,"very good",ORD14309,PROD102,CUST2810
REV24310,1,"very bad",ORD14310,PROD112,CUST1253
REV24311,1,"very bad",ORD14311,PROD114,CUST5992
REV24312,1,"very bad",ORD14312,PROD102,CUST1928
REV24313,3,average,ORD14313,PROD105,CUST5521
REV24314,4,good,ORD14314,PROD110,CUST4448
REV24315,2,bad,ORD14315,PROD102,CUST3640
REV24316,5,"very good",ORD14316,PROD101,CUST2243
REV24317,5,"very good",ORD14317,PROD103,CUST2786
REV24318,1,"very bad",ORD14318,PROD102,CUST1654
REV24319,4,good,ORD14319,PROD114,CUST3719
REV24320,2,bad,ORD14320,PROD107,CUST5467
REV24321,5,"very good",ORD14321,PROD114,CUST2379
REV24322,4,good,ORD14322,PROD101,CUST2842
REV24323,5,"very good",ORD14323,PROD105,CUST1244
REV24324,2,bad,ORD14324,PROD109,CUST4794
REV24325,4,good,ORD14325,PROD106,CUST4914
REV24326,4,good,ORD14326,PROD108,CUST5583
REV24327,3,average,ORD14327,PROD114,CUST1426
REV24328,5,"very good",ORD14328,PROD112,CUST1546
REV24329,1,"very bad",ORD14329,PROD111,CUST2578
REV24330,1,"very bad",ORD14330,PROD100,CUST2522
REV24331,4,good,ORD14331,PROD109,CUST1344
REV24332,4,good,ORD14332,PROD102,CUST5765
REV24333,5,"very good",ORD14333,PROD114,CUST1814
REV24334,3,average,ORD14334,PROD106,CUST1160
REV24335,1,"very bad",ORD14335,PROD111,CUST3652
REV24336,1,"very bad",ORD14336,PROD102,CUST4743
REV24337,1,"very bad",ORD14337,PROD100,CUST4206
REV24338,2,bad,ORD14338,PROD111,CUST3684
REV24339,5,"very good",ORD14339,PROD108,CUST1044
REV24340,3,average,ORD14340,PROD114,CUST4968
REV24341,5,"very good",ORD14341,PROD105,CUST5670
REV24342,2,bad,ORD14342,PROD110,CUST4286
REV24343,4,good,ORD14343,PROD107,CUST2829
REV24344,5,"very good",ORD14344,PROD105,CUST2145
REV24345,4,good,ORD14345,PROD107,CUST2427
REV24346,5,"very good",ORD14346,PROD105,CUST5544
REV24347,3,average,ORD14347,PROD104,CUST1032
REV24348,5,"very good",ORD14348,PROD100,CUST5272
REV24349,1,"very bad",ORD14349,PROD103,CUST3738
REV24350,1,"very bad",ORD14350,PROD105,CUST2279
REV24351,3,average,ORD14351,PROD106,CUST4092
REV24352,4,good,ORD14352,PROD113,CUST5636
REV24353,3,average,ORD14353,PROD108,CUST4926
REV24354,4,good,ORD14354,PROD103,CUST1513
REV24355,5,"very good",ORD14355,PROD100,CUST3913
REV24356,1,"very bad",ORD14356,PROD100,CUST4469
REV24357,3,average,ORD14357,PROD114,CUST2459
REV24358,2,bad,ORD14358,PROD102,CUST5512
REV24359,1,"very bad",ORD14359,PROD102,CUST1744
REV24360,1,"very bad",ORD14360,PROD100,CUST4626
REV24361,3,average,ORD14361,PROD113,CUST5944
REV24362,3,average,ORD14362,PROD111,CUST3788
REV24363,5,"very good",ORD14363,PROD105,CUST2501
REV24364,2,bad,ORD14364,PROD105,CUST2816
REV24365,1,"very bad",ORD14365,PROD110,CUST2896
REV24366,4,good,ORD14366,PROD102,CUST4491
REV24367,5,"very good",ORD14367,PROD103,CUST3985
REV24368,5,"very good",ORD14368,PROD109,CUST1722
REV24369,4,good,ORD14369,PROD110,CUST3135
REV24370,2,bad,ORD14370,PROD104,CUST3550
REV24371,5,"very good",ORD14371,PROD110,CUST1969
REV24372,3,average,ORD14372,PROD112,CUST2178
REV24373,1,"very bad",ORD14373,PROD108,CUST1373
REV24374,3,average,ORD14374,PROD113,CUST1493
REV24375,5,"very good",ORD14375,PROD101,CUST2917
REV24376,3,average,ORD14376,PROD107,CUST3304
REV24377,3,average,ORD14377,PROD111,CUST4512
REV24378,5,"very good",ORD14378,PROD107,CUST3772
REV24379,2,bad,ORD14379,PROD100,CUST4309
REV24380,5,"very good",ORD14380,PROD104,CUST1619
REV24381,1,"very bad",ORD14381,PROD101,CUST2180
REV24382,2,bad,ORD14382,PROD106,CUST4334
REV24383,5,"very good",ORD14383,PROD100,CUST3340
REV24384,5,"very good",ORD14384,PROD112,CUST2318
REV24385,1,"very bad",ORD14385,PROD111,CUST5328
REV24386,3,average,ORD14386,PROD108,CUST5476
REV24387,2,bad,ORD14387,PROD110,CUST5983
REV24388,4,good,ORD14388,PROD100,CUST2953
REV24389,2,bad,ORD14389,PROD113,CUST1548
REV24390,1,"very bad",ORD14390,PROD101,CUST1174
REV24391,2,bad,ORD14391,PROD102,CUST1997
REV24392,5,"very good",ORD14392,PROD110,CUST2644
REV24393,4,good,ORD14393,PROD101,CUST3912
REV24394,5,"very good",ORD14394,PROD107,CUST4007
REV24395,1,"very bad",ORD14395,PROD102,CUST2938
REV24396,5,"very good",ORD14396,PROD110,CUST2971
REV24397,3,average,ORD14397,PROD107,CUST5977
REV24398,5,"very good",ORD14398,PROD107,CUST2880
REV24399,4,good,ORD14399,PROD114,CUST2164
REV24400,3,average,ORD14400,PROD112,CUST1101
REV24401,4,good,ORD14401,PROD108,CUST1952
REV24402,3,average,ORD14402,PROD100,CUST3305
REV24403,3,average,ORD14403,PROD110,CUST3768
REV24404,2,bad,ORD14404,PROD102,CUST5135
REV24405,4,good,ORD14405,PROD101,CUST2541
REV24406,2,bad,ORD14406,PROD113,CUST3445
REV24407,2,bad,ORD14407,PROD106,CUST5586
REV24408,5,"very good",ORD14408,PROD103,CUST1000
REV24409,4,good,ORD14409,PROD103,CUST4697
REV24410,3,average,ORD14410,PROD100,CUST5417
REV24411,4,good,ORD14411,PROD108,CUST5896
REV24412,4,good,ORD14412,PROD100,CUST1943
REV24413,5,"very good",ORD14413,PROD113,CUST5354
REV24414,3,average,ORD14414,PROD104,CUST5324
REV24415,5,"very good",ORD14415,PROD103,CUST1640
REV24416,3,average,ORD14416,PROD100,CUST2527
REV24417,1,"very bad",ORD14417,PROD106,CUST3748
REV24418,1,"very bad",ORD14418,PROD100,CUST1005
REV24419,2,bad,ORD14419,PROD113,CUST1244
REV24420,2,bad,ORD14420,PROD113,CUST2064
REV24421,3,average,ORD14421,PROD104,CUST1272
REV24422,2,bad,ORD14422,PROD103,CUST3418
REV24423,1,"very bad",ORD14423,PROD106,CUST4540
REV24424,4,good,ORD14424,PROD104,CUST2605
REV24425,4,good,ORD14425,PROD101,CUST3323
REV24426,3,average,ORD14426,PROD113,CUST4185
REV24427,1,"very bad",ORD14427,PROD104,CUST5963
REV24428,5,"very good",ORD14428,PROD109,CUST2419
REV24429,3,average,ORD14429,PROD108,CUST3076
REV24430,5,"very good",ORD14430,PROD110,CUST3056
REV24431,5,"very good",ORD14431,PROD107,CUST2014
REV24432,1,"very bad",ORD14432,PROD111,CUST4513
REV24433,3,average,ORD14433,PROD113,CUST4458
REV24434,2,bad,ORD14434,PROD109,CUST1276
REV24435,4,good,ORD14435,PROD108,CUST1288
REV24436,5,"very good",ORD14436,PROD105,CUST2764
REV24437,5,"very good",ORD14437,PROD101,CUST3693
REV24438,1,"very bad",ORD14438,PROD113,CUST4569
REV24439,4,good,ORD14439,PROD106,CUST2256
REV24440,3,average,ORD14440,PROD104,CUST5269
REV24441,3,average,ORD14441,PROD107,CUST2781
REV24442,1,"very bad",ORD14442,PROD105,CUST1294
REV24443,5,"very good",ORD14443,PROD111,CUST4741
REV24444,5,"very good",ORD14444,PROD108,CUST4003
REV24445,3,average,ORD14445,PROD107,CUST4456
REV24446,1,"very bad",ORD14446,PROD113,CUST5819
REV24447,5,"very good",ORD14447,PROD101,CUST1000
REV24448,5,"very good",ORD14448,PROD101,CUST5493
REV24449,5,"very good",ORD14449,PROD112,CUST4989
REV24450,2,bad,ORD14450,PROD110,CUST3327
REV24451,3,average,ORD14451,PROD107,CUST3071
REV24452,5,"very good",ORD14452,PROD112,CUST4624
REV24453,5,"very good",ORD14453,PROD102,CUST5684
REV24454,1,"very bad",ORD14454,PROD105,CUST5554
REV24455,2,bad,ORD14455,PROD106,CUST5798
REV24456,5,"very good",ORD14456,PROD101,CUST3077
REV24457,5,"very good",ORD14457,PROD114,CUST1122
REV24458,2,bad,ORD14458,PROD111,CUST5058
REV24459,3,average,ORD14459,PROD110,CUST4764
REV24460,4,good,ORD14460,PROD112,CUST4479
REV24461,1,"very bad",ORD14461,PROD105,CUST5385
REV24462,4,good,ORD14462,PROD114,CUST2560
REV24463,4,good,ORD14463,PROD106,CUST3602
REV24464,5,"very good",ORD14464,PROD109,CUST1600
REV24465,3,average,ORD14465,PROD102,CUST4913
REV24466,3,average,ORD14466,PROD108,CUST1103
REV24467,5,"very good",ORD14467,PROD108,CUST5737
REV24468,1,"very bad",ORD14468,PROD101,CUST2488
REV24469,1,"very bad",ORD14469,PROD109,CUST1571
REV24470,3,average,ORD14470,PROD108,CUST1455
REV24471,4,good,ORD14471,PROD103,CUST3838
REV24472,3,average,ORD14472,PROD103,CUST1451
REV24473,3,average,ORD14473,PROD103,CUST3105
REV24474,2,bad,ORD14474,PROD100,CUST3366
REV24475,5,"very good",ORD14475,PROD101,CUST4505
REV24476,5,"very good",ORD14476,PROD110,CUST1862
REV24477,3,average,ORD14477,PROD103,CUST5798
REV24478,5,"very good",ORD14478,PROD104,CUST1772
REV24479,5,"very good",ORD14479,PROD101,CUST2857
REV24480,5,"very good",ORD14480,PROD102,CUST3003
REV24481,3,average,ORD14481,PROD102,CUST3030
REV24482,4,good,ORD14482,PROD114,CUST1837
REV24483,2,bad,ORD14483,PROD106,CUST3352
REV24484,1,"very bad",ORD14484,PROD103,CUST1035
REV24485,1,"very bad",ORD14485,PROD105,CUST4103
REV24486,1,"very bad",ORD14486,PROD101,CUST4311
REV24487,2,bad,ORD14487,PROD104,CUST4563
REV24488,1,"very bad",ORD14488,PROD103,CUST3897
REV24489,5,"very good",ORD14489,PROD108,CUST2357
REV24490,5,"very good",ORD14490,PROD107,CUST4181
REV24491,1,"very bad",ORD14491,PROD112,CUST3170
REV24492,3,average,ORD14492,PROD111,CUST1227
REV24493,3,average,ORD14493,PROD101,CUST2923
REV24494,5,"very good",ORD14494,PROD109,CUST1530
REV24495,3,average,ORD14495,PROD109,CUST2838
REV24496,4,good,ORD14496,PROD112,CUST3609
REV24497,1,"very bad",ORD14497,PROD107,CUST1521
REV24498,2,bad,ORD14498,PROD110,CUST2543
REV24499,2,bad,ORD14499,PROD104,CUST3759
REV24500,4,good,ORD14500,PROD112,CUST2225
REV24501,5,"very good",ORD14501,PROD108,CUST4351
REV24502,1,"very bad",ORD14502,PROD103,CUST1172
REV24503,5,"very good",ORD14503,PROD110,CUST2450
REV24504,5,"very good",ORD14504,PROD105,CUST1543
REV24505,4,good,ORD14505,PROD112,CUST2932
REV24506,1,"very bad",ORD14506,PROD110,CUST5368
REV24507,3,average,ORD14507,PROD105,CUST3347
REV24508,3,average,ORD14508,PROD108,CUST4802
REV24509,5,"very good",ORD14509,PROD105,CUST2157
REV24510,4,good,ORD14510,PROD107,CUST4669
REV24511,4,good,ORD14511,PROD105,CUST2225
REV24512,3,average,ORD14512,PROD107,CUST1940
REV24513,2,bad,ORD14513,PROD104,CUST5430
REV24514,5,"very good",ORD14514,PROD100,CUST5165
REV24515,4,good,ORD14515,PROD112,CUST5140
REV24516,2,bad,ORD14516,PROD103,CUST2191
REV24517,1,"very bad",ORD14517,PROD105,CUST2792
REV24518,5,"very good",ORD14518,PROD110,CUST4141
REV24519,3,average,ORD14519,PROD112,CUST5042
REV24520,1,"very bad",ORD14520,PROD113,CUST3329
REV24521,1,"very bad",ORD14521,PROD111,CUST3867
REV24522,4,good,ORD14522,PROD111,CUST1231
REV24523,2,bad,ORD14523,PROD103,CUST3572
REV24524,5,"very good",ORD14524,PROD108,CUST2442
REV24525,2,bad,ORD14525,PROD104,CUST5160
REV24526,4,good,ORD14526,PROD101,CUST2716
REV24527,3,average,ORD14527,PROD101,CUST1753
REV24528,1,"very bad",ORD14528,PROD112,CUST5103
REV24529,2,bad,ORD14529,PROD101,CUST2797
REV24530,5,"very good",ORD14530,PROD112,CUST1141
REV24531,5,"very good",ORD14531,PROD109,CUST5877
REV24532,1,"very bad",ORD14532,PROD112,CUST5907
REV24533,3,average,ORD14533,PROD103,CUST2020
REV24534,5,"very good",ORD14534,PROD102,CUST3617
REV24535,3,average,ORD14535,PROD114,CUST2805
REV24536,2,bad,ORD14536,PROD104,CUST4324
REV24537,1,"very bad",ORD14537,PROD108,CUST3238
REV24538,3,average,ORD14538,PROD109,CUST3109
REV24539,4,good,ORD14539,PROD103,CUST1895
REV24540,2,bad,ORD14540,PROD110,CUST3333
REV24541,2,bad,ORD14541,PROD111,CUST4373
REV24542,4,good,ORD14542,PROD105,CUST1272
REV24543,5,"very good",ORD14543,PROD101,CUST4385
REV24544,3,average,ORD14544,PROD108,CUST2730
REV24545,1,"very bad",ORD14545,PROD113,CUST5028
REV24546,3,average,ORD14546,PROD108,CUST3048
REV24547,2,bad,ORD14547,PROD112,CUST1512
REV24548,5,"very good",ORD14548,PROD111,CUST3344
REV24549,4,good,ORD14549,PROD100,CUST3556
REV24550,5,"very good",ORD14550,PROD114,CUST5611
REV24551,2,bad,ORD14551,PROD102,CUST5726
REV24552,2,bad,ORD14552,PROD112,CUST2561
REV24553,5,"very good",ORD14553,PROD104,CUST2548
REV24554,3,average,ORD14554,PROD108,CUST3679
REV24555,2,bad,ORD14555,PROD112,CUST5075
REV24556,1,"very bad",ORD14556,PROD113,CUST5641
REV24557,3,average,ORD14557,PROD100,CUST5498
REV24558,3,average,ORD14558,PROD105,CUST1879
REV24559,5,"very good",ORD14559,PROD107,CUST2034
REV24560,3,average,ORD14560,PROD114,CUST4366
REV24561,5,"very good",ORD14561,PROD110,CUST2022
REV24562,1,"very bad",ORD14562,PROD104,CUST2741
REV24563,3,average,ORD14563,PROD106,CUST1615
REV24564,4,good,ORD14564,PROD102,CUST5535
REV24565,5,"very good",ORD14565,PROD109,CUST4397
REV24566,4,good,ORD14566,PROD114,CUST3948
REV24567,2,bad,ORD14567,PROD102,CUST5844
REV24568,5,"very good",ORD14568,PROD112,CUST5502
REV24569,4,good,ORD14569,PROD107,CUST3960
REV24570,1,"very bad",ORD14570,PROD113,CUST3573
REV24571,3,average,ORD14571,PROD100,CUST2922
REV24572,5,"very good",ORD14572,PROD107,CUST1554
REV24573,3,average,ORD14573,PROD110,CUST4986
REV24574,1,"very bad",ORD14574,PROD110,CUST3412
REV24575,2,bad,ORD14575,PROD111,CUST1929
REV24576,1,"very bad",ORD14576,PROD101,CUST2354
REV24577,2,bad,ORD14577,PROD108,CUST4402
REV24578,5,"very good",ORD14578,PROD107,CUST1320
REV24579,1,"very bad",ORD14579,PROD109,CUST2572
REV24580,3,average,ORD14580,PROD105,CUST4309
REV24581,2,bad,ORD14581,PROD113,CUST2728
REV24582,1,"very bad",ORD14582,PROD104,CUST3932
REV24583,3,average,ORD14583,PROD110,CUST1873
REV24584,3,average,ORD14584,PROD112,CUST2583
REV24585,3,average,ORD14585,PROD113,CUST2731
REV24586,2,bad,ORD14586,PROD110,CUST4963
REV24587,2,bad,ORD14587,PROD100,CUST3267
REV24588,3,average,ORD14588,PROD111,CUST2232
REV24589,2,bad,ORD14589,PROD111,CUST1099
REV24590,1,"very bad",ORD14590,PROD113,CUST4008
REV24591,4,good,ORD14591,PROD106,CUST2883
REV24592,4,good,ORD14592,PROD101,CUST2352
REV24593,2,bad,ORD14593,PROD113,CUST2353
REV24594,2,bad,ORD14594,PROD114,CUST1673
REV24595,1,"very bad",ORD14595,PROD113,CUST2013
REV24596,3,average,ORD14596,PROD105,CUST3902
REV24597,5,"very good",ORD14597,PROD113,CUST2674
REV24598,4,good,ORD14598,PROD109,CUST1850
REV24599,1,"very bad",ORD14599,PROD105,CUST2841
REV24600,3,average,ORD14600,PROD110,CUST3595
REV24601,3,average,ORD14601,PROD105,CUST5078
REV24602,3,average,ORD14602,PROD103,CUST2828
REV24603,4,good,ORD14603,PROD104,CUST2489
REV24604,4,good,ORD14604,PROD113,CUST3204
REV24605,3,average,ORD14605,PROD100,CUST1441
REV24606,5,"very good",ORD14606,PROD109,CUST4739
REV24607,1,"very bad",ORD14607,PROD111,CUST4341
REV24608,3,average,ORD14608,PROD110,CUST2256
REV24609,4,good,ORD14609,PROD109,CUST4950
REV24610,2,bad,ORD14610,PROD101,CUST3012
REV24611,2,bad,ORD14611,PROD110,CUST2289
REV24612,5,"very good",ORD14612,PROD113,CUST2723
REV24613,1,"very bad",ORD14613,PROD107,CUST3887
REV24614,5,"very good",ORD14614,PROD101,CUST1188
REV24615,3,average,ORD14615,PROD110,CUST5188
REV24616,1,"very bad",ORD14616,PROD110,CUST5033
REV24617,2,bad,ORD14617,PROD114,CUST1305
REV24618,1,"very bad",ORD14618,PROD114,CUST2203
REV24619,3,average,ORD14619,PROD109,CUST4742
REV24620,2,bad,ORD14620,PROD106,CUST3666
REV24621,4,good,ORD14621,PROD114,CUST4018
REV24622,4,good,ORD14622,PROD100,CUST1372
REV24623,5,"very good",ORD14623,PROD112,CUST3118
REV24624,4,good,ORD14624,PROD100,CUST3686
REV24625,5,"very good",ORD14625,PROD112,CUST1900
REV24626,3,average,ORD14626,PROD114,CUST3661
REV24627,1,"very bad",ORD14627,PROD112,CUST2778
REV24628,5,"very good",ORD14628,PROD104,CUST4950
REV24629,2,bad,ORD14629,PROD112,CUST2879
REV24630,2,bad,ORD14630,PROD113,CUST5703
REV24631,4,good,ORD14631,PROD110,CUST4086
REV24632,4,good,ORD14632,PROD113,CUST2118
REV24633,1,"very bad",ORD14633,PROD106,CUST4925
REV24634,3,average,ORD14634,PROD100,CUST4980
REV24635,2,bad,ORD14635,PROD101,CUST4552
REV24636,5,"very good",ORD14636,PROD112,CUST5213
REV24637,1,"very bad",ORD14637,PROD111,CUST1974
REV24638,1,"very bad",ORD14638,PROD110,CUST2054
REV24639,3,average,ORD14639,PROD100,CUST3759
REV24640,2,bad,ORD14640,PROD109,CUST1920
REV24641,2,bad,ORD14641,PROD105,CUST3102
REV24642,5,"very good",ORD14642,PROD114,CUST3989
REV24643,2,bad,ORD14643,PROD105,CUST1975
REV24644,3,average,ORD14644,PROD105,CUST4529
REV24645,1,"very bad",ORD14645,PROD102,CUST4224
REV24646,3,average,ORD14646,PROD107,CUST1551
REV24647,2,bad,ORD14647,PROD105,CUST2237
REV24648,5,"very good",ORD14648,PROD114,CUST4863
REV24649,2,bad,ORD14649,PROD107,CUST1861
REV24650,2,bad,ORD14650,PROD102,CUST3605
REV24651,5,"very good",ORD14651,PROD110,CUST5320
REV24652,3,average,ORD14652,PROD112,CUST3861
REV24653,1,"very bad",ORD14653,PROD109,CUST2597
REV24654,3,average,ORD14654,PROD108,CUST2468
REV24655,1,"very bad",ORD14655,PROD102,CUST3903
REV24656,4,good,ORD14656,PROD100,CUST4761
REV24657,2,bad,ORD14657,PROD112,CUST4731
REV24658,1,"very bad",ORD14658,PROD107,CUST1765
REV24659,1,"very bad",ORD14659,PROD104,CUST4079
REV24660,5,"very good",ORD14660,PROD114,CUST2298
REV24661,4,good,ORD14661,PROD103,CUST1843
REV24662,3,average,ORD14662,PROD104,CUST4885
REV24663,5,"very good",ORD14663,PROD112,CUST1859
REV24664,5,"very good",ORD14664,PROD103,CUST4231
REV24665,3,average,ORD14665,PROD106,CUST4589
REV24666,3,average,ORD14666,PROD104,CUST4120
REV24667,3,average,ORD14667,PROD113,CUST3921
REV24668,3,average,ORD14668,PROD100,CUST4185
REV24669,2,bad,ORD14669,PROD108,CUST3799
REV24670,4,good,ORD14670,PROD114,CUST1094
REV24671,2,bad,ORD14671,PROD106,CUST2598
REV24672,3,average,ORD14672,PROD100,CUST5221
REV24673,1,"very bad",ORD14673,PROD101,CUST3265
REV24674,5,"very good",ORD14674,PROD113,CUST2481
REV24675,5,"very good",ORD14675,PROD112,CUST3745
REV24676,5,"very good",ORD14676,PROD114,CUST1290
REV24677,2,bad,ORD14677,PROD113,CUST3676
REV24678,3,average,ORD14678,PROD112,CUST4288
REV24679,1,"very bad",ORD14679,PROD108,CUST5726
REV24680,3,average,ORD14680,PROD109,CUST4288
REV24681,4,good,ORD14681,PROD103,CUST1047
REV24682,5,"very good",ORD14682,PROD110,CUST1707
REV24683,2,bad,ORD14683,PROD102,CUST3184
REV24684,2,bad,ORD14684,PROD107,CUST4418
REV24685,4,good,ORD14685,PROD108,CUST1952
REV24686,2,bad,ORD14686,PROD113,CUST2294
REV24687,1,"very bad",ORD14687,PROD100,CUST1259
REV24688,4,good,ORD14688,PROD109,CUST4740
REV24689,2,bad,ORD14689,PROD111,CUST5129
REV24690,1,"very bad",ORD14690,PROD105,CUST2193
REV24691,1,"very bad",ORD14691,PROD101,CUST4126
REV24692,5,"very good",ORD14692,PROD106,CUST5094
REV24693,4,good,ORD14693,PROD101,CUST3018
REV24694,4,good,ORD14694,PROD100,CUST1145
REV24695,4,good,ORD14695,PROD109,CUST4144
REV24696,5,"very good",ORD14696,PROD103,CUST4986
REV24697,3,average,ORD14697,PROD114,CUST1368
REV24698,3,average,ORD14698,PROD111,CUST3597
REV24699,3,average,ORD14699,PROD109,CUST5340
REV24700,1,"very bad",ORD14700,PROD104,CUST3140
REV24701,5,"very good",ORD14701,PROD114,CUST1276
REV24702,3,average,ORD14702,PROD113,CUST3487
REV24703,5,"very good",ORD14703,PROD111,CUST2761
REV24704,4,good,ORD14704,PROD104,CUST5911
REV24705,4,good,ORD14705,PROD105,CUST5965
REV24706,5,"very good",ORD14706,PROD103,CUST1190
REV24707,5,"very good",ORD14707,PROD110,CUST4074
REV24708,1,"very bad",ORD14708,PROD108,CUST2308
REV24709,1,"very bad",ORD14709,PROD102,CUST5846
REV24710,1,"very bad",ORD14710,PROD109,CUST4461
REV24711,2,bad,ORD14711,PROD103,CUST2819
REV24712,4,good,ORD14712,PROD102,CUST5138
REV24713,5,"very good",ORD14713,PROD101,CUST4387
REV24714,4,good,ORD14714,PROD100,CUST3947
REV24715,5,"very good",ORD14715,PROD109,CUST5175
REV24716,2,bad,ORD14716,PROD113,CUST5699
REV24717,4,good,ORD14717,PROD105,CUST5289
REV24718,3,average,ORD14718,PROD105,CUST1924
REV24719,4,good,ORD14719,PROD100,CUST3736
REV24720,1,"very bad",ORD14720,PROD103,CUST5370
REV24721,1,"very bad",ORD14721,PROD103,CUST5409
REV24722,3,average,ORD14722,PROD104,CUST3037
REV24723,2,bad,ORD14723,PROD110,CUST3010
REV24724,3,average,ORD14724,PROD105,CUST3916
REV24725,2,bad,ORD14725,PROD103,CUST3186
REV24726,2,bad,ORD14726,PROD114,CUST5744
REV24727,4,good,ORD14727,PROD112,CUST4863
REV24728,1,"very bad",ORD14728,PROD109,CUST4315
REV24729,1,"very bad",ORD14729,PROD114,CUST5729
REV24730,4,good,ORD14730,PROD103,CUST5373
REV24731,1,"very bad",ORD14731,PROD104,CUST5041
REV24732,2,bad,ORD14732,PROD111,CUST2536
REV24733,2,bad,ORD14733,PROD105,CUST4200
REV24734,4,good,ORD14734,PROD113,CUST4781
REV24735,3,average,ORD14735,PROD104,CUST4578
REV24736,1,"very bad",ORD14736,PROD100,CUST2692
REV24737,1,"very bad",ORD14737,PROD100,CUST2574
REV24738,3,average,ORD14738,PROD102,CUST5212
REV24739,5,"very good",ORD14739,PROD107,CUST2858
REV24740,4,good,ORD14740,PROD102,CUST5930
REV24741,3,average,ORD14741,PROD103,CUST3505
REV24742,3,average,ORD14742,PROD108,CUST2470
REV24743,1,"very bad",ORD14743,PROD105,CUST4263
REV24744,2,bad,ORD14744,PROD102,CUST1844
REV24745,2,bad,ORD14745,PROD114,CUST2205
REV24746,1,"very bad",ORD14746,PROD114,CUST4353
REV24747,1,"very bad",ORD14747,PROD107,CUST4487
REV24748,5,"very good",ORD14748,PROD106,CUST5184
REV24749,4,good,ORD14749,PROD108,CUST1653
REV24750,3,average,ORD14750,PROD111,CUST4096
REV24751,2,bad,ORD14751,PROD107,CUST2600
REV24752,1,"very bad",ORD14752,PROD101,CUST2234
REV24753,3,average,ORD14753,PROD107,CUST4416
REV24754,1,"very bad",ORD14754,PROD113,CUST2766
REV24755,1,"very bad",ORD14755,PROD110,CUST5168
REV24756,1,"very bad",ORD14756,PROD105,CUST1639
REV24757,2,bad,ORD14757,PROD112,CUST3738
REV24758,4,good,ORD14758,PROD113,CUST1407
REV24759,1,"very bad",ORD14759,PROD107,CUST4936
REV24760,5,"very good",ORD14760,PROD109,CUST1333
REV24761,3,average,ORD14761,PROD107,CUST3489
REV24762,1,"very bad",ORD14762,PROD112,CUST4444
REV24763,2,bad,ORD14763,PROD102,CUST5527
REV24764,4,good,ORD14764,PROD106,CUST3076
REV24765,1,"very bad",ORD14765,PROD114,CUST4309
REV24766,3,average,ORD14766,PROD114,CUST1105
REV24767,2,bad,ORD14767,PROD106,CUST4461
REV24768,4,good,ORD14768,PROD106,CUST3509
REV24769,1,"very bad",ORD14769,PROD111,CUST2571
REV24770,1,"very bad",ORD14770,PROD114,CUST1956
REV24771,2,bad,ORD14771,PROD106,CUST1779
REV24772,2,bad,ORD14772,PROD107,CUST5517
REV24773,3,average,ORD14773,PROD113,CUST3954
REV24774,2,bad,ORD14774,PROD104,CUST3103
REV24775,4,good,ORD14775,PROD114,CUST3293
REV24776,4,good,ORD14776,PROD108,CUST2877
REV24777,5,"very good",ORD14777,PROD113,CUST2444
REV24778,1,"very bad",ORD14778,PROD100,CUST1440
REV24779,5,"very good",ORD14779,PROD102,CUST4058
REV24780,1,"very bad",ORD14780,PROD103,CUST1097
REV24781,4,good,ORD14781,PROD109,CUST4884
REV24782,1,"very bad",ORD14782,PROD108,CUST2757
REV24783,4,good,ORD14783,PROD104,CUST1639
REV24784,5,"very good",ORD14784,PROD114,CUST3447
REV24785,5,"very good",ORD14785,PROD102,CUST2164
REV24786,4,good,ORD14786,PROD106,CUST3505
REV24787,5,"very good",ORD14787,PROD107,CUST3910
REV24788,3,average,ORD14788,PROD102,CUST5477
REV24789,2,bad,ORD14789,PROD108,CUST1225
REV24790,4,good,ORD14790,PROD107,CUST3297
REV24791,4,good,ORD14791,PROD106,CUST2128
REV24792,3,average,ORD14792,PROD101,CUST3287
REV24793,4,good,ORD14793,PROD103,CUST5644
REV24794,4,good,ORD14794,PROD101,CUST3413
REV24795,2,bad,ORD14795,PROD106,CUST3654
REV24796,2,bad,ORD14796,PROD103,CUST3396
REV24797,3,average,ORD14797,PROD108,CUST1447
REV24798,3,average,ORD14798,PROD112,CUST5887
REV24799,1,"very bad",ORD14799,PROD105,CUST5288
REV24800,1,"very bad",ORD14800,PROD104,CUST4232
REV24801,1,"very bad",ORD14801,PROD114,CUST1842
REV24802,5,"very good",ORD14802,PROD112,CUST1854
REV24803,5,"very good",ORD14803,PROD113,CUST3409
REV24804,2,bad,ORD14804,PROD106,CUST3041
REV24805,4,good,ORD14805,PROD109,CUST3244
REV24806,5,"very good",ORD14806,PROD102,CUST3435
REV24807,2,bad,ORD14807,PROD105,CUST3472
REV24808,5,"very good",ORD14808,PROD105,CUST3271
REV24809,4,good,ORD14809,PROD113,CUST5789
REV24810,3,average,ORD14810,PROD100,CUST4521
REV24811,3,average,ORD14811,PROD109,CUST4123
REV24812,3,average,ORD14812,PROD114,CUST1939
REV24813,1,"very bad",ORD14813,PROD103,CUST5505
REV24814,2,bad,ORD14814,PROD111,CUST3383
REV24815,1,"very bad",ORD14815,PROD105,CUST2078
REV24816,2,bad,ORD14816,PROD103,CUST1374
REV24817,2,bad,ORD14817,PROD105,CUST1547
REV24818,5,"very good",ORD14818,PROD114,CUST3137
REV24819,5,"very good",ORD14819,PROD101,CUST5010
REV24820,1,"very bad",ORD14820,PROD111,CUST1319
REV24821,4,good,ORD14821,PROD103,CUST4303
REV24822,1,"very bad",ORD14822,PROD110,CUST1670
REV24823,5,"very good",ORD14823,PROD108,CUST4884
REV24824,4,good,ORD14824,PROD110,CUST4516
REV24825,3,average,ORD14825,PROD114,CUST2783
REV24826,4,good,ORD14826,PROD105,CUST3586
REV24827,5,"very good",ORD14827,PROD105,CUST4716
REV24828,4,good,ORD14828,PROD109,CUST2957
REV24829,3,average,ORD14829,PROD111,CUST4129
REV24830,3,average,ORD14830,PROD114,CUST3093
REV24831,3,average,ORD14831,PROD103,CUST3912
REV24832,2,bad,ORD14832,PROD108,CUST2607
REV24833,2,bad,ORD14833,PROD108,CUST4710
REV24834,2,bad,ORD14834,PROD106,CUST1357
REV24835,4,good,ORD14835,PROD113,CUST4372
REV24836,1,"very bad",ORD14836,PROD104,CUST2663
REV24837,3,average,ORD14837,PROD114,CUST5663
REV24838,3,average,ORD14838,PROD112,CUST4222
REV24839,3,average,ORD14839,PROD107,CUST1886
REV24840,2,bad,ORD14840,PROD103,CUST1028
REV24841,2,bad,ORD14841,PROD102,CUST4920
REV24842,1,"very bad",ORD14842,PROD101,CUST1316
REV24843,5,"very good",ORD14843,PROD102,CUST4136
REV24844,1,"very bad",ORD14844,PROD111,CUST2298
REV24845,3,average,ORD14845,PROD110,CUST5488
REV24846,5,"very good",ORD14846,PROD108,CUST5076
REV24847,3,average,ORD14847,PROD106,CUST1463
REV24848,4,good,ORD14848,PROD110,CUST4358
REV24849,2,bad,ORD14849,PROD110,CUST3273
REV24850,3,average,ORD14850,PROD103,CUST2766
REV24851,1,"very bad",ORD14851,PROD103,CUST3458
REV24852,1,"very bad",ORD14852,PROD106,CUST5043
REV24853,1,"very bad",ORD14853,PROD113,CUST5876
REV24854,4,good,ORD14854,PROD100,CUST2893
REV24855,4,good,ORD14855,PROD110,CUST2545
REV24856,1,"very bad",ORD14856,PROD106,CUST4536
REV24857,4,good,ORD14857,PROD104,CUST3989
REV24858,5,"very good",ORD14858,PROD113,CUST4449
REV24859,4,good,ORD14859,PROD105,CUST5665
REV24860,3,average,ORD14860,PROD114,CUST1785
REV24861,2,bad,ORD14861,PROD106,CUST4939
REV24862,3,average,ORD14862,PROD108,CUST2813
REV24863,1,"very bad",ORD14863,PROD105,CUST5019
REV24864,4,good,ORD14864,PROD106,CUST2579
REV24865,4,good,ORD14865,PROD108,CUST1188
REV24866,3,average,ORD14866,PROD101,CUST3883
REV24867,4,good,ORD14867,PROD113,CUST2566
REV24868,5,"very good",ORD14868,PROD103,CUST1898
REV24869,1,"very bad",ORD14869,PROD111,CUST3241
REV24870,5,"very good",ORD14870,PROD108,CUST5556
REV24871,3,average,ORD14871,PROD108,CUST5707
REV24872,4,good,ORD14872,PROD101,CUST1920
REV24873,4,good,ORD14873,PROD114,CUST2941
REV24874,1,"very bad",ORD14874,PROD106,CUST3932
REV24875,2,bad,ORD14875,PROD103,CUST4205
REV24876,5,"very good",ORD14876,PROD102,CUST3349
REV24877,1,"very bad",ORD14877,PROD111,CUST5500
REV24878,1,"very bad",ORD14878,PROD102,CUST4094
REV24879,4,good,ORD14879,PROD104,CUST5699
REV24880,4,good,ORD14880,PROD112,CUST1975
REV24881,2,bad,ORD14881,PROD112,CUST5169
REV24882,4,good,ORD14882,PROD114,CUST5347
REV24883,3,average,ORD14883,PROD108,CUST1849
REV24884,3,average,ORD14884,PROD111,CUST2365
REV24885,1,"very bad",ORD14885,PROD110,CUST3039
REV24886,3,average,ORD14886,PROD111,CUST4676
REV24887,5,"very good",ORD14887,PROD104,CUST4163
REV24888,2,bad,ORD14888,PROD101,CUST2314
REV24889,5,"very good",ORD14889,PROD112,CUST1775
REV24890,3,average,ORD14890,PROD100,CUST5565
REV24891,3,average,ORD14891,PROD106,CUST4598
REV24892,1,"very bad",ORD14892,PROD110,CUST5670
REV24893,4,good,ORD14893,PROD110,CUST1140
REV24894,2,bad,ORD14894,PROD104,CUST2885
REV24895,3,average,ORD14895,PROD105,CUST4056
REV24896,1,"very bad",ORD14896,PROD102,CUST5001
REV24897,4,good,ORD14897,PROD109,CUST1359
REV24898,2,bad,ORD14898,PROD114,CUST5363
REV24899,3,average,ORD14899,PROD114,CUST3111
REV24900,5,"very good",ORD14900,PROD100,CUST5317
REV24901,4,good,ORD14901,PROD104,CUST2143
REV24902,2,bad,ORD14902,PROD108,CUST3728
REV24903,5,"very good",ORD14903,PROD101,CUST4000
REV24904,2,bad,ORD14904,PROD102,CUST5692
REV24905,2,bad,ORD14905,PROD113,CUST5373
REV24906,3,average,ORD14906,PROD111,CUST1255
REV24907,2,bad,ORD14907,PROD109,CUST1763
REV24908,2,bad,ORD14908,PROD102,CUST2973
REV24909,3,average,ORD14909,PROD110,CUST2534
REV24910,3,average,ORD14910,PROD103,CUST1842
REV24911,5,"very good",ORD14911,PROD108,CUST1257
REV24912,2,bad,ORD14912,PROD108,CUST3685
REV24913,1,"very bad",ORD14913,PROD103,CUST4439
REV24914,4,good,ORD14914,PROD105,CUST4320
REV24915,2,bad,ORD14915,PROD107,CUST5069
REV24916,4,good,ORD14916,PROD111,CUST1533
REV24917,4,good,ORD14917,PROD108,CUST2633
REV24918,3,average,ORD14918,PROD103,CUST1402
REV24919,3,average,ORD14919,PROD100,CUST2795
REV24920,5,"very good",ORD14920,PROD109,CUST3379
REV24921,4,good,ORD14921,PROD110,CUST4896
REV24922,5,"very good",ORD14922,PROD113,CUST4807
REV24923,2,bad,ORD14923,PROD109,CUST3157
REV24924,1,"very bad",ORD14924,PROD107,CUST4574
REV24925,3,average,ORD14925,PROD110,CUST2285
REV24926,5,"very good",ORD14926,PROD100,CUST2921
REV24927,2,bad,ORD14927,PROD107,CUST1788
REV24928,2,bad,ORD14928,PROD100,CUST4988
REV24929,1,"very bad",ORD14929,PROD106,CUST2343
REV24930,1,"very bad",ORD14930,PROD105,CUST5074
REV24931,1,"very bad",ORD14931,PROD107,CUST2905
REV24932,3,average,ORD14932,PROD103,CUST4475
REV24933,5,"very good",ORD14933,PROD107,CUST4071
REV24934,3,average,ORD14934,PROD108,CUST5272
REV24935,4,good,ORD14935,PROD104,CUST4094
REV24936,3,average,ORD14936,PROD101,CUST1773
REV24937,5,"very good",ORD14937,PROD113,CUST2833
REV24938,1,"very bad",ORD14938,PROD101,CUST4554
REV24939,1,"very bad",ORD14939,PROD104,CUST3580
REV24940,5,"very good",ORD14940,PROD111,CUST4170
REV24941,3,average,ORD14941,PROD105,CUST2050
REV24942,4,good,ORD14942,PROD105,CUST1149
REV24943,5,"very good",ORD14943,PROD109,CUST1446
REV24944,3,average,ORD14944,PROD113,CUST5615
REV24945,4,good,ORD14945,PROD101,CUST1164
REV24946,1,"very bad",ORD14946,PROD100,CUST4952
REV24947,4,good,ORD14947,PROD110,CUST4860
REV24948,3,average,ORD14948,PROD102,CUST2113
REV24949,5,"very good",ORD14949,PROD102,CUST1160
REV24950,5,"very good",ORD14950,PROD109,CUST4525
REV24951,2,bad,ORD14951,PROD112,CUST2810
REV24952,4,good,ORD14952,PROD110,CUST1919
REV24953,4,good,ORD14953,PROD100,CUST1872
REV24954,5,"very good",ORD14954,PROD113,CUST2726
REV24955,5,"very good",ORD14955,PROD100,CUST1703
REV24956,5,"very good",ORD14956,PROD110,CUST2562
REV24957,2,bad,ORD14957,PROD105,CUST3791
REV24958,2,bad,ORD14958,PROD114,CUST2341
REV24959,1,"very bad",ORD14959,PROD113,CUST4833
REV24960,2,bad,ORD14960,PROD111,CUST5552
REV24961,2,bad,ORD14961,PROD102,CUST2045
REV24962,4,good,ORD14962,PROD111,CUST5291
REV24963,5,"very good",ORD14963,PROD109,CUST4212
REV24964,4,good,ORD14964,PROD105,CUST4707
REV24965,4,good,ORD14965,PROD107,CUST3620
REV24966,2,bad,ORD14966,PROD110,CUST3941
REV24967,2,bad,ORD14967,PROD110,CUST2413
REV24968,5,"very good",ORD14968,PROD110,CUST1229
REV24969,5,"very good",ORD14969,PROD113,CUST4243
REV24970,5,"very good",ORD14970,PROD108,CUST4847
REV24971,5,"very good",ORD14971,PROD112,CUST5861
REV24972,4,good,ORD14972,PROD109,CUST3808
REV24973,2,bad,ORD14973,PROD110,CUST3536
REV24974,5,"very good",ORD14974,PROD103,CUST3007
REV24975,5,"very good",ORD14975,PROD106,CUST4452
REV24976,5,"very good",ORD14976,PROD101,CUST1613
REV24977,3,average,ORD14977,PROD101,CUST3633
REV24978,2,bad,ORD14978,PROD109,CUST2804
REV24979,4,good,ORD14979,PROD100,CUST1838
REV24980,2,bad,ORD14980,PROD104,CUST2199
REV24981,3,average,ORD14981,PROD104,CUST2626
REV24982,3,average,ORD14982,PROD104,CUST1076
REV24983,4,good,ORD14983,PROD110,CUST2944
REV24984,1,"very bad",ORD14984,PROD104,CUST1457
REV24985,4,good,ORD14985,PROD104,CUST1339
REV24986,5,"very good",ORD14986,PROD100,CUST4696
REV24987,4,good,ORD14987,PROD111,CUST2743
REV24988,5,"very good",ORD14988,PROD103,CUST1607
REV24989,4,good,ORD14989,PROD103,CUST5408
REV24990,3,average,ORD14990,PROD109,CUST3838
REV24991,4,good,ORD14991,PROD107,CUST4965
REV24992,1,"very bad",ORD14992,PROD113,CUST1366
REV24993,1,"very bad",ORD14993,PROD104,CUST3924
REV24994,3,average,ORD14994,PROD114,CUST2196
REV24995,1,"very bad",ORD14995,PROD109,CUST3650
REV24996,3,average,ORD14996,PROD103,CUST5213
REV24997,2,bad,ORD14997,PROD100,CUST1396
REV24998,2,bad,ORD14998,PROD109,CUST5465
REV24999,1,"very bad",ORD14999,PROD104,CUST5222
REV25000,2,bad,ORD15000,PROD108,CUST3165
REV25001,4,good,ORD15001,PROD106,CUST1458
REV25002,1,"very bad",ORD15002,PROD101,CUST1650
REV25003,1,"very bad",ORD15003,PROD104,CUST2855
REV25004,5,"very good",ORD15004,PROD111,CUST3013
REV25005,5,"very good",ORD15005,PROD102,CUST3486
REV25006,2,bad,ORD15006,PROD107,CUST5967
REV25007,4,good,ORD15007,PROD110,CUST2446
REV25008,4,good,ORD15008,PROD104,CUST4890
REV25009,5,"very good",ORD15009,PROD106,CUST4105
REV25010,1,"very bad",ORD15010,PROD110,CUST5116
REV25011,1,"very bad",ORD15011,PROD108,CUST5392
REV25012,3,average,ORD15012,PROD103,CUST4685
REV25013,5,"very good",ORD15013,PROD110,CUST2186
REV25014,5,"very good",ORD15014,PROD107,CUST2637
REV25015,4,good,ORD15015,PROD108,CUST3810
REV25016,5,"very good",ORD15016,PROD114,CUST4999
REV25017,5,"very good",ORD15017,PROD106,CUST1265
REV25018,4,good,ORD15018,PROD100,CUST2365
REV25019,1,"very bad",ORD15019,PROD103,CUST4283
REV25020,3,average,ORD15020,PROD106,CUST5523
REV25021,2,bad,ORD15021,PROD104,CUST4008
REV25022,4,good,ORD15022,PROD107,CUST4207
REV25023,2,bad,ORD15023,PROD104,CUST1105
REV25024,3,average,ORD15024,PROD101,CUST4299
REV25025,5,"very good",ORD15025,PROD114,CUST4334
REV25026,5,"very good",ORD15026,PROD109,CUST4172
REV25027,2,bad,ORD15027,PROD100,CUST2612
REV25028,5,"very good",ORD15028,PROD103,CUST3421
REV25029,3,average,ORD15029,PROD103,CUST1159
REV25030,5,"very good",ORD15030,PROD101,CUST1362
REV25031,2,bad,ORD15031,PROD114,CUST4250
REV25032,1,"very bad",ORD15032,PROD110,CUST3202
REV25033,2,bad,ORD15033,PROD109,CUST4192
REV25034,5,"very good",ORD15034,PROD100,CUST5972
REV25035,4,good,ORD15035,PROD114,CUST3355
REV25036,1,"very bad",ORD15036,PROD102,CUST1731
REV25037,1,"very bad",ORD15037,PROD106,CUST2356
REV25038,2,bad,ORD15038,PROD101,CUST4778
REV25039,3,average,ORD15039,PROD105,CUST3224
REV25040,4,good,ORD15040,PROD100,CUST1744
REV25041,4,good,ORD15041,PROD113,CUST1660
REV25042,5,"very good",ORD15042,PROD101,CUST5594
REV25043,1,"very bad",ORD15043,PROD102,CUST4253
REV25044,4,good,ORD15044,PROD102,CUST2608
REV25045,4,good,ORD15045,PROD113,CUST4911
REV25046,3,average,ORD15046,PROD109,CUST4851
REV25047,3,average,ORD15047,PROD110,CUST5801
REV25048,4,good,ORD15048,PROD105,CUST4160
REV25049,2,bad,ORD15049,PROD114,CUST5563
REV25050,1,"very bad",ORD15050,PROD112,CUST3947
REV25051,5,"very good",ORD15051,PROD104,CUST2001
REV25052,2,bad,ORD15052,PROD104,CUST5933
REV25053,3,average,ORD15053,PROD109,CUST5128
REV25054,3,average,ORD15054,PROD110,CUST5607
REV25055,3,average,ORD15055,PROD108,CUST2699
REV25056,1,"very bad",ORD15056,PROD105,CUST3613
REV25057,1,"very bad",ORD15057,PROD113,CUST3554
REV25058,5,"very good",ORD15058,PROD103,CUST4190
REV25059,5,"very good",ORD15059,PROD102,CUST1800
REV25060,1,"very bad",ORD15060,PROD102,CUST3608
REV25061,2,bad,ORD15061,PROD111,CUST2003
REV25062,2,bad,ORD15062,PROD112,CUST1794
REV25063,5,"very good",ORD15063,PROD106,CUST5533
REV25064,5,"very good",ORD15064,PROD110,CUST5324
REV25065,2,bad,ORD15065,PROD113,CUST3607
REV25066,4,good,ORD15066,PROD103,CUST4903
REV25067,3,average,ORD15067,PROD113,CUST3570
REV25068,3,average,ORD15068,PROD102,CUST5859
REV25069,5,"very good",ORD15069,PROD111,CUST5710
REV25070,5,"very good",ORD15070,PROD114,CUST2644
REV25071,1,"very bad",ORD15071,PROD112,CUST1998
REV25072,3,average,ORD15072,PROD104,CUST5249
REV25073,4,good,ORD15073,PROD106,CUST3470
REV25074,2,bad,ORD15074,PROD100,CUST3067
REV25075,4,good,ORD15075,PROD103,CUST1160
REV25076,4,good,ORD15076,PROD107,CUST3877
REV25077,2,bad,ORD15077,PROD107,CUST5913
REV25078,4,good,ORD15078,PROD105,CUST5962
REV25079,1,"very bad",ORD15079,PROD100,CUST4964
REV25080,2,bad,ORD15080,PROD114,CUST1827
REV25081,2,bad,ORD15081,PROD111,CUST5900
REV25082,5,"very good",ORD15082,PROD100,CUST3335
REV25083,1,"very bad",ORD15083,PROD103,CUST5034
REV25084,2,bad,ORD15084,PROD107,CUST2783
REV25085,5,"very good",ORD15085,PROD109,CUST5272
REV25086,4,good,ORD15086,PROD101,CUST3109
REV25087,1,"very bad",ORD15087,PROD102,CUST5962
REV25088,5,"very good",ORD15088,PROD108,CUST3350
REV25089,5,"very good",ORD15089,PROD105,CUST5496
REV25090,5,"very good",ORD15090,PROD106,CUST2017
REV25091,5,"very good",ORD15091,PROD110,CUST3735
REV25092,3,average,ORD15092,PROD100,CUST2944
REV25093,1,"very bad",ORD15093,PROD106,CUST1218
REV25094,3,average,ORD15094,PROD113,CUST4273
REV25095,4,good,ORD15095,PROD108,CUST5931
REV25096,4,good,ORD15096,PROD107,CUST2597
REV25097,3,average,ORD15097,PROD114,CUST3381
REV25098,1,"very bad",ORD15098,PROD107,CUST3365
REV25099,5,"very good",ORD15099,PROD107,CUST5801
REV25100,5,"very good",ORD15100,PROD109,CUST1349
REV25101,5,"very good",ORD15101,PROD107,CUST2590
REV25102,1,"very bad",ORD15102,PROD111,CUST1154
REV25103,4,good,ORD15103,PROD104,CUST1733
REV25104,1,"very bad",ORD15104,PROD102,CUST3769
REV25105,4,good,ORD15105,PROD105,CUST1580
REV25106,3,average,ORD15106,PROD103,CUST5756
REV25107,1,"very bad",ORD15107,PROD103,CUST4665
REV25108,5,"very good",ORD15108,PROD111,CUST1140
REV25109,5,"very good",ORD15109,PROD105,CUST4328
REV25110,1,"very bad",ORD15110,PROD110,CUST5265
REV25111,2,bad,ORD15111,PROD102,CUST2131
REV25112,5,"very good",ORD15112,PROD108,CUST2044
REV25113,3,average,ORD15113,PROD106,CUST3982
REV25114,4,good,ORD15114,PROD106,CUST4534
REV25115,5,"very good",ORD15115,PROD109,CUST3878
REV25116,2,bad,ORD15116,PROD109,CUST4392
REV25117,2,bad,ORD15117,PROD112,CUST5117
REV25118,2,bad,ORD15118,PROD102,CUST2856
REV25119,1,"very bad",ORD15119,PROD110,CUST1804
REV25120,1,"very bad",ORD15120,PROD114,CUST4003
REV25121,5,"very good",ORD15121,PROD103,CUST1776
REV25122,4,good,ORD15122,PROD107,CUST4827
REV25123,1,"very bad",ORD15123,PROD109,CUST4932
REV25124,5,"very good",ORD15124,PROD105,CUST5077
REV25125,2,bad,ORD15125,PROD101,CUST2565
REV25126,1,"very bad",ORD15126,PROD111,CUST5898
REV25127,5,"very good",ORD15127,PROD112,CUST2854
REV25128,1,"very bad",ORD15128,PROD112,CUST5842
REV25129,2,bad,ORD15129,PROD107,CUST3708
REV25130,4,good,ORD15130,PROD106,CUST3615
REV25131,1,"very bad",ORD15131,PROD114,CUST3917
REV25132,3,average,ORD15132,PROD114,CUST3654
REV25133,4,good,ORD15133,PROD104,CUST1008
REV25134,2,bad,ORD15134,PROD100,CUST3335
REV25135,2,bad,ORD15135,PROD105,CUST2531
REV25136,5,"very good",ORD15136,PROD102,CUST1638
REV25137,2,bad,ORD15137,PROD107,CUST3762
REV25138,5,"very good",ORD15138,PROD112,CUST5251
REV25139,1,"very bad",ORD15139,PROD107,CUST1091
REV25140,4,good,ORD15140,PROD113,CUST1223
REV25141,3,average,ORD15141,PROD108,CUST5234
REV25142,2,bad,ORD15142,PROD113,CUST2524
REV25143,2,bad,ORD15143,PROD104,CUST3270
REV25144,5,"very good",ORD15144,PROD106,CUST2914
REV25145,4,good,ORD15145,PROD114,CUST2952
REV25146,3,average,ORD15146,PROD101,CUST2383
REV25147,1,"very bad",ORD15147,PROD113,CUST3239
REV25148,5,"very good",ORD15148,PROD111,CUST1702
REV25149,4,good,ORD15149,PROD107,CUST4439
REV25150,5,"very good",ORD15150,PROD101,CUST5313
REV25151,2,bad,ORD15151,PROD113,CUST2789
REV25152,5,"very good",ORD15152,PROD105,CUST4562
REV25153,2,bad,ORD15153,PROD103,CUST2797
REV25154,4,good,ORD15154,PROD107,CUST2009
REV25155,2,bad,ORD15155,PROD114,CUST1807
REV25156,5,"very good",ORD15156,PROD108,CUST4283
REV25157,1,"very bad",ORD15157,PROD114,CUST2318
REV25158,1,"very bad",ORD15158,PROD107,CUST5289
REV25159,1,"very bad",ORD15159,PROD102,CUST3562
REV25160,2,bad,ORD15160,PROD100,CUST5219
REV25161,4,good,ORD15161,PROD107,CUST1930
REV25162,5,"very good",ORD15162,PROD108,CUST1698
REV25163,5,"very good",ORD15163,PROD107,CUST4826
REV25164,3,average,ORD15164,PROD104,CUST2379
REV25165,5,"very good",ORD15165,PROD102,CUST3436
REV25166,4,good,ORD15166,PROD108,CUST3358
REV25167,4,good,ORD15167,PROD103,CUST3591
REV25168,5,"very good",ORD15168,PROD107,CUST3531
REV25169,2,bad,ORD15169,PROD106,CUST4223
REV25170,1,"very bad",ORD15170,PROD111,CUST3216
REV25171,3,average,ORD15171,PROD104,CUST1069
REV25172,3,average,ORD15172,PROD112,CUST2809
REV25173,3,average,ORD15173,PROD114,CUST2031
REV25174,2,bad,ORD15174,PROD112,CUST3119
REV25175,3,average,ORD15175,PROD114,CUST3097
REV25176,2,bad,ORD15176,PROD107,CUST2205
REV25177,1,"very bad",ORD15177,PROD103,CUST1603
REV25178,4,good,ORD15178,PROD114,CUST5166
REV25179,4,good,ORD15179,PROD111,CUST5924
REV25180,2,bad,ORD15180,PROD112,CUST3569
REV25181,2,bad,ORD15181,PROD111,CUST3508
REV25182,3,average,ORD15182,PROD106,CUST4154
REV25183,4,good,ORD15183,PROD113,CUST4602
REV25184,4,good,ORD15184,PROD101,CUST5061
REV25185,5,"very good",ORD15185,PROD114,CUST1410
REV25186,2,bad,ORD15186,PROD105,CUST1106
REV25187,5,"very good",ORD15187,PROD101,CUST4793
REV25188,3,average,ORD15188,PROD104,CUST1932
REV25189,4,good,ORD15189,PROD111,CUST3247
REV25190,1,"very bad",ORD15190,PROD106,CUST2955
REV25191,1,"very bad",ORD15191,PROD104,CUST1802
REV25192,3,average,ORD15192,PROD106,CUST5460
REV25193,1,"very bad",ORD15193,PROD104,CUST3027
REV25194,2,bad,ORD15194,PROD111,CUST4907
REV25195,1,"very bad",ORD15195,PROD105,CUST4611
REV25196,4,good,ORD15196,PROD104,CUST4484
REV25197,4,good,ORD15197,PROD105,CUST3696
REV25198,4,good,ORD15198,PROD110,CUST2122
REV25199,2,bad,ORD15199,PROD104,CUST1009
REV25200,2,bad,ORD15200,PROD110,CUST4011
REV25201,1,"very bad",ORD15201,PROD111,CUST4118
REV25202,3,average,ORD15202,PROD109,CUST5446
REV25203,1,"very bad",ORD15203,PROD101,CUST4410
REV25204,2,bad,ORD15204,PROD109,CUST1807
REV25205,2,bad,ORD15205,PROD105,CUST5046
REV25206,4,good,ORD15206,PROD113,CUST3946
REV25207,3,average,ORD15207,PROD103,CUST1514
REV25208,4,good,ORD15208,PROD111,CUST5246
REV25209,4,good,ORD15209,PROD103,CUST2872
REV25210,2,bad,ORD15210,PROD104,CUST5515
REV25211,2,bad,ORD15211,PROD100,CUST5241
REV25212,1,"very bad",ORD15212,PROD107,CUST3656
REV25213,3,average,ORD15213,PROD112,CUST4593
REV25214,3,average,ORD15214,PROD114,CUST4370
REV25215,5,"very good",ORD15215,PROD106,CUST1637
REV25216,3,average,ORD15216,PROD103,CUST5665
REV25217,5,"very good",ORD15217,PROD107,CUST3902
REV25218,5,"very good",ORD15218,PROD114,CUST1240
REV25219,2,bad,ORD15219,PROD111,CUST4683
REV25220,3,average,ORD15220,PROD111,CUST3802
REV25221,4,good,ORD15221,PROD102,CUST1680
REV25222,2,bad,ORD15222,PROD113,CUST1261
REV25223,1,"very bad",ORD15223,PROD101,CUST2611
REV25224,4,good,ORD15224,PROD105,CUST4003
REV25225,4,good,ORD15225,PROD109,CUST4251
REV25226,2,bad,ORD15226,PROD109,CUST5299
REV25227,5,"very good",ORD15227,PROD112,CUST2191
REV25228,4,good,ORD15228,PROD101,CUST2097
REV25229,2,bad,ORD15229,PROD107,CUST4739
REV25230,4,good,ORD15230,PROD102,CUST1676
REV25231,4,good,ORD15231,PROD110,CUST3729
REV25232,2,bad,ORD15232,PROD109,CUST2050
REV25233,4,good,ORD15233,PROD102,CUST4788
REV25234,1,"very bad",ORD15234,PROD113,CUST5617
REV25235,1,"very bad",ORD15235,PROD103,CUST3078
REV25236,5,"very good",ORD15236,PROD103,CUST4980
REV25237,3,average,ORD15237,PROD107,CUST3213
REV25238,3,average,ORD15238,PROD102,CUST4193
REV25239,1,"very bad",ORD15239,PROD106,CUST5491
REV25240,1,"very bad",ORD15240,PROD100,CUST3858
REV25241,3,average,ORD15241,PROD114,CUST1992
REV25242,5,"very good",ORD15242,PROD102,CUST5600
REV25243,1,"very bad",ORD15243,PROD106,CUST5514
REV25244,5,"very good",ORD15244,PROD104,CUST1555
REV25245,4,good,ORD15245,PROD104,CUST1716
REV25246,3,average,ORD15246,PROD106,CUST2811
REV25247,5,"very good",ORD15247,PROD103,CUST1848
REV25248,2,bad,ORD15248,PROD104,CUST2017
REV25249,3,average,ORD15249,PROD104,CUST1402
REV25250,3,average,ORD15250,PROD106,CUST2200
REV25251,4,good,ORD15251,PROD106,CUST5055
REV25252,1,"very bad",ORD15252,PROD101,CUST5984
REV25253,5,"very good",ORD15253,PROD107,CUST4630
REV25254,4,good,ORD15254,PROD105,CUST5841
REV25255,2,bad,ORD15255,PROD111,CUST2720
REV25256,3,average,ORD15256,PROD103,CUST5809
REV25257,3,average,ORD15257,PROD113,CUST4583
REV25258,2,bad,ORD15258,PROD103,CUST5450
REV25259,5,"very good",ORD15259,PROD113,CUST1954
REV25260,4,good,ORD15260,PROD101,CUST2987
REV25261,2,bad,ORD15261,PROD100,CUST3369
REV25262,2,bad,ORD15262,PROD112,CUST3399
REV25263,1,"very bad",ORD15263,PROD110,CUST3585
REV25264,2,bad,ORD15264,PROD113,CUST1334
REV25265,4,good,ORD15265,PROD111,CUST3873
REV25266,5,"very good",ORD15266,PROD109,CUST5186
REV25267,5,"very good",ORD15267,PROD100,CUST1450
REV25268,3,average,ORD15268,PROD104,CUST4030
REV25269,3,average,ORD15269,PROD114,CUST4312
REV25270,4,good,ORD15270,PROD112,CUST4600
REV25271,5,"very good",ORD15271,PROD102,CUST2345
REV25272,1,"very bad",ORD15272,PROD100,CUST1664
REV25273,4,good,ORD15273,PROD105,CUST2664
REV25274,5,"very good",ORD15274,PROD110,CUST3870
REV25275,1,"very bad",ORD15275,PROD113,CUST1852
REV25276,5,"very good",ORD15276,PROD109,CUST4204
REV25277,1,"very bad",ORD15277,PROD105,CUST4327
REV25278,1,"very bad",ORD15278,PROD114,CUST1810
REV25279,5,"very good",ORD15279,PROD102,CUST3519
REV25280,4,good,ORD15280,PROD107,CUST2219
REV25281,4,good,ORD15281,PROD106,CUST5652
REV25282,1,"very bad",ORD15282,PROD104,CUST2174
REV25283,4,good,ORD15283,PROD108,CUST5513
REV25284,2,bad,ORD15284,PROD114,CUST2090
REV25285,3,average,ORD15285,PROD113,CUST1055
REV25286,1,"very bad",ORD15286,PROD109,CUST4126
REV25287,3,average,ORD15287,PROD105,CUST4277
REV25288,4,good,ORD15288,PROD108,CUST5082
REV25289,3,average,ORD15289,PROD102,CUST5371
REV25290,5,"very good",ORD15290,PROD106,CUST5859
REV25291,5,"very good",ORD15291,PROD109,CUST4772
REV25292,3,average,ORD15292,PROD113,CUST2531
REV25293,4,good,ORD15293,PROD104,CUST3015
REV25294,4,good,ORD15294,PROD102,CUST5909
REV25295,3,average,ORD15295,PROD100,CUST1134
REV25296,3,average,ORD15296,PROD113,CUST4439
REV25297,4,good,ORD15297,PROD113,CUST5103
REV25298,5,"very good",ORD15298,PROD107,CUST5899
REV25299,2,bad,ORD15299,PROD103,CUST2818
REV25300,5,"very good",ORD15300,PROD101,CUST2668
REV25301,3,average,ORD15301,PROD113,CUST4515
REV25302,1,"very bad",ORD15302,PROD103,CUST2965
REV25303,4,good,ORD15303,PROD108,CUST2774
REV25304,3,average,ORD15304,PROD104,CUST2512
REV25305,2,bad,ORD15305,PROD109,CUST1234
REV25306,1,"very bad",ORD15306,PROD112,CUST3215
REV25307,5,"very good",ORD15307,PROD111,CUST4050
REV25308,5,"very good",ORD15308,PROD109,CUST1118
REV25309,5,"very good",ORD15309,PROD109,CUST5038
REV25310,5,"very good",ORD15310,PROD112,CUST5905
REV25311,3,average,ORD15311,PROD101,CUST1944
REV25312,3,average,ORD15312,PROD111,CUST2249
REV25313,2,bad,ORD15313,PROD112,CUST1505
REV25314,1,"very bad",ORD15314,PROD106,CUST3870
REV25315,5,"very good",ORD15315,PROD102,CUST2707
REV25316,1,"very bad",ORD15316,PROD100,CUST2639
REV25317,4,good,ORD15317,PROD114,CUST2649
REV25318,2,bad,ORD15318,PROD103,CUST3287
REV25319,4,good,ORD15319,PROD111,CUST3491
REV25320,2,bad,ORD15320,PROD114,CUST2872
REV25321,1,"very bad",ORD15321,PROD106,CUST1685
REV25322,4,good,ORD15322,PROD114,CUST5503
REV25323,4,good,ORD15323,PROD114,CUST3052
REV25324,2,bad,ORD15324,PROD107,CUST3722
REV25325,1,"very bad",ORD15325,PROD110,CUST2038
REV25326,1,"very bad",ORD15326,PROD102,CUST1010
REV25327,1,"very bad",ORD15327,PROD110,CUST3015
REV25328,1,"very bad",ORD15328,PROD110,CUST3149
REV25329,5,"very good",ORD15329,PROD108,CUST4938
REV25330,3,average,ORD15330,PROD106,CUST1758
REV25331,1,"very bad",ORD15331,PROD100,CUST5376
REV25332,4,good,ORD15332,PROD106,CUST3354
REV25333,5,"very good",ORD15333,PROD111,CUST2682
REV25334,3,average,ORD15334,PROD105,CUST3533
REV25335,3,average,ORD15335,PROD114,CUST5782
REV25336,4,good,ORD15336,PROD110,CUST1447
REV25337,4,good,ORD15337,PROD103,CUST4885
REV25338,2,bad,ORD15338,PROD108,CUST1470
REV25339,4,good,ORD15339,PROD110,CUST1997
REV25340,2,bad,ORD15340,PROD100,CUST4900
REV25341,3,average,ORD15341,PROD110,CUST5687
REV25342,3,average,ORD15342,PROD107,CUST3270
REV25343,3,average,ORD15343,PROD110,CUST1628
REV25344,3,average,ORD15344,PROD106,CUST2861
REV25345,1,"very bad",ORD15345,PROD109,CUST2538
REV25346,4,good,ORD15346,PROD112,CUST4053
REV25347,4,good,ORD15347,PROD112,CUST5726
REV25348,5,"very good",ORD15348,PROD106,CUST5322
REV25349,3,average,ORD15349,PROD107,CUST3941
REV25350,1,"very bad",ORD15350,PROD110,CUST2774
REV25351,2,bad,ORD15351,PROD112,CUST5557
REV25352,2,bad,ORD15352,PROD103,CUST3143
REV25353,4,good,ORD15353,PROD110,CUST5924
REV25354,1,"very bad",ORD15354,PROD103,CUST1730
REV25355,3,average,ORD15355,PROD111,CUST5067
REV25356,2,bad,ORD15356,PROD112,CUST2104
REV25357,1,"very bad",ORD15357,PROD105,CUST4199
REV25358,5,"very good",ORD15358,PROD105,CUST5036
REV25359,2,bad,ORD15359,PROD109,CUST5644
REV25360,5,"very good",ORD15360,PROD111,CUST1388
REV25361,3,average,ORD15361,PROD102,CUST4301
REV25362,5,"very good",ORD15362,PROD111,CUST4124
REV25363,5,"very good",ORD15363,PROD103,CUST3058
REV25364,5,"very good",ORD15364,PROD114,CUST3582
REV25365,4,good,ORD15365,PROD100,CUST5933
REV25366,1,"very bad",ORD15366,PROD114,CUST5910
REV25367,5,"very good",ORD15367,PROD100,CUST2912
REV25368,3,average,ORD15368,PROD106,CUST4163
REV25369,3,average,ORD15369,PROD101,CUST1762
REV25370,4,good,ORD15370,PROD105,CUST4325
REV25371,1,"very bad",ORD15371,PROD112,CUST3131
REV25372,5,"very good",ORD15372,PROD110,CUST4273
REV25373,5,"very good",ORD15373,PROD109,CUST3495
REV25374,2,bad,ORD15374,PROD102,CUST4148
REV25375,3,average,ORD15375,PROD102,CUST5082
REV25376,5,"very good",ORD15376,PROD114,CUST1903
REV25377,2,bad,ORD15377,PROD110,CUST5057
REV25378,2,bad,ORD15378,PROD102,CUST3324
REV25379,2,bad,ORD15379,PROD112,CUST1084
REV25380,2,bad,ORD15380,PROD113,CUST4239
REV25381,4,good,ORD15381,PROD103,CUST3653
REV25382,5,"very good",ORD15382,PROD114,CUST3786
REV25383,2,bad,ORD15383,PROD110,CUST4885
REV25384,2,bad,ORD15384,PROD109,CUST5158
REV25385,1,"very bad",ORD15385,PROD109,CUST1295
REV25386,1,"very bad",ORD15386,PROD100,CUST5506
REV25387,5,"very good",ORD15387,PROD104,CUST5028
REV25388,2,bad,ORD15388,PROD103,CUST5195
REV25389,1,"very bad",ORD15389,PROD108,CUST5777
REV25390,3,average,ORD15390,PROD112,CUST3446
REV25391,5,"very good",ORD15391,PROD113,CUST1822
REV25392,5,"very good",ORD15392,PROD113,CUST3483
REV25393,2,bad,ORD15393,PROD108,CUST2132
REV25394,5,"very good",ORD15394,PROD107,CUST4381
REV25395,4,good,ORD15395,PROD102,CUST3607
REV25396,3,average,ORD15396,PROD111,CUST4104
REV25397,4,good,ORD15397,PROD111,CUST4947
REV25398,2,bad,ORD15398,PROD100,CUST1303
REV25399,4,good,ORD15399,PROD114,CUST2826
REV25400,2,bad,ORD15400,PROD100,CUST5899
REV25401,5,"very good",ORD15401,PROD108,CUST4515
REV25402,1,"very bad",ORD15402,PROD106,CUST3659
REV25403,1,"very bad",ORD15403,PROD103,CUST3620
REV25404,4,good,ORD15404,PROD106,CUST1840
REV25405,3,average,ORD15405,PROD113,CUST4657
REV25406,1,"very bad",ORD15406,PROD112,CUST4897
REV25407,2,bad,ORD15407,PROD109,CUST1815
REV25408,4,good,ORD15408,PROD101,CUST3933
REV25409,5,"very good",ORD15409,PROD103,CUST3409
REV25410,1,"very bad",ORD15410,PROD100,CUST1884
REV25411,2,bad,ORD15411,PROD110,CUST4249
REV25412,1,"very bad",ORD15412,PROD112,CUST5413
REV25413,2,bad,ORD15413,PROD103,CUST5866
REV25414,5,"very good",ORD15414,PROD101,CUST1691
REV25415,2,bad,ORD15415,PROD110,CUST1301
REV25416,1,"very bad",ORD15416,PROD106,CUST5060
REV25417,1,"very bad",ORD15417,PROD106,CUST1470
REV25418,3,average,ORD15418,PROD102,CUST4127
REV25419,3,average,ORD15419,PROD105,CUST5410
REV25420,3,average,ORD15420,PROD110,CUST1628
REV25421,3,average,ORD15421,PROD106,CUST1208
REV25422,1,"very bad",ORD15422,PROD109,CUST4733
REV25423,2,bad,ORD15423,PROD114,CUST4081
REV25424,2,bad,ORD15424,PROD108,CUST1537
REV25425,4,good,ORD15425,PROD110,CUST3525
REV25426,3,average,ORD15426,PROD112,CUST1534
REV25427,1,"very bad",ORD15427,PROD113,CUST2321
REV25428,1,"very bad",ORD15428,PROD101,CUST4494
REV25429,5,"very good",ORD15429,PROD109,CUST1346
REV25430,3,average,ORD15430,PROD103,CUST3117
REV25431,2,bad,ORD15431,PROD114,CUST5023
REV25432,1,"very bad",ORD15432,PROD107,CUST3046
REV25433,3,average,ORD15433,PROD105,CUST4755
REV25434,5,"very good",ORD15434,PROD112,CUST3379
REV25435,4,good,ORD15435,PROD109,CUST2541
REV25436,4,good,ORD15436,PROD113,CUST1559
REV25437,1,"very bad",ORD15437,PROD106,CUST4244
REV25438,2,bad,ORD15438,PROD105,CUST3097
REV25439,1,"very bad",ORD15439,PROD112,CUST2358
REV25440,2,bad,ORD15440,PROD112,CUST3628
REV25441,3,average,ORD15441,PROD105,CUST1189
REV25442,2,bad,ORD15442,PROD112,CUST2221
REV25443,4,good,ORD15443,PROD102,CUST3037
REV25444,3,average,ORD15444,PROD106,CUST4287
REV25445,1,"very bad",ORD15445,PROD100,CUST5128
REV25446,5,"very good",ORD15446,PROD112,CUST1667
REV25447,5,"very good",ORD15447,PROD107,CUST2522
REV25448,1,"very bad",ORD15448,PROD101,CUST5470
REV25449,2,bad,ORD15449,PROD103,CUST4990
REV25450,1,"very bad",ORD15450,PROD101,CUST2234
REV25451,3,average,ORD15451,PROD103,CUST1539
REV25452,1,"very bad",ORD15452,PROD107,CUST5997
REV25453,3,average,ORD15453,PROD107,CUST1620
REV25454,2,bad,ORD15454,PROD106,CUST2372
REV25455,5,"very good",ORD15455,PROD113,CUST2127
REV25456,1,"very bad",ORD15456,PROD111,CUST1971
REV25457,3,average,ORD15457,PROD100,CUST1722
REV25458,3,average,ORD15458,PROD102,CUST4321
REV25459,5,"very good",ORD15459,PROD103,CUST4725
REV25460,1,"very bad",ORD15460,PROD114,CUST3170
REV25461,5,"very good",ORD15461,PROD110,CUST3948
REV25462,3,average,ORD15462,PROD100,CUST2446
REV25463,2,bad,ORD15463,PROD108,CUST5031
REV25464,4,good,ORD15464,PROD108,CUST3469
REV25465,5,"very good",ORD15465,PROD104,CUST3594
REV25466,1,"very bad",ORD15466,PROD105,CUST1602
REV25467,4,good,ORD15467,PROD104,CUST4448
REV25468,5,"very good",ORD15468,PROD112,CUST3678
REV25469,5,"very good",ORD15469,PROD108,CUST5139
REV25470,1,"very bad",ORD15470,PROD101,CUST5015
REV25471,2,bad,ORD15471,PROD111,CUST1927
REV25472,5,"very good",ORD15472,PROD110,CUST1301
REV25473,5,"very good",ORD15473,PROD111,CUST2214
REV25474,2,bad,ORD15474,PROD114,CUST1829
REV25475,5,"very good",ORD15475,PROD109,CUST2425
REV25476,4,good,ORD15476,PROD104,CUST5415
REV25477,2,bad,ORD15477,PROD110,CUST3187
REV25478,4,good,ORD15478,PROD112,CUST5893
REV25479,4,good,ORD15479,PROD105,CUST1511
REV25480,3,average,ORD15480,PROD102,CUST5866
REV25481,3,average,ORD15481,PROD107,CUST5590
REV25482,2,bad,ORD15482,PROD102,CUST2414
REV25483,5,"very good",ORD15483,PROD110,CUST5173
REV25484,5,"very good",ORD15484,PROD101,CUST2738
REV25485,3,average,ORD15485,PROD113,CUST3050
REV25486,1,"very bad",ORD15486,PROD104,CUST1874
REV25487,3,average,ORD15487,PROD109,CUST4132
REV25488,3,average,ORD15488,PROD108,CUST3253
REV25489,3,average,ORD15489,PROD102,CUST1882
REV25490,3,average,ORD15490,PROD104,CUST1275
REV25491,2,bad,ORD15491,PROD102,CUST4693
REV25492,4,good,ORD15492,PROD108,CUST2602
REV25493,2,bad,ORD15493,PROD112,CUST3390
REV25494,2,bad,ORD15494,PROD110,CUST5549
REV25495,4,good,ORD15495,PROD109,CUST5307
REV25496,3,average,ORD15496,PROD109,CUST2419
REV25497,2,bad,ORD15497,PROD104,CUST5887
REV25498,1,"very bad",ORD15498,PROD113,CUST3554
REV25499,5,"very good",ORD15499,PROD109,CUST3656
REV25500,5,"very good",ORD15500,PROD103,CUST3125
REV25501,2,bad,ORD15501,PROD109,CUST3872
REV25502,5,"very good",ORD15502,PROD110,CUST1180
REV25503,2,bad,ORD15503,PROD113,CUST2280
REV25504,1,"very bad",ORD15504,PROD103,CUST5046
REV25505,3,average,ORD15505,PROD113,CUST3909
REV25506,1,"very bad",ORD15506,PROD102,CUST3873
REV25507,2,bad,ORD15507,PROD108,CUST1091
REV25508,2,bad,ORD15508,PROD103,CUST3253
REV25509,2,bad,ORD15509,PROD112,CUST1244
REV25510,3,average,ORD15510,PROD111,CUST1869
REV25511,5,"very good",ORD15511,PROD112,CUST1044
REV25512,4,good,ORD15512,PROD111,CUST2106
REV25513,2,bad,ORD15513,PROD107,CUST5379
REV25514,4,good,ORD15514,PROD104,CUST3390
REV25515,3,average,ORD15515,PROD105,CUST1021
REV25516,4,good,ORD15516,PROD106,CUST3110
REV25517,4,good,ORD15517,PROD106,CUST3916
REV25518,5,"very good",ORD15518,PROD113,CUST1608
REV25519,4,good,ORD15519,PROD107,CUST4073
REV25520,5,"very good",ORD15520,PROD113,CUST5722
REV25521,1,"very bad",ORD15521,PROD103,CUST5306
REV25522,3,average,ORD15522,PROD100,CUST2348
REV25523,2,bad,ORD15523,PROD111,CUST4164
REV25524,5,"very good",ORD15524,PROD105,CUST4619
REV25525,5,"very good",ORD15525,PROD104,CUST5320
REV25526,3,average,ORD15526,PROD103,CUST3350
REV25527,1,"very bad",ORD15527,PROD107,CUST3706
REV25528,4,good,ORD15528,PROD114,CUST4316
REV25529,3,average,ORD15529,PROD108,CUST1246
REV25530,4,good,ORD15530,PROD108,CUST1672
REV25531,2,bad,ORD15531,PROD113,CUST5928
REV25532,2,bad,ORD15532,PROD108,CUST1892
REV25533,4,good,ORD15533,PROD105,CUST5556
REV25534,1,"very bad",ORD15534,PROD106,CUST2981
REV25535,1,"very bad",ORD15535,PROD106,CUST5200
REV25536,2,bad,ORD15536,PROD111,CUST3393
REV25537,4,good,ORD15537,PROD113,CUST1624
REV25538,2,bad,ORD15538,PROD113,CUST5607
REV25539,1,"very bad",ORD15539,PROD109,CUST2525
REV25540,4,good,ORD15540,PROD111,CUST4688
REV25541,2,bad,ORD15541,PROD110,CUST1186
REV25542,1,"very bad",ORD15542,PROD110,CUST3423
REV25543,5,"very good",ORD15543,PROD111,CUST3945
REV25544,2,bad,ORD15544,PROD102,CUST2967
REV25545,5,"very good",ORD15545,PROD111,CUST2939
REV25546,1,"very bad",ORD15546,PROD113,CUST2625
REV25547,1,"very bad",ORD15547,PROD100,CUST5841
REV25548,5,"very good",ORD15548,PROD110,CUST4529
REV25549,3,average,ORD15549,PROD113,CUST1867
REV25550,1,"very bad",ORD15550,PROD104,CUST5486
REV25551,1,"very bad",ORD15551,PROD103,CUST4641
REV25552,4,good,ORD15552,PROD111,CUST5106
REV25553,1,"very bad",ORD15553,PROD106,CUST3159
REV25554,1,"very bad",ORD15554,PROD112,CUST2698
REV25555,4,good,ORD15555,PROD104,CUST2079
REV25556,4,good,ORD15556,PROD111,CUST2814
REV25557,3,average,ORD15557,PROD102,CUST4754
REV25558,4,good,ORD15558,PROD106,CUST5827
REV25559,2,bad,ORD15559,PROD112,CUST2138
REV25560,3,average,ORD15560,PROD110,CUST5231
REV25561,2,bad,ORD15561,PROD103,CUST3271
REV25562,1,"very bad",ORD15562,PROD108,CUST5724
REV25563,3,average,ORD15563,PROD111,CUST4702
REV25564,5,"very good",ORD15564,PROD114,CUST1846
REV25565,2,bad,ORD15565,PROD109,CUST5714
REV25566,3,average,ORD15566,PROD103,CUST5908
REV25567,5,"very good",ORD15567,PROD110,CUST3466
REV25568,1,"very bad",ORD15568,PROD111,CUST2964
REV25569,2,bad,ORD15569,PROD103,CUST2906
REV25570,2,bad,ORD15570,PROD113,CUST1354
REV25571,3,average,ORD15571,PROD108,CUST1972
REV25572,4,good,ORD15572,PROD105,CUST3295
REV25573,1,"very bad",ORD15573,PROD108,CUST2212
REV25574,1,"very bad",ORD15574,PROD102,CUST3527
REV25575,3,average,ORD15575,PROD113,CUST2180
REV25576,1,"very bad",ORD15576,PROD101,CUST5647
REV25577,1,"very bad",ORD15577,PROD113,CUST4217
REV25578,1,"very bad",ORD15578,PROD101,CUST2820
REV25579,5,"very good",ORD15579,PROD108,CUST3457
REV25580,4,good,ORD15580,PROD111,CUST2027
REV25581,5,"very good",ORD15581,PROD106,CUST3429
REV25582,1,"very bad",ORD15582,PROD105,CUST2289
REV25583,2,bad,ORD15583,PROD111,CUST5035
REV25584,1,"very bad",ORD15584,PROD103,CUST5698
REV25585,4,good,ORD15585,PROD113,CUST5024
REV25586,2,bad,ORD15586,PROD100,CUST5628
REV25587,2,bad,ORD15587,PROD104,CUST2693
REV25588,5,"very good",ORD15588,PROD100,CUST3545
REV25589,4,good,ORD15589,PROD105,CUST5903
REV25590,3,average,ORD15590,PROD104,CUST4313
REV25591,4,good,ORD15591,PROD112,CUST2292
REV25592,3,average,ORD15592,PROD111,CUST5233
REV25593,4,good,ORD15593,PROD100,CUST4252
REV25594,5,"very good",ORD15594,PROD109,CUST1267
REV25595,2,bad,ORD15595,PROD103,CUST2198
REV25596,4,good,ORD15596,PROD112,CUST4417
REV25597,4,good,ORD15597,PROD102,CUST2124
REV25598,4,good,ORD15598,PROD108,CUST3599
REV25599,3,average,ORD15599,PROD110,CUST3012
REV25600,1,"very bad",ORD15600,PROD107,CUST2317
REV25601,2,bad,ORD15601,PROD112,CUST3743
REV25602,5,"very good",ORD15602,PROD108,CUST1022
REV25603,3,average,ORD15603,PROD103,CUST4384
REV25604,1,"very bad",ORD15604,PROD104,CUST5940
REV25605,2,bad,ORD15605,PROD102,CUST4348
REV25606,4,good,ORD15606,PROD103,CUST2733
REV25607,2,bad,ORD15607,PROD110,CUST1706
REV25608,1,"very bad",ORD15608,PROD101,CUST2935
REV25609,4,good,ORD15609,PROD110,CUST3862
REV25610,1,"very bad",ORD15610,PROD105,CUST2198
REV25611,3,average,ORD15611,PROD111,CUST4954
REV25612,4,good,ORD15612,PROD104,CUST1635
REV25613,3,average,ORD15613,PROD100,CUST5751
REV25614,2,bad,ORD15614,PROD101,CUST2945
REV25615,1,"very bad",ORD15615,PROD111,CUST5293
REV25616,1,"very bad",ORD15616,PROD101,CUST5146
REV25617,4,good,ORD15617,PROD106,CUST4394
REV25618,5,"very good",ORD15618,PROD105,CUST5895
REV25619,4,good,ORD15619,PROD103,CUST4855
REV25620,3,average,ORD15620,PROD114,CUST2006
REV25621,4,good,ORD15621,PROD110,CUST2950
REV25622,1,"very bad",ORD15622,PROD103,CUST5871
REV25623,1,"very bad",ORD15623,PROD105,CUST1144
REV25624,5,"very good",ORD15624,PROD106,CUST2130
REV25625,2,bad,ORD15625,PROD104,CUST3413
REV25626,1,"very bad",ORD15626,PROD113,CUST4044
REV25627,2,bad,ORD15627,PROD107,CUST3986
REV25628,1,"very bad",ORD15628,PROD109,CUST2610
REV25629,3,average,ORD15629,PROD106,CUST2117
REV25630,4,good,ORD15630,PROD103,CUST1607
REV25631,3,average,ORD15631,PROD111,CUST2499
REV25632,3,average,ORD15632,PROD108,CUST2407
REV25633,1,"very bad",ORD15633,PROD111,CUST1780
REV25634,1,"very bad",ORD15634,PROD100,CUST5377
REV25635,4,good,ORD15635,PROD104,CUST1402
REV25636,5,"very good",ORD15636,PROD112,CUST2669
REV25637,2,bad,ORD15637,PROD101,CUST3271
REV25638,2,bad,ORD15638,PROD109,CUST5919
REV25639,3,average,ORD15639,PROD108,CUST5056
REV25640,1,"very bad",ORD15640,PROD101,CUST3337
REV25641,1,"very bad",ORD15641,PROD110,CUST4035
REV25642,2,bad,ORD15642,PROD100,CUST2796
REV25643,4,good,ORD15643,PROD109,CUST5547
REV25644,4,good,ORD15644,PROD104,CUST3489
REV25645,5,"very good",ORD15645,PROD103,CUST2072
REV25646,2,bad,ORD15646,PROD105,CUST5967
REV25647,3,average,ORD15647,PROD112,CUST5547
REV25648,3,average,ORD15648,PROD101,CUST3627
REV25649,3,average,ORD15649,PROD104,CUST2562
REV25650,2,bad,ORD15650,PROD101,CUST1596
REV25651,2,bad,ORD15651,PROD102,CUST5752
REV25652,4,good,ORD15652,PROD106,CUST2311
REV25653,4,good,ORD15653,PROD108,CUST3210
REV25654,3,average,ORD15654,PROD109,CUST2180
REV25655,1,"very bad",ORD15655,PROD103,CUST2197
REV25656,1,"very bad",ORD15656,PROD100,CUST1750
REV25657,1,"very bad",ORD15657,PROD112,CUST1574
REV25658,3,average,ORD15658,PROD109,CUST5226
REV25659,3,average,ORD15659,PROD109,CUST1044
REV25660,4,good,ORD15660,PROD104,CUST3703
REV25661,2,bad,ORD15661,PROD105,CUST5864
REV25662,5,"very good",ORD15662,PROD114,CUST5450
REV25663,5,"very good",ORD15663,PROD110,CUST1556
REV25664,2,bad,ORD15664,PROD104,CUST3495
REV25665,2,bad,ORD15665,PROD112,CUST4182
REV25666,3,average,ORD15666,PROD100,CUST1002
REV25667,3,average,ORD15667,PROD104,CUST4469
REV25668,4,good,ORD15668,PROD102,CUST3798
REV25669,4,good,ORD15669,PROD103,CUST5240
REV25670,3,average,ORD15670,PROD113,CUST2319
REV25671,2,bad,ORD15671,PROD110,CUST1922
REV25672,2,bad,ORD15672,PROD105,CUST5238
REV25673,1,"very bad",ORD15673,PROD110,CUST1681
REV25674,4,good,ORD15674,PROD109,CUST3117
REV25675,4,good,ORD15675,PROD101,CUST1737
REV25676,4,good,ORD15676,PROD110,CUST2234
REV25677,4,good,ORD15677,PROD101,CUST3528
REV25678,5,"very good",ORD15678,PROD113,CUST2980
REV25679,5,"very good",ORD15679,PROD103,CUST1442
REV25680,4,good,ORD15680,PROD108,CUST1800
REV25681,1,"very bad",ORD15681,PROD103,CUST5328
REV25682,1,"very bad",ORD15682,PROD113,CUST3727
REV25683,2,bad,ORD15683,PROD108,CUST3218
REV25684,5,"very good",ORD15684,PROD112,CUST3959
REV25685,4,good,ORD15685,PROD106,CUST2087
REV25686,5,"very good",ORD15686,PROD104,CUST2896
REV25687,1,"very bad",ORD15687,PROD110,CUST1992
REV25688,1,"very bad",ORD15688,PROD109,CUST2906
REV25689,3,average,ORD15689,PROD110,CUST1720
REV25690,3,average,ORD15690,PROD114,CUST4015
REV25691,2,bad,ORD15691,PROD106,CUST4922
REV25692,1,"very bad",ORD15692,PROD109,CUST1370
REV25693,4,good,ORD15693,PROD114,CUST4199
REV25694,1,"very bad",ORD15694,PROD110,CUST2675
REV25695,4,good,ORD15695,PROD109,CUST5265
REV25696,3,average,ORD15696,PROD105,CUST5186
REV25697,4,good,ORD15697,PROD106,CUST5374
REV25698,5,"very good",ORD15698,PROD100,CUST1113
REV25699,1,"very bad",ORD15699,PROD109,CUST4177
REV25700,1,"very bad",ORD15700,PROD100,CUST5729
REV25701,5,"very good",ORD15701,PROD100,CUST3933
REV25702,4,good,ORD15702,PROD111,CUST5738
REV25703,2,bad,ORD15703,PROD105,CUST3269
REV25704,4,good,ORD15704,PROD102,CUST4028
REV25705,5,"very good",ORD15705,PROD101,CUST4854
REV25706,3,average,ORD15706,PROD111,CUST5989
REV25707,5,"very good",ORD15707,PROD100,CUST3741
REV25708,5,"very good",ORD15708,PROD100,CUST1670
REV25709,4,good,ORD15709,PROD111,CUST1256
REV25710,1,"very bad",ORD15710,PROD101,CUST5659
REV25711,4,good,ORD15711,PROD113,CUST4259
REV25712,1,"very bad",ORD15712,PROD106,CUST4060
REV25713,5,"very good",ORD15713,PROD114,CUST1049
REV25714,1,"very bad",ORD15714,PROD106,CUST1164
REV25715,3,average,ORD15715,PROD107,CUST4195
REV25716,3,average,ORD15716,PROD108,CUST3414
REV25717,4,good,ORD15717,PROD111,CUST4465
REV25718,5,"very good",ORD15718,PROD102,CUST1007
REV25719,5,"very good",ORD15719,PROD100,CUST3749
REV25720,5,"very good",ORD15720,PROD103,CUST4320
REV25721,2,bad,ORD15721,PROD102,CUST3919
REV25722,4,good,ORD15722,PROD108,CUST2366
REV25723,4,good,ORD15723,PROD112,CUST2275
REV25724,2,bad,ORD15724,PROD102,CUST4482
REV25725,4,good,ORD15725,PROD104,CUST3209
REV25726,2,bad,ORD15726,PROD104,CUST1168
REV25727,2,bad,ORD15727,PROD100,CUST4909
REV25728,3,average,ORD15728,PROD108,CUST1299
REV25729,5,"very good",ORD15729,PROD102,CUST2657
REV25730,2,bad,ORD15730,PROD101,CUST4714
REV25731,1,"very bad",ORD15731,PROD113,CUST4650
REV25732,1,"very bad",ORD15732,PROD105,CUST1248
REV25733,5,"very good",ORD15733,PROD110,CUST1887
REV25734,2,bad,ORD15734,PROD100,CUST5596
REV25735,2,bad,ORD15735,PROD100,CUST5215
REV25736,2,bad,ORD15736,PROD102,CUST2944
REV25737,4,good,ORD15737,PROD105,CUST2502
REV25738,5,"very good",ORD15738,PROD105,CUST1030
REV25739,3,average,ORD15739,PROD103,CUST5796
REV25740,2,bad,ORD15740,PROD100,CUST5819
REV25741,4,good,ORD15741,PROD101,CUST4823
REV25742,3,average,ORD15742,PROD112,CUST5976
REV25743,4,good,ORD15743,PROD105,CUST5138
REV25744,2,bad,ORD15744,PROD105,CUST2079
REV25745,5,"very good",ORD15745,PROD104,CUST3118
REV25746,2,bad,ORD15746,PROD113,CUST1104
REV25747,2,bad,ORD15747,PROD107,CUST3954
REV25748,1,"very bad",ORD15748,PROD110,CUST1244
REV25749,5,"very good",ORD15749,PROD114,CUST5496
REV25750,2,bad,ORD15750,PROD114,CUST3725
REV25751,3,average,ORD15751,PROD110,CUST4169
REV25752,3,average,ORD15752,PROD106,CUST2259
REV25753,2,bad,ORD15753,PROD114,CUST1305
REV25754,4,good,ORD15754,PROD109,CUST5689
REV25755,3,average,ORD15755,PROD102,CUST4241
REV25756,3,average,ORD15756,PROD111,CUST4546
REV25757,1,"very bad",ORD15757,PROD104,CUST4011
REV25758,1,"very bad",ORD15758,PROD114,CUST2309
REV25759,2,bad,ORD15759,PROD112,CUST3871
REV25760,3,average,ORD15760,PROD110,CUST5130
REV25761,1,"very bad",ORD15761,PROD108,CUST2133
REV25762,4,good,ORD15762,PROD114,CUST1148
REV25763,4,good,ORD15763,PROD110,CUST2629
REV25764,1,"very bad",ORD15764,PROD103,CUST5971
REV25765,3,average,ORD15765,PROD100,CUST5425
REV25766,3,average,ORD15766,PROD105,CUST2177
REV25767,2,bad,ORD15767,PROD113,CUST3400
REV25768,2,bad,ORD15768,PROD106,CUST1618
REV25769,3,average,ORD15769,PROD102,CUST5477
REV25770,3,average,ORD15770,PROD104,CUST5839
REV25771,5,"very good",ORD15771,PROD113,CUST2362
REV25772,5,"very good",ORD15772,PROD100,CUST5137
REV25773,4,good,ORD15773,PROD106,CUST5528
REV25774,5,"very good",ORD15774,PROD102,CUST5593
REV25775,3,average,ORD15775,PROD110,CUST5115
REV25776,5,"very good",ORD15776,PROD101,CUST4753
REV25777,4,good,ORD15777,PROD100,CUST4765
REV25778,4,good,ORD15778,PROD111,CUST5400
REV25779,3,average,ORD15779,PROD104,CUST1192
REV25780,5,"very good",ORD15780,PROD114,CUST3089
REV25781,4,good,ORD15781,PROD106,CUST3301
REV25782,4,good,ORD15782,PROD113,CUST3252
REV25783,4,good,ORD15783,PROD109,CUST3687
REV25784,2,bad,ORD15784,PROD103,CUST5733
REV25785,1,"very bad",ORD15785,PROD106,CUST5583
REV25786,5,"very good",ORD15786,PROD111,CUST2550
REV25787,3,average,ORD15787,PROD111,CUST5570
REV25788,5,"very good",ORD15788,PROD104,CUST3076
REV25789,4,good,ORD15789,PROD101,CUST2565
REV25790,5,"very good",ORD15790,PROD105,CUST1153
REV25791,4,good,ORD15791,PROD102,CUST2510
REV25792,1,"very bad",ORD15792,PROD109,CUST2024
REV25793,3,average,ORD15793,PROD104,CUST4474
REV25794,4,good,ORD15794,PROD111,CUST1487
REV25795,5,"very good",ORD15795,PROD114,CUST3634
REV25796,1,"very bad",ORD15796,PROD108,CUST5912
REV25797,5,"very good",ORD15797,PROD108,CUST3260
REV25798,2,bad,ORD15798,PROD103,CUST4010
REV25799,2,bad,ORD15799,PROD107,CUST2108
REV25800,4,good,ORD15800,PROD110,CUST3739
REV25801,5,"very good",ORD15801,PROD100,CUST4863
REV25802,5,"very good",ORD15802,PROD106,CUST2066
REV25803,3,average,ORD15803,PROD101,CUST4480
REV25804,4,good,ORD15804,PROD112,CUST1018
REV25805,3,average,ORD15805,PROD107,CUST2640
REV25806,4,good,ORD15806,PROD112,CUST2580
REV25807,4,good,ORD15807,PROD105,CUST3352
REV25808,4,good,ORD15808,PROD104,CUST4006
REV25809,5,"very good",ORD15809,PROD112,CUST2371
REV25810,1,"very bad",ORD15810,PROD106,CUST5888
REV25811,4,good,ORD15811,PROD100,CUST2741
REV25812,3,average,ORD15812,PROD102,CUST1950
REV25813,3,average,ORD15813,PROD110,CUST3770
REV25814,5,"very good",ORD15814,PROD114,CUST5041
REV25815,2,bad,ORD15815,PROD109,CUST1386
REV25816,5,"very good",ORD15816,PROD102,CUST3143
REV25817,1,"very bad",ORD15817,PROD102,CUST2285
REV25818,1,"very bad",ORD15818,PROD108,CUST3975
REV25819,4,good,ORD15819,PROD112,CUST4742
REV25820,4,good,ORD15820,PROD110,CUST3115
REV25821,3,average,ORD15821,PROD108,CUST2430
REV25822,5,"very good",ORD15822,PROD105,CUST4582
REV25823,1,"very bad",ORD15823,PROD114,CUST4417
REV25824,1,"very bad",ORD15824,PROD113,CUST2915
REV25825,2,bad,ORD15825,PROD108,CUST3953
REV25826,2,bad,ORD15826,PROD107,CUST1160
REV25827,4,good,ORD15827,PROD106,CUST3630
REV25828,5,"very good",ORD15828,PROD108,CUST3739
REV25829,2,bad,ORD15829,PROD113,CUST2767
REV25830,4,good,ORD15830,PROD100,CUST3197
REV25831,5,"very good",ORD15831,PROD114,CUST4835
REV25832,2,bad,ORD15832,PROD100,CUST4846
REV25833,3,average,ORD15833,PROD110,CUST1905
REV25834,4,good,ORD15834,PROD110,CUST4278
REV25835,5,"very good",ORD15835,PROD100,CUST4751
REV25836,4,good,ORD15836,PROD114,CUST1160
REV25837,2,bad,ORD15837,PROD114,CUST2781
REV25838,1,"very bad",ORD15838,PROD102,CUST4572
REV25839,2,bad,ORD15839,PROD114,CUST1784
REV25840,2,bad,ORD15840,PROD104,CUST1483
REV25841,3,average,ORD15841,PROD100,CUST1825
REV25842,3,average,ORD15842,PROD100,CUST1122
REV25843,3,average,ORD15843,PROD100,CUST4986
REV25844,3,average,ORD15844,PROD111,CUST3824
REV25845,5,"very good",ORD15845,PROD101,CUST5093
REV25846,3,average,ORD15846,PROD103,CUST4861
REV25847,4,good,ORD15847,PROD100,CUST1777
REV25848,1,"very bad",ORD15848,PROD100,CUST2832
REV25849,5,"very good",ORD15849,PROD112,CUST3508
REV25850,4,good,ORD15850,PROD111,CUST1040
REV25851,2,bad,ORD15851,PROD110,CUST1984
REV25852,5,"very good",ORD15852,PROD100,CUST2280
REV25853,3,average,ORD15853,PROD106,CUST5706
REV25854,5,"very good",ORD15854,PROD113,CUST1109
REV25855,2,bad,ORD15855,PROD104,CUST3882
REV25856,1,"very bad",ORD15856,PROD107,CUST4463
REV25857,3,average,ORD15857,PROD105,CUST5404
REV25858,5,"very good",ORD15858,PROD109,CUST5150
REV25859,2,bad,ORD15859,PROD101,CUST2703
REV25860,5,"very good",ORD15860,PROD100,CUST3753
REV25861,3,average,ORD15861,PROD110,CUST3828
REV25862,2,bad,ORD15862,PROD106,CUST3072
REV25863,5,"very good",ORD15863,PROD110,CUST3373
REV25864,2,bad,ORD15864,PROD114,CUST1656
REV25865,1,"very bad",ORD15865,PROD110,CUST3363
REV25866,2,bad,ORD15866,PROD109,CUST5706
REV25867,3,average,ORD15867,PROD110,CUST1005
REV25868,2,bad,ORD15868,PROD114,CUST2813
REV25869,2,bad,ORD15869,PROD112,CUST2549
REV25870,4,good,ORD15870,PROD107,CUST3890
REV25871,1,"very bad",ORD15871,PROD106,CUST3243
REV25872,4,good,ORD15872,PROD102,CUST2324
REV25873,2,bad,ORD15873,PROD107,CUST3836
REV25874,1,"very bad",ORD15874,PROD107,CUST3844
REV25875,4,good,ORD15875,PROD102,CUST2008
REV25876,3,average,ORD15876,PROD110,CUST3853
REV25877,1,"very bad",ORD15877,PROD114,CUST3715
REV25878,3,average,ORD15878,PROD109,CUST3026
REV25879,4,good,ORD15879,PROD112,CUST2669
REV25880,1,"very bad",ORD15880,PROD107,CUST1747
REV25881,5,"very good",ORD15881,PROD102,CUST5904
REV25882,1,"very bad",ORD15882,PROD104,CUST4418
REV25883,4,good,ORD15883,PROD113,CUST5494
REV25884,4,good,ORD15884,PROD108,CUST1223
REV25885,2,bad,ORD15885,PROD114,CUST5662
REV25886,2,bad,ORD15886,PROD110,CUST3824
REV25887,2,bad,ORD15887,PROD106,CUST2631
REV25888,2,bad,ORD15888,PROD106,CUST3891
REV25889,3,average,ORD15889,PROD105,CUST4571
REV25890,3,average,ORD15890,PROD102,CUST2790
REV25891,4,good,ORD15891,PROD108,CUST4820
REV25892,4,good,ORD15892,PROD101,CUST3632
REV25893,3,average,ORD15893,PROD100,CUST5116
REV25894,2,bad,ORD15894,PROD113,CUST2101
REV25895,2,bad,ORD15895,PROD110,CUST4390
REV25896,2,bad,ORD15896,PROD110,CUST2643
REV25897,5,"very good",ORD15897,PROD110,CUST5369
REV25898,4,good,ORD15898,PROD111,CUST4616
REV25899,2,bad,ORD15899,PROD105,CUST4273
REV25900,5,"very good",ORD15900,PROD111,CUST5252
REV25901,5,"very good",ORD15901,PROD113,CUST3698
REV25902,1,"very bad",ORD15902,PROD108,CUST3483
REV25903,4,good,ORD15903,PROD107,CUST1851
REV25904,1,"very bad",ORD15904,PROD104,CUST5185
REV25905,2,bad,ORD15905,PROD106,CUST1318
REV25906,1,"very bad",ORD15906,PROD102,CUST4576
REV25907,3,average,ORD15907,PROD111,CUST5994
REV25908,4,good,ORD15908,PROD107,CUST5551
REV25909,1,"very bad",ORD15909,PROD112,CUST3975
REV25910,1,"very bad",ORD15910,PROD102,CUST1521
REV25911,5,"very good",ORD15911,PROD109,CUST4718
REV25912,1,"very bad",ORD15912,PROD109,CUST1477
REV25913,2,bad,ORD15913,PROD102,CUST4500
REV25914,1,"very bad",ORD15914,PROD101,CUST4543
REV25915,4,good,ORD15915,PROD100,CUST3167
REV25916,2,bad,ORD15916,PROD107,CUST4938
REV25917,4,good,ORD15917,PROD113,CUST5765
REV25918,1,"very bad",ORD15918,PROD107,CUST5091
REV25919,3,average,ORD15919,PROD103,CUST4380
REV25920,3,average,ORD15920,PROD113,CUST5081
REV25921,4,good,ORD15921,PROD111,CUST2633
REV25922,2,bad,ORD15922,PROD114,CUST5353
REV25923,2,bad,ORD15923,PROD107,CUST2920
REV25924,3,average,ORD15924,PROD102,CUST3919
REV25925,4,good,ORD15925,PROD110,CUST1383
REV25926,4,good,ORD15926,PROD107,CUST5300
REV25927,2,bad,ORD15927,PROD109,CUST5296
REV25928,2,bad,ORD15928,PROD114,CUST1680
REV25929,1,"very bad",ORD15929,PROD110,CUST4061
REV25930,5,"very good",ORD15930,PROD109,CUST3835
REV25931,3,average,ORD15931,PROD107,CUST3164
REV25932,3,average,ORD15932,PROD105,CUST3454
REV25933,2,bad,ORD15933,PROD114,CUST5875
REV25934,5,"very good",ORD15934,PROD100,CUST2819
REV25935,2,bad,ORD15935,PROD108,CUST2730
REV25936,1,"very bad",ORD15936,PROD111,CUST3404
REV25937,3,average,ORD15937,PROD110,CUST3471
REV25938,1,"very bad",ORD15938,PROD108,CUST2308
REV25939,2,bad,ORD15939,PROD109,CUST5032
REV25940,5,"very good",ORD15940,PROD101,CUST2355
REV25941,3,average,ORD15941,PROD109,CUST5208
REV25942,2,bad,ORD15942,PROD100,CUST4386
REV25943,2,bad,ORD15943,PROD111,CUST1287
REV25944,3,average,ORD15944,PROD104,CUST4064
REV25945,3,average,ORD15945,PROD106,CUST4119
REV25946,5,"very good",ORD15946,PROD109,CUST2568
REV25947,5,"very good",ORD15947,PROD102,CUST2048
REV25948,1,"very bad",ORD15948,PROD103,CUST2858
REV25949,3,average,ORD15949,PROD107,CUST3260
REV25950,5,"very good",ORD15950,PROD102,CUST3805
REV25951,5,"very good",ORD15951,PROD106,CUST4877
REV25952,2,bad,ORD15952,PROD112,CUST4703
REV25953,4,good,ORD15953,PROD102,CUST4622
REV25954,1,"very bad",ORD15954,PROD106,CUST4110
REV25955,4,good,ORD15955,PROD104,CUST1563
REV25956,4,good,ORD15956,PROD111,CUST3481
REV25957,3,average,ORD15957,PROD103,CUST1718
REV25958,2,bad,ORD15958,PROD114,CUST3604
REV25959,5,"very good",ORD15959,PROD106,CUST5143
REV25960,2,bad,ORD15960,PROD110,CUST5403
REV25961,3,average,ORD15961,PROD102,CUST4678
REV25962,2,bad,ORD15962,PROD104,CUST5821
REV25963,4,good,ORD15963,PROD101,CUST4498
REV25964,5,"very good",ORD15964,PROD109,CUST2309
REV25965,4,good,ORD15965,PROD104,CUST1447
REV25966,4,good,ORD15966,PROD105,CUST4305
REV25967,2,bad,ORD15967,PROD107,CUST4243
REV25968,5,"very good",ORD15968,PROD103,CUST2853
REV25969,4,good,ORD15969,PROD100,CUST3955
REV25970,4,good,ORD15970,PROD114,CUST1061
REV25971,2,bad,ORD15971,PROD103,CUST4318
REV25972,2,bad,ORD15972,PROD105,CUST3157
REV25973,4,good,ORD15973,PROD105,CUST5810
REV25974,2,bad,ORD15974,PROD108,CUST2727
REV25975,5,"very good",ORD15975,PROD100,CUST5654
REV25976,3,average,ORD15976,PROD103,CUST2715
REV25977,5,"very good",ORD15977,PROD102,CUST4561
REV25978,5,"very good",ORD15978,PROD101,CUST3027
REV25979,1,"very bad",ORD15979,PROD114,CUST1597
REV25980,2,bad,ORD15980,PROD100,CUST4522
REV25981,4,good,ORD15981,PROD110,CUST2025
REV25982,1,"very bad",ORD15982,PROD111,CUST5576
REV25983,4,good,ORD15983,PROD104,CUST1545
REV25984,5,"very good",ORD15984,PROD114,CUST2281
REV25985,4,good,ORD15985,PROD103,CUST5436
REV25986,2,bad,ORD15986,PROD108,CUST4010
REV25987,5,"very good",ORD15987,PROD100,CUST1254
REV25988,1,"very bad",ORD15988,PROD105,CUST2070
REV25989,1,"very bad",ORD15989,PROD100,CUST3598
REV25990,3,average,ORD15990,PROD101,CUST1607
REV25991,3,average,ORD15991,PROD107,CUST4483
REV25992,1,"very bad",ORD15992,PROD107,CUST1488
REV25993,2,bad,ORD15993,PROD113,CUST3988
REV25994,3,average,ORD15994,PROD102,CUST1849
REV25995,5,"very good",ORD15995,PROD113,CUST4506
REV25996,5,"very good",ORD15996,PROD107,CUST2519
REV25997,2,bad,ORD15997,PROD111,CUST3488
REV25998,3,average,ORD15998,PROD111,CUST5390
REV25999,3,average,ORD15999,PROD100,CUST5563
REV26000,4,good,ORD16000,PROD102,CUST4944
REV26001,4,good,ORD16001,PROD114,CUST4081
REV26002,1,"very bad",ORD16002,PROD110,CUST5883
REV26003,2,bad,ORD16003,PROD114,CUST2486
REV26004,2,bad,ORD16004,PROD112,CUST1106
REV26005,5,"very good",ORD16005,PROD111,CUST5432
REV26006,3,average,ORD16006,PROD104,CUST5361
REV26007,1,"very bad",ORD16007,PROD114,CUST1112
REV26008,5,"very good",ORD16008,PROD111,CUST3611
REV26009,5,"very good",ORD16009,PROD110,CUST1522
REV26010,5,"very good",ORD16010,PROD113,CUST4924
REV26011,2,bad,ORD16011,PROD106,CUST5201
REV26012,3,average,ORD16012,PROD102,CUST2941
REV26013,3,average,ORD16013,PROD110,CUST2472
REV26014,4,good,ORD16014,PROD106,CUST3736
REV26015,1,"very bad",ORD16015,PROD112,CUST2104
REV26016,3,average,ORD16016,PROD107,CUST5537
REV26017,5,"very good",ORD16017,PROD102,CUST5672
REV26018,2,bad,ORD16018,PROD100,CUST1465
REV26019,5,"very good",ORD16019,PROD112,CUST3357
REV26020,5,"very good",ORD16020,PROD112,CUST3569
REV26021,1,"very bad",ORD16021,PROD106,CUST2407
REV26022,1,"very bad",ORD16022,PROD111,CUST4559
REV26023,3,average,ORD16023,PROD107,CUST5981
REV26024,1,"very bad",ORD16024,PROD101,CUST1787
REV26025,2,bad,ORD16025,PROD106,CUST3413
REV26026,2,bad,ORD16026,PROD113,CUST5412
REV26027,4,good,ORD16027,PROD106,CUST2718
REV26028,5,"very good",ORD16028,PROD100,CUST3678
REV26029,2,bad,ORD16029,PROD109,CUST2883
REV26030,3,average,ORD16030,PROD103,CUST2961
REV26031,3,average,ORD16031,PROD111,CUST3186
REV26032,3,average,ORD16032,PROD108,CUST3858
REV26033,4,good,ORD16033,PROD110,CUST1631
REV26034,4,good,ORD16034,PROD104,CUST4953
REV26035,1,"very bad",ORD16035,PROD112,CUST4099
REV26036,2,bad,ORD16036,PROD112,CUST3246
REV26037,2,bad,ORD16037,PROD113,CUST1508
REV26038,1,"very bad",ORD16038,PROD102,CUST2700
REV26039,3,average,ORD16039,PROD101,CUST4712
REV26040,1,"very bad",ORD16040,PROD111,CUST3526
REV26041,1,"very bad",ORD16041,PROD101,CUST4817
REV26042,1,"very bad",ORD16042,PROD106,CUST2089
REV26043,3,average,ORD16043,PROD108,CUST3181
REV26044,2,bad,ORD16044,PROD101,CUST4548
REV26045,5,"very good",ORD16045,PROD100,CUST5307
REV26046,2,bad,ORD16046,PROD102,CUST4619
REV26047,1,"very bad",ORD16047,PROD104,CUST3756
REV26048,1,"very bad",ORD16048,PROD112,CUST3497
REV26049,3,average,ORD16049,PROD113,CUST5021
REV26050,3,average,ORD16050,PROD103,CUST5758
REV26051,4,good,ORD16051,PROD109,CUST1174
REV26052,1,"very bad",ORD16052,PROD105,CUST3893
REV26053,1,"very bad",ORD16053,PROD114,CUST2659
REV26054,4,good,ORD16054,PROD103,CUST4091
REV26055,1,"very bad",ORD16055,PROD111,CUST3175
REV26056,1,"very bad",ORD16056,PROD102,CUST3480
REV26057,1,"very bad",ORD16057,PROD102,CUST5569
REV26058,3,average,ORD16058,PROD106,CUST4015
REV26059,5,"very good",ORD16059,PROD103,CUST4885
REV26060,3,average,ORD16060,PROD106,CUST2129
REV26061,5,"very good",ORD16061,PROD101,CUST1957
REV26062,5,"very good",ORD16062,PROD105,CUST5495
REV26063,4,good,ORD16063,PROD101,CUST3604
REV26064,3,average,ORD16064,PROD114,CUST4850
REV26065,2,bad,ORD16065,PROD102,CUST4415
REV26066,5,"very good",ORD16066,PROD111,CUST2286
REV26067,5,"very good",ORD16067,PROD103,CUST1810
REV26068,4,good,ORD16068,PROD105,CUST2262
REV26069,1,"very bad",ORD16069,PROD107,CUST4146
REV26070,1,"very bad",ORD16070,PROD106,CUST3713
REV26071,3,average,ORD16071,PROD103,CUST2455
REV26072,5,"very good",ORD16072,PROD105,CUST1444
REV26073,5,"very good",ORD16073,PROD106,CUST2537
REV26074,3,average,ORD16074,PROD109,CUST3704
REV26075,2,bad,ORD16075,PROD113,CUST5414
REV26076,1,"very bad",ORD16076,PROD101,CUST2669
REV26077,4,good,ORD16077,PROD108,CUST4248
REV26078,5,"very good",ORD16078,PROD111,CUST3479
REV26079,1,"very bad",ORD16079,PROD101,CUST2181
REV26080,5,"very good",ORD16080,PROD107,CUST3224
REV26081,4,good,ORD16081,PROD103,CUST5495
REV26082,5,"very good",ORD16082,PROD104,CUST4769
REV26083,1,"very bad",ORD16083,PROD101,CUST5347
REV26084,3,average,ORD16084,PROD106,CUST4895
REV26085,1,"very bad",ORD16085,PROD113,CUST3911
REV26086,4,good,ORD16086,PROD110,CUST3560
REV26087,5,"very good",ORD16087,PROD102,CUST4040
REV26088,4,good,ORD16088,PROD110,CUST5308
REV26089,2,bad,ORD16089,PROD103,CUST4420
REV26090,3,average,ORD16090,PROD109,CUST5145
REV26091,2,bad,ORD16091,PROD105,CUST4154
REV26092,5,"very good",ORD16092,PROD105,CUST1025
REV26093,5,"very good",ORD16093,PROD108,CUST2881
REV26094,3,average,ORD16094,PROD110,CUST3770
REV26095,1,"very bad",ORD16095,PROD105,CUST2929
REV26096,1,"very bad",ORD16096,PROD113,CUST4813
REV26097,4,good,ORD16097,PROD103,CUST5559
REV26098,5,"very good",ORD16098,PROD105,CUST5412
REV26099,3,average,ORD16099,PROD113,CUST5010
REV26100,1,"very bad",ORD16100,PROD107,CUST4667
REV26101,1,"very bad",ORD16101,PROD114,CUST4168
REV26102,2,bad,ORD16102,PROD113,CUST4330
REV26103,5,"very good",ORD16103,PROD104,CUST5419
REV26104,1,"very bad",ORD16104,PROD100,CUST4360
REV26105,2,bad,ORD16105,PROD106,CUST2341
REV26106,2,bad,ORD16106,PROD114,CUST3367
REV26107,3,average,ORD16107,PROD102,CUST3442
REV26108,4,good,ORD16108,PROD102,CUST1681
REV26109,3,average,ORD16109,PROD111,CUST5543
REV26110,2,bad,ORD16110,PROD101,CUST5059
REV26111,2,bad,ORD16111,PROD107,CUST2155
REV26112,4,good,ORD16112,PROD109,CUST3054
REV26113,5,"very good",ORD16113,PROD105,CUST4225
REV26114,2,bad,ORD16114,PROD102,CUST5388
REV26115,5,"very good",ORD16115,PROD101,CUST2524
REV26116,4,good,ORD16116,PROD111,CUST3611
REV26117,4,good,ORD16117,PROD105,CUST2457
REV26118,5,"very good",ORD16118,PROD111,CUST1951
REV26119,5,"very good",ORD16119,PROD105,CUST5164
REV26120,5,"very good",ORD16120,PROD110,CUST4193
REV26121,3,average,ORD16121,PROD113,CUST5594
REV26122,1,"very bad",ORD16122,PROD108,CUST1295
REV26123,3,average,ORD16123,PROD103,CUST4673
REV26124,1,"very bad",ORD16124,PROD114,CUST5265
REV26125,3,average,ORD16125,PROD105,CUST3128
REV26126,2,bad,ORD16126,PROD113,CUST2490
REV26127,5,"very good",ORD16127,PROD104,CUST4940
REV26128,3,average,ORD16128,PROD109,CUST1781
REV26129,5,"very good",ORD16129,PROD113,CUST2403
REV26130,2,bad,ORD16130,PROD110,CUST2275
REV26131,1,"very bad",ORD16131,PROD109,CUST4789
REV26132,5,"very good",ORD16132,PROD108,CUST5935
REV26133,5,"very good",ORD16133,PROD109,CUST4826
REV26134,3,average,ORD16134,PROD112,CUST5998
REV26135,4,good,ORD16135,PROD102,CUST5744
REV26136,1,"very bad",ORD16136,PROD113,CUST3872
REV26137,3,average,ORD16137,PROD109,CUST3429
REV26138,2,bad,ORD16138,PROD111,CUST3638
REV26139,2,bad,ORD16139,PROD103,CUST4341
REV26140,3,average,ORD16140,PROD100,CUST4749
REV26141,4,good,ORD16141,PROD111,CUST3696
REV26142,4,good,ORD16142,PROD114,CUST5568
REV26143,5,"very good",ORD16143,PROD104,CUST5384
REV26144,1,"very bad",ORD16144,PROD105,CUST3716
REV26145,4,good,ORD16145,PROD108,CUST4049
REV26146,1,"very bad",ORD16146,PROD102,CUST4084
REV26147,3,average,ORD16147,PROD112,CUST5894
REV26148,4,good,ORD16148,PROD114,CUST4977
REV26149,2,bad,ORD16149,PROD106,CUST3684
REV26150,3,average,ORD16150,PROD101,CUST2306
REV26151,2,bad,ORD16151,PROD112,CUST4522
REV26152,1,"very bad",ORD16152,PROD114,CUST4264
REV26153,2,bad,ORD16153,PROD102,CUST3749
REV26154,3,average,ORD16154,PROD107,CUST4059
REV26155,4,good,ORD16155,PROD114,CUST2092
REV26156,3,average,ORD16156,PROD103,CUST4957
REV26157,1,"very bad",ORD16157,PROD111,CUST3086
REV26158,1,"very bad",ORD16158,PROD100,CUST1102
REV26159,1,"very bad",ORD16159,PROD113,CUST2066
REV26160,5,"very good",ORD16160,PROD109,CUST2300
REV26161,5,"very good",ORD16161,PROD104,CUST4839
REV26162,3,average,ORD16162,PROD104,CUST1348
REV26163,2,bad,ORD16163,PROD101,CUST2152
REV26164,1,"very bad",ORD16164,PROD101,CUST5479
REV26165,2,bad,ORD16165,PROD112,CUST2008
REV26166,2,bad,ORD16166,PROD105,CUST4047
REV26167,5,"very good",ORD16167,PROD104,CUST1802
REV26168,2,bad,ORD16168,PROD105,CUST3973
REV26169,1,"very bad",ORD16169,PROD100,CUST5336
REV26170,2,bad,ORD16170,PROD111,CUST1723
REV26171,1,"very bad",ORD16171,PROD107,CUST4179
REV26172,1,"very bad",ORD16172,PROD113,CUST3224
REV26173,1,"very bad",ORD16173,PROD107,CUST4009
REV26174,1,"very bad",ORD16174,PROD100,CUST2025
REV26175,2,bad,ORD16175,PROD112,CUST3141
REV26176,4,good,ORD16176,PROD109,CUST1990
REV26177,4,good,ORD16177,PROD103,CUST1501
REV26178,5,"very good",ORD16178,PROD103,CUST3844
REV26179,4,good,ORD16179,PROD101,CUST4069
REV26180,5,"very good",ORD16180,PROD105,CUST5289
REV26181,2,bad,ORD16181,PROD101,CUST2633
REV26182,4,good,ORD16182,PROD113,CUST3555
REV26183,5,"very good",ORD16183,PROD102,CUST4619
REV26184,2,bad,ORD16184,PROD106,CUST5174
REV26185,4,good,ORD16185,PROD104,CUST2731
REV26186,4,good,ORD16186,PROD105,CUST2429
REV26187,4,good,ORD16187,PROD113,CUST2439
REV26188,3,average,ORD16188,PROD103,CUST1322
REV26189,4,good,ORD16189,PROD110,CUST2037
REV26190,4,good,ORD16190,PROD111,CUST5626
REV26191,4,good,ORD16191,PROD105,CUST1292
REV26192,5,"very good",ORD16192,PROD103,CUST3222
REV26193,3,average,ORD16193,PROD111,CUST1245
REV26194,4,good,ORD16194,PROD110,CUST1429
REV26195,4,good,ORD16195,PROD102,CUST1271
REV26196,4,good,ORD16196,PROD105,CUST1059
REV26197,1,"very bad",ORD16197,PROD103,CUST4738
REV26198,4,good,ORD16198,PROD100,CUST2339
REV26199,2,bad,ORD16199,PROD108,CUST5865
REV26200,1,"very bad",ORD16200,PROD107,CUST2086
REV26201,5,"very good",ORD16201,PROD111,CUST2067
REV26202,3,average,ORD16202,PROD114,CUST2460
REV26203,3,average,ORD16203,PROD107,CUST3023
REV26204,1,"very bad",ORD16204,PROD106,CUST2587
REV26205,4,good,ORD16205,PROD104,CUST3507
REV26206,3,average,ORD16206,PROD102,CUST5073
REV26207,2,bad,ORD16207,PROD108,CUST5415
REV26208,5,"very good",ORD16208,PROD111,CUST2325
REV26209,3,average,ORD16209,PROD102,CUST3833
REV26210,2,bad,ORD16210,PROD103,CUST5379
REV26211,3,average,ORD16211,PROD113,CUST2037
REV26212,3,average,ORD16212,PROD110,CUST1589
REV26213,1,"very bad",ORD16213,PROD103,CUST4066
REV26214,3,average,ORD16214,PROD106,CUST2436
REV26215,1,"very bad",ORD16215,PROD104,CUST1249
REV26216,3,average,ORD16216,PROD111,CUST3499
REV26217,1,"very bad",ORD16217,PROD104,CUST1194
REV26218,1,"very bad",ORD16218,PROD105,CUST4930
REV26219,4,good,ORD16219,PROD104,CUST5411
REV26220,1,"very bad",ORD16220,PROD106,CUST3362
REV26221,4,good,ORD16221,PROD104,CUST3653
REV26222,4,good,ORD16222,PROD111,CUST1448
REV26223,4,good,ORD16223,PROD105,CUST5947
REV26224,1,"very bad",ORD16224,PROD112,CUST2528
REV26225,3,average,ORD16225,PROD114,CUST1041
REV26226,4,good,ORD16226,PROD113,CUST2875
REV26227,1,"very bad",ORD16227,PROD108,CUST5821
REV26228,4,good,ORD16228,PROD107,CUST5896
REV26229,3,average,ORD16229,PROD107,CUST5578
REV26230,5,"very good",ORD16230,PROD103,CUST3732
REV26231,4,good,ORD16231,PROD113,CUST1006
REV26232,1,"very bad",ORD16232,PROD107,CUST5639
REV26233,5,"very good",ORD16233,PROD108,CUST2214
REV26234,2,bad,ORD16234,PROD108,CUST1845
REV26235,1,"very bad",ORD16235,PROD107,CUST5384
REV26236,1,"very bad",ORD16236,PROD109,CUST3805
REV26237,2,bad,ORD16237,PROD114,CUST3988
REV26238,1,"very bad",ORD16238,PROD113,CUST4855
REV26239,3,average,ORD16239,PROD106,CUST4035
REV26240,4,good,ORD16240,PROD106,CUST5751
REV26241,2,bad,ORD16241,PROD114,CUST2014
REV26242,4,good,ORD16242,PROD113,CUST4686
REV26243,2,bad,ORD16243,PROD107,CUST4568
REV26244,1,"very bad",ORD16244,PROD114,CUST3414
REV26245,2,bad,ORD16245,PROD109,CUST5254
REV26246,1,"very bad",ORD16246,PROD112,CUST5328
REV26247,4,good,ORD16247,PROD105,CUST3096
REV26248,1,"very bad",ORD16248,PROD109,CUST1763
REV26249,2,bad,ORD16249,PROD111,CUST5392
REV26250,4,good,ORD16250,PROD112,CUST3293
REV26251,4,good,ORD16251,PROD114,CUST4201
REV26252,5,"very good",ORD16252,PROD113,CUST1547
REV26253,5,"very good",ORD16253,PROD108,CUST3593
REV26254,3,average,ORD16254,PROD112,CUST2693
REV26255,2,bad,ORD16255,PROD109,CUST2066
REV26256,4,good,ORD16256,PROD111,CUST1968
REV26257,5,"very good",ORD16257,PROD100,CUST1342
REV26258,5,"very good",ORD16258,PROD105,CUST2118
REV26259,3,average,ORD16259,PROD103,CUST1429
REV26260,3,average,ORD16260,PROD114,CUST3032
REV26261,3,average,ORD16261,PROD112,CUST2693
REV26262,1,"very bad",ORD16262,PROD114,CUST2313
REV26263,3,average,ORD16263,PROD108,CUST2723
REV26264,2,bad,ORD16264,PROD110,CUST3621
REV26265,4,good,ORD16265,PROD105,CUST3645
REV26266,4,good,ORD16266,PROD108,CUST2292
REV26267,1,"very bad",ORD16267,PROD103,CUST3627
REV26268,1,"very bad",ORD16268,PROD102,CUST4496
REV26269,2,bad,ORD16269,PROD114,CUST5560
REV26270,1,"very bad",ORD16270,PROD101,CUST3984
REV26271,5,"very good",ORD16271,PROD113,CUST3529
REV26272,1,"very bad",ORD16272,PROD102,CUST4404
REV26273,2,bad,ORD16273,PROD114,CUST4268
REV26274,4,good,ORD16274,PROD103,CUST4325
REV26275,2,bad,ORD16275,PROD107,CUST3718
REV26276,1,"very bad",ORD16276,PROD109,CUST2431
REV26277,3,average,ORD16277,PROD104,CUST5034
REV26278,2,bad,ORD16278,PROD103,CUST4171
REV26279,3,average,ORD16279,PROD103,CUST4805
REV26280,5,"very good",ORD16280,PROD108,CUST4476
REV26281,5,"very good",ORD16281,PROD103,CUST1275
REV26282,3,average,ORD16282,PROD108,CUST1306
REV26283,5,"very good",ORD16283,PROD112,CUST2707
REV26284,4,good,ORD16284,PROD104,CUST3410
REV26285,3,average,ORD16285,PROD102,CUST4514
REV26286,5,"very good",ORD16286,PROD104,CUST4723
REV26287,1,"very bad",ORD16287,PROD105,CUST3271
REV26288,5,"very good",ORD16288,PROD101,CUST2036
REV26289,3,average,ORD16289,PROD110,CUST5044
REV26290,4,good,ORD16290,PROD102,CUST5153
REV26291,4,good,ORD16291,PROD105,CUST3404
REV26292,1,"very bad",ORD16292,PROD103,CUST2595
REV26293,3,average,ORD16293,PROD109,CUST4221
REV26294,5,"very good",ORD16294,PROD110,CUST1043
REV26295,5,"very good",ORD16295,PROD105,CUST2691
REV26296,1,"very bad",ORD16296,PROD111,CUST5873
REV26297,5,"very good",ORD16297,PROD103,CUST1337
REV26298,4,good,ORD16298,PROD111,CUST1058
REV26299,3,average,ORD16299,PROD107,CUST1324
REV26300,1,"very bad",ORD16300,PROD104,CUST1630
REV26301,5,"very good",ORD16301,PROD106,CUST3398
REV26302,1,"very bad",ORD16302,PROD100,CUST5213
REV26303,3,average,ORD16303,PROD102,CUST3339
REV26304,3,average,ORD16304,PROD104,CUST5216
REV26305,3,average,ORD16305,PROD102,CUST4439
REV26306,2,bad,ORD16306,PROD108,CUST4776
REV26307,4,good,ORD16307,PROD114,CUST1584
REV26308,4,good,ORD16308,PROD112,CUST3312
REV26309,4,good,ORD16309,PROD104,CUST4336
REV26310,1,"very bad",ORD16310,PROD103,CUST3320
REV26311,2,bad,ORD16311,PROD106,CUST4999
REV26312,4,good,ORD16312,PROD100,CUST3448
REV26313,4,good,ORD16313,PROD104,CUST5442
REV26314,1,"very bad",ORD16314,PROD100,CUST4591
REV26315,2,bad,ORD16315,PROD102,CUST2005
REV26316,1,"very bad",ORD16316,PROD100,CUST5051
REV26317,4,good,ORD16317,PROD112,CUST5003
REV26318,3,average,ORD16318,PROD110,CUST1424
REV26319,5,"very good",ORD16319,PROD108,CUST3448
REV26320,1,"very bad",ORD16320,PROD108,CUST5945
REV26321,4,good,ORD16321,PROD108,CUST1689
REV26322,5,"very good",ORD16322,PROD102,CUST3525
REV26323,4,good,ORD16323,PROD114,CUST3470
REV26324,4,good,ORD16324,PROD114,CUST4135
REV26325,3,average,ORD16325,PROD104,CUST1035
REV26326,1,"very bad",ORD16326,PROD106,CUST3609
REV26327,4,good,ORD16327,PROD106,CUST2375
REV26328,2,bad,ORD16328,PROD105,CUST2752
REV26329,2,bad,ORD16329,PROD100,CUST4168
REV26330,3,average,ORD16330,PROD104,CUST2251
REV26331,4,good,ORD16331,PROD111,CUST5668
REV26332,2,bad,ORD16332,PROD100,CUST2100
REV26333,3,average,ORD16333,PROD109,CUST3306
REV26334,3,average,ORD16334,PROD110,CUST3576
REV26335,2,bad,ORD16335,PROD101,CUST5510
REV26336,1,"very bad",ORD16336,PROD108,CUST2075
REV26337,1,"very bad",ORD16337,PROD104,CUST5342
REV26338,4,good,ORD16338,PROD110,CUST4673
REV26339,5,"very good",ORD16339,PROD107,CUST1875
REV26340,3,average,ORD16340,PROD100,CUST1323
REV26341,2,bad,ORD16341,PROD112,CUST3600
REV26342,4,good,ORD16342,PROD101,CUST1660
REV26343,1,"very bad",ORD16343,PROD100,CUST5043
REV26344,2,bad,ORD16344,PROD102,CUST2336
REV26345,5,"very good",ORD16345,PROD109,CUST2245
REV26346,4,good,ORD16346,PROD104,CUST4080
REV26347,3,average,ORD16347,PROD103,CUST1482
REV26348,5,"very good",ORD16348,PROD105,CUST4183
REV26349,2,bad,ORD16349,PROD109,CUST2570
REV26350,4,good,ORD16350,PROD102,CUST5583
REV26351,4,good,ORD16351,PROD107,CUST4105
REV26352,5,"very good",ORD16352,PROD108,CUST5974
REV26353,4,good,ORD16353,PROD112,CUST4117
REV26354,5,"very good",ORD16354,PROD114,CUST3888
REV26355,3,average,ORD16355,PROD107,CUST5409
REV26356,3,average,ORD16356,PROD102,CUST1194
REV26357,3,average,ORD16357,PROD107,CUST2364
REV26358,2,bad,ORD16358,PROD102,CUST2715
REV26359,1,"very bad",ORD16359,PROD113,CUST3592
REV26360,4,good,ORD16360,PROD104,CUST4483
REV26361,4,good,ORD16361,PROD109,CUST2024
REV26362,3,average,ORD16362,PROD102,CUST1983
REV26363,1,"very bad",ORD16363,PROD107,CUST2795
REV26364,2,bad,ORD16364,PROD113,CUST4868
REV26365,3,average,ORD16365,PROD107,CUST4608
REV26366,4,good,ORD16366,PROD104,CUST1409
REV26367,4,good,ORD16367,PROD112,CUST1703
REV26368,1,"very bad",ORD16368,PROD107,CUST5292
REV26369,2,bad,ORD16369,PROD114,CUST1202
REV26370,5,"very good",ORD16370,PROD111,CUST3119
REV26371,4,good,ORD16371,PROD111,CUST4196
REV26372,1,"very bad",ORD16372,PROD113,CUST1085
REV26373,5,"very good",ORD16373,PROD104,CUST5334
REV26374,1,"very bad",ORD16374,PROD113,CUST2554
REV26375,5,"very good",ORD16375,PROD112,CUST1743
REV26376,2,bad,ORD16376,PROD101,CUST4062
REV26377,5,"very good",ORD16377,PROD108,CUST1218
REV26378,5,"very good",ORD16378,PROD110,CUST4876
REV26379,5,"very good",ORD16379,PROD102,CUST1726
REV26380,3,average,ORD16380,PROD104,CUST3349
REV26381,3,average,ORD16381,PROD107,CUST1681
REV26382,4,good,ORD16382,PROD106,CUST4544
REV26383,1,"very bad",ORD16383,PROD105,CUST1355
REV26384,3,average,ORD16384,PROD103,CUST5365
REV26385,3,average,ORD16385,PROD106,CUST2340
REV26386,2,bad,ORD16386,PROD110,CUST4205
REV26387,5,"very good",ORD16387,PROD111,CUST1106
REV26388,2,bad,ORD16388,PROD108,CUST3766
REV26389,5,"very good",ORD16389,PROD112,CUST4227
REV26390,4,good,ORD16390,PROD104,CUST5251
REV26391,3,average,ORD16391,PROD114,CUST5232
REV26392,5,"very good",ORD16392,PROD112,CUST5482
REV26393,3,average,ORD16393,PROD102,CUST1045
REV26394,5,"very good",ORD16394,PROD113,CUST4198
REV26395,2,bad,ORD16395,PROD103,CUST3440
REV26396,2,bad,ORD16396,PROD111,CUST3989
REV26397,3,average,ORD16397,PROD106,CUST5416
REV26398,1,"very bad",ORD16398,PROD105,CUST5720
REV26399,1,"very bad",ORD16399,PROD103,CUST4202
REV26400,5,"very good",ORD16400,PROD107,CUST1930
REV26401,1,"very bad",ORD16401,PROD113,CUST1351
REV26402,2,bad,ORD16402,PROD113,CUST2083
REV26403,3,average,ORD16403,PROD105,CUST3552
REV26404,5,"very good",ORD16404,PROD111,CUST1517
REV26405,1,"very bad",ORD16405,PROD100,CUST2016
REV26406,3,average,ORD16406,PROD107,CUST3576
REV26407,4,good,ORD16407,PROD106,CUST3487
REV26408,2,bad,ORD16408,PROD103,CUST4245
REV26409,2,bad,ORD16409,PROD113,CUST4447
REV26410,1,"very bad",ORD16410,PROD106,CUST5968
REV26411,3,average,ORD16411,PROD110,CUST2401
REV26412,2,bad,ORD16412,PROD109,CUST4896
REV26413,4,good,ORD16413,PROD107,CUST2011
REV26414,3,average,ORD16414,PROD102,CUST5993
REV26415,2,bad,ORD16415,PROD112,CUST3058
REV26416,5,"very good",ORD16416,PROD111,CUST1676
REV26417,1,"very bad",ORD16417,PROD111,CUST1537
REV26418,5,"very good",ORD16418,PROD100,CUST4200
REV26419,1,"very bad",ORD16419,PROD104,CUST3331
REV26420,3,average,ORD16420,PROD105,CUST1391
REV26421,4,good,ORD16421,PROD102,CUST1602
REV26422,3,average,ORD16422,PROD100,CUST5547
REV26423,2,bad,ORD16423,PROD109,CUST2865
REV26424,5,"very good",ORD16424,PROD113,CUST5305
REV26425,5,"very good",ORD16425,PROD106,CUST1065
REV26426,2,bad,ORD16426,PROD106,CUST2776
REV26427,4,good,ORD16427,PROD110,CUST1928
REV26428,5,"very good",ORD16428,PROD109,CUST2235
REV26429,3,average,ORD16429,PROD105,CUST1818
REV26430,1,"very bad",ORD16430,PROD113,CUST5204
REV26431,3,average,ORD16431,PROD108,CUST3738
REV26432,5,"very good",ORD16432,PROD108,CUST4658
REV26433,3,average,ORD16433,PROD113,CUST5325
REV26434,4,good,ORD16434,PROD105,CUST3367
REV26435,3,average,ORD16435,PROD103,CUST4998
REV26436,1,"very bad",ORD16436,PROD103,CUST5693
REV26437,2,bad,ORD16437,PROD101,CUST3028
REV26438,2,bad,ORD16438,PROD113,CUST2940
REV26439,5,"very good",ORD16439,PROD109,CUST5436
REV26440,2,bad,ORD16440,PROD107,CUST5086
REV26441,3,average,ORD16441,PROD101,CUST1989
REV26442,2,bad,ORD16442,PROD104,CUST1882
REV26443,4,good,ORD16443,PROD100,CUST1378
REV26444,4,good,ORD16444,PROD112,CUST2616
REV26445,3,average,ORD16445,PROD106,CUST3938
REV26446,1,"very bad",ORD16446,PROD105,CUST2822
REV26447,5,"very good",ORD16447,PROD101,CUST3367
REV26448,2,bad,ORD16448,PROD112,CUST5952
REV26449,2,bad,ORD16449,PROD101,CUST4194
REV26450,1,"very bad",ORD16450,PROD104,CUST3606
REV26451,5,"very good",ORD16451,PROD106,CUST4736
REV26452,2,bad,ORD16452,PROD108,CUST4365
REV26453,4,good,ORD16453,PROD109,CUST3366
REV26454,4,good,ORD16454,PROD110,CUST3642
REV26455,2,bad,ORD16455,PROD112,CUST2272
REV26456,4,good,ORD16456,PROD111,CUST5079
REV26457,5,"very good",ORD16457,PROD113,CUST3733
REV26458,2,bad,ORD16458,PROD102,CUST2583
REV26459,4,good,ORD16459,PROD100,CUST5503
REV26460,1,"very bad",ORD16460,PROD104,CUST2230
REV26461,3,average,ORD16461,PROD114,CUST2330
REV26462,3,average,ORD16462,PROD100,CUST5133
REV26463,2,bad,ORD16463,PROD108,CUST2801
REV26464,2,bad,ORD16464,PROD111,CUST5470
REV26465,5,"very good",ORD16465,PROD102,CUST1998
REV26466,5,"very good",ORD16466,PROD105,CUST2820
REV26467,4,good,ORD16467,PROD105,CUST2504
REV26468,4,good,ORD16468,PROD102,CUST3046
REV26469,4,good,ORD16469,PROD106,CUST5023
REV26470,2,bad,ORD16470,PROD104,CUST3280
REV26471,5,"very good",ORD16471,PROD105,CUST3746
REV26472,1,"very bad",ORD16472,PROD110,CUST1695
REV26473,4,good,ORD16473,PROD112,CUST3117
REV26474,3,average,ORD16474,PROD111,CUST4597
REV26475,2,bad,ORD16475,PROD113,CUST5453
REV26476,2,bad,ORD16476,PROD108,CUST4990
REV26477,4,good,ORD16477,PROD112,CUST4443
REV26478,5,"very good",ORD16478,PROD109,CUST3674
REV26479,1,"very bad",ORD16479,PROD109,CUST4476
REV26480,4,good,ORD16480,PROD112,CUST5304
REV26481,4,good,ORD16481,PROD100,CUST2236
REV26482,5,"very good",ORD16482,PROD106,CUST4121
REV26483,3,average,ORD16483,PROD102,CUST1933
REV26484,2,bad,ORD16484,PROD111,CUST3759
REV26485,4,good,ORD16485,PROD102,CUST5521
REV26486,3,average,ORD16486,PROD106,CUST5555
REV26487,4,good,ORD16487,PROD111,CUST1231
REV26488,5,"very good",ORD16488,PROD105,CUST2484
REV26489,2,bad,ORD16489,PROD113,CUST5441
REV26490,1,"very bad",ORD16490,PROD103,CUST3292
REV26491,4,good,ORD16491,PROD101,CUST5390
REV26492,5,"very good",ORD16492,PROD111,CUST2183
REV26493,2,bad,ORD16493,PROD112,CUST1503
REV26494,3,average,ORD16494,PROD106,CUST3637
REV26495,2,bad,ORD16495,PROD106,CUST2016
REV26496,3,average,ORD16496,PROD114,CUST3247
REV26497,3,average,ORD16497,PROD104,CUST4186
REV26498,3,average,ORD16498,PROD107,CUST4912
REV26499,4,good,ORD16499,PROD113,CUST4820
REV26500,2,bad,ORD16500,PROD110,CUST3931
REV26501,5,"very good",ORD16501,PROD110,CUST3888
REV26502,5,"very good",ORD16502,PROD104,CUST4101
REV26503,2,bad,ORD16503,PROD111,CUST4845
REV26504,5,"very good",ORD16504,PROD113,CUST1536
REV26505,3,average,ORD16505,PROD113,CUST5552
REV26506,4,good,ORD16506,PROD107,CUST4645
REV26507,3,average,ORD16507,PROD113,CUST1743
REV26508,3,average,ORD16508,PROD111,CUST4494
REV26509,3,average,ORD16509,PROD106,CUST5638
REV26510,5,"very good",ORD16510,PROD109,CUST2501
REV26511,2,bad,ORD16511,PROD110,CUST2039
REV26512,2,bad,ORD16512,PROD103,CUST1776
REV26513,3,average,ORD16513,PROD105,CUST5434
REV26514,3,average,ORD16514,PROD114,CUST4107
REV26515,5,"very good",ORD16515,PROD113,CUST4377
REV26516,4,good,ORD16516,PROD101,CUST3884
REV26517,4,good,ORD16517,PROD105,CUST1532
REV26518,3,average,ORD16518,PROD104,CUST1437
REV26519,3,average,ORD16519,PROD101,CUST4909
REV26520,2,bad,ORD16520,PROD111,CUST1985
REV26521,1,"very bad",ORD16521,PROD104,CUST2000
REV26522,2,bad,ORD16522,PROD113,CUST3508
REV26523,4,good,ORD16523,PROD104,CUST1765
REV26524,1,"very bad",ORD16524,PROD102,CUST3430
REV26525,1,"very bad",ORD16525,PROD104,CUST2709
REV26526,3,average,ORD16526,PROD103,CUST1461
REV26527,2,bad,ORD16527,PROD108,CUST2300
REV26528,3,average,ORD16528,PROD102,CUST1826
REV26529,5,"very good",ORD16529,PROD109,CUST1293
REV26530,3,average,ORD16530,PROD107,CUST1568
REV26531,3,average,ORD16531,PROD103,CUST3742
REV26532,2,bad,ORD16532,PROD101,CUST4419
REV26533,4,good,ORD16533,PROD110,CUST4179
REV26534,2,bad,ORD16534,PROD113,CUST4396
REV26535,3,average,ORD16535,PROD112,CUST5049
REV26536,3,average,ORD16536,PROD112,CUST2387
REV26537,3,average,ORD16537,PROD111,CUST3265
REV26538,3,average,ORD16538,PROD103,CUST3297
REV26539,5,"very good",ORD16539,PROD104,CUST3340
REV26540,2,bad,ORD16540,PROD107,CUST1170
REV26541,1,"very bad",ORD16541,PROD112,CUST5363
REV26542,5,"very good",ORD16542,PROD113,CUST2631
REV26543,2,bad,ORD16543,PROD105,CUST1413
REV26544,2,bad,ORD16544,PROD107,CUST4157
REV26545,2,bad,ORD16545,PROD107,CUST2277
REV26546,5,"very good",ORD16546,PROD103,CUST4950
REV26547,3,average,ORD16547,PROD101,CUST5448
REV26548,5,"very good",ORD16548,PROD107,CUST4164
REV26549,3,average,ORD16549,PROD112,CUST4322
REV26550,5,"very good",ORD16550,PROD102,CUST3744
REV26551,5,"very good",ORD16551,PROD101,CUST4818
REV26552,1,"very bad",ORD16552,PROD111,CUST4973
REV26553,1,"very bad",ORD16553,PROD101,CUST5618
REV26554,2,bad,ORD16554,PROD109,CUST5923
REV26555,3,average,ORD16555,PROD105,CUST3827
REV26556,1,"very bad",ORD16556,PROD111,CUST1305
REV26557,5,"very good",ORD16557,PROD112,CUST3228
REV26558,5,"very good",ORD16558,PROD111,CUST3531
REV26559,3,average,ORD16559,PROD100,CUST4757
REV26560,2,bad,ORD16560,PROD107,CUST3007
REV26561,5,"very good",ORD16561,PROD103,CUST2413
REV26562,2,bad,ORD16562,PROD103,CUST4180
REV26563,5,"very good",ORD16563,PROD108,CUST3079
REV26564,5,"very good",ORD16564,PROD114,CUST5702
REV26565,3,average,ORD16565,PROD104,CUST2587
REV26566,1,"very bad",ORD16566,PROD100,CUST2193
REV26567,5,"very good",ORD16567,PROD104,CUST1699
REV26568,3,average,ORD16568,PROD104,CUST1499
REV26569,4,good,ORD16569,PROD106,CUST2539
REV26570,3,average,ORD16570,PROD113,CUST3946
REV26571,5,"very good",ORD16571,PROD114,CUST4855
REV26572,4,good,ORD16572,PROD102,CUST1822
REV26573,3,average,ORD16573,PROD102,CUST4610
REV26574,3,average,ORD16574,PROD104,CUST4978
REV26575,5,"very good",ORD16575,PROD104,CUST4951
REV26576,3,average,ORD16576,PROD102,CUST2726
REV26577,4,good,ORD16577,PROD103,CUST3751
REV26578,1,"very bad",ORD16578,PROD110,CUST1214
REV26579,1,"very bad",ORD16579,PROD111,CUST5206
REV26580,5,"very good",ORD16580,PROD109,CUST4974
REV26581,2,bad,ORD16581,PROD113,CUST4812
REV26582,5,"very good",ORD16582,PROD106,CUST3832
REV26583,4,good,ORD16583,PROD102,CUST2470
REV26584,4,good,ORD16584,PROD104,CUST3441
REV26585,2,bad,ORD16585,PROD110,CUST1607
REV26586,4,good,ORD16586,PROD108,CUST3026
REV26587,4,good,ORD16587,PROD110,CUST3562
REV26588,4,good,ORD16588,PROD109,CUST4281
REV26589,2,bad,ORD16589,PROD104,CUST1533
REV26590,1,"very bad",ORD16590,PROD104,CUST1098
REV26591,4,good,ORD16591,PROD104,CUST3888
REV26592,2,bad,ORD16592,PROD104,CUST4399
REV26593,3,average,ORD16593,PROD100,CUST3855
REV26594,1,"very bad",ORD16594,PROD101,CUST1034
REV26595,2,bad,ORD16595,PROD107,CUST1406
REV26596,3,average,ORD16596,PROD107,CUST4540
REV26597,4,good,ORD16597,PROD100,CUST5011
REV26598,3,average,ORD16598,PROD104,CUST5250
REV26599,2,bad,ORD16599,PROD106,CUST2655
REV26600,1,"very bad",ORD16600,PROD106,CUST1108
REV26601,3,average,ORD16601,PROD104,CUST2744
REV26602,2,bad,ORD16602,PROD114,CUST3637
REV26603,4,good,ORD16603,PROD110,CUST5386
REV26604,4,good,ORD16604,PROD114,CUST2040
REV26605,2,bad,ORD16605,PROD101,CUST2321
REV26606,2,bad,ORD16606,PROD100,CUST3981
REV26607,2,bad,ORD16607,PROD109,CUST3299
REV26608,3,average,ORD16608,PROD111,CUST4973
REV26609,4,good,ORD16609,PROD110,CUST4850
REV26610,1,"very bad",ORD16610,PROD107,CUST3042
REV26611,4,good,ORD16611,PROD102,CUST5895
REV26612,5,"very good",ORD16612,PROD105,CUST1375
REV26613,3,average,ORD16613,PROD112,CUST3659
REV26614,4,good,ORD16614,PROD103,CUST3464
REV26615,5,"very good",ORD16615,PROD101,CUST3274
REV26616,1,"very bad",ORD16616,PROD102,CUST1587
REV26617,3,average,ORD16617,PROD100,CUST4085
REV26618,2,bad,ORD16618,PROD104,CUST3338
REV26619,5,"very good",ORD16619,PROD100,CUST1466
REV26620,5,"very good",ORD16620,PROD103,CUST4030
REV26621,5,"very good",ORD16621,PROD110,CUST2780
REV26622,4,good,ORD16622,PROD112,CUST2050
REV26623,4,good,ORD16623,PROD107,CUST2272
REV26624,4,good,ORD16624,PROD106,CUST3798
REV26625,3,average,ORD16625,PROD104,CUST1038
REV26626,2,bad,ORD16626,PROD113,CUST4372
REV26627,1,"very bad",ORD16627,PROD112,CUST5744
REV26628,4,good,ORD16628,PROD111,CUST2968
REV26629,5,"very good",ORD16629,PROD111,CUST2580
REV26630,2,bad,ORD16630,PROD106,CUST1869
REV26631,1,"very bad",ORD16631,PROD106,CUST3046
REV26632,2,bad,ORD16632,PROD113,CUST3052
REV26633,4,good,ORD16633,PROD106,CUST5734
REV26634,2,bad,ORD16634,PROD109,CUST4024
REV26635,2,bad,ORD16635,PROD112,CUST5391
REV26636,2,bad,ORD16636,PROD110,CUST2338
REV26637,3,average,ORD16637,PROD114,CUST2440
REV26638,1,"very bad",ORD16638,PROD102,CUST3481
REV26639,5,"very good",ORD16639,PROD108,CUST2569
REV26640,1,"very bad",ORD16640,PROD108,CUST5015
REV26641,2,bad,ORD16641,PROD102,CUST5652
REV26642,4,good,ORD16642,PROD105,CUST5798
REV26643,3,average,ORD16643,PROD110,CUST3812
REV26644,3,average,ORD16644,PROD104,CUST1108
REV26645,1,"very bad",ORD16645,PROD108,CUST4173
REV26646,2,bad,ORD16646,PROD101,CUST4412
REV26647,2,bad,ORD16647,PROD100,CUST1746
REV26648,3,average,ORD16648,PROD100,CUST5524
REV26649,1,"very bad",ORD16649,PROD109,CUST1019
REV26650,3,average,ORD16650,PROD109,CUST4787
REV26651,4,good,ORD16651,PROD107,CUST2061
REV26652,4,good,ORD16652,PROD102,CUST2797
REV26653,2,bad,ORD16653,PROD105,CUST1722
REV26654,2,bad,ORD16654,PROD101,CUST3593
REV26655,1,"very bad",ORD16655,PROD105,CUST3272
REV26656,3,average,ORD16656,PROD106,CUST2461
REV26657,4,good,ORD16657,PROD107,CUST3404
REV26658,3,average,ORD16658,PROD100,CUST2643
REV26659,2,bad,ORD16659,PROD103,CUST1306
REV26660,4,good,ORD16660,PROD110,CUST2329
REV26661,4,good,ORD16661,PROD106,CUST4739
REV26662,5,"very good",ORD16662,PROD103,CUST2884
REV26663,3,average,ORD16663,PROD109,CUST1596
REV26664,3,average,ORD16664,PROD104,CUST1850
REV26665,4,good,ORD16665,PROD104,CUST2291
REV26666,1,"very bad",ORD16666,PROD103,CUST3833
REV26667,4,good,ORD16667,PROD110,CUST2550
REV26668,1,"very bad",ORD16668,PROD110,CUST4218
REV26669,4,good,ORD16669,PROD103,CUST5446
REV26670,1,"very bad",ORD16670,PROD111,CUST5119
REV26671,4,good,ORD16671,PROD112,CUST4800
REV26672,4,good,ORD16672,PROD106,CUST2196
REV26673,2,bad,ORD16673,PROD110,CUST3141
REV26674,5,"very good",ORD16674,PROD105,CUST5836
REV26675,5,"very good",ORD16675,PROD109,CUST3179
REV26676,1,"very bad",ORD16676,PROD101,CUST1685
REV26677,4,good,ORD16677,PROD111,CUST1488
REV26678,5,"very good",ORD16678,PROD111,CUST5244
REV26679,4,good,ORD16679,PROD102,CUST4501
REV26680,2,bad,ORD16680,PROD106,CUST3795
REV26681,1,"very bad",ORD16681,PROD105,CUST1216
REV26682,4,good,ORD16682,PROD108,CUST2280
REV26683,2,bad,ORD16683,PROD109,CUST3813
REV26684,5,"very good",ORD16684,PROD105,CUST5704
REV26685,2,bad,ORD16685,PROD109,CUST5930
REV26686,3,average,ORD16686,PROD103,CUST3138
REV26687,1,"very bad",ORD16687,PROD108,CUST1799
REV26688,2,bad,ORD16688,PROD114,CUST5544
REV26689,2,bad,ORD16689,PROD113,CUST3798
REV26690,1,"very bad",ORD16690,PROD102,CUST3024
REV26691,1,"very bad",ORD16691,PROD102,CUST4521
REV26692,5,"very good",ORD16692,PROD102,CUST5361
REV26693,5,"very good",ORD16693,PROD107,CUST4390
REV26694,2,bad,ORD16694,PROD113,CUST1620
REV26695,1,"very bad",ORD16695,PROD114,CUST1811
REV26696,4,good,ORD16696,PROD102,CUST1985
REV26697,1,"very bad",ORD16697,PROD108,CUST4419
REV26698,3,average,ORD16698,PROD100,CUST2589
REV26699,5,"very good",ORD16699,PROD112,CUST5986
REV26700,2,bad,ORD16700,PROD105,CUST3078
REV26701,1,"very bad",ORD16701,PROD113,CUST5433
REV26702,3,average,ORD16702,PROD110,CUST1346
REV26703,5,"very good",ORD16703,PROD105,CUST3446
REV26704,4,good,ORD16704,PROD104,CUST5404
REV26705,3,average,ORD16705,PROD113,CUST1783
REV26706,1,"very bad",ORD16706,PROD112,CUST4124
REV26707,3,average,ORD16707,PROD106,CUST2312
REV26708,3,average,ORD16708,PROD100,CUST4183
REV26709,5,"very good",ORD16709,PROD103,CUST4216
REV26710,2,bad,ORD16710,PROD104,CUST1717
REV26711,5,"very good",ORD16711,PROD100,CUST4010
REV26712,3,average,ORD16712,PROD111,CUST1144
REV26713,4,good,ORD16713,PROD103,CUST3705
REV26714,3,average,ORD16714,PROD101,CUST5456
REV26715,4,good,ORD16715,PROD112,CUST3712
REV26716,1,"very bad",ORD16716,PROD103,CUST3844
REV26717,3,average,ORD16717,PROD104,CUST3121
REV26718,5,"very good",ORD16718,PROD111,CUST4778
REV26719,5,"very good",ORD16719,PROD112,CUST3970
REV26720,3,average,ORD16720,PROD100,CUST3203
REV26721,2,bad,ORD16721,PROD103,CUST1096
REV26722,3,average,ORD16722,PROD106,CUST2282
REV26723,3,average,ORD16723,PROD110,CUST4392
REV26724,4,good,ORD16724,PROD102,CUST4739
REV26725,1,"very bad",ORD16725,PROD106,CUST5805
REV26726,1,"very bad",ORD16726,PROD111,CUST1258
REV26727,1,"very bad",ORD16727,PROD100,CUST5104
REV26728,1,"very bad",ORD16728,PROD102,CUST4332
REV26729,4,good,ORD16729,PROD107,CUST5161
REV26730,3,average,ORD16730,PROD101,CUST3951
REV26731,2,bad,ORD16731,PROD107,CUST5252
REV26732,2,bad,ORD16732,PROD104,CUST1898
REV26733,1,"very bad",ORD16733,PROD110,CUST4995
REV26734,1,"very bad",ORD16734,PROD111,CUST4260
REV26735,4,good,ORD16735,PROD101,CUST2954
REV26736,2,bad,ORD16736,PROD102,CUST2023
REV26737,2,bad,ORD16737,PROD104,CUST3302
REV26738,2,bad,ORD16738,PROD103,CUST2719
REV26739,4,good,ORD16739,PROD110,CUST3089
REV26740,2,bad,ORD16740,PROD102,CUST3023
REV26741,1,"very bad",ORD16741,PROD105,CUST4550
REV26742,5,"very good",ORD16742,PROD100,CUST3365
REV26743,1,"very bad",ORD16743,PROD103,CUST4071
REV26744,1,"very bad",ORD16744,PROD101,CUST2510
REV26745,5,"very good",ORD16745,PROD103,CUST3840
REV26746,3,average,ORD16746,PROD100,CUST1019
REV26747,3,average,ORD16747,PROD102,CUST4572
REV26748,1,"very bad",ORD16748,PROD107,CUST3783
REV26749,3,average,ORD16749,PROD102,CUST3312
REV26750,4,good,ORD16750,PROD108,CUST3473
REV26751,5,"very good",ORD16751,PROD102,CUST5453
REV26752,1,"very bad",ORD16752,PROD113,CUST4512
REV26753,1,"very bad",ORD16753,PROD108,CUST3736
REV26754,3,average,ORD16754,PROD114,CUST2098
REV26755,2,bad,ORD16755,PROD109,CUST3826
REV26756,3,average,ORD16756,PROD103,CUST4084
REV26757,3,average,ORD16757,PROD111,CUST4539
REV26758,2,bad,ORD16758,PROD108,CUST2825
REV26759,2,bad,ORD16759,PROD102,CUST1572
REV26760,1,"very bad",ORD16760,PROD104,CUST5938
REV26761,4,good,ORD16761,PROD109,CUST3448
REV26762,5,"very good",ORD16762,PROD106,CUST4315
REV26763,3,average,ORD16763,PROD101,CUST1204
REV26764,2,bad,ORD16764,PROD110,CUST5192
REV26765,3,average,ORD16765,PROD111,CUST2941
REV26766,4,good,ORD16766,PROD112,CUST1477
REV26767,4,good,ORD16767,PROD112,CUST4580
REV26768,2,bad,ORD16768,PROD101,CUST1468
REV26769,4,good,ORD16769,PROD110,CUST2197
REV26770,5,"very good",ORD16770,PROD110,CUST5820
REV26771,3,average,ORD16771,PROD104,CUST4555
REV26772,2,bad,ORD16772,PROD110,CUST4491
REV26773,1,"very bad",ORD16773,PROD101,CUST5012
REV26774,1,"very bad",ORD16774,PROD110,CUST4346
REV26775,1,"very bad",ORD16775,PROD103,CUST5978
REV26776,4,good,ORD16776,PROD101,CUST5717
REV26777,4,good,ORD16777,PROD100,CUST4401
REV26778,4,good,ORD16778,PROD101,CUST2691
REV26779,1,"very bad",ORD16779,PROD105,CUST1826
REV26780,4,good,ORD16780,PROD108,CUST2771
REV26781,5,"very good",ORD16781,PROD102,CUST5464
REV26782,5,"very good",ORD16782,PROD103,CUST3728
REV26783,1,"very bad",ORD16783,PROD110,CUST5702
REV26784,1,"very bad",ORD16784,PROD109,CUST5873
REV26785,4,good,ORD16785,PROD110,CUST5061
REV26786,5,"very good",ORD16786,PROD105,CUST3481
REV26787,3,average,ORD16787,PROD107,CUST1787
REV26788,2,bad,ORD16788,PROD105,CUST4889
REV26789,2,bad,ORD16789,PROD105,CUST2220
REV26790,5,"very good",ORD16790,PROD107,CUST4843
REV26791,1,"very bad",ORD16791,PROD103,CUST1930
REV26792,1,"very bad",ORD16792,PROD100,CUST2422
REV26793,4,good,ORD16793,PROD111,CUST1606
REV26794,5,"very good",ORD16794,PROD107,CUST4983
REV26795,1,"very bad",ORD16795,PROD102,CUST2203
REV26796,5,"very good",ORD16796,PROD106,CUST2266
REV26797,4,good,ORD16797,PROD107,CUST5214
REV26798,1,"very bad",ORD16798,PROD106,CUST5970
REV26799,4,good,ORD16799,PROD108,CUST4209
REV26800,4,good,ORD16800,PROD109,CUST3027
REV26801,3,average,ORD16801,PROD108,CUST5517
REV26802,1,"very bad",ORD16802,PROD109,CUST2037
REV26803,4,good,ORD16803,PROD102,CUST5335
REV26804,5,"very good",ORD16804,PROD106,CUST1108
REV26805,4,good,ORD16805,PROD110,CUST3241
REV26806,2,bad,ORD16806,PROD108,CUST3162
REV26807,1,"very bad",ORD16807,PROD112,CUST3050
REV26808,2,bad,ORD16808,PROD100,CUST4834
REV26809,1,"very bad",ORD16809,PROD101,CUST1634
REV26810,3,average,ORD16810,PROD101,CUST5416
REV26811,1,"very bad",ORD16811,PROD114,CUST4015
REV26812,1,"very bad",ORD16812,PROD113,CUST1798
REV26813,5,"very good",ORD16813,PROD101,CUST3728
REV26814,4,good,ORD16814,PROD104,CUST5001
REV26815,1,"very bad",ORD16815,PROD101,CUST1736
REV26816,3,average,ORD16816,PROD112,CUST2722
REV26817,1,"very bad",ORD16817,PROD109,CUST5941
REV26818,1,"very bad",ORD16818,PROD109,CUST4326
REV26819,5,"very good",ORD16819,PROD106,CUST2871
REV26820,4,good,ORD16820,PROD109,CUST5437
REV26821,5,"very good",ORD16821,PROD110,CUST2904
REV26822,1,"very bad",ORD16822,PROD112,CUST1949
REV26823,2,bad,ORD16823,PROD107,CUST2035
REV26824,3,average,ORD16824,PROD113,CUST2016
REV26825,3,average,ORD16825,PROD101,CUST5935
REV26826,5,"very good",ORD16826,PROD110,CUST3585
REV26827,2,bad,ORD16827,PROD109,CUST1252
REV26828,5,"very good",ORD16828,PROD114,CUST5240
REV26829,4,good,ORD16829,PROD113,CUST5075
REV26830,2,bad,ORD16830,PROD101,CUST2141
REV26831,2,bad,ORD16831,PROD107,CUST4722
REV26832,2,bad,ORD16832,PROD106,CUST4419
REV26833,2,bad,ORD16833,PROD106,CUST2895
REV26834,4,good,ORD16834,PROD103,CUST3898
REV26835,3,average,ORD16835,PROD102,CUST3479
REV26836,5,"very good",ORD16836,PROD107,CUST1405
REV26837,5,"very good",ORD16837,PROD110,CUST2608
REV26838,3,average,ORD16838,PROD104,CUST1484
REV26839,5,"very good",ORD16839,PROD103,CUST3800
REV26840,5,"very good",ORD16840,PROD114,CUST1996
REV26841,5,"very good",ORD16841,PROD106,CUST4830
REV26842,2,bad,ORD16842,PROD108,CUST5974
REV26843,2,bad,ORD16843,PROD110,CUST2865
REV26844,4,good,ORD16844,PROD108,CUST2910
REV26845,3,average,ORD16845,PROD113,CUST5673
REV26846,2,bad,ORD16846,PROD107,CUST2248
REV26847,5,"very good",ORD16847,PROD110,CUST1846
REV26848,4,good,ORD16848,PROD111,CUST3529
REV26849,1,"very bad",ORD16849,PROD103,CUST1406
REV26850,4,good,ORD16850,PROD112,CUST3534
REV26851,2,bad,ORD16851,PROD108,CUST4265
REV26852,1,"very bad",ORD16852,PROD110,CUST4529
REV26853,2,bad,ORD16853,PROD104,CUST4886
REV26854,4,good,ORD16854,PROD101,CUST4714
REV26855,3,average,ORD16855,PROD109,CUST1351
REV26856,1,"very bad",ORD16856,PROD113,CUST5727
REV26857,5,"very good",ORD16857,PROD108,CUST5171
REV26858,2,bad,ORD16858,PROD107,CUST1390
REV26859,3,average,ORD16859,PROD114,CUST3371
REV26860,2,bad,ORD16860,PROD101,CUST2289
REV26861,3,average,ORD16861,PROD103,CUST5039
REV26862,4,good,ORD16862,PROD101,CUST1300
REV26863,2,bad,ORD16863,PROD110,CUST4171
REV26864,2,bad,ORD16864,PROD107,CUST5479
REV26865,2,bad,ORD16865,PROD102,CUST5888
REV26866,2,bad,ORD16866,PROD109,CUST2988
REV26867,3,average,ORD16867,PROD106,CUST4251
REV26868,2,bad,ORD16868,PROD106,CUST2133
REV26869,5,"very good",ORD16869,PROD101,CUST2284
REV26870,5,"very good",ORD16870,PROD105,CUST2553
REV26871,5,"very good",ORD16871,PROD106,CUST1667
REV26872,5,"very good",ORD16872,PROD105,CUST4093
REV26873,2,bad,ORD16873,PROD111,CUST1591
REV26874,1,"very bad",ORD16874,PROD109,CUST1804
REV26875,4,good,ORD16875,PROD110,CUST4289
REV26876,4,good,ORD16876,PROD110,CUST3502
REV26877,2,bad,ORD16877,PROD106,CUST5938
REV26878,1,"very bad",ORD16878,PROD102,CUST3099
REV26879,2,bad,ORD16879,PROD100,CUST3117
REV26880,1,"very bad",ORD16880,PROD112,CUST2602
REV26881,4,good,ORD16881,PROD113,CUST2552
REV26882,3,average,ORD16882,PROD111,CUST5868
REV26883,2,bad,ORD16883,PROD106,CUST3610
REV26884,1,"very bad",ORD16884,PROD110,CUST2236
REV26885,2,bad,ORD16885,PROD109,CUST4063
REV26886,3,average,ORD16886,PROD110,CUST4646
REV26887,3,average,ORD16887,PROD112,CUST1412
REV26888,2,bad,ORD16888,PROD110,CUST4533
REV26889,2,bad,ORD16889,PROD106,CUST4633
REV26890,1,"very bad",ORD16890,PROD105,CUST5956
REV26891,2,bad,ORD16891,PROD107,CUST2777
REV26892,1,"very bad",ORD16892,PROD108,CUST3205
REV26893,1,"very bad",ORD16893,PROD106,CUST5616
REV26894,2,bad,ORD16894,PROD105,CUST4295
REV26895,1,"very bad",ORD16895,PROD105,CUST2171
REV26896,3,average,ORD16896,PROD108,CUST1020
REV26897,4,good,ORD16897,PROD108,CUST3929
REV26898,1,"very bad",ORD16898,PROD112,CUST4777
REV26899,4,good,ORD16899,PROD102,CUST5731
REV26900,3,average,ORD16900,PROD111,CUST1786
REV26901,5,"very good",ORD16901,PROD105,CUST4220
REV26902,5,"very good",ORD16902,PROD108,CUST2713
REV26903,3,average,ORD16903,PROD107,CUST1997
REV26904,4,good,ORD16904,PROD107,CUST2062
REV26905,1,"very bad",ORD16905,PROD109,CUST2448
REV26906,3,average,ORD16906,PROD114,CUST4648
REV26907,2,bad,ORD16907,PROD101,CUST2395
REV26908,5,"very good",ORD16908,PROD100,CUST2409
REV26909,2,bad,ORD16909,PROD108,CUST2835
REV26910,2,bad,ORD16910,PROD106,CUST1138
REV26911,1,"very bad",ORD16911,PROD103,CUST1899
REV26912,3,average,ORD16912,PROD113,CUST2016
REV26913,5,"very good",ORD16913,PROD103,CUST4864
REV26914,3,average,ORD16914,PROD104,CUST2072
REV26915,5,"very good",ORD16915,PROD104,CUST2964
REV26916,1,"very bad",ORD16916,PROD103,CUST4825
REV26917,4,good,ORD16917,PROD108,CUST4070
REV26918,2,bad,ORD16918,PROD102,CUST2958
REV26919,5,"very good",ORD16919,PROD111,CUST5349
REV26920,4,good,ORD16920,PROD107,CUST4381
REV26921,1,"very bad",ORD16921,PROD113,CUST4492
REV26922,5,"very good",ORD16922,PROD112,CUST2431
REV26923,4,good,ORD16923,PROD105,CUST5750
REV26924,5,"very good",ORD16924,PROD109,CUST3740
REV26925,4,good,ORD16925,PROD112,CUST2627
REV26926,1,"very bad",ORD16926,PROD109,CUST1547
REV26927,1,"very bad",ORD16927,PROD103,CUST4440
REV26928,1,"very bad",ORD16928,PROD110,CUST2206
REV26929,2,bad,ORD16929,PROD102,CUST3155
REV26930,2,bad,ORD16930,PROD105,CUST1616
REV26931,3,average,ORD16931,PROD107,CUST4784
REV26932,4,good,ORD16932,PROD100,CUST5231
REV26933,1,"very bad",ORD16933,PROD100,CUST2919
REV26934,5,"very good",ORD16934,PROD104,CUST1601
REV26935,3,average,ORD16935,PROD100,CUST5722
REV26936,5,"very good",ORD16936,PROD105,CUST4676
REV26937,3,average,ORD16937,PROD108,CUST2268
REV26938,5,"very good",ORD16938,PROD110,CUST3787
REV26939,5,"very good",ORD16939,PROD106,CUST2094
REV26940,4,good,ORD16940,PROD106,CUST5144
REV26941,3,average,ORD16941,PROD105,CUST4070
REV26942,2,bad,ORD16942,PROD110,CUST3043
REV26943,1,"very bad",ORD16943,PROD108,CUST3488
REV26944,4,good,ORD16944,PROD106,CUST3807
REV26945,4,good,ORD16945,PROD109,CUST2593
REV26946,1,"very bad",ORD16946,PROD100,CUST5545
REV26947,2,bad,ORD16947,PROD114,CUST1250
REV26948,3,average,ORD16948,PROD112,CUST4130
REV26949,2,bad,ORD16949,PROD108,CUST2822
REV26950,2,bad,ORD16950,PROD112,CUST5966
REV26951,1,"very bad",ORD16951,PROD109,CUST1237
REV26952,4,good,ORD16952,PROD114,CUST5783
REV26953,5,"very good",ORD16953,PROD108,CUST3485
REV26954,2,bad,ORD16954,PROD106,CUST5317
REV26955,2,bad,ORD16955,PROD113,CUST3240
REV26956,1,"very bad",ORD16956,PROD112,CUST1696
REV26957,4,good,ORD16957,PROD100,CUST1222
REV26958,4,good,ORD16958,PROD112,CUST4298
REV26959,3,average,ORD16959,PROD100,CUST1965
REV26960,2,bad,ORD16960,PROD110,CUST3994
REV26961,5,"very good",ORD16961,PROD110,CUST1261
REV26962,2,bad,ORD16962,PROD114,CUST2611
REV26963,2,bad,ORD16963,PROD108,CUST4899
REV26964,5,"very good",ORD16964,PROD107,CUST5082
REV26965,2,bad,ORD16965,PROD103,CUST1618
REV26966,5,"very good",ORD16966,PROD109,CUST2507
REV26967,3,average,ORD16967,PROD103,CUST1779
REV26968,4,good,ORD16968,PROD106,CUST1397
REV26969,2,bad,ORD16969,PROD109,CUST3146
REV26970,3,average,ORD16970,PROD100,CUST3262
REV26971,1,"very bad",ORD16971,PROD114,CUST5716
REV26972,5,"very good",ORD16972,PROD108,CUST5340
REV26973,1,"very bad",ORD16973,PROD100,CUST3539
REV26974,2,bad,ORD16974,PROD112,CUST3600
REV26975,5,"very good",ORD16975,PROD103,CUST4055
REV26976,5,"very good",ORD16976,PROD103,CUST3645
REV26977,3,average,ORD16977,PROD101,CUST5070
REV26978,4,good,ORD16978,PROD108,CUST1148
REV26979,1,"very bad",ORD16979,PROD106,CUST3904
REV26980,4,good,ORD16980,PROD110,CUST1667
REV26981,1,"very bad",ORD16981,PROD102,CUST4343
REV26982,3,average,ORD16982,PROD113,CUST4199
REV26983,3,average,ORD16983,PROD110,CUST2067
REV26984,2,bad,ORD16984,PROD105,CUST4111
REV26985,1,"very bad",ORD16985,PROD110,CUST5144
REV26986,5,"very good",ORD16986,PROD100,CUST1820
REV26987,5,"very good",ORD16987,PROD100,CUST2576
REV26988,1,"very bad",ORD16988,PROD111,CUST5120
REV26989,4,good,ORD16989,PROD106,CUST4201
REV26990,5,"very good",ORD16990,PROD112,CUST5484
REV26991,1,"very bad",ORD16991,PROD101,CUST3390
REV26992,4,good,ORD16992,PROD103,CUST5396
REV26993,2,bad,ORD16993,PROD107,CUST1806
REV26994,5,"very good",ORD16994,PROD103,CUST1439
REV26995,3,average,ORD16995,PROD102,CUST5581
REV26996,4,good,ORD16996,PROD101,CUST1973
REV26997,4,good,ORD16997,PROD100,CUST1914
REV26998,4,good,ORD16998,PROD107,CUST1879
REV26999,4,good,ORD16999,PROD104,CUST4999
REV27000,3,average,ORD17000,PROD106,CUST4663
REV27001,2,bad,ORD17001,PROD103,CUST1606
REV27002,3,average,ORD17002,PROD114,CUST1041
REV27003,3,average,ORD17003,PROD100,CUST5716
REV27004,2,bad,ORD17004,PROD103,CUST1233
REV27005,5,"very good",ORD17005,PROD108,CUST3259
REV27006,4,good,ORD17006,PROD107,CUST3439
REV27007,4,good,ORD17007,PROD101,CUST4720
REV27008,2,bad,ORD17008,PROD107,CUST5501
REV27009,1,"very bad",ORD17009,PROD108,CUST4574
REV27010,3,average,ORD17010,PROD110,CUST2158
REV27011,5,"very good",ORD17011,PROD112,CUST4614
REV27012,3,average,ORD17012,PROD102,CUST5299
REV27013,3,average,ORD17013,PROD105,CUST3988
REV27014,5,"very good",ORD17014,PROD113,CUST1141
REV27015,2,bad,ORD17015,PROD114,CUST3506
REV27016,5,"very good",ORD17016,PROD111,CUST5600
REV27017,3,average,ORD17017,PROD108,CUST5931
REV27018,3,average,ORD17018,PROD104,CUST5729
REV27019,5,"very good",ORD17019,PROD108,CUST4263
REV27020,1,"very bad",ORD17020,PROD108,CUST1693
REV27021,3,average,ORD17021,PROD103,CUST3865
REV27022,3,average,ORD17022,PROD107,CUST5450
REV27023,3,average,ORD17023,PROD110,CUST3276
REV27024,1,"very bad",ORD17024,PROD112,CUST3434
REV27025,5,"very good",ORD17025,PROD102,CUST4428
REV27026,1,"very bad",ORD17026,PROD103,CUST1817
REV27027,3,average,ORD17027,PROD106,CUST3192
REV27028,1,"very bad",ORD17028,PROD113,CUST4941
REV27029,2,bad,ORD17029,PROD113,CUST2587
REV27030,1,"very bad",ORD17030,PROD110,CUST2045
REV27031,4,good,ORD17031,PROD101,CUST1466
REV27032,5,"very good",ORD17032,PROD110,CUST3793
REV27033,5,"very good",ORD17033,PROD112,CUST5577
REV27034,4,good,ORD17034,PROD109,CUST1459
REV27035,4,good,ORD17035,PROD106,CUST4482
REV27036,5,"very good",ORD17036,PROD112,CUST4824
REV27037,4,good,ORD17037,PROD107,CUST4424
REV27038,5,"very good",ORD17038,PROD104,CUST1010
REV27039,2,bad,ORD17039,PROD102,CUST4937
REV27040,1,"very bad",ORD17040,PROD110,CUST3994
REV27041,1,"very bad",ORD17041,PROD114,CUST2013
REV27042,1,"very bad",ORD17042,PROD103,CUST2114
REV27043,1,"very bad",ORD17043,PROD104,CUST5739
REV27044,4,good,ORD17044,PROD108,CUST4394
REV27045,3,average,ORD17045,PROD101,CUST1196
REV27046,4,good,ORD17046,PROD101,CUST1905
REV27047,3,average,ORD17047,PROD102,CUST3214
REV27048,5,"very good",ORD17048,PROD107,CUST2039
REV27049,3,average,ORD17049,PROD103,CUST2139
REV27050,5,"very good",ORD17050,PROD107,CUST4816
REV27051,5,"very good",ORD17051,PROD111,CUST5960
REV27052,5,"very good",ORD17052,PROD111,CUST4909
REV27053,5,"very good",ORD17053,PROD101,CUST2810
REV27054,5,"very good",ORD17054,PROD102,CUST5347
REV27055,5,"very good",ORD17055,PROD114,CUST5656
REV27056,5,"very good",ORD17056,PROD104,CUST2101
REV27057,5,"very good",ORD17057,PROD102,CUST5317
REV27058,5,"very good",ORD17058,PROD109,CUST4990
REV27059,5,"very good",ORD17059,PROD111,CUST3863
REV27060,3,average,ORD17060,PROD114,CUST3729
REV27061,1,"very bad",ORD17061,PROD105,CUST4173
REV27062,2,bad,ORD17062,PROD101,CUST5975
REV27063,3,average,ORD17063,PROD107,CUST1681
REV27064,2,bad,ORD17064,PROD100,CUST1628
REV27065,2,bad,ORD17065,PROD112,CUST3193
REV27066,3,average,ORD17066,PROD103,CUST4809
REV27067,5,"very good",ORD17067,PROD108,CUST2666
REV27068,1,"very bad",ORD17068,PROD108,CUST1140
REV27069,3,average,ORD17069,PROD103,CUST3213
REV27070,4,good,ORD17070,PROD102,CUST3759
REV27071,3,average,ORD17071,PROD108,CUST3034
REV27072,2,bad,ORD17072,PROD111,CUST3825
REV27073,3,average,ORD17073,PROD100,CUST3201
REV27074,5,"very good",ORD17074,PROD101,CUST4049
REV27075,1,"very bad",ORD17075,PROD110,CUST4171
REV27076,4,good,ORD17076,PROD107,CUST5469
REV27077,1,"very bad",ORD17077,PROD107,CUST2296
REV27078,4,good,ORD17078,PROD109,CUST5955
REV27079,5,"very good",ORD17079,PROD113,CUST4372
REV27080,2,bad,ORD17080,PROD106,CUST5910
REV27081,1,"very bad",ORD17081,PROD109,CUST4696
REV27082,1,"very bad",ORD17082,PROD101,CUST4209
REV27083,2,bad,ORD17083,PROD106,CUST4447
REV27084,4,good,ORD17084,PROD110,CUST1012
REV27085,2,bad,ORD17085,PROD101,CUST3431
REV27086,5,"very good",ORD17086,PROD113,CUST3498
REV27087,5,"very good",ORD17087,PROD107,CUST3204
REV27088,5,"very good",ORD17088,PROD112,CUST2023
REV27089,2,bad,ORD17089,PROD107,CUST2853
REV27090,2,bad,ORD17090,PROD102,CUST5581
REV27091,5,"very good",ORD17091,PROD108,CUST4876
REV27092,5,"very good",ORD17092,PROD110,CUST2376
REV27093,2,bad,ORD17093,PROD106,CUST2446
REV27094,2,bad,ORD17094,PROD114,CUST3647
REV27095,4,good,ORD17095,PROD105,CUST5747
REV27096,4,good,ORD17096,PROD109,CUST5497
REV27097,1,"very bad",ORD17097,PROD113,CUST3505
REV27098,5,"very good",ORD17098,PROD113,CUST5244
REV27099,2,bad,ORD17099,PROD102,CUST2177
REV27100,4,good,ORD17100,PROD102,CUST3502
REV27101,2,bad,ORD17101,PROD114,CUST4145
REV27102,5,"very good",ORD17102,PROD107,CUST3065
REV27103,1,"very bad",ORD17103,PROD106,CUST3868
REV27104,2,bad,ORD17104,PROD106,CUST5424
REV27105,1,"very bad",ORD17105,PROD101,CUST3790
REV27106,1,"very bad",ORD17106,PROD113,CUST3386
REV27107,4,good,ORD17107,PROD111,CUST5653
REV27108,4,good,ORD17108,PROD108,CUST3838
REV27109,4,good,ORD17109,PROD109,CUST4655
REV27110,1,"very bad",ORD17110,PROD108,CUST5239
REV27111,2,bad,ORD17111,PROD102,CUST5327
REV27112,2,bad,ORD17112,PROD107,CUST4434
REV27113,2,bad,ORD17113,PROD114,CUST1083
REV27114,5,"very good",ORD17114,PROD103,CUST5603
REV27115,2,bad,ORD17115,PROD100,CUST4692
REV27116,1,"very bad",ORD17116,PROD108,CUST5332
REV27117,3,average,ORD17117,PROD113,CUST4802
REV27118,2,bad,ORD17118,PROD109,CUST1142
REV27119,1,"very bad",ORD17119,PROD103,CUST2203
REV27120,4,good,ORD17120,PROD101,CUST1777
REV27121,4,good,ORD17121,PROD112,CUST3494
REV27122,4,good,ORD17122,PROD102,CUST4293
REV27123,3,average,ORD17123,PROD104,CUST4113
REV27124,2,bad,ORD17124,PROD110,CUST4582
REV27125,4,good,ORD17125,PROD108,CUST5723
REV27126,4,good,ORD17126,PROD111,CUST5468
REV27127,1,"very bad",ORD17127,PROD101,CUST1836
REV27128,2,bad,ORD17128,PROD101,CUST3368
REV27129,5,"very good",ORD17129,PROD106,CUST4466
REV27130,4,good,ORD17130,PROD102,CUST1903
REV27131,4,good,ORD17131,PROD112,CUST1246
REV27132,4,good,ORD17132,PROD111,CUST2602
REV27133,3,average,ORD17133,PROD110,CUST2059
REV27134,3,average,ORD17134,PROD113,CUST1964
REV27135,4,good,ORD17135,PROD105,CUST4837
REV27136,5,"very good",ORD17136,PROD101,CUST5990
REV27137,1,"very bad",ORD17137,PROD101,CUST4829
REV27138,5,"very good",ORD17138,PROD104,CUST4801
REV27139,2,bad,ORD17139,PROD102,CUST5049
REV27140,3,average,ORD17140,PROD105,CUST2772
REV27141,1,"very bad",ORD17141,PROD106,CUST5688
REV27142,1,"very bad",ORD17142,PROD100,CUST1502
REV27143,2,bad,ORD17143,PROD102,CUST1407
REV27144,4,good,ORD17144,PROD103,CUST4255
REV27145,3,average,ORD17145,PROD112,CUST1094
REV27146,1,"very bad",ORD17146,PROD102,CUST1342
REV27147,5,"very good",ORD17147,PROD102,CUST2366
REV27148,3,average,ORD17148,PROD112,CUST5115
REV27149,3,average,ORD17149,PROD106,CUST2539
REV27150,5,"very good",ORD17150,PROD108,CUST1860
REV27151,5,"very good",ORD17151,PROD102,CUST1004
REV27152,4,good,ORD17152,PROD114,CUST2103
REV27153,1,"very bad",ORD17153,PROD104,CUST4591
REV27154,5,"very good",ORD17154,PROD102,CUST4784
REV27155,1,"very bad",ORD17155,PROD103,CUST5171
REV27156,1,"very bad",ORD17156,PROD104,CUST1920
REV27157,1,"very bad",ORD17157,PROD106,CUST5699
REV27158,1,"very bad",ORD17158,PROD114,CUST4922
REV27159,1,"very bad",ORD17159,PROD108,CUST1968
REV27160,4,good,ORD17160,PROD102,CUST5722
REV27161,4,good,ORD17161,PROD113,CUST4168
REV27162,5,"very good",ORD17162,PROD113,CUST2960
REV27163,2,bad,ORD17163,PROD106,CUST3508
REV27164,1,"very bad",ORD17164,PROD101,CUST1444
REV27165,2,bad,ORD17165,PROD110,CUST1077
REV27166,5,"very good",ORD17166,PROD108,CUST2166
REV27167,2,bad,ORD17167,PROD111,CUST5901
REV27168,3,average,ORD17168,PROD102,CUST3066
REV27169,4,good,ORD17169,PROD109,CUST5595
REV27170,3,average,ORD17170,PROD109,CUST4029
REV27171,2,bad,ORD17171,PROD114,CUST2154
REV27172,5,"very good",ORD17172,PROD109,CUST5246
REV27173,1,"very bad",ORD17173,PROD111,CUST3677
REV27174,4,good,ORD17174,PROD114,CUST4144
REV27175,5,"very good",ORD17175,PROD112,CUST1253
REV27176,2,bad,ORD17176,PROD110,CUST5171
REV27177,3,average,ORD17177,PROD108,CUST4677
REV27178,4,good,ORD17178,PROD109,CUST1568
REV27179,3,average,ORD17179,PROD114,CUST5251
REV27180,4,good,ORD17180,PROD108,CUST2997
REV27181,4,good,ORD17181,PROD100,CUST4092
REV27182,2,bad,ORD17182,PROD107,CUST5730
REV27183,2,bad,ORD17183,PROD111,CUST1154
REV27184,4,good,ORD17184,PROD113,CUST1387
REV27185,3,average,ORD17185,PROD106,CUST2805
REV27186,1,"very bad",ORD17186,PROD107,CUST1082
REV27187,1,"very bad",ORD17187,PROD101,CUST1651
REV27188,2,bad,ORD17188,PROD108,CUST2949
REV27189,4,good,ORD17189,PROD105,CUST5909
REV27190,1,"very bad",ORD17190,PROD113,CUST1078
REV27191,2,bad,ORD17191,PROD109,CUST4521
REV27192,1,"very bad",ORD17192,PROD100,CUST3788
REV27193,5,"very good",ORD17193,PROD103,CUST4765
REV27194,2,bad,ORD17194,PROD114,CUST4354
REV27195,4,good,ORD17195,PROD107,CUST1614
REV27196,5,"very good",ORD17196,PROD109,CUST3351
REV27197,4,good,ORD17197,PROD104,CUST3370
REV27198,2,bad,ORD17198,PROD107,CUST5339
REV27199,1,"very bad",ORD17199,PROD111,CUST3937
REV27200,4,good,ORD17200,PROD106,CUST1911
REV27201,3,average,ORD17201,PROD103,CUST3882
REV27202,4,good,ORD17202,PROD106,CUST3764
REV27203,4,good,ORD17203,PROD102,CUST4558
REV27204,4,good,ORD17204,PROD100,CUST5863
REV27205,2,bad,ORD17205,PROD104,CUST1563
REV27206,5,"very good",ORD17206,PROD100,CUST1918
REV27207,1,"very bad",ORD17207,PROD100,CUST4811
REV27208,4,good,ORD17208,PROD107,CUST2163
REV27209,1,"very bad",ORD17209,PROD112,CUST5928
REV27210,4,good,ORD17210,PROD108,CUST5083
REV27211,4,good,ORD17211,PROD105,CUST2441
REV27212,2,bad,ORD17212,PROD103,CUST5117
REV27213,1,"very bad",ORD17213,PROD110,CUST1935
REV27214,4,good,ORD17214,PROD109,CUST1466
REV27215,2,bad,ORD17215,PROD107,CUST5206
REV27216,4,good,ORD17216,PROD114,CUST2193
REV27217,3,average,ORD17217,PROD100,CUST3180
REV27218,3,average,ORD17218,PROD105,CUST5781
REV27219,1,"very bad",ORD17219,PROD111,CUST3484
REV27220,2,bad,ORD17220,PROD105,CUST2570
REV27221,2,bad,ORD17221,PROD114,CUST5959
REV27222,4,good,ORD17222,PROD100,CUST1206
REV27223,1,"very bad",ORD17223,PROD104,CUST3072
REV27224,5,"very good",ORD17224,PROD106,CUST5220
REV27225,5,"very good",ORD17225,PROD101,CUST3064
REV27226,4,good,ORD17226,PROD107,CUST2368
REV27227,5,"very good",ORD17227,PROD108,CUST3826
REV27228,5,"very good",ORD17228,PROD114,CUST1090
REV27229,1,"very bad",ORD17229,PROD100,CUST5523
REV27230,3,average,ORD17230,PROD110,CUST5775
REV27231,2,bad,ORD17231,PROD103,CUST3814
REV27232,1,"very bad",ORD17232,PROD103,CUST2219
REV27233,2,bad,ORD17233,PROD100,CUST3902
REV27234,5,"very good",ORD17234,PROD111,CUST4924
REV27235,1,"very bad",ORD17235,PROD109,CUST5006
REV27236,1,"very bad",ORD17236,PROD101,CUST1516
REV27237,1,"very bad",ORD17237,PROD114,CUST1021
REV27238,1,"very bad",ORD17238,PROD108,CUST1296
REV27239,4,good,ORD17239,PROD110,CUST2508
REV27240,1,"very bad",ORD17240,PROD112,CUST3862
REV27241,4,good,ORD17241,PROD106,CUST5570
REV27242,5,"very good",ORD17242,PROD101,CUST3539
REV27243,5,"very good",ORD17243,PROD104,CUST3573
REV27244,5,"very good",ORD17244,PROD105,CUST4445
REV27245,5,"very good",ORD17245,PROD112,CUST3350
REV27246,1,"very bad",ORD17246,PROD103,CUST4996
REV27247,1,"very bad",ORD17247,PROD114,CUST2653
REV27248,1,"very bad",ORD17248,PROD100,CUST1601
REV27249,3,average,ORD17249,PROD110,CUST5765
REV27250,3,average,ORD17250,PROD114,CUST1225
REV27251,2,bad,ORD17251,PROD104,CUST2528
REV27252,3,average,ORD17252,PROD114,CUST5416
REV27253,2,bad,ORD17253,PROD107,CUST5379
REV27254,1,"very bad",ORD17254,PROD107,CUST3043
REV27255,3,average,ORD17255,PROD108,CUST2184
REV27256,4,good,ORD17256,PROD105,CUST3781
REV27257,5,"very good",ORD17257,PROD105,CUST3665
REV27258,3,average,ORD17258,PROD106,CUST5395
REV27259,2,bad,ORD17259,PROD114,CUST1756
REV27260,5,"very good",ORD17260,PROD110,CUST2296
REV27261,2,bad,ORD17261,PROD104,CUST5998
REV27262,4,good,ORD17262,PROD104,CUST1139
REV27263,4,good,ORD17263,PROD109,CUST2279
REV27264,1,"very bad",ORD17264,PROD103,CUST2496
REV27265,4,good,ORD17265,PROD111,CUST4684
REV27266,2,bad,ORD17266,PROD112,CUST2387
REV27267,4,good,ORD17267,PROD101,CUST5646
REV27268,1,"very bad",ORD17268,PROD111,CUST3903
REV27269,3,average,ORD17269,PROD103,CUST5971
REV27270,1,"very bad",ORD17270,PROD109,CUST1619
REV27271,2,bad,ORD17271,PROD102,CUST1128
REV27272,1,"very bad",ORD17272,PROD100,CUST3544
REV27273,5,"very good",ORD17273,PROD101,CUST2231
REV27274,5,"very good",ORD17274,PROD101,CUST3736
REV27275,1,"very bad",ORD17275,PROD114,CUST4188
REV27276,5,"very good",ORD17276,PROD110,CUST2728
REV27277,4,good,ORD17277,PROD111,CUST4419
REV27278,5,"very good",ORD17278,PROD102,CUST4654
REV27279,2,bad,ORD17279,PROD101,CUST2053
REV27280,3,average,ORD17280,PROD114,CUST5539
REV27281,5,"very good",ORD17281,PROD111,CUST3213
REV27282,5,"very good",ORD17282,PROD112,CUST1302
REV27283,1,"very bad",ORD17283,PROD105,CUST4185
REV27284,4,good,ORD17284,PROD106,CUST3361
REV27285,1,"very bad",ORD17285,PROD114,CUST5738
REV27286,1,"very bad",ORD17286,PROD113,CUST1478
REV27287,5,"very good",ORD17287,PROD109,CUST1712
REV27288,3,average,ORD17288,PROD106,CUST3542
REV27289,5,"very good",ORD17289,PROD108,CUST5221
REV27290,1,"very bad",ORD17290,PROD112,CUST2634
REV27291,1,"very bad",ORD17291,PROD111,CUST5282
REV27292,3,average,ORD17292,PROD103,CUST4317
REV27293,1,"very bad",ORD17293,PROD109,CUST4873
REV27294,2,bad,ORD17294,PROD108,CUST3944
REV27295,3,average,ORD17295,PROD108,CUST4116
REV27296,5,"very good",ORD17296,PROD111,CUST2745
REV27297,5,"very good",ORD17297,PROD112,CUST2500
REV27298,3,average,ORD17298,PROD113,CUST5687
REV27299,5,"very good",ORD17299,PROD107,CUST1642
REV27300,2,bad,ORD17300,PROD107,CUST2679
REV27301,2,bad,ORD17301,PROD102,CUST4614
REV27302,4,good,ORD17302,PROD107,CUST1292
REV27303,5,"very good",ORD17303,PROD104,CUST1585
REV27304,3,average,ORD17304,PROD102,CUST4963
REV27305,1,"very bad",ORD17305,PROD111,CUST3037
REV27306,2,bad,ORD17306,PROD113,CUST2202
REV27307,3,average,ORD17307,PROD111,CUST5976
REV27308,1,"very bad",ORD17308,PROD104,CUST4397
REV27309,3,average,ORD17309,PROD107,CUST3432
REV27310,3,average,ORD17310,PROD105,CUST5280
REV27311,4,good,ORD17311,PROD102,CUST4837
REV27312,1,"very bad",ORD17312,PROD104,CUST4456
REV27313,1,"very bad",ORD17313,PROD111,CUST5206
REV27314,1,"very bad",ORD17314,PROD104,CUST3254
REV27315,2,bad,ORD17315,PROD105,CUST4848
REV27316,4,good,ORD17316,PROD108,CUST3161
REV27317,3,average,ORD17317,PROD113,CUST2740
REV27318,3,average,ORD17318,PROD110,CUST3026
REV27319,3,average,ORD17319,PROD110,CUST3433
REV27320,5,"very good",ORD17320,PROD109,CUST5680
REV27321,1,"very bad",ORD17321,PROD112,CUST3055
REV27322,3,average,ORD17322,PROD114,CUST2410
REV27323,1,"very bad",ORD17323,PROD109,CUST4437
REV27324,1,"very bad",ORD17324,PROD112,CUST3247
REV27325,2,bad,ORD17325,PROD105,CUST2781
REV27326,4,good,ORD17326,PROD106,CUST5446
REV27327,2,bad,ORD17327,PROD100,CUST5780
REV27328,2,bad,ORD17328,PROD101,CUST2332
REV27329,2,bad,ORD17329,PROD111,CUST1464
REV27330,1,"very bad",ORD17330,PROD102,CUST5447
REV27331,2,bad,ORD17331,PROD113,CUST5242
REV27332,1,"very bad",ORD17332,PROD103,CUST1716
REV27333,1,"very bad",ORD17333,PROD111,CUST3302
REV27334,4,good,ORD17334,PROD108,CUST4322
REV27335,3,average,ORD17335,PROD101,CUST3556
REV27336,1,"very bad",ORD17336,PROD103,CUST1986
REV27337,2,bad,ORD17337,PROD109,CUST5429
REV27338,3,average,ORD17338,PROD102,CUST4008
REV27339,3,average,ORD17339,PROD109,CUST5437
REV27340,4,good,ORD17340,PROD101,CUST1481
REV27341,2,bad,ORD17341,PROD114,CUST3077
REV27342,1,"very bad",ORD17342,PROD103,CUST5106
REV27343,2,bad,ORD17343,PROD107,CUST1037
REV27344,2,bad,ORD17344,PROD100,CUST3034
REV27345,1,"very bad",ORD17345,PROD113,CUST2882
REV27346,4,good,ORD17346,PROD107,CUST5219
REV27347,3,average,ORD17347,PROD107,CUST1912
REV27348,2,bad,ORD17348,PROD103,CUST4719
REV27349,5,"very good",ORD17349,PROD102,CUST1811
REV27350,3,average,ORD17350,PROD112,CUST4326
REV27351,4,good,ORD17351,PROD104,CUST3086
REV27352,4,good,ORD17352,PROD111,CUST3368
REV27353,3,average,ORD17353,PROD113,CUST5126
REV27354,4,good,ORD17354,PROD105,CUST1720
REV27355,3,average,ORD17355,PROD110,CUST4694
REV27356,5,"very good",ORD17356,PROD108,CUST4296
REV27357,5,"very good",ORD17357,PROD100,CUST5377
REV27358,3,average,ORD17358,PROD105,CUST1985
REV27359,5,"very good",ORD17359,PROD106,CUST1357
REV27360,3,average,ORD17360,PROD104,CUST4597
REV27361,2,bad,ORD17361,PROD100,CUST3420
REV27362,1,"very bad",ORD17362,PROD102,CUST2630
REV27363,5,"very good",ORD17363,PROD114,CUST1485
REV27364,2,bad,ORD17364,PROD110,CUST4685
REV27365,2,bad,ORD17365,PROD109,CUST4951
REV27366,5,"very good",ORD17366,PROD102,CUST2472
REV27367,2,bad,ORD17367,PROD114,CUST3659
REV27368,4,good,ORD17368,PROD113,CUST5942
REV27369,4,good,ORD17369,PROD106,CUST3283
REV27370,2,bad,ORD17370,PROD112,CUST4431
REV27371,1,"very bad",ORD17371,PROD109,CUST1125
REV27372,5,"very good",ORD17372,PROD110,CUST3845
REV27373,1,"very bad",ORD17373,PROD101,CUST4570
REV27374,1,"very bad",ORD17374,PROD110,CUST5546
REV27375,3,average,ORD17375,PROD105,CUST5468
REV27376,4,good,ORD17376,PROD103,CUST1976
REV27377,3,average,ORD17377,PROD110,CUST1128
REV27378,1,"very bad",ORD17378,PROD103,CUST1036
REV27379,1,"very bad",ORD17379,PROD106,CUST3281
REV27380,3,average,ORD17380,PROD109,CUST1721
REV27381,4,good,ORD17381,PROD110,CUST3927
REV27382,5,"very good",ORD17382,PROD110,CUST3184
REV27383,2,bad,ORD17383,PROD112,CUST2606
REV27384,1,"very bad",ORD17384,PROD101,CUST4259
REV27385,1,"very bad",ORD17385,PROD104,CUST1611
REV27386,1,"very bad",ORD17386,PROD106,CUST4499
REV27387,1,"very bad",ORD17387,PROD107,CUST3563
REV27388,3,average,ORD17388,PROD104,CUST5116
REV27389,4,good,ORD17389,PROD111,CUST3861
REV27390,5,"very good",ORD17390,PROD109,CUST5504
REV27391,4,good,ORD17391,PROD114,CUST1153
REV27392,2,bad,ORD17392,PROD109,CUST3261
REV27393,2,bad,ORD17393,PROD101,CUST3511
REV27394,3,average,ORD17394,PROD112,CUST4983
REV27395,5,"very good",ORD17395,PROD106,CUST2106
REV27396,4,good,ORD17396,PROD112,CUST3169
REV27397,5,"very good",ORD17397,PROD114,CUST3206
REV27398,3,average,ORD17398,PROD100,CUST4141
REV27399,1,"very bad",ORD17399,PROD100,CUST1359
REV27400,4,good,ORD17400,PROD107,CUST4687
REV27401,3,average,ORD17401,PROD113,CUST5762
REV27402,2,bad,ORD17402,PROD102,CUST4462
REV27403,2,bad,ORD17403,PROD104,CUST1539
REV27404,1,"very bad",ORD17404,PROD107,CUST4530
REV27405,1,"very bad",ORD17405,PROD111,CUST3351
REV27406,1,"very bad",ORD17406,PROD112,CUST4488
REV27407,2,bad,ORD17407,PROD111,CUST1603
REV27408,2,bad,ORD17408,PROD109,CUST5835
REV27409,2,bad,ORD17409,PROD114,CUST4469
REV27410,1,"very bad",ORD17410,PROD112,CUST1734
REV27411,3,average,ORD17411,PROD101,CUST4345
REV27412,5,"very good",ORD17412,PROD100,CUST4898
REV27413,2,bad,ORD17413,PROD103,CUST3308
REV27414,4,good,ORD17414,PROD108,CUST4519
REV27415,5,"very good",ORD17415,PROD110,CUST2265
REV27416,3,average,ORD17416,PROD102,CUST1975
REV27417,3,average,ORD17417,PROD113,CUST2398
REV27418,5,"very good",ORD17418,PROD107,CUST3553
REV27419,2,bad,ORD17419,PROD110,CUST3624
REV27420,5,"very good",ORD17420,PROD104,CUST3942
REV27421,2,bad,ORD17421,PROD111,CUST1564
REV27422,1,"very bad",ORD17422,PROD114,CUST4948
REV27423,3,average,ORD17423,PROD109,CUST5357
REV27424,5,"very good",ORD17424,PROD114,CUST4696
REV27425,4,good,ORD17425,PROD103,CUST3302
REV27426,2,bad,ORD17426,PROD109,CUST4401
REV27427,1,"very bad",ORD17427,PROD107,CUST1140
REV27428,4,good,ORD17428,PROD110,CUST3345
REV27429,2,bad,ORD17429,PROD102,CUST2947
REV27430,4,good,ORD17430,PROD114,CUST2003
REV27431,2,bad,ORD17431,PROD114,CUST5070
REV27432,3,average,ORD17432,PROD112,CUST3869
REV27433,3,average,ORD17433,PROD108,CUST3224
REV27434,1,"very bad",ORD17434,PROD100,CUST5479
REV27435,3,average,ORD17435,PROD113,CUST5736
REV27436,1,"very bad",ORD17436,PROD104,CUST2512
REV27437,1,"very bad",ORD17437,PROD113,CUST5593
REV27438,4,good,ORD17438,PROD103,CUST3964
REV27439,5,"very good",ORD17439,PROD101,CUST3136
REV27440,5,"very good",ORD17440,PROD104,CUST3939
REV27441,1,"very bad",ORD17441,PROD101,CUST4605
REV27442,2,bad,ORD17442,PROD110,CUST2136
REV27443,2,bad,ORD17443,PROD109,CUST2947
REV27444,3,average,ORD17444,PROD104,CUST1813
REV27445,4,good,ORD17445,PROD101,CUST2616
REV27446,1,"very bad",ORD17446,PROD109,CUST2455
REV27447,2,bad,ORD17447,PROD105,CUST2363
REV27448,5,"very good",ORD17448,PROD107,CUST1779
REV27449,2,bad,ORD17449,PROD110,CUST5451
REV27450,5,"very good",ORD17450,PROD113,CUST1565
REV27451,3,average,ORD17451,PROD110,CUST2930
REV27452,2,bad,ORD17452,PROD112,CUST4656
REV27453,1,"very bad",ORD17453,PROD111,CUST2551
REV27454,4,good,ORD17454,PROD108,CUST3570
REV27455,1,"very bad",ORD17455,PROD101,CUST5937
REV27456,5,"very good",ORD17456,PROD110,CUST2155
REV27457,5,"very good",ORD17457,PROD100,CUST3210
REV27458,2,bad,ORD17458,PROD107,CUST1323
REV27459,2,bad,ORD17459,PROD108,CUST2709
REV27460,4,good,ORD17460,PROD102,CUST3828
REV27461,1,"very bad",ORD17461,PROD114,CUST1860
REV27462,3,average,ORD17462,PROD101,CUST3723
REV27463,2,bad,ORD17463,PROD103,CUST2629
REV27464,5,"very good",ORD17464,PROD109,CUST5136
REV27465,2,bad,ORD17465,PROD110,CUST5427
REV27466,4,good,ORD17466,PROD102,CUST4659
REV27467,3,average,ORD17467,PROD114,CUST1397
REV27468,4,good,ORD17468,PROD107,CUST1082
REV27469,3,average,ORD17469,PROD107,CUST2030
REV27470,1,"very bad",ORD17470,PROD110,CUST5753
REV27471,3,average,ORD17471,PROD105,CUST2984
REV27472,3,average,ORD17472,PROD101,CUST3888
REV27473,1,"very bad",ORD17473,PROD112,CUST3349
REV27474,4,good,ORD17474,PROD108,CUST4321
REV27475,2,bad,ORD17475,PROD103,CUST1392
REV27476,5,"very good",ORD17476,PROD107,CUST3074
REV27477,4,good,ORD17477,PROD103,CUST4823
REV27478,3,average,ORD17478,PROD113,CUST5826
REV27479,1,"very bad",ORD17479,PROD113,CUST1126
REV27480,1,"very bad",ORD17480,PROD106,CUST2261
REV27481,5,"very good",ORD17481,PROD110,CUST2441
REV27482,5,"very good",ORD17482,PROD112,CUST2357
REV27483,3,average,ORD17483,PROD104,CUST3054
REV27484,2,bad,ORD17484,PROD102,CUST1979
REV27485,4,good,ORD17485,PROD110,CUST2382
REV27486,2,bad,ORD17486,PROD101,CUST1487
REV27487,4,good,ORD17487,PROD104,CUST4519
REV27488,5,"very good",ORD17488,PROD101,CUST4402
REV27489,5,"very good",ORD17489,PROD111,CUST3926
REV27490,1,"very bad",ORD17490,PROD114,CUST1345
REV27491,2,bad,ORD17491,PROD113,CUST5933
REV27492,2,bad,ORD17492,PROD105,CUST5855
REV27493,2,bad,ORD17493,PROD111,CUST4108
REV27494,5,"very good",ORD17494,PROD103,CUST4392
REV27495,5,"very good",ORD17495,PROD103,CUST5918
REV27496,1,"very bad",ORD17496,PROD111,CUST2378
REV27497,5,"very good",ORD17497,PROD112,CUST1860
REV27498,1,"very bad",ORD17498,PROD114,CUST3614
REV27499,3,average,ORD17499,PROD103,CUST1165
REV27500,4,good,ORD17500,PROD103,CUST1862
REV27501,2,bad,ORD17501,PROD110,CUST2246
REV27502,4,good,ORD17502,PROD114,CUST4556
REV27503,5,"very good",ORD17503,PROD109,CUST3001
REV27504,5,"very good",ORD17504,PROD108,CUST3821
REV27505,3,average,ORD17505,PROD110,CUST4595
REV27506,1,"very bad",ORD17506,PROD109,CUST2564
REV27507,1,"very bad",ORD17507,PROD109,CUST1099
REV27508,4,good,ORD17508,PROD108,CUST5507
REV27509,3,average,ORD17509,PROD111,CUST3877
REV27510,4,good,ORD17510,PROD106,CUST5133
REV27511,2,bad,ORD17511,PROD105,CUST4866
REV27512,3,average,ORD17512,PROD101,CUST1772
REV27513,4,good,ORD17513,PROD111,CUST5785
REV27514,4,good,ORD17514,PROD107,CUST1183
REV27515,3,average,ORD17515,PROD106,CUST4811
REV27516,4,good,ORD17516,PROD104,CUST4677
REV27517,3,average,ORD17517,PROD108,CUST3846
REV27518,4,good,ORD17518,PROD107,CUST1499
REV27519,1,"very bad",ORD17519,PROD113,CUST5377
REV27520,5,"very good",ORD17520,PROD105,CUST4694
REV27521,3,average,ORD17521,PROD104,CUST3121
REV27522,4,good,ORD17522,PROD112,CUST4028
REV27523,1,"very bad",ORD17523,PROD114,CUST4466
REV27524,2,bad,ORD17524,PROD103,CUST5776
REV27525,1,"very bad",ORD17525,PROD103,CUST4160
REV27526,2,bad,ORD17526,PROD108,CUST1498
REV27527,1,"very bad",ORD17527,PROD111,CUST2742
REV27528,5,"very good",ORD17528,PROD108,CUST4126
REV27529,5,"very good",ORD17529,PROD102,CUST5389
REV27530,3,average,ORD17530,PROD111,CUST5961
REV27531,5,"very good",ORD17531,PROD114,CUST5690
REV27532,5,"very good",ORD17532,PROD107,CUST3030
REV27533,2,bad,ORD17533,PROD112,CUST2352
REV27534,5,"very good",ORD17534,PROD108,CUST4500
REV27535,2,bad,ORD17535,PROD102,CUST5972
REV27536,5,"very good",ORD17536,PROD103,CUST5278
REV27537,1,"very bad",ORD17537,PROD112,CUST5459
REV27538,1,"very bad",ORD17538,PROD113,CUST3739
REV27539,4,good,ORD17539,PROD112,CUST2955
REV27540,3,average,ORD17540,PROD112,CUST2694
REV27541,3,average,ORD17541,PROD102,CUST2225
REV27542,2,bad,ORD17542,PROD107,CUST4401
REV27543,4,good,ORD17543,PROD105,CUST2903
REV27544,4,good,ORD17544,PROD100,CUST2368
REV27545,4,good,ORD17545,PROD110,CUST4170
REV27546,2,bad,ORD17546,PROD100,CUST1068
REV27547,3,average,ORD17547,PROD107,CUST4022
REV27548,4,good,ORD17548,PROD107,CUST5123
REV27549,1,"very bad",ORD17549,PROD100,CUST4434
REV27550,3,average,ORD17550,PROD103,CUST4328
REV27551,2,bad,ORD17551,PROD108,CUST3364
REV27552,4,good,ORD17552,PROD102,CUST2838
REV27553,1,"very bad",ORD17553,PROD114,CUST5715
REV27554,2,bad,ORD17554,PROD110,CUST1503
REV27555,2,bad,ORD17555,PROD103,CUST5509
REV27556,4,good,ORD17556,PROD111,CUST2336
REV27557,3,average,ORD17557,PROD111,CUST1866
REV27558,2,bad,ORD17558,PROD112,CUST2210
REV27559,2,bad,ORD17559,PROD111,CUST3720
REV27560,2,bad,ORD17560,PROD101,CUST2588
REV27561,3,average,ORD17561,PROD104,CUST2012
REV27562,1,"very bad",ORD17562,PROD112,CUST1873
REV27563,1,"very bad",ORD17563,PROD109,CUST5752
REV27564,2,bad,ORD17564,PROD112,CUST1625
REV27565,3,average,ORD17565,PROD108,CUST3793
REV27566,2,bad,ORD17566,PROD106,CUST3401
REV27567,1,"very bad",ORD17567,PROD107,CUST3836
REV27568,5,"very good",ORD17568,PROD108,CUST1163
REV27569,2,bad,ORD17569,PROD109,CUST1358
REV27570,4,good,ORD17570,PROD112,CUST3711
REV27571,1,"very bad",ORD17571,PROD108,CUST5802
REV27572,4,good,ORD17572,PROD114,CUST5642
REV27573,5,"very good",ORD17573,PROD104,CUST2823
REV27574,3,average,ORD17574,PROD114,CUST3516
REV27575,3,average,ORD17575,PROD101,CUST1028
REV27576,1,"very bad",ORD17576,PROD112,CUST3551
REV27577,2,bad,ORD17577,PROD105,CUST3957
REV27578,4,good,ORD17578,PROD112,CUST4315
REV27579,2,bad,ORD17579,PROD101,CUST5189
REV27580,3,average,ORD17580,PROD109,CUST4522
REV27581,4,good,ORD17581,PROD102,CUST3877
REV27582,4,good,ORD17582,PROD110,CUST4648
REV27583,2,bad,ORD17583,PROD102,CUST1603
REV27584,1,"very bad",ORD17584,PROD105,CUST4372
REV27585,5,"very good",ORD17585,PROD107,CUST5771
REV27586,2,bad,ORD17586,PROD101,CUST1054
REV27587,4,good,ORD17587,PROD109,CUST4193
REV27588,1,"very bad",ORD17588,PROD102,CUST4814
REV27589,2,bad,ORD17589,PROD106,CUST1108
REV27590,5,"very good",ORD17590,PROD102,CUST4813
REV27591,4,good,ORD17591,PROD102,CUST4593
REV27592,2,bad,ORD17592,PROD104,CUST5669
REV27593,5,"very good",ORD17593,PROD114,CUST3906
REV27594,2,bad,ORD17594,PROD108,CUST3972
REV27595,5,"very good",ORD17595,PROD114,CUST2072
REV27596,1,"very bad",ORD17596,PROD113,CUST3242
REV27597,3,average,ORD17597,PROD102,CUST1674
REV27598,3,average,ORD17598,PROD113,CUST1114
REV27599,5,"very good",ORD17599,PROD107,CUST1570
REV27600,3,average,ORD17600,PROD105,CUST1437
REV27601,3,average,ORD17601,PROD113,CUST2337
REV27602,5,"very good",ORD17602,PROD101,CUST1388
REV27603,1,"very bad",ORD17603,PROD114,CUST2461
REV27604,4,good,ORD17604,PROD101,CUST2638
REV27605,2,bad,ORD17605,PROD107,CUST3471
REV27606,3,average,ORD17606,PROD106,CUST3938
REV27607,2,bad,ORD17607,PROD103,CUST2013
REV27608,4,good,ORD17608,PROD110,CUST1722
REV27609,1,"very bad",ORD17609,PROD109,CUST4248
REV27610,1,"very bad",ORD17610,PROD108,CUST5749
REV27611,2,bad,ORD17611,PROD103,CUST4155
REV27612,1,"very bad",ORD17612,PROD113,CUST5902
REV27613,1,"very bad",ORD17613,PROD103,CUST2500
REV27614,1,"very bad",ORD17614,PROD106,CUST2072
REV27615,4,good,ORD17615,PROD108,CUST2874
REV27616,2,bad,ORD17616,PROD107,CUST2575
REV27617,4,good,ORD17617,PROD110,CUST3624
REV27618,2,bad,ORD17618,PROD111,CUST4491
REV27619,2,bad,ORD17619,PROD101,CUST4365
REV27620,2,bad,ORD17620,PROD103,CUST4320
REV27621,1,"very bad",ORD17621,PROD102,CUST5801
REV27622,1,"very bad",ORD17622,PROD113,CUST2141
REV27623,1,"very bad",ORD17623,PROD113,CUST4963
REV27624,5,"very good",ORD17624,PROD107,CUST5854
REV27625,2,bad,ORD17625,PROD113,CUST1190
REV27626,3,average,ORD17626,PROD105,CUST3831
REV27627,4,good,ORD17627,PROD101,CUST1640
REV27628,2,bad,ORD17628,PROD108,CUST1834
REV27629,1,"very bad",ORD17629,PROD113,CUST2169
REV27630,4,good,ORD17630,PROD113,CUST3425
REV27631,1,"very bad",ORD17631,PROD102,CUST1491
REV27632,3,average,ORD17632,PROD106,CUST2883
REV27633,2,bad,ORD17633,PROD108,CUST1631
REV27634,3,average,ORD17634,PROD100,CUST4725
REV27635,5,"very good",ORD17635,PROD111,CUST5208
REV27636,5,"very good",ORD17636,PROD101,CUST2419
REV27637,2,bad,ORD17637,PROD106,CUST2714
REV27638,4,good,ORD17638,PROD105,CUST4915
REV27639,3,average,ORD17639,PROD111,CUST5676
REV27640,3,average,ORD17640,PROD107,CUST2883
REV27641,2,bad,ORD17641,PROD100,CUST3743
REV27642,4,good,ORD17642,PROD104,CUST3310
REV27643,1,"very bad",ORD17643,PROD105,CUST1456
REV27644,4,good,ORD17644,PROD110,CUST2168
REV27645,4,good,ORD17645,PROD109,CUST4687
REV27646,2,bad,ORD17646,PROD113,CUST1434
REV27647,3,average,ORD17647,PROD100,CUST3512
REV27648,3,average,ORD17648,PROD103,CUST5394
REV27649,4,good,ORD17649,PROD109,CUST5492
REV27650,3,average,ORD17650,PROD109,CUST1569
REV27651,4,good,ORD17651,PROD103,CUST5551
REV27652,3,average,ORD17652,PROD102,CUST1594
REV27653,2,bad,ORD17653,PROD111,CUST1018
REV27654,2,bad,ORD17654,PROD105,CUST2133
REV27655,5,"very good",ORD17655,PROD110,CUST4006
REV27656,2,bad,ORD17656,PROD106,CUST1869
REV27657,1,"very bad",ORD17657,PROD100,CUST4392
REV27658,4,good,ORD17658,PROD102,CUST5785
REV27659,1,"very bad",ORD17659,PROD103,CUST1357
REV27660,4,good,ORD17660,PROD105,CUST1839
REV27661,2,bad,ORD17661,PROD109,CUST2625
REV27662,4,good,ORD17662,PROD113,CUST3939
REV27663,2,bad,ORD17663,PROD110,CUST3353
REV27664,4,good,ORD17664,PROD104,CUST2820
REV27665,3,average,ORD17665,PROD111,CUST2407
REV27666,2,bad,ORD17666,PROD110,CUST3487
REV27667,2,bad,ORD17667,PROD110,CUST1187
REV27668,2,bad,ORD17668,PROD109,CUST5163
REV27669,5,"very good",ORD17669,PROD107,CUST5256
REV27670,1,"very bad",ORD17670,PROD106,CUST1384
REV27671,2,bad,ORD17671,PROD102,CUST5871
REV27672,1,"very bad",ORD17672,PROD104,CUST1285
REV27673,4,good,ORD17673,PROD111,CUST2919
REV27674,2,bad,ORD17674,PROD103,CUST5706
REV27675,5,"very good",ORD17675,PROD104,CUST2679
REV27676,5,"very good",ORD17676,PROD105,CUST3346
REV27677,2,bad,ORD17677,PROD108,CUST5958
REV27678,3,average,ORD17678,PROD102,CUST2318
REV27679,2,bad,ORD17679,PROD100,CUST3802
REV27680,2,bad,ORD17680,PROD105,CUST1996
REV27681,2,bad,ORD17681,PROD111,CUST4968
REV27682,1,"very bad",ORD17682,PROD114,CUST5092
REV27683,5,"very good",ORD17683,PROD113,CUST4333
REV27684,4,good,ORD17684,PROD106,CUST5040
REV27685,5,"very good",ORD17685,PROD108,CUST2634
REV27686,2,bad,ORD17686,PROD103,CUST1638
REV27687,3,average,ORD17687,PROD114,CUST5526
REV27688,4,good,ORD17688,PROD112,CUST4767
REV27689,3,average,ORD17689,PROD113,CUST4360
REV27690,2,bad,ORD17690,PROD111,CUST3551
REV27691,5,"very good",ORD17691,PROD107,CUST4328
REV27692,1,"very bad",ORD17692,PROD113,CUST4333
REV27693,2,bad,ORD17693,PROD112,CUST3050
REV27694,4,good,ORD17694,PROD111,CUST5194
REV27695,5,"very good",ORD17695,PROD107,CUST4109
REV27696,2,bad,ORD17696,PROD109,CUST3678
REV27697,4,good,ORD17697,PROD102,CUST5066
REV27698,1,"very bad",ORD17698,PROD106,CUST5640
REV27699,3,average,ORD17699,PROD113,CUST3810
REV27700,4,good,ORD17700,PROD106,CUST3535
REV27701,4,good,ORD17701,PROD105,CUST5580
REV27702,4,good,ORD17702,PROD104,CUST1730
REV27703,2,bad,ORD17703,PROD101,CUST5008
REV27704,1,"very bad",ORD17704,PROD108,CUST4255
REV27705,5,"very good",ORD17705,PROD108,CUST1217
REV27706,1,"very bad",ORD17706,PROD106,CUST3359
REV27707,4,good,ORD17707,PROD100,CUST2019
REV27708,5,"very good",ORD17708,PROD110,CUST1928
REV27709,5,"very good",ORD17709,PROD104,CUST3967
REV27710,5,"very good",ORD17710,PROD103,CUST5808
REV27711,2,bad,ORD17711,PROD114,CUST1722
REV27712,2,bad,ORD17712,PROD106,CUST1694
REV27713,2,bad,ORD17713,PROD107,CUST4720
REV27714,3,average,ORD17714,PROD103,CUST5057
REV27715,5,"very good",ORD17715,PROD113,CUST2833
REV27716,5,"very good",ORD17716,PROD104,CUST2422
REV27717,5,"very good",ORD17717,PROD105,CUST5911
REV27718,3,average,ORD17718,PROD112,CUST2712
REV27719,5,"very good",ORD17719,PROD100,CUST2464
REV27720,1,"very bad",ORD17720,PROD113,CUST2129
REV27721,5,"very good",ORD17721,PROD107,CUST3595
REV27722,3,average,ORD17722,PROD108,CUST3546
REV27723,5,"very good",ORD17723,PROD101,CUST1236
REV27724,3,average,ORD17724,PROD111,CUST3628
REV27725,2,bad,ORD17725,PROD103,CUST2162
REV27726,1,"very bad",ORD17726,PROD114,CUST5452
REV27727,1,"very bad",ORD17727,PROD101,CUST2972
REV27728,1,"very bad",ORD17728,PROD112,CUST1556
REV27729,1,"very bad",ORD17729,PROD109,CUST1336
REV27730,1,"very bad",ORD17730,PROD101,CUST1777
REV27731,3,average,ORD17731,PROD101,CUST1187
REV27732,5,"very good",ORD17732,PROD114,CUST4453
REV27733,2,bad,ORD17733,PROD109,CUST1402
REV27734,5,"very good",ORD17734,PROD102,CUST3996
REV27735,5,"very good",ORD17735,PROD113,CUST1184
REV27736,1,"very bad",ORD17736,PROD111,CUST5839
REV27737,2,bad,ORD17737,PROD113,CUST3797
REV27738,3,average,ORD17738,PROD109,CUST1244
REV27739,4,good,ORD17739,PROD114,CUST1834
REV27740,5,"very good",ORD17740,PROD107,CUST4577
REV27741,3,average,ORD17741,PROD105,CUST1866
REV27742,1,"very bad",ORD17742,PROD102,CUST3098
REV27743,3,average,ORD17743,PROD105,CUST1401
REV27744,2,bad,ORD17744,PROD107,CUST5451
REV27745,5,"very good",ORD17745,PROD100,CUST5300
REV27746,2,bad,ORD17746,PROD101,CUST1130
REV27747,2,bad,ORD17747,PROD112,CUST3656
REV27748,1,"very bad",ORD17748,PROD111,CUST2579
REV27749,4,good,ORD17749,PROD114,CUST5601
REV27750,3,average,ORD17750,PROD106,CUST2066
REV27751,1,"very bad",ORD17751,PROD104,CUST4632
REV27752,1,"very bad",ORD17752,PROD107,CUST2687
REV27753,5,"very good",ORD17753,PROD106,CUST4311
REV27754,2,bad,ORD17754,PROD106,CUST1485
REV27755,5,"very good",ORD17755,PROD107,CUST1624
REV27756,1,"very bad",ORD17756,PROD100,CUST4692
REV27757,3,average,ORD17757,PROD111,CUST1700
REV27758,1,"very bad",ORD17758,PROD107,CUST3179
REV27759,2,bad,ORD17759,PROD100,CUST1886
REV27760,1,"very bad",ORD17760,PROD101,CUST5401
REV27761,3,average,ORD17761,PROD108,CUST2331
REV27762,4,good,ORD17762,PROD106,CUST3393
REV27763,5,"very good",ORD17763,PROD104,CUST5486
REV27764,3,average,ORD17764,PROD114,CUST1278
REV27765,2,bad,ORD17765,PROD113,CUST1438
REV27766,4,good,ORD17766,PROD109,CUST4889
REV27767,3,average,ORD17767,PROD107,CUST1343
REV27768,2,bad,ORD17768,PROD105,CUST2284
REV27769,4,good,ORD17769,PROD109,CUST4560
REV27770,2,bad,ORD17770,PROD114,CUST5270
REV27771,3,average,ORD17771,PROD111,CUST4809
REV27772,3,average,ORD17772,PROD110,CUST4136
REV27773,4,good,ORD17773,PROD107,CUST1092
REV27774,3,average,ORD17774,PROD110,CUST4584
REV27775,1,"very bad",ORD17775,PROD114,CUST3548
REV27776,2,bad,ORD17776,PROD101,CUST2715
REV27777,3,average,ORD17777,PROD106,CUST3162
REV27778,1,"very bad",ORD17778,PROD114,CUST5889
REV27779,1,"very bad",ORD17779,PROD102,CUST5557
REV27780,3,average,ORD17780,PROD111,CUST3353
REV27781,3,average,ORD17781,PROD107,CUST2700
REV27782,4,good,ORD17782,PROD103,CUST4415
REV27783,3,average,ORD17783,PROD113,CUST3207
REV27784,3,average,ORD17784,PROD114,CUST2884
REV27785,5,"very good",ORD17785,PROD111,CUST1883
REV27786,5,"very good",ORD17786,PROD106,CUST3919
REV27787,2,bad,ORD17787,PROD104,CUST4243
REV27788,4,good,ORD17788,PROD114,CUST4531
REV27789,4,good,ORD17789,PROD105,CUST3144
REV27790,2,bad,ORD17790,PROD112,CUST4523
REV27791,4,good,ORD17791,PROD103,CUST1580
REV27792,3,average,ORD17792,PROD108,CUST4210
REV27793,3,average,ORD17793,PROD112,CUST4756
REV27794,5,"very good",ORD17794,PROD108,CUST2886
REV27795,2,bad,ORD17795,PROD102,CUST5777
REV27796,2,bad,ORD17796,PROD114,CUST5284
REV27797,2,bad,ORD17797,PROD111,CUST3230
REV27798,1,"very bad",ORD17798,PROD110,CUST1749
REV27799,4,good,ORD17799,PROD102,CUST2569
REV27800,2,bad,ORD17800,PROD113,CUST1003
REV27801,5,"very good",ORD17801,PROD111,CUST4928
REV27802,2,bad,ORD17802,PROD114,CUST1060
REV27803,4,good,ORD17803,PROD107,CUST1105
REV27804,5,"very good",ORD17804,PROD101,CUST5097
REV27805,1,"very bad",ORD17805,PROD111,CUST1505
REV27806,3,average,ORD17806,PROD101,CUST3997
REV27807,2,bad,ORD17807,PROD104,CUST3558
REV27808,3,average,ORD17808,PROD100,CUST1014
REV27809,2,bad,ORD17809,PROD111,CUST5640
REV27810,5,"very good",ORD17810,PROD114,CUST4779
REV27811,3,average,ORD17811,PROD103,CUST4159
REV27812,4,good,ORD17812,PROD110,CUST3367
REV27813,3,average,ORD17813,PROD110,CUST5806
REV27814,1,"very bad",ORD17814,PROD113,CUST4230
REV27815,4,good,ORD17815,PROD107,CUST3439
REV27816,4,good,ORD17816,PROD100,CUST2334
REV27817,4,good,ORD17817,PROD107,CUST4766
REV27818,3,average,ORD17818,PROD104,CUST2100
REV27819,1,"very bad",ORD17819,PROD111,CUST5974
REV27820,4,good,ORD17820,PROD110,CUST5644
REV27821,1,"very bad",ORD17821,PROD107,CUST3315
REV27822,3,average,ORD17822,PROD109,CUST5684
REV27823,5,"very good",ORD17823,PROD114,CUST5666
REV27824,4,good,ORD17824,PROD101,CUST3066
REV27825,3,average,ORD17825,PROD105,CUST1285
REV27826,4,good,ORD17826,PROD100,CUST3635
REV27827,2,bad,ORD17827,PROD112,CUST2810
REV27828,3,average,ORD17828,PROD108,CUST3592
REV27829,5,"very good",ORD17829,PROD105,CUST3839
REV27830,5,"very good",ORD17830,PROD112,CUST5224
REV27831,3,average,ORD17831,PROD114,CUST4723
REV27832,1,"very bad",ORD17832,PROD105,CUST5874
REV27833,4,good,ORD17833,PROD106,CUST1099
REV27834,5,"very good",ORD17834,PROD110,CUST5065
REV27835,3,average,ORD17835,PROD109,CUST4924
REV27836,5,"very good",ORD17836,PROD111,CUST2143
REV27837,3,average,ORD17837,PROD103,CUST1260
REV27838,3,average,ORD17838,PROD104,CUST2272
REV27839,4,good,ORD17839,PROD100,CUST3719
REV27840,5,"very good",ORD17840,PROD114,CUST5800
REV27841,5,"very good",ORD17841,PROD112,CUST1987
REV27842,4,good,ORD17842,PROD107,CUST5994
REV27843,2,bad,ORD17843,PROD114,CUST5523
REV27844,4,good,ORD17844,PROD102,CUST1206
REV27845,1,"very bad",ORD17845,PROD109,CUST3168
REV27846,5,"very good",ORD17846,PROD107,CUST1253
REV27847,4,good,ORD17847,PROD101,CUST1539
REV27848,3,average,ORD17848,PROD111,CUST2682
REV27849,2,bad,ORD17849,PROD102,CUST3443
REV27850,4,good,ORD17850,PROD105,CUST5047
REV27851,3,average,ORD17851,PROD109,CUST1189
REV27852,4,good,ORD17852,PROD107,CUST1654
REV27853,4,good,ORD17853,PROD103,CUST3732
REV27854,3,average,ORD17854,PROD110,CUST2240
REV27855,5,"very good",ORD17855,PROD110,CUST2763
REV27856,1,"very bad",ORD17856,PROD104,CUST4800
REV27857,1,"very bad",ORD17857,PROD114,CUST4262
REV27858,1,"very bad",ORD17858,PROD111,CUST3647
REV27859,4,good,ORD17859,PROD109,CUST3095
REV27860,3,average,ORD17860,PROD114,CUST2795
REV27861,1,"very bad",ORD17861,PROD111,CUST5668
REV27862,4,good,ORD17862,PROD112,CUST1781
REV27863,1,"very bad",ORD17863,PROD114,CUST2818
REV27864,5,"very good",ORD17864,PROD103,CUST5233
REV27865,1,"very bad",ORD17865,PROD104,CUST3688
REV27866,2,bad,ORD17866,PROD107,CUST4088
REV27867,5,"very good",ORD17867,PROD109,CUST3012
REV27868,2,bad,ORD17868,PROD101,CUST4812
REV27869,5,"very good",ORD17869,PROD103,CUST3145
REV27870,1,"very bad",ORD17870,PROD104,CUST5758
REV27871,2,bad,ORD17871,PROD100,CUST3938
REV27872,4,good,ORD17872,PROD108,CUST4925
REV27873,5,"very good",ORD17873,PROD111,CUST2832
REV27874,1,"very bad",ORD17874,PROD104,CUST3542
REV27875,5,"very good",ORD17875,PROD103,CUST1671
REV27876,4,good,ORD17876,PROD111,CUST3810
REV27877,5,"very good",ORD17877,PROD101,CUST4142
REV27878,2,bad,ORD17878,PROD107,CUST5796
REV27879,4,good,ORD17879,PROD104,CUST5737
REV27880,3,average,ORD17880,PROD105,CUST4543
REV27881,1,"very bad",ORD17881,PROD107,CUST4429
REV27882,1,"very bad",ORD17882,PROD111,CUST4308
REV27883,2,bad,ORD17883,PROD113,CUST1510
REV27884,4,good,ORD17884,PROD112,CUST2207
REV27885,1,"very bad",ORD17885,PROD106,CUST4702
REV27886,1,"very bad",ORD17886,PROD109,CUST1353
REV27887,4,good,ORD17887,PROD114,CUST4816
REV27888,3,average,ORD17888,PROD102,CUST1205
REV27889,2,bad,ORD17889,PROD114,CUST3946
REV27890,2,bad,ORD17890,PROD107,CUST2198
REV27891,2,bad,ORD17891,PROD103,CUST3879
REV27892,1,"very bad",ORD17892,PROD107,CUST2299
REV27893,3,average,ORD17893,PROD107,CUST3138
REV27894,2,bad,ORD17894,PROD104,CUST4681
REV27895,3,average,ORD17895,PROD102,CUST3679
REV27896,5,"very good",ORD17896,PROD109,CUST1864
REV27897,5,"very good",ORD17897,PROD114,CUST4942
REV27898,5,"very good",ORD17898,PROD107,CUST2640
REV27899,4,good,ORD17899,PROD112,CUST2466
REV27900,1,"very bad",ORD17900,PROD104,CUST3679
REV27901,2,bad,ORD17901,PROD107,CUST1358
REV27902,4,good,ORD17902,PROD105,CUST5537
REV27903,2,bad,ORD17903,PROD108,CUST4671
REV27904,2,bad,ORD17904,PROD110,CUST4411
REV27905,1,"very bad",ORD17905,PROD103,CUST4987
REV27906,1,"very bad",ORD17906,PROD112,CUST1291
REV27907,3,average,ORD17907,PROD112,CUST3669
REV27908,5,"very good",ORD17908,PROD113,CUST3028
REV27909,3,average,ORD17909,PROD104,CUST5751
REV27910,2,bad,ORD17910,PROD110,CUST1999
REV27911,1,"very bad",ORD17911,PROD108,CUST2444
REV27912,4,good,ORD17912,PROD114,CUST3859
REV27913,2,bad,ORD17913,PROD104,CUST2788
REV27914,1,"very bad",ORD17914,PROD110,CUST5684
REV27915,5,"very good",ORD17915,PROD103,CUST5750
REV27916,4,good,ORD17916,PROD109,CUST5929
REV27917,4,good,ORD17917,PROD105,CUST4288
REV27918,4,good,ORD17918,PROD110,CUST3363
REV27919,4,good,ORD17919,PROD100,CUST3767
REV27920,1,"very bad",ORD17920,PROD110,CUST5367
REV27921,5,"very good",ORD17921,PROD105,CUST5508
REV27922,1,"very bad",ORD17922,PROD106,CUST2853
REV27923,3,average,ORD17923,PROD104,CUST5144
REV27924,5,"very good",ORD17924,PROD108,CUST2590
REV27925,3,average,ORD17925,PROD108,CUST4234
REV27926,2,bad,ORD17926,PROD104,CUST4316
REV27927,3,average,ORD17927,PROD111,CUST4883
REV27928,5,"very good",ORD17928,PROD101,CUST4390
REV27929,5,"very good",ORD17929,PROD103,CUST4884
REV27930,4,good,ORD17930,PROD111,CUST3834
REV27931,3,average,ORD17931,PROD106,CUST4871
REV27932,3,average,ORD17932,PROD105,CUST5281
REV27933,3,average,ORD17933,PROD104,CUST3704
REV27934,1,"very bad",ORD17934,PROD104,CUST5146
REV27935,1,"very bad",ORD17935,PROD112,CUST5257
REV27936,5,"very good",ORD17936,PROD112,CUST1895
REV27937,1,"very bad",ORD17937,PROD104,CUST1289
REV27938,3,average,ORD17938,PROD114,CUST2604
REV27939,3,average,ORD17939,PROD111,CUST5274
REV27940,2,bad,ORD17940,PROD113,CUST4618
REV27941,3,average,ORD17941,PROD105,CUST3391
REV27942,1,"very bad",ORD17942,PROD102,CUST3871
REV27943,4,good,ORD17943,PROD110,CUST1560
REV27944,2,bad,ORD17944,PROD111,CUST5468
REV27945,1,"very bad",ORD17945,PROD113,CUST1696
REV27946,4,good,ORD17946,PROD110,CUST5095
REV27947,2,bad,ORD17947,PROD111,CUST3579
REV27948,4,good,ORD17948,PROD114,CUST3454
REV27949,4,good,ORD17949,PROD109,CUST5204
REV27950,4,good,ORD17950,PROD107,CUST5178
REV27951,5,"very good",ORD17951,PROD109,CUST3555
REV27952,3,average,ORD17952,PROD104,CUST3977
REV27953,1,"very bad",ORD17953,PROD105,CUST1635
REV27954,3,average,ORD17954,PROD113,CUST3705
REV27955,1,"very bad",ORD17955,PROD112,CUST2885
REV27956,3,average,ORD17956,PROD104,CUST2155
REV27957,3,average,ORD17957,PROD111,CUST3302
REV27958,3,average,ORD17958,PROD113,CUST4195
REV27959,1,"very bad",ORD17959,PROD102,CUST3118
REV27960,5,"very good",ORD17960,PROD102,CUST4481
REV27961,5,"very good",ORD17961,PROD108,CUST3404
REV27962,5,"very good",ORD17962,PROD110,CUST5579
REV27963,2,bad,ORD17963,PROD101,CUST2310
REV27964,1,"very bad",ORD17964,PROD106,CUST4296
REV27965,3,average,ORD17965,PROD102,CUST3825
REV27966,2,bad,ORD17966,PROD104,CUST2911
REV27967,2,bad,ORD17967,PROD105,CUST3436
REV27968,1,"very bad",ORD17968,PROD106,CUST5762
REV27969,1,"very bad",ORD17969,PROD106,CUST4683
REV27970,3,average,ORD17970,PROD105,CUST4310
REV27971,5,"very good",ORD17971,PROD106,CUST1385
REV27972,5,"very good",ORD17972,PROD106,CUST5419
REV27973,4,good,ORD17973,PROD111,CUST1636
REV27974,3,average,ORD17974,PROD112,CUST1077
REV27975,5,"very good",ORD17975,PROD106,CUST3245
REV27976,1,"very bad",ORD17976,PROD106,CUST1505
REV27977,1,"very bad",ORD17977,PROD114,CUST3121
REV27978,4,good,ORD17978,PROD100,CUST5577
REV27979,1,"very bad",ORD17979,PROD109,CUST4369
REV27980,5,"very good",ORD17980,PROD103,CUST5911
REV27981,4,good,ORD17981,PROD101,CUST1195
REV27982,5,"very good",ORD17982,PROD113,CUST5125
REV27983,3,average,ORD17983,PROD103,CUST2210
REV27984,2,bad,ORD17984,PROD109,CUST2059
REV27985,5,"very good",ORD17985,PROD105,CUST1986
REV27986,3,average,ORD17986,PROD111,CUST3022
REV27987,5,"very good",ORD17987,PROD110,CUST2782
REV27988,3,average,ORD17988,PROD103,CUST4562
REV27989,2,bad,ORD17989,PROD111,CUST2791
REV27990,5,"very good",ORD17990,PROD105,CUST1234
REV27991,1,"very bad",ORD17991,PROD112,CUST3036
REV27992,1,"very bad",ORD17992,PROD103,CUST1478
REV27993,2,bad,ORD17993,PROD104,CUST3148
REV27994,1,"very bad",ORD17994,PROD103,CUST5388
REV27995,1,"very bad",ORD17995,PROD114,CUST1908
REV27996,1,"very bad",ORD17996,PROD101,CUST3559
REV27997,5,"very good",ORD17997,PROD101,CUST1259
REV27998,5,"very good",ORD17998,PROD113,CUST3963
REV27999,2,bad,ORD17999,PROD103,CUST1731
REV28000,1,"very bad",ORD18000,PROD100,CUST5231
REV28001,5,"very good",ORD18001,PROD101,CUST2676
REV28002,2,bad,ORD18002,PROD100,CUST3336
REV28003,4,good,ORD18003,PROD102,CUST5893
REV28004,5,"very good",ORD18004,PROD109,CUST3880
REV28005,2,bad,ORD18005,PROD106,CUST4609
REV28006,3,average,ORD18006,PROD103,CUST2455
REV28007,1,"very bad",ORD18007,PROD107,CUST4028
REV28008,1,"very bad",ORD18008,PROD113,CUST4214
REV28009,2,bad,ORD18009,PROD100,CUST3441
REV28010,4,good,ORD18010,PROD107,CUST2100
REV28011,3,average,ORD18011,PROD103,CUST1292
REV28012,2,bad,ORD18012,PROD100,CUST5488
REV28013,2,bad,ORD18013,PROD114,CUST5992
REV28014,1,"very bad",ORD18014,PROD107,CUST2250
REV28015,4,good,ORD18015,PROD112,CUST5384
REV28016,1,"very bad",ORD18016,PROD114,CUST2045
REV28017,3,average,ORD18017,PROD104,CUST5980
REV28018,2,bad,ORD18018,PROD114,CUST4743
REV28019,1,"very bad",ORD18019,PROD107,CUST3794
REV28020,2,bad,ORD18020,PROD108,CUST5840
REV28021,3,average,ORD18021,PROD114,CUST3381
REV28022,2,bad,ORD18022,PROD111,CUST5280
REV28023,3,average,ORD18023,PROD111,CUST1243
REV28024,4,good,ORD18024,PROD106,CUST1113
REV28025,3,average,ORD18025,PROD111,CUST2540
REV28026,2,bad,ORD18026,PROD110,CUST5749
REV28027,2,bad,ORD18027,PROD109,CUST4131
REV28028,1,"very bad",ORD18028,PROD104,CUST2700
REV28029,4,good,ORD18029,PROD111,CUST5034
REV28030,1,"very bad",ORD18030,PROD101,CUST3017
REV28031,4,good,ORD18031,PROD100,CUST4412
REV28032,3,average,ORD18032,PROD113,CUST2376
REV28033,4,good,ORD18033,PROD113,CUST5726
REV28034,4,good,ORD18034,PROD114,CUST3330
REV28035,2,bad,ORD18035,PROD107,CUST2742
REV28036,5,"very good",ORD18036,PROD106,CUST2974
REV28037,2,bad,ORD18037,PROD106,CUST4491
REV28038,3,average,ORD18038,PROD106,CUST3869
REV28039,2,bad,ORD18039,PROD107,CUST4112
REV28040,3,average,ORD18040,PROD114,CUST4057
REV28041,5,"very good",ORD18041,PROD103,CUST1026
REV28042,3,average,ORD18042,PROD103,CUST5740
REV28043,1,"very bad",ORD18043,PROD106,CUST2930
REV28044,1,"very bad",ORD18044,PROD102,CUST2018
REV28045,4,good,ORD18045,PROD105,CUST5496
REV28046,4,good,ORD18046,PROD108,CUST2708
REV28047,5,"very good",ORD18047,PROD110,CUST3349
REV28048,5,"very good",ORD18048,PROD101,CUST4504
REV28049,2,bad,ORD18049,PROD107,CUST5988
REV28050,1,"very bad",ORD18050,PROD113,CUST3589
REV28051,1,"very bad",ORD18051,PROD113,CUST2189
REV28052,4,good,ORD18052,PROD111,CUST4708
REV28053,4,good,ORD18053,PROD104,CUST1423
REV28054,2,bad,ORD18054,PROD114,CUST5845
REV28055,4,good,ORD18055,PROD114,CUST3959
REV28056,3,average,ORD18056,PROD100,CUST1693
REV28057,4,good,ORD18057,PROD106,CUST5910
REV28058,4,good,ORD18058,PROD104,CUST2513
REV28059,3,average,ORD18059,PROD106,CUST5122
REV28060,5,"very good",ORD18060,PROD104,CUST5179
REV28061,4,good,ORD18061,PROD102,CUST2616
REV28062,5,"very good",ORD18062,PROD108,CUST5902
REV28063,3,average,ORD18063,PROD107,CUST3052
REV28064,5,"very good",ORD18064,PROD103,CUST3943
REV28065,2,bad,ORD18065,PROD100,CUST3290
REV28066,1,"very bad",ORD18066,PROD104,CUST5728
REV28067,5,"very good",ORD18067,PROD105,CUST5512
REV28068,4,good,ORD18068,PROD108,CUST3727
REV28069,1,"very bad",ORD18069,PROD107,CUST4164
REV28070,1,"very bad",ORD18070,PROD105,CUST5960
REV28071,5,"very good",ORD18071,PROD105,CUST4614
REV28072,2,bad,ORD18072,PROD101,CUST1878
REV28073,3,average,ORD18073,PROD105,CUST3869
REV28074,2,bad,ORD18074,PROD104,CUST1862
REV28075,1,"very bad",ORD18075,PROD107,CUST4881
REV28076,2,bad,ORD18076,PROD108,CUST5522
REV28077,5,"very good",ORD18077,PROD111,CUST2074
REV28078,1,"very bad",ORD18078,PROD103,CUST2531
REV28079,5,"very good",ORD18079,PROD102,CUST4363
REV28080,1,"very bad",ORD18080,PROD104,CUST1955
REV28081,4,good,ORD18081,PROD112,CUST3376
REV28082,5,"very good",ORD18082,PROD110,CUST4803
REV28083,1,"very bad",ORD18083,PROD104,CUST1785
REV28084,4,good,ORD18084,PROD107,CUST3910
REV28085,3,average,ORD18085,PROD100,CUST4074
REV28086,5,"very good",ORD18086,PROD106,CUST1244
REV28087,4,good,ORD18087,PROD112,CUST4693
REV28088,2,bad,ORD18088,PROD112,CUST2251
REV28089,1,"very bad",ORD18089,PROD107,CUST4816
REV28090,2,bad,ORD18090,PROD112,CUST1082
REV28091,3,average,ORD18091,PROD106,CUST2148
REV28092,4,good,ORD18092,PROD108,CUST1127
REV28093,2,bad,ORD18093,PROD102,CUST3172
REV28094,3,average,ORD18094,PROD112,CUST5550
REV28095,3,average,ORD18095,PROD107,CUST4514
REV28096,5,"very good",ORD18096,PROD114,CUST4088
REV28097,5,"very good",ORD18097,PROD105,CUST2237
REV28098,4,good,ORD18098,PROD113,CUST1341
REV28099,3,average,ORD18099,PROD102,CUST3898
REV28100,4,good,ORD18100,PROD108,CUST2170
REV28101,5,"very good",ORD18101,PROD106,CUST2200
REV28102,5,"very good",ORD18102,PROD108,CUST5803
REV28103,1,"very bad",ORD18103,PROD110,CUST1740
REV28104,3,average,ORD18104,PROD105,CUST3606
REV28105,5,"very good",ORD18105,PROD111,CUST1627
REV28106,5,"very good",ORD18106,PROD106,CUST5103
REV28107,5,"very good",ORD18107,PROD108,CUST1611
REV28108,4,good,ORD18108,PROD112,CUST1242
REV28109,4,good,ORD18109,PROD104,CUST5891
REV28110,4,good,ORD18110,PROD111,CUST2252
REV28111,3,average,ORD18111,PROD108,CUST5570
REV28112,5,"very good",ORD18112,PROD101,CUST4672
REV28113,3,average,ORD18113,PROD111,CUST1988
REV28114,5,"very good",ORD18114,PROD104,CUST5187
REV28115,4,good,ORD18115,PROD106,CUST3345
REV28116,5,"very good",ORD18116,PROD107,CUST4045
REV28117,2,bad,ORD18117,PROD105,CUST4092
REV28118,1,"very bad",ORD18118,PROD102,CUST3829
REV28119,4,good,ORD18119,PROD103,CUST5896
REV28120,2,bad,ORD18120,PROD111,CUST5653
REV28121,4,good,ORD18121,PROD106,CUST2430
REV28122,1,"very bad",ORD18122,PROD106,CUST2577
REV28123,2,bad,ORD18123,PROD106,CUST1945
REV28124,3,average,ORD18124,PROD101,CUST4422
REV28125,5,"very good",ORD18125,PROD101,CUST4294
REV28126,4,good,ORD18126,PROD106,CUST4956
REV28127,5,"very good",ORD18127,PROD110,CUST1950
REV28128,3,average,ORD18128,PROD113,CUST3721
REV28129,1,"very bad",ORD18129,PROD110,CUST4140
REV28130,3,average,ORD18130,PROD100,CUST4875
REV28131,2,bad,ORD18131,PROD107,CUST3863
REV28132,3,average,ORD18132,PROD102,CUST3341
REV28133,3,average,ORD18133,PROD108,CUST1877
REV28134,4,good,ORD18134,PROD108,CUST3957
REV28135,4,good,ORD18135,PROD107,CUST1621
REV28136,2,bad,ORD18136,PROD112,CUST5377
REV28137,3,average,ORD18137,PROD109,CUST1067
REV28138,5,"very good",ORD18138,PROD113,CUST1751
REV28139,3,average,ORD18139,PROD101,CUST2149
REV28140,2,bad,ORD18140,PROD110,CUST4185
REV28141,3,average,ORD18141,PROD105,CUST3082
REV28142,1,"very bad",ORD18142,PROD106,CUST2004
REV28143,4,good,ORD18143,PROD103,CUST1773
REV28144,3,average,ORD18144,PROD110,CUST2931
REV28145,3,average,ORD18145,PROD112,CUST2668
REV28146,5,"very good",ORD18146,PROD111,CUST1720
REV28147,3,average,ORD18147,PROD108,CUST2557
REV28148,5,"very good",ORD18148,PROD110,CUST1083
REV28149,2,bad,ORD18149,PROD111,CUST3200
REV28150,1,"very bad",ORD18150,PROD101,CUST3536
REV28151,3,average,ORD18151,PROD111,CUST2253
REV28152,4,good,ORD18152,PROD103,CUST3295
REV28153,3,average,ORD18153,PROD103,CUST1910
REV28154,3,average,ORD18154,PROD107,CUST4085
REV28155,3,average,ORD18155,PROD104,CUST3130
REV28156,4,good,ORD18156,PROD111,CUST2991
REV28157,4,good,ORD18157,PROD102,CUST3687
REV28158,3,average,ORD18158,PROD110,CUST2980
REV28159,4,good,ORD18159,PROD104,CUST5483
REV28160,5,"very good",ORD18160,PROD112,CUST1531
REV28161,5,"very good",ORD18161,PROD108,CUST2945
REV28162,4,good,ORD18162,PROD108,CUST4160
REV28163,5,"very good",ORD18163,PROD114,CUST2018
REV28164,4,good,ORD18164,PROD112,CUST5677
REV28165,3,average,ORD18165,PROD103,CUST4857
REV28166,5,"very good",ORD18166,PROD111,CUST4008
REV28167,2,bad,ORD18167,PROD104,CUST3975
REV28168,4,good,ORD18168,PROD101,CUST3781
REV28169,1,"very bad",ORD18169,PROD101,CUST2687
REV28170,2,bad,ORD18170,PROD109,CUST4684
REV28171,5,"very good",ORD18171,PROD112,CUST4817
REV28172,5,"very good",ORD18172,PROD105,CUST5212
REV28173,3,average,ORD18173,PROD107,CUST5629
REV28174,2,bad,ORD18174,PROD102,CUST5351
REV28175,3,average,ORD18175,PROD102,CUST5879
REV28176,1,"very bad",ORD18176,PROD101,CUST2840
REV28177,5,"very good",ORD18177,PROD113,CUST5035
REV28178,1,"very bad",ORD18178,PROD104,CUST3355
REV28179,4,good,ORD18179,PROD100,CUST2319
REV28180,1,"very bad",ORD18180,PROD113,CUST4505
REV28181,4,good,ORD18181,PROD105,CUST3351
REV28182,2,bad,ORD18182,PROD101,CUST1414
REV28183,5,"very good",ORD18183,PROD104,CUST4652
REV28184,4,good,ORD18184,PROD104,CUST2594
REV28185,4,good,ORD18185,PROD111,CUST2181
REV28186,2,bad,ORD18186,PROD112,CUST5026
REV28187,2,bad,ORD18187,PROD103,CUST3336
REV28188,1,"very bad",ORD18188,PROD104,CUST4252
REV28189,1,"very bad",ORD18189,PROD109,CUST4368
REV28190,2,bad,ORD18190,PROD102,CUST4319
REV28191,3,average,ORD18191,PROD107,CUST2842
REV28192,5,"very good",ORD18192,PROD105,CUST2748
REV28193,5,"very good",ORD18193,PROD113,CUST2435
REV28194,4,good,ORD18194,PROD108,CUST2324
REV28195,1,"very bad",ORD18195,PROD105,CUST5744
REV28196,5,"very good",ORD18196,PROD106,CUST1278
REV28197,3,average,ORD18197,PROD104,CUST5518
REV28198,4,good,ORD18198,PROD103,CUST1735
REV28199,3,average,ORD18199,PROD111,CUST3066
REV28200,4,good,ORD18200,PROD112,CUST1539
REV28201,5,"very good",ORD18201,PROD100,CUST5752
REV28202,2,bad,ORD18202,PROD105,CUST2252
REV28203,2,bad,ORD18203,PROD113,CUST4603
REV28204,2,bad,ORD18204,PROD106,CUST4511
REV28205,2,bad,ORD18205,PROD105,CUST1130
REV28206,2,bad,ORD18206,PROD109,CUST5285
REV28207,4,good,ORD18207,PROD100,CUST2358
REV28208,3,average,ORD18208,PROD103,CUST2721
REV28209,5,"very good",ORD18209,PROD102,CUST5449
REV28210,1,"very bad",ORD18210,PROD108,CUST3445
REV28211,4,good,ORD18211,PROD113,CUST5103
REV28212,5,"very good",ORD18212,PROD100,CUST2052
REV28213,4,good,ORD18213,PROD106,CUST2131
REV28214,5,"very good",ORD18214,PROD106,CUST4531
REV28215,5,"very good",ORD18215,PROD102,CUST3677
REV28216,3,average,ORD18216,PROD103,CUST3071
REV28217,3,average,ORD18217,PROD106,CUST4460
REV28218,3,average,ORD18218,PROD102,CUST4575
REV28219,1,"very bad",ORD18219,PROD107,CUST2266
REV28220,4,good,ORD18220,PROD101,CUST3474
REV28221,1,"very bad",ORD18221,PROD108,CUST3713
REV28222,3,average,ORD18222,PROD112,CUST2718
REV28223,3,average,ORD18223,PROD106,CUST4423
REV28224,2,bad,ORD18224,PROD106,CUST5504
REV28225,3,average,ORD18225,PROD114,CUST4904
REV28226,1,"very bad",ORD18226,PROD106,CUST5023
REV28227,4,good,ORD18227,PROD114,CUST5797
REV28228,2,bad,ORD18228,PROD108,CUST1066
REV28229,1,"very bad",ORD18229,PROD111,CUST2809
REV28230,2,bad,ORD18230,PROD107,CUST1450
REV28231,1,"very bad",ORD18231,PROD110,CUST1550
REV28232,3,average,ORD18232,PROD103,CUST5704
REV28233,3,average,ORD18233,PROD113,CUST3407
REV28234,2,bad,ORD18234,PROD110,CUST5184
REV28235,1,"very bad",ORD18235,PROD103,CUST3525
REV28236,1,"very bad",ORD18236,PROD100,CUST3762
REV28237,5,"very good",ORD18237,PROD101,CUST3089
REV28238,2,bad,ORD18238,PROD102,CUST5062
REV28239,4,good,ORD18239,PROD106,CUST3229
REV28240,4,good,ORD18240,PROD109,CUST5742
REV28241,4,good,ORD18241,PROD106,CUST4019
REV28242,1,"very bad",ORD18242,PROD103,CUST5846
REV28243,2,bad,ORD18243,PROD114,CUST3011
REV28244,1,"very bad",ORD18244,PROD108,CUST2029
REV28245,3,average,ORD18245,PROD102,CUST5581
REV28246,2,bad,ORD18246,PROD102,CUST1559
REV28247,3,average,ORD18247,PROD113,CUST3575
REV28248,1,"very bad",ORD18248,PROD111,CUST1292
REV28249,1,"very bad",ORD18249,PROD100,CUST3641
REV28250,3,average,ORD18250,PROD108,CUST2733
REV28251,5,"very good",ORD18251,PROD100,CUST3977
REV28252,2,bad,ORD18252,PROD106,CUST3968
REV28253,3,average,ORD18253,PROD107,CUST1119
REV28254,2,bad,ORD18254,PROD101,CUST3444
REV28255,4,good,ORD18255,PROD106,CUST2004
REV28256,1,"very bad",ORD18256,PROD113,CUST3263
REV28257,2,bad,ORD18257,PROD102,CUST5217
REV28258,1,"very bad",ORD18258,PROD107,CUST4197
REV28259,4,good,ORD18259,PROD112,CUST4627
REV28260,3,average,ORD18260,PROD102,CUST4375
REV28261,4,good,ORD18261,PROD105,CUST5550
REV28262,5,"very good",ORD18262,PROD101,CUST3884
REV28263,5,"very good",ORD18263,PROD104,CUST1519
REV28264,4,good,ORD18264,PROD111,CUST5768
REV28265,5,"very good",ORD18265,PROD103,CUST1447
REV28266,2,bad,ORD18266,PROD101,CUST3379
REV28267,1,"very bad",ORD18267,PROD110,CUST4599
REV28268,2,bad,ORD18268,PROD104,CUST1899
REV28269,2,bad,ORD18269,PROD111,CUST1006
REV28270,4,good,ORD18270,PROD101,CUST5634
REV28271,2,bad,ORD18271,PROD103,CUST5946
REV28272,5,"very good",ORD18272,PROD103,CUST5247
REV28273,5,"very good",ORD18273,PROD100,CUST2682
REV28274,5,"very good",ORD18274,PROD114,CUST1485
REV28275,3,average,ORD18275,PROD101,CUST5938
REV28276,2,bad,ORD18276,PROD108,CUST2799
REV28277,5,"very good",ORD18277,PROD111,CUST2824
REV28278,1,"very bad",ORD18278,PROD110,CUST3432
REV28279,4,good,ORD18279,PROD109,CUST4817
REV28280,4,good,ORD18280,PROD109,CUST4317
REV28281,2,bad,ORD18281,PROD104,CUST4958
REV28282,3,average,ORD18282,PROD107,CUST3585
REV28283,5,"very good",ORD18283,PROD113,CUST2665
REV28284,3,average,ORD18284,PROD112,CUST1393
REV28285,4,good,ORD18285,PROD101,CUST1510
REV28286,1,"very bad",ORD18286,PROD105,CUST2427
REV28287,3,average,ORD18287,PROD100,CUST5399
REV28288,1,"very bad",ORD18288,PROD114,CUST2972
REV28289,3,average,ORD18289,PROD101,CUST1397
REV28290,4,good,ORD18290,PROD108,CUST2495
REV28291,4,good,ORD18291,PROD102,CUST4354
REV28292,2,bad,ORD18292,PROD111,CUST5349
REV28293,1,"very bad",ORD18293,PROD105,CUST4262
REV28294,4,good,ORD18294,PROD111,CUST4484
REV28295,4,good,ORD18295,PROD104,CUST1351
REV28296,2,bad,ORD18296,PROD112,CUST5986
REV28297,4,good,ORD18297,PROD104,CUST3205
REV28298,2,bad,ORD18298,PROD112,CUST4064
REV28299,5,"very good",ORD18299,PROD103,CUST2246
REV28300,2,bad,ORD18300,PROD109,CUST3296
REV28301,4,good,ORD18301,PROD101,CUST3664
REV28302,4,good,ORD18302,PROD112,CUST3452
REV28303,1,"very bad",ORD18303,PROD103,CUST3665
REV28304,3,average,ORD18304,PROD105,CUST2987
REV28305,3,average,ORD18305,PROD112,CUST5627
REV28306,4,good,ORD18306,PROD106,CUST4631
REV28307,3,average,ORD18307,PROD112,CUST4086
REV28308,4,good,ORD18308,PROD102,CUST1966
REV28309,5,"very good",ORD18309,PROD104,CUST4991
REV28310,3,average,ORD18310,PROD113,CUST5637
REV28311,5,"very good",ORD18311,PROD114,CUST1236
REV28312,1,"very bad",ORD18312,PROD104,CUST1885
REV28313,2,bad,ORD18313,PROD105,CUST4723
REV28314,3,average,ORD18314,PROD102,CUST4284
REV28315,1,"very bad",ORD18315,PROD106,CUST1953
REV28316,3,average,ORD18316,PROD104,CUST2800
REV28317,5,"very good",ORD18317,PROD113,CUST5143
REV28318,4,good,ORD18318,PROD114,CUST4314
REV28319,1,"very bad",ORD18319,PROD101,CUST1066
REV28320,4,good,ORD18320,PROD113,CUST1998
REV28321,1,"very bad",ORD18321,PROD114,CUST1755
REV28322,1,"very bad",ORD18322,PROD114,CUST3890
REV28323,3,average,ORD18323,PROD113,CUST4063
REV28324,3,average,ORD18324,PROD108,CUST2360
REV28325,5,"very good",ORD18325,PROD114,CUST1802
REV28326,3,average,ORD18326,PROD107,CUST1056
REV28327,4,good,ORD18327,PROD103,CUST4834
REV28328,4,good,ORD18328,PROD110,CUST2889
REV28329,1,"very bad",ORD18329,PROD103,CUST5180
REV28330,4,good,ORD18330,PROD113,CUST2697
REV28331,5,"very good",ORD18331,PROD108,CUST3300
REV28332,2,bad,ORD18332,PROD107,CUST2798
REV28333,5,"very good",ORD18333,PROD105,CUST2770
REV28334,4,good,ORD18334,PROD114,CUST4334
REV28335,1,"very bad",ORD18335,PROD111,CUST5125
REV28336,5,"very good",ORD18336,PROD110,CUST4365
REV28337,3,average,ORD18337,PROD114,CUST2861
REV28338,1,"very bad",ORD18338,PROD114,CUST5843
REV28339,5,"very good",ORD18339,PROD102,CUST1668
REV28340,2,bad,ORD18340,PROD101,CUST5358
REV28341,1,"very bad",ORD18341,PROD107,CUST5107
REV28342,2,bad,ORD18342,PROD112,CUST5857
REV28343,4,good,ORD18343,PROD111,CUST4559
REV28344,4,good,ORD18344,PROD114,CUST3796
REV28345,3,average,ORD18345,PROD101,CUST4333
REV28346,1,"very bad",ORD18346,PROD109,CUST2988
REV28347,2,bad,ORD18347,PROD108,CUST3578
REV28348,3,average,ORD18348,PROD102,CUST1337
REV28349,5,"very good",ORD18349,PROD110,CUST5389
REV28350,2,bad,ORD18350,PROD101,CUST3556
REV28351,4,good,ORD18351,PROD102,CUST3576
REV28352,4,good,ORD18352,PROD112,CUST1149
REV28353,4,good,ORD18353,PROD104,CUST1188
REV28354,1,"very bad",ORD18354,PROD113,CUST3015
REV28355,5,"very good",ORD18355,PROD108,CUST2906
REV28356,2,bad,ORD18356,PROD100,CUST4343
REV28357,4,good,ORD18357,PROD109,CUST5833
REV28358,1,"very bad",ORD18358,PROD112,CUST1184
REV28359,2,bad,ORD18359,PROD106,CUST5251
REV28360,4,good,ORD18360,PROD114,CUST5598
REV28361,5,"very good",ORD18361,PROD102,CUST4338
REV28362,4,good,ORD18362,PROD102,CUST3716
REV28363,3,average,ORD18363,PROD100,CUST5866
REV28364,2,bad,ORD18364,PROD113,CUST1505
REV28365,4,good,ORD18365,PROD102,CUST1215
REV28366,4,good,ORD18366,PROD102,CUST5297
REV28367,2,bad,ORD18367,PROD113,CUST1545
REV28368,1,"very bad",ORD18368,PROD105,CUST4918
REV28369,3,average,ORD18369,PROD111,CUST4833
REV28370,4,good,ORD18370,PROD101,CUST2419
REV28371,2,bad,ORD18371,PROD112,CUST4918
REV28372,4,good,ORD18372,PROD107,CUST4400
REV28373,1,"very bad",ORD18373,PROD110,CUST1093
REV28374,2,bad,ORD18374,PROD103,CUST5078
REV28375,3,average,ORD18375,PROD103,CUST1529
REV28376,1,"very bad",ORD18376,PROD111,CUST1884
REV28377,4,good,ORD18377,PROD113,CUST1066
REV28378,3,average,ORD18378,PROD108,CUST3459
REV28379,3,average,ORD18379,PROD114,CUST4818
REV28380,5,"very good",ORD18380,PROD104,CUST2094
REV28381,1,"very bad",ORD18381,PROD114,CUST2921
REV28382,1,"very bad",ORD18382,PROD111,CUST4496
REV28383,5,"very good",ORD18383,PROD114,CUST4123
REV28384,5,"very good",ORD18384,PROD102,CUST2111
REV28385,3,average,ORD18385,PROD113,CUST2359
REV28386,4,good,ORD18386,PROD107,CUST4665
REV28387,1,"very bad",ORD18387,PROD108,CUST4295
REV28388,2,bad,ORD18388,PROD111,CUST3423
REV28389,2,bad,ORD18389,PROD111,CUST2940
REV28390,3,average,ORD18390,PROD113,CUST2036
REV28391,2,bad,ORD18391,PROD113,CUST2890
REV28392,3,average,ORD18392,PROD106,CUST2209
REV28393,4,good,ORD18393,PROD114,CUST2843
REV28394,2,bad,ORD18394,PROD114,CUST2832
REV28395,3,average,ORD18395,PROD106,CUST1261
REV28396,2,bad,ORD18396,PROD112,CUST1619
REV28397,3,average,ORD18397,PROD100,CUST3321
REV28398,3,average,ORD18398,PROD102,CUST3815
REV28399,1,"very bad",ORD18399,PROD107,CUST4937
REV28400,4,good,ORD18400,PROD114,CUST1610
REV28401,1,"very bad",ORD18401,PROD112,CUST4596
REV28402,1,"very bad",ORD18402,PROD107,CUST5343
REV28403,1,"very bad",ORD18403,PROD109,CUST1647
REV28404,3,average,ORD18404,PROD103,CUST4084
REV28405,5,"very good",ORD18405,PROD101,CUST1953
REV28406,5,"very good",ORD18406,PROD107,CUST2269
REV28407,4,good,ORD18407,PROD111,CUST2319
REV28408,2,bad,ORD18408,PROD103,CUST1769
REV28409,2,bad,ORD18409,PROD106,CUST4364
REV28410,1,"very bad",ORD18410,PROD101,CUST4749
REV28411,3,average,ORD18411,PROD114,CUST4014
REV28412,5,"very good",ORD18412,PROD100,CUST4073
REV28413,3,average,ORD18413,PROD109,CUST1623
REV28414,3,average,ORD18414,PROD104,CUST1323
REV28415,1,"very bad",ORD18415,PROD114,CUST3135
REV28416,4,good,ORD18416,PROD108,CUST4519
REV28417,3,average,ORD18417,PROD108,CUST2981
REV28418,5,"very good",ORD18418,PROD106,CUST1420
REV28419,1,"very bad",ORD18419,PROD100,CUST1996
REV28420,2,bad,ORD18420,PROD105,CUST5035
REV28421,5,"very good",ORD18421,PROD114,CUST2585
REV28422,3,average,ORD18422,PROD104,CUST2800
REV28423,2,bad,ORD18423,PROD107,CUST5840
REV28424,4,good,ORD18424,PROD105,CUST2116
REV28425,4,good,ORD18425,PROD112,CUST3283
REV28426,2,bad,ORD18426,PROD112,CUST1817
REV28427,2,bad,ORD18427,PROD100,CUST1805
REV28428,3,average,ORD18428,PROD110,CUST2950
REV28429,2,bad,ORD18429,PROD103,CUST5227
REV28430,2,bad,ORD18430,PROD105,CUST3328
REV28431,3,average,ORD18431,PROD114,CUST1266
REV28432,4,good,ORD18432,PROD103,CUST2451
REV28433,1,"very bad",ORD18433,PROD113,CUST1591
REV28434,1,"very bad",ORD18434,PROD101,CUST3079
REV28435,4,good,ORD18435,PROD103,CUST5172
REV28436,2,bad,ORD18436,PROD106,CUST1272
REV28437,2,bad,ORD18437,PROD100,CUST3112
REV28438,2,bad,ORD18438,PROD105,CUST3036
REV28439,4,good,ORD18439,PROD103,CUST1384
REV28440,1,"very bad",ORD18440,PROD114,CUST2791
REV28441,2,bad,ORD18441,PROD108,CUST2234
REV28442,1,"very bad",ORD18442,PROD107,CUST5474
REV28443,5,"very good",ORD18443,PROD108,CUST5064
REV28444,1,"very bad",ORD18444,PROD107,CUST3073
REV28445,1,"very bad",ORD18445,PROD104,CUST2027
REV28446,4,good,ORD18446,PROD110,CUST2639
REV28447,4,good,ORD18447,PROD113,CUST5728
REV28448,5,"very good",ORD18448,PROD113,CUST2702
REV28449,1,"very bad",ORD18449,PROD114,CUST2279
REV28450,4,good,ORD18450,PROD105,CUST4556
REV28451,1,"very bad",ORD18451,PROD104,CUST4910
REV28452,5,"very good",ORD18452,PROD105,CUST1893
REV28453,2,bad,ORD18453,PROD106,CUST3231
REV28454,5,"very good",ORD18454,PROD100,CUST1493
REV28455,3,average,ORD18455,PROD106,CUST4460
REV28456,2,bad,ORD18456,PROD107,CUST4479
REV28457,5,"very good",ORD18457,PROD113,CUST3943
REV28458,2,bad,ORD18458,PROD102,CUST5062
REV28459,1,"very bad",ORD18459,PROD106,CUST4181
REV28460,2,bad,ORD18460,PROD110,CUST4623
REV28461,2,bad,ORD18461,PROD109,CUST5392
REV28462,1,"very bad",ORD18462,PROD107,CUST1858
REV28463,3,average,ORD18463,PROD106,CUST1698
REV28464,2,bad,ORD18464,PROD103,CUST5820
REV28465,4,good,ORD18465,PROD102,CUST1403
REV28466,5,"very good",ORD18466,PROD106,CUST1841
REV28467,5,"very good",ORD18467,PROD106,CUST4631
REV28468,2,bad,ORD18468,PROD113,CUST3704
REV28469,4,good,ORD18469,PROD101,CUST5236
REV28470,4,good,ORD18470,PROD113,CUST5947
REV28471,4,good,ORD18471,PROD114,CUST2924
REV28472,3,average,ORD18472,PROD103,CUST3663
REV28473,3,average,ORD18473,PROD107,CUST5353
REV28474,1,"very bad",ORD18474,PROD114,CUST5520
REV28475,5,"very good",ORD18475,PROD110,CUST1735
REV28476,1,"very bad",ORD18476,PROD103,CUST4857
REV28477,3,average,ORD18477,PROD107,CUST5986
REV28478,5,"very good",ORD18478,PROD112,CUST2149
REV28479,2,bad,ORD18479,PROD101,CUST3393
REV28480,5,"very good",ORD18480,PROD109,CUST1118
REV28481,1,"very bad",ORD18481,PROD111,CUST1559
REV28482,4,good,ORD18482,PROD108,CUST2838
REV28483,4,good,ORD18483,PROD106,CUST2035
REV28484,2,bad,ORD18484,PROD114,CUST3954
REV28485,1,"very bad",ORD18485,PROD100,CUST3331
REV28486,2,bad,ORD18486,PROD102,CUST3944
REV28487,5,"very good",ORD18487,PROD106,CUST5095
REV28488,4,good,ORD18488,PROD111,CUST4663
REV28489,3,average,ORD18489,PROD109,CUST1122
REV28490,1,"very bad",ORD18490,PROD104,CUST4766
REV28491,2,bad,ORD18491,PROD112,CUST2363
REV28492,1,"very bad",ORD18492,PROD101,CUST3927
REV28493,3,average,ORD18493,PROD110,CUST4468
REV28494,3,average,ORD18494,PROD114,CUST2358
REV28495,2,bad,ORD18495,PROD114,CUST1023
REV28496,4,good,ORD18496,PROD101,CUST2125
REV28497,2,bad,ORD18497,PROD110,CUST5458
REV28498,5,"very good",ORD18498,PROD113,CUST3537
REV28499,1,"very bad",ORD18499,PROD108,CUST2412
REV28500,2,bad,ORD18500,PROD113,CUST5508
REV28501,5,"very good",ORD18501,PROD103,CUST4312
REV28502,4,good,ORD18502,PROD106,CUST3709
REV28503,4,good,ORD18503,PROD112,CUST1029
REV28504,3,average,ORD18504,PROD113,CUST5619
REV28505,5,"very good",ORD18505,PROD113,CUST5983
REV28506,2,bad,ORD18506,PROD110,CUST2558
REV28507,4,good,ORD18507,PROD111,CUST5723
REV28508,1,"very bad",ORD18508,PROD107,CUST3973
REV28509,4,good,ORD18509,PROD107,CUST2701
REV28510,1,"very bad",ORD18510,PROD105,CUST4177
REV28511,2,bad,ORD18511,PROD104,CUST4342
REV28512,4,good,ORD18512,PROD103,CUST5580
REV28513,4,good,ORD18513,PROD107,CUST3495
REV28514,3,average,ORD18514,PROD103,CUST5439
REV28515,3,average,ORD18515,PROD103,CUST1909
REV28516,4,good,ORD18516,PROD107,CUST3515
REV28517,5,"very good",ORD18517,PROD110,CUST1944
REV28518,1,"very bad",ORD18518,PROD101,CUST2703
REV28519,1,"very bad",ORD18519,PROD109,CUST2033
REV28520,1,"very bad",ORD18520,PROD101,CUST1097
REV28521,4,good,ORD18521,PROD110,CUST1165
REV28522,3,average,ORD18522,PROD108,CUST2279
REV28523,3,average,ORD18523,PROD110,CUST5247
REV28524,4,good,ORD18524,PROD114,CUST1234
REV28525,4,good,ORD18525,PROD105,CUST2434
REV28526,5,"very good",ORD18526,PROD100,CUST5113
REV28527,3,average,ORD18527,PROD108,CUST1807
REV28528,4,good,ORD18528,PROD113,CUST3549
REV28529,2,bad,ORD18529,PROD100,CUST2698
REV28530,5,"very good",ORD18530,PROD114,CUST2348
REV28531,1,"very bad",ORD18531,PROD106,CUST5668
REV28532,5,"very good",ORD18532,PROD110,CUST4487
REV28533,5,"very good",ORD18533,PROD101,CUST2299
REV28534,5,"very good",ORD18534,PROD108,CUST3789
REV28535,1,"very bad",ORD18535,PROD109,CUST1581
REV28536,4,good,ORD18536,PROD107,CUST5470
REV28537,2,bad,ORD18537,PROD107,CUST4143
REV28538,4,good,ORD18538,PROD106,CUST5286
REV28539,2,bad,ORD18539,PROD102,CUST4754
REV28540,5,"very good",ORD18540,PROD102,CUST2191
REV28541,2,bad,ORD18541,PROD114,CUST4901
REV28542,4,good,ORD18542,PROD104,CUST4634
REV28543,5,"very good",ORD18543,PROD110,CUST2253
REV28544,2,bad,ORD18544,PROD109,CUST3410
REV28545,2,bad,ORD18545,PROD108,CUST2795
REV28546,1,"very bad",ORD18546,PROD105,CUST4850
REV28547,4,good,ORD18547,PROD114,CUST5053
REV28548,3,average,ORD18548,PROD112,CUST2372
REV28549,4,good,ORD18549,PROD108,CUST4571
REV28550,3,average,ORD18550,PROD101,CUST1580
REV28551,2,bad,ORD18551,PROD112,CUST2576
REV28552,3,average,ORD18552,PROD111,CUST5366
REV28553,2,bad,ORD18553,PROD112,CUST4774
REV28554,4,good,ORD18554,PROD106,CUST5791
REV28555,1,"very bad",ORD18555,PROD106,CUST2404
REV28556,4,good,ORD18556,PROD102,CUST4628
REV28557,2,bad,ORD18557,PROD104,CUST4070
REV28558,4,good,ORD18558,PROD114,CUST1761
REV28559,3,average,ORD18559,PROD108,CUST3349
REV28560,1,"very bad",ORD18560,PROD112,CUST3616
REV28561,5,"very good",ORD18561,PROD103,CUST2944
REV28562,1,"very bad",ORD18562,PROD108,CUST5446
REV28563,4,good,ORD18563,PROD103,CUST3277
REV28564,5,"very good",ORD18564,PROD112,CUST1464
REV28565,2,bad,ORD18565,PROD109,CUST2860
REV28566,5,"very good",ORD18566,PROD109,CUST2551
REV28567,3,average,ORD18567,PROD109,CUST2533
REV28568,1,"very bad",ORD18568,PROD107,CUST5707
REV28569,4,good,ORD18569,PROD106,CUST3511
REV28570,4,good,ORD18570,PROD112,CUST5250
REV28571,1,"very bad",ORD18571,PROD111,CUST5689
REV28572,2,bad,ORD18572,PROD111,CUST5249
REV28573,2,bad,ORD18573,PROD105,CUST4803
REV28574,3,average,ORD18574,PROD108,CUST2547
REV28575,3,average,ORD18575,PROD112,CUST4387
REV28576,5,"very good",ORD18576,PROD107,CUST5392
REV28577,1,"very bad",ORD18577,PROD110,CUST4870
REV28578,2,bad,ORD18578,PROD107,CUST3786
REV28579,3,average,ORD18579,PROD100,CUST2782
REV28580,2,bad,ORD18580,PROD113,CUST5935
REV28581,1,"very bad",ORD18581,PROD102,CUST3917
REV28582,1,"very bad",ORD18582,PROD114,CUST5708
REV28583,3,average,ORD18583,PROD101,CUST3708
REV28584,3,average,ORD18584,PROD114,CUST2602
REV28585,4,good,ORD18585,PROD102,CUST5054
REV28586,4,good,ORD18586,PROD105,CUST4425
REV28587,2,bad,ORD18587,PROD111,CUST1660
REV28588,4,good,ORD18588,PROD103,CUST5763
REV28589,4,good,ORD18589,PROD114,CUST4211
REV28590,3,average,ORD18590,PROD112,CUST3430
REV28591,4,good,ORD18591,PROD103,CUST3560
REV28592,2,bad,ORD18592,PROD102,CUST1663
REV28593,1,"very bad",ORD18593,PROD101,CUST4919
REV28594,4,good,ORD18594,PROD112,CUST1685
REV28595,2,bad,ORD18595,PROD111,CUST2484
REV28596,2,bad,ORD18596,PROD108,CUST4288
REV28597,4,good,ORD18597,PROD103,CUST5714
REV28598,5,"very good",ORD18598,PROD101,CUST3967
REV28599,4,good,ORD18599,PROD100,CUST2487
REV28600,4,good,ORD18600,PROD112,CUST3303
REV28601,5,"very good",ORD18601,PROD113,CUST4550
REV28602,1,"very bad",ORD18602,PROD110,CUST5545
REV28603,4,good,ORD18603,PROD102,CUST2850
REV28604,4,good,ORD18604,PROD112,CUST2667
REV28605,1,"very bad",ORD18605,PROD104,CUST2460
REV28606,1,"very bad",ORD18606,PROD105,CUST2166
REV28607,4,good,ORD18607,PROD110,CUST3144
REV28608,5,"very good",ORD18608,PROD106,CUST4581
REV28609,4,good,ORD18609,PROD106,CUST2017
REV28610,4,good,ORD18610,PROD102,CUST2369
REV28611,4,good,ORD18611,PROD107,CUST5138
REV28612,5,"very good",ORD18612,PROD101,CUST3756
REV28613,1,"very bad",ORD18613,PROD101,CUST4290
REV28614,1,"very bad",ORD18614,PROD107,CUST1762
REV28615,5,"very good",ORD18615,PROD107,CUST4120
REV28616,1,"very bad",ORD18616,PROD102,CUST1659
REV28617,3,average,ORD18617,PROD110,CUST3064
REV28618,5,"very good",ORD18618,PROD111,CUST5983
REV28619,3,average,ORD18619,PROD100,CUST5669
REV28620,2,bad,ORD18620,PROD111,CUST2811
REV28621,2,bad,ORD18621,PROD110,CUST1856
REV28622,3,average,ORD18622,PROD106,CUST4393
REV28623,4,good,ORD18623,PROD107,CUST4337
REV28624,2,bad,ORD18624,PROD109,CUST1959
REV28625,4,good,ORD18625,PROD102,CUST2379
REV28626,4,good,ORD18626,PROD111,CUST1963
REV28627,2,bad,ORD18627,PROD102,CUST2057
REV28628,3,average,ORD18628,PROD110,CUST4622
REV28629,5,"very good",ORD18629,PROD103,CUST3676
REV28630,5,"very good",ORD18630,PROD110,CUST4235
REV28631,4,good,ORD18631,PROD111,CUST5876
REV28632,1,"very bad",ORD18632,PROD106,CUST1340
REV28633,2,bad,ORD18633,PROD102,CUST3803
REV28634,5,"very good",ORD18634,PROD107,CUST1026
REV28635,5,"very good",ORD18635,PROD110,CUST1977
REV28636,4,good,ORD18636,PROD104,CUST1924
REV28637,4,good,ORD18637,PROD109,CUST5815
REV28638,4,good,ORD18638,PROD102,CUST1268
REV28639,3,average,ORD18639,PROD103,CUST5264
REV28640,1,"very bad",ORD18640,PROD101,CUST5265
REV28641,2,bad,ORD18641,PROD102,CUST3548
REV28642,5,"very good",ORD18642,PROD107,CUST3489
REV28643,1,"very bad",ORD18643,PROD112,CUST5479
REV28644,4,good,ORD18644,PROD107,CUST5540
REV28645,2,bad,ORD18645,PROD104,CUST4318
REV28646,3,average,ORD18646,PROD113,CUST5755
REV28647,5,"very good",ORD18647,PROD101,CUST1117
REV28648,3,average,ORD18648,PROD102,CUST2248
REV28649,3,average,ORD18649,PROD101,CUST2251
REV28650,5,"very good",ORD18650,PROD113,CUST5652
REV28651,3,average,ORD18651,PROD113,CUST2514
REV28652,2,bad,ORD18652,PROD105,CUST1493
REV28653,4,good,ORD18653,PROD108,CUST3679
REV28654,4,good,ORD18654,PROD106,CUST2287
REV28655,5,"very good",ORD18655,PROD109,CUST2511
REV28656,5,"very good",ORD18656,PROD107,CUST3306
REV28657,2,bad,ORD18657,PROD113,CUST3024
REV28658,1,"very bad",ORD18658,PROD103,CUST3825
REV28659,2,bad,ORD18659,PROD109,CUST1257
REV28660,1,"very bad",ORD18660,PROD105,CUST2396
REV28661,5,"very good",ORD18661,PROD112,CUST5665
REV28662,1,"very bad",ORD18662,PROD107,CUST5311
REV28663,3,average,ORD18663,PROD112,CUST1757
REV28664,2,bad,ORD18664,PROD100,CUST4418
REV28665,3,average,ORD18665,PROD101,CUST5263
REV28666,5,"very good",ORD18666,PROD106,CUST2427
REV28667,1,"very bad",ORD18667,PROD109,CUST2906
REV28668,5,"very good",ORD18668,PROD112,CUST3694
REV28669,4,good,ORD18669,PROD107,CUST2046
REV28670,2,bad,ORD18670,PROD101,CUST5268
REV28671,4,good,ORD18671,PROD113,CUST2257
REV28672,2,bad,ORD18672,PROD110,CUST5345
REV28673,3,average,ORD18673,PROD114,CUST1961
REV28674,2,bad,ORD18674,PROD107,CUST1207
REV28675,2,bad,ORD18675,PROD104,CUST3983
REV28676,2,bad,ORD18676,PROD109,CUST5533
REV28677,2,bad,ORD18677,PROD103,CUST3126
REV28678,2,bad,ORD18678,PROD110,CUST4617
REV28679,1,"very bad",ORD18679,PROD107,CUST2978
REV28680,4,good,ORD18680,PROD106,CUST3406
REV28681,5,"very good",ORD18681,PROD114,CUST4206
REV28682,5,"very good",ORD18682,PROD101,CUST2261
REV28683,3,average,ORD18683,PROD106,CUST4562
REV28684,1,"very bad",ORD18684,PROD107,CUST4730
REV28685,2,bad,ORD18685,PROD103,CUST4652
REV28686,3,average,ORD18686,PROD110,CUST5133
REV28687,2,bad,ORD18687,PROD106,CUST3670
REV28688,5,"very good",ORD18688,PROD114,CUST4294
REV28689,3,average,ORD18689,PROD102,CUST3641
REV28690,2,bad,ORD18690,PROD112,CUST4558
REV28691,4,good,ORD18691,PROD107,CUST2152
REV28692,4,good,ORD18692,PROD108,CUST3476
REV28693,2,bad,ORD18693,PROD108,CUST2004
REV28694,1,"very bad",ORD18694,PROD105,CUST2099
REV28695,2,bad,ORD18695,PROD103,CUST3448
REV28696,2,bad,ORD18696,PROD104,CUST5228
REV28697,1,"very bad",ORD18697,PROD107,CUST5124
REV28698,3,average,ORD18698,PROD112,CUST5186
REV28699,5,"very good",ORD18699,PROD100,CUST5967
REV28700,2,bad,ORD18700,PROD114,CUST2884
REV28701,5,"very good",ORD18701,PROD103,CUST5561
REV28702,1,"very bad",ORD18702,PROD105,CUST4432
REV28703,4,good,ORD18703,PROD105,CUST4821
REV28704,2,bad,ORD18704,PROD111,CUST1675
REV28705,1,"very bad",ORD18705,PROD109,CUST3423
REV28706,2,bad,ORD18706,PROD104,CUST1385
REV28707,4,good,ORD18707,PROD100,CUST4548
REV28708,3,average,ORD18708,PROD106,CUST5504
REV28709,3,average,ORD18709,PROD105,CUST4260
REV28710,4,good,ORD18710,PROD104,CUST1814
REV28711,4,good,ORD18711,PROD102,CUST4829
REV28712,4,good,ORD18712,PROD108,CUST4485
REV28713,5,"very good",ORD18713,PROD109,CUST1578
REV28714,3,average,ORD18714,PROD106,CUST3308
REV28715,3,average,ORD18715,PROD101,CUST5588
REV28716,5,"very good",ORD18716,PROD105,CUST5712
REV28717,5,"very good",ORD18717,PROD107,CUST5872
REV28718,5,"very good",ORD18718,PROD113,CUST2003
REV28719,3,average,ORD18719,PROD104,CUST1507
REV28720,2,bad,ORD18720,PROD103,CUST2607
REV28721,1,"very bad",ORD18721,PROD106,CUST5928
REV28722,3,average,ORD18722,PROD112,CUST3945
REV28723,4,good,ORD18723,PROD110,CUST1308
REV28724,2,bad,ORD18724,PROD110,CUST1450
REV28725,1,"very bad",ORD18725,PROD104,CUST5848
REV28726,5,"very good",ORD18726,PROD102,CUST1448
REV28727,3,average,ORD18727,PROD106,CUST3660
REV28728,1,"very bad",ORD18728,PROD104,CUST2963
REV28729,3,average,ORD18729,PROD109,CUST4262
REV28730,2,bad,ORD18730,PROD105,CUST2204
REV28731,1,"very bad",ORD18731,PROD107,CUST3601
REV28732,1,"very bad",ORD18732,PROD110,CUST3341
REV28733,5,"very good",ORD18733,PROD107,CUST1485
REV28734,2,bad,ORD18734,PROD109,CUST2528
REV28735,5,"very good",ORD18735,PROD110,CUST2782
REV28736,4,good,ORD18736,PROD110,CUST2768
REV28737,2,bad,ORD18737,PROD102,CUST5384
REV28738,3,average,ORD18738,PROD113,CUST5482
REV28739,2,bad,ORD18739,PROD102,CUST1541
REV28740,4,good,ORD18740,PROD102,CUST4672
REV28741,2,bad,ORD18741,PROD105,CUST5034
REV28742,2,bad,ORD18742,PROD103,CUST3944
REV28743,5,"very good",ORD18743,PROD102,CUST3188
REV28744,2,bad,ORD18744,PROD112,CUST2502
REV28745,5,"very good",ORD18745,PROD106,CUST3279
REV28746,2,bad,ORD18746,PROD104,CUST3611
REV28747,5,"very good",ORD18747,PROD108,CUST1045
REV28748,3,average,ORD18748,PROD110,CUST3798
REV28749,3,average,ORD18749,PROD106,CUST2193
REV28750,4,good,ORD18750,PROD104,CUST1536
REV28751,5,"very good",ORD18751,PROD104,CUST1975
REV28752,1,"very bad",ORD18752,PROD114,CUST2996
REV28753,4,good,ORD18753,PROD113,CUST5699
REV28754,3,average,ORD18754,PROD110,CUST5886
REV28755,4,good,ORD18755,PROD106,CUST2017
REV28756,3,average,ORD18756,PROD113,CUST5173
REV28757,5,"very good",ORD18757,PROD104,CUST5551
REV28758,3,average,ORD18758,PROD100,CUST2316
REV28759,5,"very good",ORD18759,PROD109,CUST3164
REV28760,2,bad,ORD18760,PROD111,CUST4722
REV28761,2,bad,ORD18761,PROD102,CUST2041
REV28762,1,"very bad",ORD18762,PROD107,CUST2614
REV28763,4,good,ORD18763,PROD114,CUST2394
REV28764,5,"very good",ORD18764,PROD105,CUST2927
REV28765,5,"very good",ORD18765,PROD112,CUST5759
REV28766,1,"very bad",ORD18766,PROD110,CUST1841
REV28767,5,"very good",ORD18767,PROD112,CUST4431
REV28768,1,"very bad",ORD18768,PROD101,CUST2521
REV28769,3,average,ORD18769,PROD111,CUST4595
REV28770,3,average,ORD18770,PROD107,CUST3857
REV28771,5,"very good",ORD18771,PROD102,CUST4599
REV28772,4,good,ORD18772,PROD103,CUST1240
REV28773,5,"very good",ORD18773,PROD111,CUST1238
REV28774,2,bad,ORD18774,PROD114,CUST4944
REV28775,4,good,ORD18775,PROD101,CUST3490
REV28776,3,average,ORD18776,PROD103,CUST1844
REV28777,3,average,ORD18777,PROD108,CUST1908
REV28778,3,average,ORD18778,PROD103,CUST2937
REV28779,3,average,ORD18779,PROD100,CUST1916
REV28780,1,"very bad",ORD18780,PROD107,CUST4212
REV28781,3,average,ORD18781,PROD113,CUST5961
REV28782,4,good,ORD18782,PROD111,CUST3567
REV28783,2,bad,ORD18783,PROD100,CUST3753
REV28784,5,"very good",ORD18784,PROD104,CUST1224
REV28785,3,average,ORD18785,PROD103,CUST3923
REV28786,3,average,ORD18786,PROD109,CUST4337
REV28787,1,"very bad",ORD18787,PROD110,CUST2805
REV28788,4,good,ORD18788,PROD113,CUST4522
REV28789,1,"very bad",ORD18789,PROD109,CUST4871
REV28790,4,good,ORD18790,PROD113,CUST1491
REV28791,1,"very bad",ORD18791,PROD108,CUST1013
REV28792,4,good,ORD18792,PROD111,CUST5113
REV28793,2,bad,ORD18793,PROD102,CUST1550
REV28794,3,average,ORD18794,PROD108,CUST4335
REV28795,5,"very good",ORD18795,PROD101,CUST5311
REV28796,4,good,ORD18796,PROD101,CUST4149
REV28797,3,average,ORD18797,PROD105,CUST5535
REV28798,5,"very good",ORD18798,PROD113,CUST1866
REV28799,1,"very bad",ORD18799,PROD100,CUST1185
REV28800,4,good,ORD18800,PROD111,CUST1128
REV28801,1,"very bad",ORD18801,PROD102,CUST1826
REV28802,4,good,ORD18802,PROD106,CUST2204
REV28803,3,average,ORD18803,PROD103,CUST1280
REV28804,4,good,ORD18804,PROD101,CUST4577
REV28805,5,"very good",ORD18805,PROD110,CUST1194
REV28806,1,"very bad",ORD18806,PROD110,CUST4389
REV28807,5,"very good",ORD18807,PROD100,CUST1418
REV28808,3,average,ORD18808,PROD109,CUST4816
REV28809,3,average,ORD18809,PROD109,CUST4757
REV28810,4,good,ORD18810,PROD101,CUST5099
REV28811,3,average,ORD18811,PROD105,CUST1640
REV28812,3,average,ORD18812,PROD102,CUST2351
REV28813,4,good,ORD18813,PROD106,CUST2849
REV28814,4,good,ORD18814,PROD101,CUST4390
REV28815,5,"very good",ORD18815,PROD108,CUST5946
REV28816,1,"very bad",ORD18816,PROD106,CUST2233
REV28817,2,bad,ORD18817,PROD111,CUST4343
REV28818,1,"very bad",ORD18818,PROD101,CUST5616
REV28819,2,bad,ORD18819,PROD108,CUST5570
REV28820,4,good,ORD18820,PROD107,CUST3969
REV28821,5,"very good",ORD18821,PROD111,CUST5779
REV28822,1,"very bad",ORD18822,PROD111,CUST5029
REV28823,5,"very good",ORD18823,PROD100,CUST4871
REV28824,3,average,ORD18824,PROD109,CUST4864
REV28825,2,bad,ORD18825,PROD114,CUST4532
REV28826,3,average,ORD18826,PROD112,CUST5396
REV28827,3,average,ORD18827,PROD103,CUST2292
REV28828,4,good,ORD18828,PROD101,CUST5014
REV28829,4,good,ORD18829,PROD105,CUST2380
REV28830,5,"very good",ORD18830,PROD114,CUST1934
REV28831,2,bad,ORD18831,PROD100,CUST5769
REV28832,5,"very good",ORD18832,PROD104,CUST4950
REV28833,5,"very good",ORD18833,PROD100,CUST3955
REV28834,4,good,ORD18834,PROD109,CUST1247
REV28835,1,"very bad",ORD18835,PROD104,CUST2298
REV28836,2,bad,ORD18836,PROD100,CUST2207
REV28837,3,average,ORD18837,PROD110,CUST1642
REV28838,5,"very good",ORD18838,PROD112,CUST5046
REV28839,3,average,ORD18839,PROD114,CUST1282
REV28840,3,average,ORD18840,PROD100,CUST3280
REV28841,1,"very bad",ORD18841,PROD113,CUST4486
REV28842,5,"very good",ORD18842,PROD106,CUST2033
REV28843,1,"very bad",ORD18843,PROD113,CUST4207
REV28844,5,"very good",ORD18844,PROD108,CUST5203
REV28845,4,good,ORD18845,PROD109,CUST5281
REV28846,4,good,ORD18846,PROD109,CUST4061
REV28847,1,"very bad",ORD18847,PROD108,CUST3737
REV28848,3,average,ORD18848,PROD105,CUST4451
REV28849,3,average,ORD18849,PROD111,CUST5230
REV28850,1,"very bad",ORD18850,PROD108,CUST4908
REV28851,5,"very good",ORD18851,PROD110,CUST4687
REV28852,3,average,ORD18852,PROD108,CUST1033
REV28853,5,"very good",ORD18853,PROD102,CUST1438
REV28854,3,average,ORD18854,PROD106,CUST4192
REV28855,5,"very good",ORD18855,PROD114,CUST3211
REV28856,3,average,ORD18856,PROD113,CUST5694
REV28857,5,"very good",ORD18857,PROD103,CUST1397
REV28858,3,average,ORD18858,PROD109,CUST3155
REV28859,5,"very good",ORD18859,PROD110,CUST1938
REV28860,5,"very good",ORD18860,PROD100,CUST1991
REV28861,1,"very bad",ORD18861,PROD112,CUST5708
REV28862,2,bad,ORD18862,PROD107,CUST5761
REV28863,2,bad,ORD18863,PROD104,CUST2560
REV28864,5,"very good",ORD18864,PROD101,CUST5672
REV28865,1,"very bad",ORD18865,PROD100,CUST4653
REV28866,3,average,ORD18866,PROD105,CUST4433
REV28867,2,bad,ORD18867,PROD108,CUST5715
REV28868,5,"very good",ORD18868,PROD101,CUST3345
REV28869,2,bad,ORD18869,PROD112,CUST1967
REV28870,2,bad,ORD18870,PROD101,CUST2558
REV28871,2,bad,ORD18871,PROD103,CUST4395
REV28872,2,bad,ORD18872,PROD114,CUST4163
REV28873,5,"very good",ORD18873,PROD100,CUST5053
REV28874,1,"very bad",ORD18874,PROD109,CUST1934
REV28875,3,average,ORD18875,PROD105,CUST4349
REV28876,4,good,ORD18876,PROD112,CUST4031
REV28877,1,"very bad",ORD18877,PROD114,CUST2106
REV28878,2,bad,ORD18878,PROD106,CUST3150
REV28879,2,bad,ORD18879,PROD101,CUST4709
REV28880,2,bad,ORD18880,PROD102,CUST5294
REV28881,5,"very good",ORD18881,PROD112,CUST1905
REV28882,1,"very bad",ORD18882,PROD107,CUST2417
REV28883,3,average,ORD18883,PROD102,CUST4251
REV28884,5,"very good",ORD18884,PROD112,CUST1064
REV28885,2,bad,ORD18885,PROD105,CUST4047
REV28886,4,good,ORD18886,PROD101,CUST4807
REV28887,3,average,ORD18887,PROD109,CUST4084
REV28888,3,average,ORD18888,PROD106,CUST3056
REV28889,3,average,ORD18889,PROD101,CUST3269
REV28890,1,"very bad",ORD18890,PROD101,CUST3885
REV28891,5,"very good",ORD18891,PROD112,CUST1269
REV28892,4,good,ORD18892,PROD102,CUST4042
REV28893,5,"very good",ORD18893,PROD114,CUST3910
REV28894,2,bad,ORD18894,PROD101,CUST4751
REV28895,4,good,ORD18895,PROD113,CUST5347
REV28896,1,"very bad",ORD18896,PROD105,CUST5383
REV28897,1,"very bad",ORD18897,PROD103,CUST2518
REV28898,3,average,ORD18898,PROD106,CUST4785
REV28899,4,good,ORD18899,PROD108,CUST5544
REV28900,3,average,ORD18900,PROD100,CUST2863
REV28901,2,bad,ORD18901,PROD104,CUST2400
REV28902,3,average,ORD18902,PROD107,CUST1566
REV28903,3,average,ORD18903,PROD102,CUST1526
REV28904,1,"very bad",ORD18904,PROD112,CUST2643
REV28905,5,"very good",ORD18905,PROD106,CUST5095
REV28906,2,bad,ORD18906,PROD105,CUST4743
REV28907,2,bad,ORD18907,PROD109,CUST3743
REV28908,4,good,ORD18908,PROD100,CUST2857
REV28909,1,"very bad",ORD18909,PROD100,CUST5551
REV28910,3,average,ORD18910,PROD104,CUST2644
REV28911,4,good,ORD18911,PROD103,CUST2485
REV28912,5,"very good",ORD18912,PROD102,CUST3532
REV28913,2,bad,ORD18913,PROD113,CUST2490
REV28914,3,average,ORD18914,PROD100,CUST5786
REV28915,1,"very bad",ORD18915,PROD111,CUST2112
REV28916,4,good,ORD18916,PROD102,CUST5173
REV28917,3,average,ORD18917,PROD113,CUST5099
REV28918,1,"very bad",ORD18918,PROD108,CUST4804
REV28919,3,average,ORD18919,PROD109,CUST2926
REV28920,4,good,ORD18920,PROD111,CUST4124
REV28921,5,"very good",ORD18921,PROD109,CUST1317
REV28922,2,bad,ORD18922,PROD108,CUST3551
REV28923,4,good,ORD18923,PROD104,CUST4907
REV28924,2,bad,ORD18924,PROD111,CUST1694
REV28925,3,average,ORD18925,PROD112,CUST4324
REV28926,1,"very bad",ORD18926,PROD108,CUST5989
REV28927,2,bad,ORD18927,PROD106,CUST2831
REV28928,5,"very good",ORD18928,PROD114,CUST5222
REV28929,1,"very bad",ORD18929,PROD104,CUST4530
REV28930,2,bad,ORD18930,PROD107,CUST1941
REV28931,3,average,ORD18931,PROD105,CUST4053
REV28932,1,"very bad",ORD18932,PROD106,CUST3412
REV28933,2,bad,ORD18933,PROD114,CUST1968
REV28934,2,bad,ORD18934,PROD105,CUST4971
REV28935,4,good,ORD18935,PROD114,CUST1402
REV28936,5,"very good",ORD18936,PROD114,CUST2085
REV28937,1,"very bad",ORD18937,PROD111,CUST1208
REV28938,5,"very good",ORD18938,PROD104,CUST1812
REV28939,4,good,ORD18939,PROD102,CUST4276
REV28940,4,good,ORD18940,PROD108,CUST3856
REV28941,5,"very good",ORD18941,PROD107,CUST5786
REV28942,3,average,ORD18942,PROD111,CUST1792
REV28943,4,good,ORD18943,PROD112,CUST1554
REV28944,3,average,ORD18944,PROD109,CUST1937
REV28945,5,"very good",ORD18945,PROD103,CUST3514
REV28946,1,"very bad",ORD18946,PROD109,CUST2232
REV28947,4,good,ORD18947,PROD113,CUST4368
REV28948,4,good,ORD18948,PROD111,CUST4236
REV28949,1,"very bad",ORD18949,PROD102,CUST4184
REV28950,1,"very bad",ORD18950,PROD107,CUST1233
REV28951,1,"very bad",ORD18951,PROD113,CUST3845
REV28952,1,"very bad",ORD18952,PROD100,CUST4575
REV28953,2,bad,ORD18953,PROD111,CUST5817
REV28954,1,"very bad",ORD18954,PROD102,CUST3099
REV28955,4,good,ORD18955,PROD110,CUST3334
REV28956,4,good,ORD18956,PROD109,CUST1089
REV28957,5,"very good",ORD18957,PROD112,CUST1848
REV28958,4,good,ORD18958,PROD100,CUST5124
REV28959,2,bad,ORD18959,PROD109,CUST2696
REV28960,4,good,ORD18960,PROD110,CUST4072
REV28961,1,"very bad",ORD18961,PROD106,CUST4241
REV28962,3,average,ORD18962,PROD113,CUST5817
REV28963,2,bad,ORD18963,PROD111,CUST2413
REV28964,3,average,ORD18964,PROD110,CUST3726
REV28965,3,average,ORD18965,PROD112,CUST4730
REV28966,5,"very good",ORD18966,PROD101,CUST2062
REV28967,5,"very good",ORD18967,PROD108,CUST3781
REV28968,3,average,ORD18968,PROD106,CUST4931
REV28969,2,bad,ORD18969,PROD105,CUST4710
REV28970,5,"very good",ORD18970,PROD100,CUST4427
REV28971,2,bad,ORD18971,PROD104,CUST4422
REV28972,3,average,ORD18972,PROD112,CUST4976
REV28973,5,"very good",ORD18973,PROD112,CUST4388
REV28974,1,"very bad",ORD18974,PROD108,CUST5038
REV28975,5,"very good",ORD18975,PROD105,CUST4879
REV28976,3,average,ORD18976,PROD101,CUST2692
REV28977,2,bad,ORD18977,PROD108,CUST4768
REV28978,1,"very bad",ORD18978,PROD106,CUST5507
REV28979,2,bad,ORD18979,PROD105,CUST3094
REV28980,3,average,ORD18980,PROD114,CUST2562
REV28981,3,average,ORD18981,PROD104,CUST3339
REV28982,3,average,ORD18982,PROD114,CUST3226
REV28983,2,bad,ORD18983,PROD108,CUST5046
REV28984,1,"very bad",ORD18984,PROD111,CUST4926
REV28985,3,average,ORD18985,PROD103,CUST2526
REV28986,3,average,ORD18986,PROD102,CUST1506
REV28987,5,"very good",ORD18987,PROD110,CUST5599
REV28988,4,good,ORD18988,PROD104,CUST2118
REV28989,3,average,ORD18989,PROD112,CUST1952
REV28990,1,"very bad",ORD18990,PROD109,CUST1763
REV28991,4,good,ORD18991,PROD102,CUST2445
REV28992,3,average,ORD18992,PROD100,CUST2542
REV28993,4,good,ORD18993,PROD101,CUST4526
REV28994,3,average,ORD18994,PROD104,CUST3154
REV28995,3,average,ORD18995,PROD109,CUST1070
REV28996,2,bad,ORD18996,PROD102,CUST1587
REV28997,3,average,ORD18997,PROD114,CUST1114
REV28998,2,bad,ORD18998,PROD111,CUST1257
REV28999,3,average,ORD18999,PROD114,CUST4848
REV29000,3,average,ORD19000,PROD105,CUST5297
REV29001,1,"very bad",ORD19001,PROD111,CUST5624
REV29002,1,"very bad",ORD19002,PROD100,CUST2489
REV29003,1,"very bad",ORD19003,PROD107,CUST3729
REV29004,5,"very good",ORD19004,PROD109,CUST5745
REV29005,4,good,ORD19005,PROD111,CUST5013
REV29006,3,average,ORD19006,PROD110,CUST2660
REV29007,2,bad,ORD19007,PROD105,CUST5336
REV29008,4,good,ORD19008,PROD112,CUST5898
REV29009,4,good,ORD19009,PROD109,CUST1773
REV29010,2,bad,ORD19010,PROD106,CUST2517
REV29011,4,good,ORD19011,PROD101,CUST3862
REV29012,2,bad,ORD19012,PROD107,CUST4957
REV29013,3,average,ORD19013,PROD109,CUST3091
REV29014,3,average,ORD19014,PROD105,CUST5745
REV29015,1,"very bad",ORD19015,PROD103,CUST1234
REV29016,1,"very bad",ORD19016,PROD112,CUST1510
REV29017,1,"very bad",ORD19017,PROD114,CUST4204
REV29018,1,"very bad",ORD19018,PROD106,CUST3501
REV29019,3,average,ORD19019,PROD111,CUST3705
REV29020,5,"very good",ORD19020,PROD107,CUST3530
REV29021,3,average,ORD19021,PROD102,CUST3146
REV29022,4,good,ORD19022,PROD102,CUST2319
REV29023,1,"very bad",ORD19023,PROD107,CUST2613
REV29024,1,"very bad",ORD19024,PROD100,CUST5595
REV29025,5,"very good",ORD19025,PROD107,CUST2399
REV29026,3,average,ORD19026,PROD110,CUST1891
REV29027,2,bad,ORD19027,PROD112,CUST4299
REV29028,5,"very good",ORD19028,PROD107,CUST5859
REV29029,1,"very bad",ORD19029,PROD114,CUST1964
REV29030,3,average,ORD19030,PROD100,CUST1510
REV29031,1,"very bad",ORD19031,PROD105,CUST4892
REV29032,3,average,ORD19032,PROD111,CUST1473
REV29033,2,bad,ORD19033,PROD108,CUST4993
REV29034,2,bad,ORD19034,PROD110,CUST5837
REV29035,3,average,ORD19035,PROD100,CUST3742
REV29036,4,good,ORD19036,PROD114,CUST1055
REV29037,1,"very bad",ORD19037,PROD114,CUST2773
REV29038,1,"very bad",ORD19038,PROD113,CUST2970
REV29039,3,average,ORD19039,PROD112,CUST2897
REV29040,3,average,ORD19040,PROD104,CUST5190
REV29041,1,"very bad",ORD19041,PROD109,CUST1031
REV29042,5,"very good",ORD19042,PROD114,CUST3321
REV29043,1,"very bad",ORD19043,PROD110,CUST5983
REV29044,2,bad,ORD19044,PROD107,CUST4214
REV29045,5,"very good",ORD19045,PROD107,CUST3079
REV29046,3,average,ORD19046,PROD113,CUST2285
REV29047,5,"very good",ORD19047,PROD100,CUST5681
REV29048,2,bad,ORD19048,PROD105,CUST3981
REV29049,2,bad,ORD19049,PROD106,CUST3167
REV29050,4,good,ORD19050,PROD112,CUST3361
REV29051,3,average,ORD19051,PROD109,CUST1190
REV29052,5,"very good",ORD19052,PROD101,CUST3655
REV29053,5,"very good",ORD19053,PROD101,CUST2817
REV29054,3,average,ORD19054,PROD100,CUST3556
REV29055,5,"very good",ORD19055,PROD111,CUST1173
REV29056,1,"very bad",ORD19056,PROD107,CUST3168
REV29057,3,average,ORD19057,PROD110,CUST1140
REV29058,3,average,ORD19058,PROD102,CUST5303
REV29059,3,average,ORD19059,PROD114,CUST4904
REV29060,2,bad,ORD19060,PROD104,CUST5941
REV29061,5,"very good",ORD19061,PROD102,CUST3007
REV29062,2,bad,ORD19062,PROD114,CUST5071
REV29063,5,"very good",ORD19063,PROD105,CUST2615
REV29064,4,good,ORD19064,PROD114,CUST4892
REV29065,2,bad,ORD19065,PROD108,CUST5423
REV29066,3,average,ORD19066,PROD105,CUST4096
REV29067,3,average,ORD19067,PROD111,CUST1281
REV29068,4,good,ORD19068,PROD112,CUST2940
REV29069,1,"very bad",ORD19069,PROD107,CUST4649
REV29070,4,good,ORD19070,PROD107,CUST5206
REV29071,2,bad,ORD19071,PROD105,CUST1715
REV29072,3,average,ORD19072,PROD110,CUST2121
REV29073,5,"very good",ORD19073,PROD113,CUST5388
REV29074,1,"very bad",ORD19074,PROD111,CUST4359
REV29075,3,average,ORD19075,PROD105,CUST3435
REV29076,5,"very good",ORD19076,PROD103,CUST2618
REV29077,3,average,ORD19077,PROD105,CUST1073
REV29078,2,bad,ORD19078,PROD103,CUST1568
REV29079,5,"very good",ORD19079,PROD109,CUST2973
REV29080,4,good,ORD19080,PROD114,CUST3233
REV29081,1,"very bad",ORD19081,PROD103,CUST2584
REV29082,5,"very good",ORD19082,PROD109,CUST4779
REV29083,5,"very good",ORD19083,PROD113,CUST5333
REV29084,2,bad,ORD19084,PROD104,CUST5726
REV29085,2,bad,ORD19085,PROD111,CUST1766
REV29086,5,"very good",ORD19086,PROD113,CUST3418
REV29087,3,average,ORD19087,PROD103,CUST2392
REV29088,2,bad,ORD19088,PROD105,CUST4107
REV29089,5,"very good",ORD19089,PROD101,CUST4958
REV29090,5,"very good",ORD19090,PROD107,CUST1073
REV29091,4,good,ORD19091,PROD105,CUST1663
REV29092,5,"very good",ORD19092,PROD104,CUST3177
REV29093,5,"very good",ORD19093,PROD101,CUST2268
REV29094,3,average,ORD19094,PROD105,CUST1155
REV29095,3,average,ORD19095,PROD110,CUST1808
REV29096,1,"very bad",ORD19096,PROD112,CUST5098
REV29097,3,average,ORD19097,PROD106,CUST3097
REV29098,3,average,ORD19098,PROD102,CUST4737
REV29099,2,bad,ORD19099,PROD113,CUST1134
REV29100,5,"very good",ORD19100,PROD111,CUST3698
REV29101,5,"very good",ORD19101,PROD113,CUST1976
REV29102,4,good,ORD19102,PROD114,CUST3719
REV29103,5,"very good",ORD19103,PROD103,CUST2736
REV29104,1,"very bad",ORD19104,PROD107,CUST2007
REV29105,2,bad,ORD19105,PROD111,CUST4951
REV29106,3,average,ORD19106,PROD113,CUST4446
REV29107,5,"very good",ORD19107,PROD113,CUST2508
REV29108,4,good,ORD19108,PROD107,CUST1339
REV29109,4,good,ORD19109,PROD112,CUST4396
REV29110,3,average,ORD19110,PROD110,CUST2989
REV29111,3,average,ORD19111,PROD100,CUST3238
REV29112,1,"very bad",ORD19112,PROD109,CUST5735
REV29113,1,"very bad",ORD19113,PROD102,CUST2634
REV29114,5,"very good",ORD19114,PROD101,CUST5838
REV29115,3,average,ORD19115,PROD104,CUST2579
REV29116,1,"very bad",ORD19116,PROD108,CUST2265
REV29117,4,good,ORD19117,PROD111,CUST5464
REV29118,2,bad,ORD19118,PROD107,CUST2957
REV29119,1,"very bad",ORD19119,PROD107,CUST4266
REV29120,3,average,ORD19120,PROD101,CUST5943
REV29121,4,good,ORD19121,PROD105,CUST3507
REV29122,2,bad,ORD19122,PROD114,CUST4342
REV29123,2,bad,ORD19123,PROD112,CUST2832
REV29124,3,average,ORD19124,PROD109,CUST4627
REV29125,4,good,ORD19125,PROD105,CUST4272
REV29126,1,"very bad",ORD19126,PROD109,CUST1794
REV29127,4,good,ORD19127,PROD100,CUST5507
REV29128,3,average,ORD19128,PROD107,CUST1562
REV29129,5,"very good",ORD19129,PROD109,CUST5572
REV29130,4,good,ORD19130,PROD109,CUST3219
REV29131,4,good,ORD19131,PROD111,CUST4310
REV29132,3,average,ORD19132,PROD110,CUST4508
REV29133,2,bad,ORD19133,PROD110,CUST2136
REV29134,1,"very bad",ORD19134,PROD105,CUST1028
REV29135,2,bad,ORD19135,PROD112,CUST4556
REV29136,3,average,ORD19136,PROD113,CUST1614
REV29137,3,average,ORD19137,PROD106,CUST2131
REV29138,5,"very good",ORD19138,PROD106,CUST5892
REV29139,4,good,ORD19139,PROD104,CUST3632
REV29140,2,bad,ORD19140,PROD108,CUST4626
REV29141,4,good,ORD19141,PROD114,CUST5411
REV29142,2,bad,ORD19142,PROD102,CUST1813
REV29143,2,bad,ORD19143,PROD100,CUST4466
REV29144,5,"very good",ORD19144,PROD111,CUST2766
REV29145,3,average,ORD19145,PROD107,CUST4497
REV29146,4,good,ORD19146,PROD109,CUST4223
REV29147,3,average,ORD19147,PROD107,CUST5556
REV29148,1,"very bad",ORD19148,PROD100,CUST1192
REV29149,3,average,ORD19149,PROD103,CUST4682
REV29150,1,"very bad",ORD19150,PROD101,CUST5030
REV29151,2,bad,ORD19151,PROD102,CUST2663
REV29152,1,"very bad",ORD19152,PROD104,CUST4325
REV29153,3,average,ORD19153,PROD108,CUST5245
REV29154,2,bad,ORD19154,PROD114,CUST2576
REV29155,2,bad,ORD19155,PROD105,CUST1460
REV29156,2,bad,ORD19156,PROD105,CUST2965
REV29157,2,bad,ORD19157,PROD104,CUST1928
REV29158,5,"very good",ORD19158,PROD103,CUST5482
REV29159,4,good,ORD19159,PROD114,CUST2727
REV29160,2,bad,ORD19160,PROD113,CUST3257
REV29161,1,"very bad",ORD19161,PROD103,CUST3180
REV29162,4,good,ORD19162,PROD110,CUST4526
REV29163,3,average,ORD19163,PROD107,CUST3117
REV29164,5,"very good",ORD19164,PROD106,CUST1669
REV29165,3,average,ORD19165,PROD103,CUST1931
REV29166,4,good,ORD19166,PROD104,CUST4927
REV29167,5,"very good",ORD19167,PROD106,CUST2962
REV29168,4,good,ORD19168,PROD112,CUST4643
REV29169,1,"very bad",ORD19169,PROD101,CUST5383
REV29170,1,"very bad",ORD19170,PROD105,CUST5978
REV29171,2,bad,ORD19171,PROD105,CUST1695
REV29172,2,bad,ORD19172,PROD103,CUST2914
REV29173,2,bad,ORD19173,PROD106,CUST5836
REV29174,1,"very bad",ORD19174,PROD104,CUST4120
REV29175,1,"very bad",ORD19175,PROD102,CUST2503
REV29176,5,"very good",ORD19176,PROD106,CUST2170
REV29177,1,"very bad",ORD19177,PROD107,CUST5154
REV29178,2,bad,ORD19178,PROD114,CUST2341
REV29179,5,"very good",ORD19179,PROD104,CUST2152
REV29180,4,good,ORD19180,PROD104,CUST3732
REV29181,5,"very good",ORD19181,PROD104,CUST4830
REV29182,1,"very bad",ORD19182,PROD109,CUST4083
REV29183,2,bad,ORD19183,PROD112,CUST2345
REV29184,1,"very bad",ORD19184,PROD107,CUST3660
REV29185,5,"very good",ORD19185,PROD104,CUST2050
REV29186,3,average,ORD19186,PROD112,CUST3124
REV29187,5,"very good",ORD19187,PROD103,CUST5984
REV29188,4,good,ORD19188,PROD101,CUST4059
REV29189,3,average,ORD19189,PROD100,CUST2543
REV29190,5,"very good",ORD19190,PROD111,CUST2635
REV29191,3,average,ORD19191,PROD100,CUST5289
REV29192,2,bad,ORD19192,PROD114,CUST2498
REV29193,2,bad,ORD19193,PROD107,CUST5786
REV29194,1,"very bad",ORD19194,PROD109,CUST2943
REV29195,5,"very good",ORD19195,PROD104,CUST1720
REV29196,2,bad,ORD19196,PROD112,CUST4078
REV29197,2,bad,ORD19197,PROD104,CUST3643
REV29198,4,good,ORD19198,PROD105,CUST3683
REV29199,5,"very good",ORD19199,PROD104,CUST2371
REV29200,2,bad,ORD19200,PROD113,CUST2568
REV29201,1,"very bad",ORD19201,PROD112,CUST3813
REV29202,1,"very bad",ORD19202,PROD107,CUST5024
REV29203,4,good,ORD19203,PROD114,CUST1547
REV29204,3,average,ORD19204,PROD107,CUST3754
REV29205,5,"very good",ORD19205,PROD112,CUST5072
REV29206,4,good,ORD19206,PROD104,CUST1569
REV29207,3,average,ORD19207,PROD102,CUST4597
REV29208,3,average,ORD19208,PROD108,CUST3347
REV29209,3,average,ORD19209,PROD104,CUST5669
REV29210,3,average,ORD19210,PROD114,CUST3042
REV29211,1,"very bad",ORD19211,PROD107,CUST3209
REV29212,2,bad,ORD19212,PROD114,CUST2869
REV29213,3,average,ORD19213,PROD100,CUST2226
REV29214,5,"very good",ORD19214,PROD112,CUST5127
REV29215,1,"very bad",ORD19215,PROD103,CUST2484
REV29216,2,bad,ORD19216,PROD106,CUST1931
REV29217,2,bad,ORD19217,PROD113,CUST2192
REV29218,5,"very good",ORD19218,PROD106,CUST2747
REV29219,4,good,ORD19219,PROD111,CUST5400
REV29220,4,good,ORD19220,PROD111,CUST4296
REV29221,1,"very bad",ORD19221,PROD104,CUST1685
REV29222,5,"very good",ORD19222,PROD100,CUST1360
REV29223,3,average,ORD19223,PROD111,CUST2636
REV29224,5,"very good",ORD19224,PROD113,CUST4363
REV29225,5,"very good",ORD19225,PROD112,CUST2907
REV29226,3,average,ORD19226,PROD100,CUST5142
REV29227,2,bad,ORD19227,PROD105,CUST4024
REV29228,4,good,ORD19228,PROD111,CUST1861
REV29229,4,good,ORD19229,PROD110,CUST1807
REV29230,3,average,ORD19230,PROD112,CUST5075
REV29231,2,bad,ORD19231,PROD114,CUST5528
REV29232,5,"very good",ORD19232,PROD105,CUST4946
REV29233,5,"very good",ORD19233,PROD114,CUST3584
REV29234,3,average,ORD19234,PROD107,CUST5636
REV29235,4,good,ORD19235,PROD105,CUST1022
REV29236,2,bad,ORD19236,PROD108,CUST1165
REV29237,1,"very bad",ORD19237,PROD110,CUST1151
REV29238,2,bad,ORD19238,PROD112,CUST5660
REV29239,5,"very good",ORD19239,PROD109,CUST3232
REV29240,1,"very bad",ORD19240,PROD110,CUST3667
REV29241,1,"very bad",ORD19241,PROD104,CUST1072
REV29242,2,bad,ORD19242,PROD114,CUST4911
REV29243,1,"very bad",ORD19243,PROD114,CUST3728
REV29244,3,average,ORD19244,PROD114,CUST1107
REV29245,4,good,ORD19245,PROD103,CUST3971
REV29246,4,good,ORD19246,PROD106,CUST1514
REV29247,5,"very good",ORD19247,PROD113,CUST3039
REV29248,4,good,ORD19248,PROD114,CUST4890
REV29249,1,"very bad",ORD19249,PROD110,CUST4452
REV29250,4,good,ORD19250,PROD112,CUST5301
REV29251,4,good,ORD19251,PROD101,CUST3813
REV29252,3,average,ORD19252,PROD109,CUST4702
REV29253,3,average,ORD19253,PROD105,CUST3430
REV29254,3,average,ORD19254,PROD107,CUST1956
REV29255,1,"very bad",ORD19255,PROD102,CUST2241
REV29256,1,"very bad",ORD19256,PROD100,CUST2542
REV29257,4,good,ORD19257,PROD106,CUST4828
REV29258,2,bad,ORD19258,PROD114,CUST5021
REV29259,1,"very bad",ORD19259,PROD113,CUST5048
REV29260,2,bad,ORD19260,PROD101,CUST3479
REV29261,4,good,ORD19261,PROD109,CUST2990
REV29262,2,bad,ORD19262,PROD110,CUST5605
REV29263,4,good,ORD19263,PROD104,CUST3097
REV29264,4,good,ORD19264,PROD113,CUST1688
REV29265,3,average,ORD19265,PROD102,CUST4949
REV29266,5,"very good",ORD19266,PROD114,CUST1027
REV29267,5,"very good",ORD19267,PROD107,CUST5418
REV29268,5,"very good",ORD19268,PROD110,CUST4471
REV29269,2,bad,ORD19269,PROD109,CUST1912
REV29270,3,average,ORD19270,PROD101,CUST4938
REV29271,1,"very bad",ORD19271,PROD109,CUST3181
REV29272,4,good,ORD19272,PROD111,CUST1738
REV29273,1,"very bad",ORD19273,PROD109,CUST5589
REV29274,3,average,ORD19274,PROD107,CUST1332
REV29275,5,"very good",ORD19275,PROD112,CUST2437
REV29276,4,good,ORD19276,PROD110,CUST2233
REV29277,5,"very good",ORD19277,PROD101,CUST4006
REV29278,4,good,ORD19278,PROD102,CUST3194
REV29279,2,bad,ORD19279,PROD104,CUST3628
REV29280,4,good,ORD19280,PROD108,CUST3184
REV29281,5,"very good",ORD19281,PROD100,CUST4339
REV29282,2,bad,ORD19282,PROD111,CUST2937
REV29283,4,good,ORD19283,PROD103,CUST1269
REV29284,1,"very bad",ORD19284,PROD111,CUST4905
REV29285,4,good,ORD19285,PROD100,CUST5348
REV29286,4,good,ORD19286,PROD100,CUST1184
REV29287,1,"very bad",ORD19287,PROD100,CUST2957
REV29288,3,average,ORD19288,PROD104,CUST3433
REV29289,5,"very good",ORD19289,PROD112,CUST3510
REV29290,5,"very good",ORD19290,PROD105,CUST2139
REV29291,3,average,ORD19291,PROD112,CUST1673
REV29292,5,"very good",ORD19292,PROD103,CUST2698
REV29293,3,average,ORD19293,PROD105,CUST4462
REV29294,2,bad,ORD19294,PROD105,CUST5854
REV29295,1,"very bad",ORD19295,PROD103,CUST5736
REV29296,3,average,ORD19296,PROD100,CUST1283
REV29297,3,average,ORD19297,PROD103,CUST1300
REV29298,2,bad,ORD19298,PROD104,CUST3941
REV29299,3,average,ORD19299,PROD110,CUST1781
REV29300,5,"very good",ORD19300,PROD106,CUST1766
REV29301,5,"very good",ORD19301,PROD105,CUST4142
REV29302,1,"very bad",ORD19302,PROD100,CUST1925
REV29303,2,bad,ORD19303,PROD101,CUST1571
REV29304,3,average,ORD19304,PROD103,CUST2402
REV29305,5,"very good",ORD19305,PROD113,CUST5691
REV29306,5,"very good",ORD19306,PROD111,CUST1944
REV29307,3,average,ORD19307,PROD114,CUST1338
REV29308,5,"very good",ORD19308,PROD102,CUST3636
REV29309,3,average,ORD19309,PROD114,CUST1175
REV29310,1,"very bad",ORD19310,PROD113,CUST3150
REV29311,4,good,ORD19311,PROD109,CUST3626
REV29312,2,bad,ORD19312,PROD105,CUST3942
REV29313,1,"very bad",ORD19313,PROD107,CUST4324
REV29314,5,"very good",ORD19314,PROD109,CUST3746
REV29315,4,good,ORD19315,PROD102,CUST5371
REV29316,2,bad,ORD19316,PROD107,CUST3063
REV29317,4,good,ORD19317,PROD109,CUST5075
REV29318,2,bad,ORD19318,PROD103,CUST4336
REV29319,1,"very bad",ORD19319,PROD103,CUST3170
REV29320,2,bad,ORD19320,PROD107,CUST5558
REV29321,2,bad,ORD19321,PROD111,CUST1635
REV29322,2,bad,ORD19322,PROD101,CUST2391
REV29323,2,bad,ORD19323,PROD114,CUST3413
REV29324,4,good,ORD19324,PROD105,CUST2679
REV29325,4,good,ORD19325,PROD108,CUST5605
REV29326,4,good,ORD19326,PROD104,CUST2091
REV29327,3,average,ORD19327,PROD112,CUST3793
REV29328,4,good,ORD19328,PROD101,CUST1710
REV29329,5,"very good",ORD19329,PROD103,CUST3891
REV29330,1,"very bad",ORD19330,PROD100,CUST2141
REV29331,3,average,ORD19331,PROD107,CUST4608
REV29332,3,average,ORD19332,PROD112,CUST1350
REV29333,5,"very good",ORD19333,PROD106,CUST4036
REV29334,4,good,ORD19334,PROD106,CUST2221
REV29335,1,"very bad",ORD19335,PROD100,CUST2634
REV29336,5,"very good",ORD19336,PROD102,CUST2687
REV29337,2,bad,ORD19337,PROD108,CUST4678
REV29338,4,good,ORD19338,PROD109,CUST3978
REV29339,1,"very bad",ORD19339,PROD109,CUST4676
REV29340,2,bad,ORD19340,PROD101,CUST1687
REV29341,1,"very bad",ORD19341,PROD112,CUST3321
REV29342,1,"very bad",ORD19342,PROD107,CUST3091
REV29343,2,bad,ORD19343,PROD101,CUST5065
REV29344,4,good,ORD19344,PROD104,CUST3591
REV29345,5,"very good",ORD19345,PROD101,CUST1628
REV29346,2,bad,ORD19346,PROD104,CUST2453
REV29347,3,average,ORD19347,PROD102,CUST1192
REV29348,3,average,ORD19348,PROD102,CUST5270
REV29349,5,"very good",ORD19349,PROD111,CUST1895
REV29350,5,"very good",ORD19350,PROD106,CUST4381
REV29351,2,bad,ORD19351,PROD100,CUST3688
REV29352,3,average,ORD19352,PROD103,CUST3753
REV29353,5,"very good",ORD19353,PROD110,CUST3365
REV29354,3,average,ORD19354,PROD108,CUST1280
REV29355,5,"very good",ORD19355,PROD107,CUST3364
REV29356,5,"very good",ORD19356,PROD108,CUST5357
REV29357,2,bad,ORD19357,PROD104,CUST5765
REV29358,2,bad,ORD19358,PROD107,CUST3452
REV29359,3,average,ORD19359,PROD107,CUST1574
REV29360,3,average,ORD19360,PROD112,CUST1590
REV29361,3,average,ORD19361,PROD102,CUST2970
REV29362,1,"very bad",ORD19362,PROD103,CUST5258
REV29363,5,"very good",ORD19363,PROD114,CUST4084
REV29364,5,"very good",ORD19364,PROD108,CUST5928
REV29365,2,bad,ORD19365,PROD112,CUST4356
REV29366,5,"very good",ORD19366,PROD111,CUST2118
REV29367,2,bad,ORD19367,PROD114,CUST2218
REV29368,4,good,ORD19368,PROD113,CUST2177
REV29369,2,bad,ORD19369,PROD113,CUST2848
REV29370,2,bad,ORD19370,PROD110,CUST1951
REV29371,5,"very good",ORD19371,PROD113,CUST2724
REV29372,3,average,ORD19372,PROD103,CUST1587
REV29373,1,"very bad",ORD19373,PROD106,CUST5920
REV29374,3,average,ORD19374,PROD103,CUST2020
REV29375,5,"very good",ORD19375,PROD113,CUST5049
REV29376,5,"very good",ORD19376,PROD109,CUST2080
REV29377,3,average,ORD19377,PROD100,CUST2599
REV29378,2,bad,ORD19378,PROD102,CUST3302
REV29379,2,bad,ORD19379,PROD109,CUST3878
REV29380,1,"very bad",ORD19380,PROD100,CUST1635
REV29381,3,average,ORD19381,PROD113,CUST5698
REV29382,2,bad,ORD19382,PROD104,CUST5066
REV29383,3,average,ORD19383,PROD100,CUST1209
REV29384,2,bad,ORD19384,PROD104,CUST1353
REV29385,5,"very good",ORD19385,PROD111,CUST2452
REV29386,1,"very bad",ORD19386,PROD114,CUST3490
REV29387,1,"very bad",ORD19387,PROD105,CUST5667
REV29388,4,good,ORD19388,PROD108,CUST1119
REV29389,4,good,ORD19389,PROD102,CUST2616
REV29390,2,bad,ORD19390,PROD111,CUST1346
REV29391,3,average,ORD19391,PROD102,CUST5176
REV29392,5,"very good",ORD19392,PROD101,CUST2425
REV29393,5,"very good",ORD19393,PROD111,CUST1832
REV29394,2,bad,ORD19394,PROD100,CUST4731
REV29395,5,"very good",ORD19395,PROD106,CUST4593
REV29396,3,average,ORD19396,PROD102,CUST1661
REV29397,4,good,ORD19397,PROD114,CUST1291
REV29398,3,average,ORD19398,PROD104,CUST5528
REV29399,1,"very bad",ORD19399,PROD107,CUST1278
REV29400,2,bad,ORD19400,PROD100,CUST4434
REV29401,5,"very good",ORD19401,PROD102,CUST3307
REV29402,1,"very bad",ORD19402,PROD114,CUST3117
REV29403,1,"very bad",ORD19403,PROD106,CUST5099
REV29404,1,"very bad",ORD19404,PROD114,CUST4514
REV29405,5,"very good",ORD19405,PROD114,CUST2936
REV29406,2,bad,ORD19406,PROD108,CUST2995
REV29407,3,average,ORD19407,PROD110,CUST3242
REV29408,1,"very bad",ORD19408,PROD104,CUST4061
REV29409,5,"very good",ORD19409,PROD108,CUST2301
REV29410,3,average,ORD19410,PROD103,CUST5407
REV29411,3,average,ORD19411,PROD103,CUST4680
REV29412,1,"very bad",ORD19412,PROD105,CUST4534
REV29413,3,average,ORD19413,PROD109,CUST4638
REV29414,5,"very good",ORD19414,PROD106,CUST1376
REV29415,2,bad,ORD19415,PROD107,CUST2977
REV29416,1,"very bad",ORD19416,PROD100,CUST2106
REV29417,1,"very bad",ORD19417,PROD106,CUST5876
REV29418,2,bad,ORD19418,PROD109,CUST5743
REV29419,2,bad,ORD19419,PROD113,CUST4736
REV29420,2,bad,ORD19420,PROD105,CUST5634
REV29421,1,"very bad",ORD19421,PROD109,CUST1068
REV29422,4,good,ORD19422,PROD104,CUST3848
REV29423,4,good,ORD19423,PROD101,CUST2417
REV29424,1,"very bad",ORD19424,PROD107,CUST3929
REV29425,5,"very good",ORD19425,PROD107,CUST1166
REV29426,1,"very bad",ORD19426,PROD112,CUST2718
REV29427,3,average,ORD19427,PROD114,CUST5375
REV29428,2,bad,ORD19428,PROD112,CUST1949
REV29429,2,bad,ORD19429,PROD109,CUST4355
REV29430,4,good,ORD19430,PROD113,CUST2282
REV29431,5,"very good",ORD19431,PROD111,CUST2255
REV29432,3,average,ORD19432,PROD113,CUST3026
REV29433,2,bad,ORD19433,PROD102,CUST1801
REV29434,5,"very good",ORD19434,PROD102,CUST5568
REV29435,1,"very bad",ORD19435,PROD106,CUST3646
REV29436,3,average,ORD19436,PROD113,CUST3783
REV29437,2,bad,ORD19437,PROD107,CUST5164
REV29438,3,average,ORD19438,PROD107,CUST4679
REV29439,5,"very good",ORD19439,PROD100,CUST3437
REV29440,5,"very good",ORD19440,PROD107,CUST2926
REV29441,4,good,ORD19441,PROD102,CUST2103
REV29442,5,"very good",ORD19442,PROD112,CUST4765
REV29443,2,bad,ORD19443,PROD105,CUST1557
REV29444,4,good,ORD19444,PROD111,CUST1168
REV29445,2,bad,ORD19445,PROD107,CUST4109
REV29446,1,"very bad",ORD19446,PROD113,CUST1781
REV29447,4,good,ORD19447,PROD113,CUST5312
REV29448,5,"very good",ORD19448,PROD114,CUST1220
REV29449,5,"very good",ORD19449,PROD105,CUST1632
REV29450,2,bad,ORD19450,PROD110,CUST1928
REV29451,3,average,ORD19451,PROD109,CUST2934
REV29452,1,"very bad",ORD19452,PROD101,CUST2385
REV29453,2,bad,ORD19453,PROD112,CUST5291
REV29454,2,bad,ORD19454,PROD103,CUST1135
REV29455,4,good,ORD19455,PROD106,CUST4527
REV29456,4,good,ORD19456,PROD106,CUST4344
REV29457,2,bad,ORD19457,PROD105,CUST2981
REV29458,2,bad,ORD19458,PROD104,CUST1733
REV29459,2,bad,ORD19459,PROD113,CUST5044
REV29460,1,"very bad",ORD19460,PROD103,CUST4723
REV29461,5,"very good",ORD19461,PROD109,CUST5263
REV29462,5,"very good",ORD19462,PROD102,CUST3917
REV29463,5,"very good",ORD19463,PROD106,CUST3075
REV29464,2,bad,ORD19464,PROD100,CUST4574
REV29465,4,good,ORD19465,PROD114,CUST3814
REV29466,4,good,ORD19466,PROD104,CUST1702
REV29467,3,average,ORD19467,PROD113,CUST5799
REV29468,2,bad,ORD19468,PROD105,CUST3626
REV29469,4,good,ORD19469,PROD100,CUST2151
REV29470,2,bad,ORD19470,PROD104,CUST5074
REV29471,4,good,ORD19471,PROD103,CUST4359
REV29472,3,average,ORD19472,PROD103,CUST5398
REV29473,1,"very bad",ORD19473,PROD106,CUST4884
REV29474,1,"very bad",ORD19474,PROD102,CUST5871
REV29475,4,good,ORD19475,PROD114,CUST4801
REV29476,2,bad,ORD19476,PROD104,CUST3079
REV29477,5,"very good",ORD19477,PROD104,CUST4767
REV29478,3,average,ORD19478,PROD105,CUST2047
REV29479,3,average,ORD19479,PROD107,CUST1257
REV29480,4,good,ORD19480,PROD103,CUST2398
REV29481,3,average,ORD19481,PROD108,CUST4351
REV29482,3,average,ORD19482,PROD114,CUST4703
REV29483,2,bad,ORD19483,PROD101,CUST2114
REV29484,5,"very good",ORD19484,PROD112,CUST4647
REV29485,3,average,ORD19485,PROD107,CUST1363
REV29486,4,good,ORD19486,PROD107,CUST2090
REV29487,5,"very good",ORD19487,PROD106,CUST4515
REV29488,2,bad,ORD19488,PROD107,CUST1738
REV29489,2,bad,ORD19489,PROD101,CUST3980
REV29490,4,good,ORD19490,PROD110,CUST5052
REV29491,1,"very bad",ORD19491,PROD102,CUST3548
REV29492,5,"very good",ORD19492,PROD112,CUST3421
REV29493,5,"very good",ORD19493,PROD114,CUST1210
REV29494,1,"very bad",ORD19494,PROD101,CUST4080
REV29495,5,"very good",ORD19495,PROD108,CUST5469
REV29496,4,good,ORD19496,PROD100,CUST4202
REV29497,1,"very bad",ORD19497,PROD107,CUST3330
REV29498,5,"very good",ORD19498,PROD107,CUST2478
REV29499,1,"very bad",ORD19499,PROD111,CUST3914
REV29500,5,"very good",ORD19500,PROD103,CUST4817
REV29501,5,"very good",ORD19501,PROD111,CUST2822
REV29502,4,good,ORD19502,PROD114,CUST2043
REV29503,2,bad,ORD19503,PROD105,CUST4214
REV29504,3,average,ORD19504,PROD105,CUST4714
REV29505,1,"very bad",ORD19505,PROD104,CUST4016
REV29506,3,average,ORD19506,PROD108,CUST1437
REV29507,2,bad,ORD19507,PROD101,CUST1833
REV29508,4,good,ORD19508,PROD102,CUST3412
REV29509,4,good,ORD19509,PROD114,CUST5808
REV29510,2,bad,ORD19510,PROD108,CUST5836
REV29511,3,average,ORD19511,PROD104,CUST1831
REV29512,5,"very good",ORD19512,PROD100,CUST5541
REV29513,5,"very good",ORD19513,PROD107,CUST2857
REV29514,5,"very good",ORD19514,PROD103,CUST2681
REV29515,5,"very good",ORD19515,PROD107,CUST1553
REV29516,1,"very bad",ORD19516,PROD103,CUST3966
REV29517,2,bad,ORD19517,PROD101,CUST3336
REV29518,4,good,ORD19518,PROD113,CUST2576
REV29519,3,average,ORD19519,PROD112,CUST3223
REV29520,2,bad,ORD19520,PROD108,CUST5770
REV29521,1,"very bad",ORD19521,PROD106,CUST3981
REV29522,2,bad,ORD19522,PROD113,CUST2897
REV29523,5,"very good",ORD19523,PROD109,CUST2111
REV29524,5,"very good",ORD19524,PROD114,CUST3741
REV29525,2,bad,ORD19525,PROD108,CUST3964
REV29526,5,"very good",ORD19526,PROD102,CUST5957
REV29527,1,"very bad",ORD19527,PROD114,CUST5874
REV29528,1,"very bad",ORD19528,PROD111,CUST1690
REV29529,1,"very bad",ORD19529,PROD114,CUST2457
REV29530,4,good,ORD19530,PROD108,CUST3801
REV29531,3,average,ORD19531,PROD110,CUST1752
REV29532,2,bad,ORD19532,PROD104,CUST2106
REV29533,2,bad,ORD19533,PROD112,CUST5858
REV29534,4,good,ORD19534,PROD113,CUST3854
REV29535,5,"very good",ORD19535,PROD101,CUST5606
REV29536,5,"very good",ORD19536,PROD102,CUST2351
REV29537,4,good,ORD19537,PROD106,CUST4118
REV29538,5,"very good",ORD19538,PROD113,CUST3388
REV29539,3,average,ORD19539,PROD109,CUST3844
REV29540,2,bad,ORD19540,PROD109,CUST2727
REV29541,3,average,ORD19541,PROD104,CUST1392
REV29542,2,bad,ORD19542,PROD112,CUST4436
REV29543,1,"very bad",ORD19543,PROD111,CUST3987
REV29544,2,bad,ORD19544,PROD111,CUST4677
REV29545,3,average,ORD19545,PROD100,CUST1784
REV29546,2,bad,ORD19546,PROD102,CUST5023
REV29547,2,bad,ORD19547,PROD109,CUST2542
REV29548,4,good,ORD19548,PROD101,CUST2966
REV29549,4,good,ORD19549,PROD112,CUST5757
REV29550,5,"very good",ORD19550,PROD110,CUST2632
REV29551,5,"very good",ORD19551,PROD104,CUST4186
REV29552,1,"very bad",ORD19552,PROD106,CUST1172
REV29553,2,bad,ORD19553,PROD110,CUST2504
REV29554,4,good,ORD19554,PROD109,CUST1712
REV29555,2,bad,ORD19555,PROD104,CUST2059
REV29556,5,"very good",ORD19556,PROD108,CUST1037
REV29557,1,"very bad",ORD19557,PROD111,CUST3565
REV29558,3,average,ORD19558,PROD101,CUST1029
REV29559,2,bad,ORD19559,PROD111,CUST4992
REV29560,4,good,ORD19560,PROD112,CUST1272
REV29561,5,"very good",ORD19561,PROD107,CUST2917
REV29562,3,average,ORD19562,PROD106,CUST2081
REV29563,5,"very good",ORD19563,PROD105,CUST1893
REV29564,4,good,ORD19564,PROD111,CUST1376
REV29565,4,good,ORD19565,PROD107,CUST3705
REV29566,4,good,ORD19566,PROD112,CUST2597
REV29567,5,"very good",ORD19567,PROD108,CUST5289
REV29568,2,bad,ORD19568,PROD105,CUST3568
REV29569,5,"very good",ORD19569,PROD113,CUST3817
REV29570,3,average,ORD19570,PROD104,CUST2340
REV29571,2,bad,ORD19571,PROD108,CUST5228
REV29572,3,average,ORD19572,PROD103,CUST2092
REV29573,1,"very bad",ORD19573,PROD100,CUST1687
REV29574,4,good,ORD19574,PROD102,CUST4676
REV29575,2,bad,ORD19575,PROD113,CUST1851
REV29576,4,good,ORD19576,PROD102,CUST2255
REV29577,4,good,ORD19577,PROD108,CUST5023
REV29578,2,bad,ORD19578,PROD100,CUST2770
REV29579,5,"very good",ORD19579,PROD101,CUST1982
REV29580,4,good,ORD19580,PROD111,CUST3680
REV29581,5,"very good",ORD19581,PROD108,CUST4537
REV29582,2,bad,ORD19582,PROD109,CUST4957
REV29583,1,"very bad",ORD19583,PROD108,CUST1741
REV29584,5,"very good",ORD19584,PROD106,CUST1087
REV29585,2,bad,ORD19585,PROD110,CUST4320
REV29586,3,average,ORD19586,PROD104,CUST1861
REV29587,4,good,ORD19587,PROD106,CUST1438
REV29588,2,bad,ORD19588,PROD112,CUST1182
REV29589,2,bad,ORD19589,PROD108,CUST3406
REV29590,5,"very good",ORD19590,PROD104,CUST4413
REV29591,1,"very bad",ORD19591,PROD109,CUST4614
REV29592,2,bad,ORD19592,PROD100,CUST4255
REV29593,4,good,ORD19593,PROD106,CUST5777
REV29594,3,average,ORD19594,PROD100,CUST5510
REV29595,1,"very bad",ORD19595,PROD108,CUST2165
REV29596,3,average,ORD19596,PROD111,CUST2906
REV29597,4,good,ORD19597,PROD108,CUST4110
REV29598,2,bad,ORD19598,PROD103,CUST5705
REV29599,4,good,ORD19599,PROD112,CUST5762
REV29600,5,"very good",ORD19600,PROD107,CUST2865
REV29601,2,bad,ORD19601,PROD112,CUST3569
REV29602,3,average,ORD19602,PROD107,CUST2967
REV29603,1,"very bad",ORD19603,PROD108,CUST3523
REV29604,5,"very good",ORD19604,PROD113,CUST5091
REV29605,2,bad,ORD19605,PROD110,CUST4996
REV29606,5,"very good",ORD19606,PROD107,CUST3089
REV29607,3,average,ORD19607,PROD111,CUST1098
REV29608,4,good,ORD19608,PROD100,CUST1286
REV29609,1,"very bad",ORD19609,PROD113,CUST5621
REV29610,2,bad,ORD19610,PROD114,CUST2023
REV29611,1,"very bad",ORD19611,PROD106,CUST4321
REV29612,5,"very good",ORD19612,PROD106,CUST3580
REV29613,4,good,ORD19613,PROD109,CUST2529
REV29614,5,"very good",ORD19614,PROD102,CUST2197
REV29615,4,good,ORD19615,PROD100,CUST5079
REV29616,4,good,ORD19616,PROD109,CUST1990
REV29617,1,"very bad",ORD19617,PROD103,CUST3804
REV29618,3,average,ORD19618,PROD110,CUST5960
REV29619,5,"very good",ORD19619,PROD105,CUST2171
REV29620,3,average,ORD19620,PROD106,CUST2122
REV29621,1,"very bad",ORD19621,PROD113,CUST4559
REV29622,3,average,ORD19622,PROD114,CUST1032
REV29623,4,good,ORD19623,PROD113,CUST5861
REV29624,1,"very bad",ORD19624,PROD112,CUST4308
REV29625,4,good,ORD19625,PROD106,CUST1649
REV29626,3,average,ORD19626,PROD114,CUST2379
REV29627,3,average,ORD19627,PROD100,CUST3157
REV29628,1,"very bad",ORD19628,PROD110,CUST5236
REV29629,3,average,ORD19629,PROD100,CUST5372
REV29630,4,good,ORD19630,PROD113,CUST1215
REV29631,4,good,ORD19631,PROD109,CUST1619
REV29632,5,"very good",ORD19632,PROD102,CUST4346
REV29633,3,average,ORD19633,PROD110,CUST1015
REV29634,5,"very good",ORD19634,PROD101,CUST5566
REV29635,5,"very good",ORD19635,PROD110,CUST3870
REV29636,5,"very good",ORD19636,PROD113,CUST2421
REV29637,2,bad,ORD19637,PROD107,CUST3675
REV29638,5,"very good",ORD19638,PROD110,CUST1645
REV29639,1,"very bad",ORD19639,PROD113,CUST5892
REV29640,4,good,ORD19640,PROD102,CUST5484
REV29641,5,"very good",ORD19641,PROD103,CUST5667
REV29642,3,average,ORD19642,PROD111,CUST4600
REV29643,3,average,ORD19643,PROD110,CUST3986
REV29644,5,"very good",ORD19644,PROD102,CUST3687
REV29645,1,"very bad",ORD19645,PROD101,CUST3104
REV29646,2,bad,ORD19646,PROD113,CUST2367
REV29647,1,"very bad",ORD19647,PROD107,CUST2684
REV29648,3,average,ORD19648,PROD103,CUST3649
REV29649,3,average,ORD19649,PROD111,CUST1387
REV29650,1,"very bad",ORD19650,PROD111,CUST5338
REV29651,5,"very good",ORD19651,PROD108,CUST3917
REV29652,5,"very good",ORD19652,PROD113,CUST2342
REV29653,5,"very good",ORD19653,PROD102,CUST5742
REV29654,3,average,ORD19654,PROD106,CUST1119
REV29655,2,bad,ORD19655,PROD113,CUST2127
REV29656,3,average,ORD19656,PROD112,CUST5977
REV29657,3,average,ORD19657,PROD101,CUST1338
REV29658,2,bad,ORD19658,PROD110,CUST3259
REV29659,1,"very bad",ORD19659,PROD100,CUST3289
REV29660,2,bad,ORD19660,PROD103,CUST2453
REV29661,1,"very bad",ORD19661,PROD102,CUST4146
REV29662,2,bad,ORD19662,PROD101,CUST4960
REV29663,2,bad,ORD19663,PROD102,CUST2495
REV29664,3,average,ORD19664,PROD104,CUST2490
REV29665,3,average,ORD19665,PROD110,CUST3134
REV29666,3,average,ORD19666,PROD100,CUST2553
REV29667,3,average,ORD19667,PROD105,CUST1812
REV29668,3,average,ORD19668,PROD102,CUST4192
REV29669,1,"very bad",ORD19669,PROD110,CUST1806
REV29670,4,good,ORD19670,PROD105,CUST4714
REV29671,2,bad,ORD19671,PROD109,CUST1261
REV29672,4,good,ORD19672,PROD107,CUST2933
REV29673,1,"very bad",ORD19673,PROD104,CUST1937
REV29674,3,average,ORD19674,PROD103,CUST5234
REV29675,5,"very good",ORD19675,PROD114,CUST3436
REV29676,5,"very good",ORD19676,PROD112,CUST2529
REV29677,1,"very bad",ORD19677,PROD108,CUST1906
REV29678,3,average,ORD19678,PROD113,CUST2326
REV29679,1,"very bad",ORD19679,PROD102,CUST3908
REV29680,3,average,ORD19680,PROD113,CUST5860
REV29681,3,average,ORD19681,PROD103,CUST5691
REV29682,5,"very good",ORD19682,PROD106,CUST5010
REV29683,5,"very good",ORD19683,PROD112,CUST2191
REV29684,4,good,ORD19684,PROD114,CUST4322
REV29685,2,bad,ORD19685,PROD111,CUST1064
REV29686,4,good,ORD19686,PROD111,CUST5276
REV29687,3,average,ORD19687,PROD114,CUST4316
REV29688,3,average,ORD19688,PROD111,CUST5652
REV29689,3,average,ORD19689,PROD112,CUST5094
REV29690,5,"very good",ORD19690,PROD110,CUST4723
REV29691,4,good,ORD19691,PROD102,CUST3735
REV29692,5,"very good",ORD19692,PROD106,CUST4222
REV29693,1,"very bad",ORD19693,PROD105,CUST2482
REV29694,3,average,ORD19694,PROD107,CUST5042
REV29695,2,bad,ORD19695,PROD109,CUST4307
REV29696,4,good,ORD19696,PROD100,CUST2847
REV29697,5,"very good",ORD19697,PROD100,CUST3493
REV29698,5,"very good",ORD19698,PROD105,CUST1285
REV29699,2,bad,ORD19699,PROD101,CUST2455
REV29700,2,bad,ORD19700,PROD112,CUST4045
REV29701,1,"very bad",ORD19701,PROD103,CUST2376
REV29702,5,"very good",ORD19702,PROD111,CUST3438
REV29703,2,bad,ORD19703,PROD102,CUST2610
REV29704,1,"very bad",ORD19704,PROD109,CUST4746
REV29705,5,"very good",ORD19705,PROD114,CUST4990
REV29706,4,good,ORD19706,PROD108,CUST1394
REV29707,2,bad,ORD19707,PROD109,CUST4800
REV29708,4,good,ORD19708,PROD106,CUST1027
REV29709,2,bad,ORD19709,PROD103,CUST5227
REV29710,4,good,ORD19710,PROD110,CUST2259
REV29711,2,bad,ORD19711,PROD103,CUST1901
REV29712,2,bad,ORD19712,PROD101,CUST2637
REV29713,4,good,ORD19713,PROD112,CUST5545
REV29714,5,"very good",ORD19714,PROD100,CUST2826
REV29715,1,"very bad",ORD19715,PROD102,CUST1152
REV29716,4,good,ORD19716,PROD100,CUST4627
REV29717,3,average,ORD19717,PROD107,CUST1999
REV29718,2,bad,ORD19718,PROD109,CUST5444
REV29719,2,bad,ORD19719,PROD114,CUST4433
REV29720,5,"very good",ORD19720,PROD111,CUST4471
REV29721,3,average,ORD19721,PROD108,CUST1599
REV29722,5,"very good",ORD19722,PROD108,CUST2772
REV29723,4,good,ORD19723,PROD102,CUST5770
REV29724,1,"very bad",ORD19724,PROD114,CUST3702
REV29725,1,"very bad",ORD19725,PROD100,CUST5698
REV29726,3,average,ORD19726,PROD110,CUST3254
REV29727,3,average,ORD19727,PROD106,CUST1449
REV29728,1,"very bad",ORD19728,PROD101,CUST1441
REV29729,5,"very good",ORD19729,PROD103,CUST3990
REV29730,1,"very bad",ORD19730,PROD112,CUST5797
REV29731,4,good,ORD19731,PROD112,CUST1860
REV29732,5,"very good",ORD19732,PROD108,CUST1152
REV29733,3,average,ORD19733,PROD114,CUST5507
REV29734,5,"very good",ORD19734,PROD107,CUST3614
REV29735,5,"very good",ORD19735,PROD104,CUST5769
REV29736,5,"very good",ORD19736,PROD103,CUST5867
REV29737,5,"very good",ORD19737,PROD105,CUST5900
REV29738,4,good,ORD19738,PROD109,CUST5059
REV29739,4,good,ORD19739,PROD107,CUST3184
REV29740,3,average,ORD19740,PROD107,CUST2886
REV29741,1,"very bad",ORD19741,PROD112,CUST3906
REV29742,5,"very good",ORD19742,PROD110,CUST3552
REV29743,3,average,ORD19743,PROD107,CUST2197
REV29744,4,good,ORD19744,PROD111,CUST3723
REV29745,5,"very good",ORD19745,PROD109,CUST5192
REV29746,1,"very bad",ORD19746,PROD109,CUST2250
REV29747,4,good,ORD19747,PROD114,CUST2353
REV29748,5,"very good",ORD19748,PROD105,CUST4302
REV29749,3,average,ORD19749,PROD103,CUST2468
REV29750,3,average,ORD19750,PROD101,CUST2589
REV29751,3,average,ORD19751,PROD107,CUST3537
REV29752,1,"very bad",ORD19752,PROD103,CUST5505
REV29753,2,bad,ORD19753,PROD101,CUST3033
REV29754,4,good,ORD19754,PROD103,CUST1676
REV29755,3,average,ORD19755,PROD105,CUST4474
REV29756,2,bad,ORD19756,PROD110,CUST1703
REV29757,3,average,ORD19757,PROD104,CUST4630
REV29758,1,"very bad",ORD19758,PROD107,CUST2375
REV29759,4,good,ORD19759,PROD106,CUST2591
REV29760,4,good,ORD19760,PROD109,CUST1856
REV29761,2,bad,ORD19761,PROD100,CUST4338
REV29762,4,good,ORD19762,PROD103,CUST2769
REV29763,1,"very bad",ORD19763,PROD114,CUST1934
REV29764,1,"very bad",ORD19764,PROD110,CUST4076
REV29765,2,bad,ORD19765,PROD104,CUST3309
REV29766,5,"very good",ORD19766,PROD105,CUST3800
REV29767,4,good,ORD19767,PROD104,CUST1509
REV29768,3,average,ORD19768,PROD104,CUST4787
REV29769,1,"very bad",ORD19769,PROD105,CUST2805
REV29770,3,average,ORD19770,PROD107,CUST4889
REV29771,4,good,ORD19771,PROD109,CUST5051
REV29772,4,good,ORD19772,PROD102,CUST1375
REV29773,5,"very good",ORD19773,PROD104,CUST4099
REV29774,1,"very bad",ORD19774,PROD111,CUST2192
REV29775,1,"very bad",ORD19775,PROD102,CUST3695
REV29776,3,average,ORD19776,PROD106,CUST2271
REV29777,2,bad,ORD19777,PROD112,CUST4413
REV29778,5,"very good",ORD19778,PROD114,CUST4843
REV29779,3,average,ORD19779,PROD103,CUST3209
REV29780,2,bad,ORD19780,PROD104,CUST5146
REV29781,4,good,ORD19781,PROD103,CUST4116
REV29782,5,"very good",ORD19782,PROD111,CUST2570
REV29783,3,average,ORD19783,PROD103,CUST5286
REV29784,3,average,ORD19784,PROD108,CUST1942
REV29785,5,"very good",ORD19785,PROD112,CUST2980
REV29786,4,good,ORD19786,PROD112,CUST3519
REV29787,3,average,ORD19787,PROD113,CUST1156
REV29788,2,bad,ORD19788,PROD113,CUST2586
REV29789,5,"very good",ORD19789,PROD105,CUST2957
REV29790,5,"very good",ORD19790,PROD111,CUST3157
REV29791,3,average,ORD19791,PROD101,CUST2558
REV29792,4,good,ORD19792,PROD109,CUST4072
REV29793,1,"very bad",ORD19793,PROD102,CUST2059
REV29794,2,bad,ORD19794,PROD104,CUST4580
REV29795,1,"very bad",ORD19795,PROD112,CUST1737
REV29796,4,good,ORD19796,PROD100,CUST5034
REV29797,3,average,ORD19797,PROD100,CUST3781
REV29798,3,average,ORD19798,PROD113,CUST4581
REV29799,2,bad,ORD19799,PROD106,CUST4983
REV29800,5,"very good",ORD19800,PROD105,CUST4087
REV29801,3,average,ORD19801,PROD111,CUST3958
REV29802,4,good,ORD19802,PROD112,CUST5711
REV29803,5,"very good",ORD19803,PROD102,CUST1805
REV29804,5,"very good",ORD19804,PROD105,CUST2088
REV29805,3,average,ORD19805,PROD108,CUST3652
REV29806,3,average,ORD19806,PROD104,CUST1455
REV29807,3,average,ORD19807,PROD104,CUST4244
REV29808,5,"very good",ORD19808,PROD104,CUST4836
REV29809,4,good,ORD19809,PROD100,CUST5077
REV29810,1,"very bad",ORD19810,PROD104,CUST1476
REV29811,3,average,ORD19811,PROD110,CUST1968
REV29812,4,good,ORD19812,PROD102,CUST1224
REV29813,2,bad,ORD19813,PROD108,CUST2528
REV29814,3,average,ORD19814,PROD111,CUST3984
REV29815,1,"very bad",ORD19815,PROD105,CUST4325
REV29816,4,good,ORD19816,PROD111,CUST2736
REV29817,3,average,ORD19817,PROD104,CUST3383
REV29818,2,bad,ORD19818,PROD104,CUST4390
REV29819,5,"very good",ORD19819,PROD102,CUST2182
REV29820,3,average,ORD19820,PROD108,CUST5153
REV29821,3,average,ORD19821,PROD102,CUST5617
REV29822,3,average,ORD19822,PROD105,CUST3157
REV29823,2,bad,ORD19823,PROD101,CUST5586
REV29824,5,"very good",ORD19824,PROD113,CUST1109
REV29825,5,"very good",ORD19825,PROD103,CUST3634
REV29826,2,bad,ORD19826,PROD107,CUST5429
REV29827,5,"very good",ORD19827,PROD106,CUST4975
REV29828,2,bad,ORD19828,PROD104,CUST3606
REV29829,4,good,ORD19829,PROD113,CUST5252
REV29830,3,average,ORD19830,PROD110,CUST5812
REV29831,5,"very good",ORD19831,PROD112,CUST2956
REV29832,3,average,ORD19832,PROD112,CUST2479
REV29833,3,average,ORD19833,PROD109,CUST4278
REV29834,2,bad,ORD19834,PROD109,CUST4277
REV29835,1,"very bad",ORD19835,PROD104,CUST4509
REV29836,3,average,ORD19836,PROD110,CUST2123
REV29837,3,average,ORD19837,PROD108,CUST4346
REV29838,1,"very bad",ORD19838,PROD112,CUST4550
REV29839,3,average,ORD19839,PROD103,CUST4547
REV29840,3,average,ORD19840,PROD109,CUST1009
REV29841,4,good,ORD19841,PROD104,CUST1972
REV29842,3,average,ORD19842,PROD103,CUST2774
REV29843,4,good,ORD19843,PROD105,CUST5685
REV29844,3,average,ORD19844,PROD105,CUST3810
REV29845,3,average,ORD19845,PROD102,CUST2760
REV29846,2,bad,ORD19846,PROD106,CUST4773
REV29847,1,"very bad",ORD19847,PROD114,CUST2535
REV29848,4,good,ORD19848,PROD102,CUST3195
REV29849,4,good,ORD19849,PROD111,CUST5125
REV29850,1,"very bad",ORD19850,PROD106,CUST5990
REV29851,4,good,ORD19851,PROD102,CUST3524
REV29852,1,"very bad",ORD19852,PROD105,CUST3513
REV29853,5,"very good",ORD19853,PROD102,CUST3535
REV29854,2,bad,ORD19854,PROD100,CUST3952
REV29855,5,"very good",ORD19855,PROD102,CUST4746
REV29856,2,bad,ORD19856,PROD111,CUST3658
REV29857,5,"very good",ORD19857,PROD111,CUST5684
REV29858,1,"very bad",ORD19858,PROD109,CUST2168
REV29859,4,good,ORD19859,PROD107,CUST1538
REV29860,2,bad,ORD19860,PROD101,CUST1888
REV29861,3,average,ORD19861,PROD106,CUST3503
REV29862,5,"very good",ORD19862,PROD106,CUST4998
REV29863,3,average,ORD19863,PROD104,CUST5499
REV29864,3,average,ORD19864,PROD102,CUST3004
REV29865,2,bad,ORD19865,PROD103,CUST4350
REV29866,5,"very good",ORD19866,PROD104,CUST2212
REV29867,2,bad,ORD19867,PROD104,CUST5098
REV29868,4,good,ORD19868,PROD104,CUST4665
REV29869,1,"very bad",ORD19869,PROD112,CUST4452
REV29870,5,"very good",ORD19870,PROD110,CUST2763
REV29871,4,good,ORD19871,PROD104,CUST2056
REV29872,5,"very good",ORD19872,PROD111,CUST3113
REV29873,2,bad,ORD19873,PROD108,CUST5962
REV29874,3,average,ORD19874,PROD111,CUST2313
REV29875,3,average,ORD19875,PROD109,CUST2642
REV29876,2,bad,ORD19876,PROD104,CUST2091
REV29877,3,average,ORD19877,PROD113,CUST4314
REV29878,4,good,ORD19878,PROD104,CUST5803
REV29879,4,good,ORD19879,PROD111,CUST4436
REV29880,5,"very good",ORD19880,PROD108,CUST2816
REV29881,4,good,ORD19881,PROD101,CUST5799
REV29882,3,average,ORD19882,PROD103,CUST1750
REV29883,5,"very good",ORD19883,PROD103,CUST3043
REV29884,2,bad,ORD19884,PROD104,CUST2118
REV29885,3,average,ORD19885,PROD108,CUST4250
REV29886,2,bad,ORD19886,PROD114,CUST5397
REV29887,4,good,ORD19887,PROD107,CUST4922
REV29888,1,"very bad",ORD19888,PROD103,CUST3732
REV29889,5,"very good",ORD19889,PROD100,CUST4170
REV29890,5,"very good",ORD19890,PROD113,CUST4562
REV29891,5,"very good",ORD19891,PROD101,CUST5485
REV29892,2,bad,ORD19892,PROD108,CUST5339
REV29893,1,"very bad",ORD19893,PROD111,CUST5998
REV29894,4,good,ORD19894,PROD107,CUST3945
REV29895,2,bad,ORD19895,PROD104,CUST1723
REV29896,4,good,ORD19896,PROD100,CUST5985
REV29897,1,"very bad",ORD19897,PROD108,CUST1018
REV29898,2,bad,ORD19898,PROD105,CUST1206
REV29899,4,good,ORD19899,PROD113,CUST3856
REV29900,1,"very bad",ORD19900,PROD113,CUST4338
REV29901,1,"very bad",ORD19901,PROD109,CUST4853
REV29902,3,average,ORD19902,PROD100,CUST4201
REV29903,2,bad,ORD19903,PROD104,CUST2480
REV29904,1,"very bad",ORD19904,PROD112,CUST3179
REV29905,2,bad,ORD19905,PROD106,CUST3673
REV29906,5,"very good",ORD19906,PROD102,CUST2435
REV29907,1,"very bad",ORD19907,PROD107,CUST2049
REV29908,5,"very good",ORD19908,PROD112,CUST4691
REV29909,2,bad,ORD19909,PROD109,CUST2731
REV29910,4,good,ORD19910,PROD105,CUST2328
REV29911,5,"very good",ORD19911,PROD114,CUST3552
REV29912,2,bad,ORD19912,PROD103,CUST1672
REV29913,3,average,ORD19913,PROD105,CUST1008
REV29914,5,"very good",ORD19914,PROD112,CUST5135
REV29915,5,"very good",ORD19915,PROD112,CUST5715
REV29916,1,"very bad",ORD19916,PROD113,CUST4503
REV29917,4,good,ORD19917,PROD104,CUST2133
REV29918,1,"very bad",ORD19918,PROD100,CUST4903
REV29919,5,"very good",ORD19919,PROD103,CUST5497
REV29920,5,"very good",ORD19920,PROD105,CUST5114
REV29921,5,"very good",ORD19921,PROD105,CUST2394
REV29922,5,"very good",ORD19922,PROD107,CUST2557
REV29923,4,good,ORD19923,PROD111,CUST1779
REV29924,1,"very bad",ORD19924,PROD113,CUST5111
REV29925,4,good,ORD19925,PROD113,CUST1205
REV29926,1,"very bad",ORD19926,PROD107,CUST2088
REV29927,4,good,ORD19927,PROD114,CUST2521
REV29928,5,"very good",ORD19928,PROD103,CUST1540
REV29929,4,good,ORD19929,PROD104,CUST5761
REV29930,4,good,ORD19930,PROD106,CUST2231
REV29931,4,good,ORD19931,PROD108,CUST4706
REV29932,3,average,ORD19932,PROD103,CUST4181
REV29933,4,good,ORD19933,PROD114,CUST3830
REV29934,1,"very bad",ORD19934,PROD105,CUST3256
REV29935,3,average,ORD19935,PROD100,CUST2578
REV29936,4,good,ORD19936,PROD103,CUST5270
REV29937,2,bad,ORD19937,PROD108,CUST1492
REV29938,4,good,ORD19938,PROD114,CUST4060
REV29939,2,bad,ORD19939,PROD105,CUST1259
REV29940,4,good,ORD19940,PROD103,CUST3538
REV29941,1,"very bad",ORD19941,PROD111,CUST2354
REV29942,3,average,ORD19942,PROD111,CUST1923
REV29943,1,"very bad",ORD19943,PROD107,CUST4599
REV29944,1,"very bad",ORD19944,PROD105,CUST2147
REV29945,5,"very good",ORD19945,PROD104,CUST3876
REV29946,1,"very bad",ORD19946,PROD104,CUST2997
REV29947,2,bad,ORD19947,PROD100,CUST2777
REV29948,4,good,ORD19948,PROD105,CUST1282
REV29949,1,"very bad",ORD19949,PROD103,CUST4138
REV29950,5,"very good",ORD19950,PROD105,CUST1113
REV29951,3,average,ORD19951,PROD101,CUST4964
REV29952,3,average,ORD19952,PROD112,CUST5892
REV29953,2,bad,ORD19953,PROD108,CUST2546
REV29954,5,"very good",ORD19954,PROD105,CUST5436
REV29955,5,"very good",ORD19955,PROD110,CUST2102
REV29956,1,"very bad",ORD19956,PROD114,CUST1460
REV29957,4,good,ORD19957,PROD111,CUST4593
REV29958,2,bad,ORD19958,PROD112,CUST5992
REV29959,2,bad,ORD19959,PROD108,CUST5177
REV29960,3,average,ORD19960,PROD110,CUST3236
REV29961,2,bad,ORD19961,PROD103,CUST4326
REV29962,1,"very bad",ORD19962,PROD111,CUST5602
REV29963,2,bad,ORD19963,PROD105,CUST3594
REV29964,1,"very bad",ORD19964,PROD113,CUST5146
REV29965,5,"very good",ORD19965,PROD101,CUST5554
REV29966,2,bad,ORD19966,PROD105,CUST2765
REV29967,2,bad,ORD19967,PROD104,CUST5456
REV29968,4,good,ORD19968,PROD106,CUST2689
REV29969,5,"very good",ORD19969,PROD114,CUST5987
REV29970,4,good,ORD19970,PROD114,CUST5665
REV29971,3,average,ORD19971,PROD113,CUST5531
REV29972,3,average,ORD19972,PROD107,CUST4700
REV29973,1,"very bad",ORD19973,PROD110,CUST4278
REV29974,1,"very bad",ORD19974,PROD111,CUST4815
REV29975,2,bad,ORD19975,PROD114,CUST4323
REV29976,5,"very good",ORD19976,PROD108,CUST2150
REV29977,1,"very bad",ORD19977,PROD103,CUST3881
REV29978,5,"very good",ORD19978,PROD101,CUST2411
REV29979,3,average,ORD19979,PROD108,CUST1109
REV29980,3,average,ORD19980,PROD109,CUST4366
REV29981,3,average,ORD19981,PROD113,CUST5567
REV29982,4,good,ORD19982,PROD106,CUST5465
REV29983,1,"very bad",ORD19983,PROD102,CUST5762
REV29984,5,"very good",ORD19984,PROD103,CUST1112
REV29985,2,bad,ORD19985,PROD111,CUST3519
REV29986,5,"very good",ORD19986,PROD114,CUST1869
REV29987,5,"very good",ORD19987,PROD100,CUST3788
REV29988,1,"very bad",ORD19988,PROD111,CUST4960
REV29989,4,good,ORD19989,PROD112,CUST2673
REV29990,2,bad,ORD19990,PROD105,CUST2385
REV29991,5,"very good",ORD19991,PROD112,CUST2503
REV29992,5,"very good",ORD19992,PROD110,CUST5987
REV29993,5,"very good",ORD19993,PROD111,CUST5900
REV29994,2,bad,ORD19994,PROD112,CUST5192
REV29995,4,good,ORD19995,PROD109,CUST2529
REV29996,1,"very bad",ORD19996,PROD109,CUST4602
REV29997,3,average,ORD19997,PROD107,CUST1448
REV29998,2,bad,ORD19998,PROD107,CUST1343
REV29999,3,average,ORD19999,PROD109,CUST1779
